+ TOPDIR=/scratch1/BMC/gsd-fv3-dev/MAPP_2018/bhuang/JEDI-2020/JEDI-FV3/expCodes/PACEData/GBBEPx
+ SDATE=2024070100
+ EDATE=2024070200
+ EXP=Prep_GBBEPx_2024070100_2024093000
+ EXPDIR=/scratch1/BMC/gsd-fv3-dev/MAPP_2018/bhuang/JEDI-2020/JEDI-FV3/expCodes/PACEData/GBBEPx/Prep_GBBEPx_2024070100_2024093000
+ TMPDIR=/scratch1/BMC/gsd-fv3-dev/MAPP_2018/bhuang/JEDI-2020/JEDI-FV3/expCodes/PACEData/GBBEPx/Prep_GBBEPx_2024070100_2024093000/tmp
+ OUTDIR=/scratch1/BMC/gsd-fv3-dev/MAPP_2018/bhuang/JEDI-2020/JEDI-FV3/expCodes/PACEData/GBBEPx/Prep_GBBEPx_2024070100_2024093000/FixGBBEPx
+ CYCINC=24
+ mkdir -p /scratch1/BMC/gsd-fv3-dev/MAPP_2018/bhuang/JEDI-2020/JEDI-FV3/expCodes/PACEData/GBBEPx/Prep_GBBEPx_2024070100_2024093000/tmp
+ mkdir -p /scratch1/BMC/gsd-fv3-dev/MAPP_2018/bhuang/JEDI-2020/JEDI-FV3/expCodes/PACEData/GBBEPx/Prep_GBBEPx_2024070100_2024093000/FixGBBEPx
+ NDATE=/scratch2/NCEPDEV/nwprod/NCEPLIBS/utils/prod_util.v1.1.0/exec/ndate
+ FIXEXE=/home/Bo.Huang/JEDI-2020/UFS-Aerosols_RETcyc/UFS-Aerosols-EP4_JEDI-AeroDA-Reanl/misc/PrepPACE/GBBEPx/fix_GBBEPx_Li.sh
++ /scratch2/NCEPDEV/nwprod/NCEPLIBS/utils/prod_util.v1.1.0/exec/ndate -24 2024070100
+ SDATE=2024063000
+ IDATE=2024063000
+ cd /scratch1/BMC/gsd-fv3-dev/MAPP_2018/bhuang/JEDI-2020/JEDI-FV3/expCodes/PACEData/GBBEPx/Prep_GBBEPx_2024070100_2024093000/tmp
+ '[' 2024063000 -le 2024070200 ']'
+ ECNT=0
+ /bin/rm -rf '*.tmp*' '*.nc'
+ IY=2024
+ IM=06
+ ID=30
+ IYMD=20240630
+ SRCFILE='/scratch1/BMC/gsd-fv3-dev/MAPP_2018/bhuang/JEDI-2020/JEDI-FV3/expCodes/PACEData/GBBEPx/Prep_GBBEPx_2024070100_2024093000/2024063000/*.nc'
+ OUTFILE=/scratch1/BMC/gsd-fv3-dev/MAPP_2018/bhuang/JEDI-2020/JEDI-FV3/expCodes/PACEData/GBBEPx/Prep_GBBEPx_2024070100_2024093000/FixGBBEPx/GBBEPx_all01GRID.emissions_v004_20240630.nc
++ wc -l
++ ls /scratch1/BMC/gsd-fv3-dev/MAPP_2018/bhuang/JEDI-2020/JEDI-FV3/expCodes/PACEData/GBBEPx/Prep_GBBEPx_2024070100_2024093000/2024063000/GBBEPx-all01GRID_v5r0_blend_s202406300000000_e202406302359590_c202407010107310.nc
+ NNC=1
+ '[' 1 -eq 1 ']'
++ ls SRCFILE
ls: cannot access 'SRCFILE': No such file or directory
+ /home/Bo.Huang/JEDI-2020/UFS-Aerosols_RETcyc/UFS-Aerosols-EP4_JEDI-AeroDA-Reanl/misc/PrepPACE/GBBEPx/fix_GBBEPx_Li.sh input.nc 20240630
+ '[' -z '' ']'
+ case "$-" in
+ __lmod_vx=x
+ '[' -n x ']'
+ set +x
Shell debugging temporarily silenced: export LMOD_SH_DBG_ON=1 for this output (/apps/lmod/lmod/init/bash)
Shell debugging restarted
+ unset __lmod_vx
+ input_file=input.nc
+ yyyymmdd=20240630
+ nccopy -k classic input.nc input.nc.tmp
No such file or directory
Location: file /tds_scratch1/SYSADMIN/nesccmgmt/Raghu.Reddy/apps/netcdf-c-4.7.0/ncdump/nccopy.c; line 1842
+ ncks --mk_rec_dmn Time input.nc.tmp -O -o input.nc.tmp
ncks: ERROR file "input.nc.tmp" not found. It does not exist on the local filesystem, nor does it match remote filename patterns (e.g., http://foo or foo.bar.edu:file).
ncks: HINT file-not-found errors usually arise from filename typos, incorrect paths, missing files, or capricious gods. Please verify spelling and location of requested file. If the file resides on a High Performance Storage System (HPSS) accessible via the 'hsi' command, then add the --hpss option and re-try command.
+ ncatted -O -a units,Longitude,m,c,degrees_east input.nc.tmp
ncatted: ERROR file "input.nc.tmp" not found. It does not exist on the local filesystem, nor does it match remote filename patterns (e.g., http://foo or foo.bar.edu:file).
ncatted: HINT file-not-found errors usually arise from filename typos, incorrect paths, missing files, or capricious gods. Please verify spelling and location of requested file. If the file resides on a High Performance Storage System (HPSS) accessible via the 'hsi' command, then add the --hpss option and re-try command.
+ ncrename -v Time,time -d Time,time input.nc.tmp -O -o input.nc.tmp
ncrename: ERROR file "input.nc.tmp" not found. It does not exist on the local filesystem, nor does it match remote filename patterns (e.g., http://foo or foo.bar.edu:file).
ncrename: HINT file-not-found errors usually arise from filename typos, incorrect paths, missing files, or capricious gods. Please verify spelling and location of requested file. If the file resides on a High Performance Storage System (HPSS) accessible via the 'hsi' command, then add the --hpss option and re-try command.
+ ncrename -v Latitude,lat -d Latitude,lat input.nc.tmp -O -o input.nc.tmp
ncrename: ERROR file "input.nc.tmp" not found. It does not exist on the local filesystem, nor does it match remote filename patterns (e.g., http://foo or foo.bar.edu:file).
ncrename: HINT file-not-found errors usually arise from filename typos, incorrect paths, missing files, or capricious gods. Please verify spelling and location of requested file. If the file resides on a High Performance Storage System (HPSS) accessible via the 'hsi' command, then add the --hpss option and re-try command.
+ ncrename -v Longitude,lon -d Longitude,lon input.nc.tmp -O -o input.nc.tmp
ncrename: ERROR file "input.nc.tmp" not found. It does not exist on the local filesystem, nor does it match remote filename patterns (e.g., http://foo or foo.bar.edu:file).
ncrename: HINT file-not-found errors usually arise from filename typos, incorrect paths, missing files, or capricious gods. Please verify spelling and location of requested file. If the file resides on a High Performance Storage System (HPSS) accessible via the 'hsi' command, then add the --hpss option and re-try command.
+ ncap2 -O -s 'time[time]=0' input.nc.tmp -o input.nc.tmp
ncap2: ERROR file "input.nc.tmp" not found. It does not exist on the local filesystem, nor does it match remote filename patterns (e.g., http://foo or foo.bar.edu:file).
ncap2: HINT file-not-found errors usually arise from filename typos, incorrect paths, missing files, or capricious gods. Please verify spelling and location of requested file. If the file resides on a High Performance Storage System (HPSS) accessible via the 'hsi' command, then add the --hpss option and re-try command.
+ ncks -C -O -x -v Max_emission,Max_emission_col,Max_emission_row input.nc.tmp input.nc.tmp
ncks: ERROR file "input.nc.tmp" not found. It does not exist on the local filesystem, nor does it match remote filename patterns (e.g., http://foo or foo.bar.edu:file).
ncks: HINT file-not-found errors usually arise from filename typos, incorrect paths, missing files, or capricious gods. Please verify spelling and location of requested file. If the file resides on a High Performance Storage System (HPSS) accessible via the 'hsi' command, then add the --hpss option and re-try command.
+ ncks -C -O -x -v QCAll,CloudPerc,FirePerc,NumSensor input.nc.tmp input.nc.tmp
ncks: ERROR file "input.nc.tmp" not found. It does not exist on the local filesystem, nor does it match remote filename patterns (e.g., http://foo or foo.bar.edu:file).
ncks: HINT file-not-found errors usually arise from filename typos, incorrect paths, missing files, or capricious gods. Please verify spelling and location of requested file. If the file resides on a High Performance Storage System (HPSS) accessible via the 'hsi' command, then add the --hpss option and re-try command.
+ ncks -C -O -x -v TotalEmis_region_Africa input.nc.tmp input.nc.tmp
ncks: ERROR file "input.nc.tmp" not found. It does not exist on the local filesystem, nor does it match remote filename patterns (e.g., http://foo or foo.bar.edu:file).
ncks: HINT file-not-found errors usually arise from filename typos, incorrect paths, missing files, or capricious gods. Please verify spelling and location of requested file. If the file resides on a High Performance Storage System (HPSS) accessible via the 'hsi' command, then add the --hpss option and re-try command.
+ ncks -C -O -x -v TotalEmis_region_Asia input.nc.tmp input.nc.tmp
ncks: ERROR file "input.nc.tmp" not found. It does not exist on the local filesystem, nor does it match remote filename patterns (e.g., http://foo or foo.bar.edu:file).
ncks: HINT file-not-found errors usually arise from filename typos, incorrect paths, missing files, or capricious gods. Please verify spelling and location of requested file. If the file resides on a High Performance Storage System (HPSS) accessible via the 'hsi' command, then add the --hpss option and re-try command.
+ ncks -C -O -x -v TotalEmis_region_Australia input.nc.tmp input.nc.tmp
ncks: ERROR file "input.nc.tmp" not found. It does not exist on the local filesystem, nor does it match remote filename patterns (e.g., http://foo or foo.bar.edu:file).
ncks: HINT file-not-found errors usually arise from filename typos, incorrect paths, missing files, or capricious gods. Please verify spelling and location of requested file. If the file resides on a High Performance Storage System (HPSS) accessible via the 'hsi' command, then add the --hpss option and re-try command.
+ ncks -C -O -x -v TotalEmis_region_Europe input.nc.tmp input.nc.tmp
ncks: ERROR file "input.nc.tmp" not found. It does not exist on the local filesystem, nor does it match remote filename patterns (e.g., http://foo or foo.bar.edu:file).
ncks: HINT file-not-found errors usually arise from filename typos, incorrect paths, missing files, or capricious gods. Please verify spelling and location of requested file. If the file resides on a High Performance Storage System (HPSS) accessible via the 'hsi' command, then add the --hpss option and re-try command.
+ ncks -C -O -x -v TotalEmis_region_NorthAmerica input.nc.tmp input.nc.tmp
ncks: ERROR file "input.nc.tmp" not found. It does not exist on the local filesystem, nor does it match remote filename patterns (e.g., http://foo or foo.bar.edu:file).
ncks: HINT file-not-found errors usually arise from filename typos, incorrect paths, missing files, or capricious gods. Please verify spelling and location of requested file. If the file resides on a High Performance Storage System (HPSS) accessible via the 'hsi' command, then add the --hpss option and re-try command.
+ ncks -C -O -x -v TotalEmis_region_SouthAmerica input.nc.tmp input.nc.tmp
ncks: ERROR file "input.nc.tmp" not found. It does not exist on the local filesystem, nor does it match remote filename patterns (e.g., http://foo or foo.bar.edu:file).
ncks: HINT file-not-found errors usually arise from filename typos, incorrect paths, missing files, or capricious gods. Please verify spelling and location of requested file. If the file resides on a High Performance Storage System (HPSS) accessible via the 'hsi' command, then add the --hpss option and re-try command.
+ ncks -C -O -x -v quality_information input.nc.tmp input.nc.tmp
ncks: ERROR file "input.nc.tmp" not found. It does not exist on the local filesystem, nor does it match remote filename patterns (e.g., http://foo or foo.bar.edu:file).
ncks: HINT file-not-found errors usually arise from filename typos, incorrect paths, missing files, or capricious gods. Please verify spelling and location of requested file. If the file resides on a High Performance Storage System (HPSS) accessible via the 'hsi' command, then add the --hpss option and re-try command.
+ ncks -O -d lat,-89.5,89.5 input.nc.tmp input.nc.tmp2
ncks: ERROR file "input.nc.tmp" not found. It does not exist on the local filesystem, nor does it match remote filename patterns (e.g., http://foo or foo.bar.edu:file).
ncks: HINT file-not-found errors usually arise from filename typos, incorrect paths, missing files, or capricious gods. Please verify spelling and location of requested file. If the file resides on a High Performance Storage System (HPSS) accessible via the 'hsi' command, then add the --hpss option and re-try command.
++ date -d 20240630 +%Y-%m-%d
+ d=2024-06-30
+ dd='hours since 2024-06-30 12:00:00'
+ ncatted -O -a 'units,time,c,c,hours since 2024-06-30 12:00:00' input.nc.tmp2
ncatted: ERROR file "input.nc.tmp2" not found. It does not exist on the local filesystem, nor does it match remote filename patterns (e.g., http://foo or foo.bar.edu:file).
ncatted: HINT file-not-found errors usually arise from filename typos, incorrect paths, missing files, or capricious gods. Please verify spelling and location of requested file. If the file resides on a High Performance Storage System (HPSS) accessible via the 'hsi' command, then add the --hpss option and re-try command.
+ ncatted -O -a long_name,time,c,c,Time input.nc.tmp2
ncatted: ERROR file "input.nc.tmp2" not found. It does not exist on the local filesystem, nor does it match remote filename patterns (e.g., http://foo or foo.bar.edu:file).
ncatted: HINT file-not-found errors usually arise from filename typos, incorrect paths, missing files, or capricious gods. Please verify spelling and location of requested file. If the file resides on a High Performance Storage System (HPSS) accessible via the 'hsi' command, then add the --hpss option and re-try command.
+ ncatted -O -a calendar,time,c,c,gregorian input.nc.tmp2
ncatted: ERROR file "input.nc.tmp2" not found. It does not exist on the local filesystem, nor does it match remote filename patterns (e.g., http://foo or foo.bar.edu:file).
ncatted: HINT file-not-found errors usually arise from filename typos, incorrect paths, missing files, or capricious gods. Please verify spelling and location of requested file. If the file resides on a High Performance Storage System (HPSS) accessible via the 'hsi' command, then add the --hpss option and re-try command.
+ ncatted -O -a axis,time,c,c,T input.nc.tmp2
ncatted: ERROR file "input.nc.tmp2" not found. It does not exist on the local filesystem, nor does it match remote filename patterns (e.g., http://foo or foo.bar.edu:file).
ncatted: HINT file-not-found errors usually arise from filename typos, incorrect paths, missing files, or capricious gods. Please verify spelling and location of requested file. If the file resides on a High Performance Storage System (HPSS) accessible via the 'hsi' command, then add the --hpss option and re-try command.
+ ncatted -O -a long_name,lat,m,c,latitude input.nc.tmp2
ncatted: ERROR file "input.nc.tmp2" not found. It does not exist on the local filesystem, nor does it match remote filename patterns (e.g., http://foo or foo.bar.edu:file).
ncatted: HINT file-not-found errors usually arise from filename typos, incorrect paths, missing files, or capricious gods. Please verify spelling and location of requested file. If the file resides on a High Performance Storage System (HPSS) accessible via the 'hsi' command, then add the --hpss option and re-try command.
+ ncatted -O -a long_name,lon,m,c,longitude input.nc.tmp2
ncatted: ERROR file "input.nc.tmp2" not found. It does not exist on the local filesystem, nor does it match remote filename patterns (e.g., http://foo or foo.bar.edu:file).
ncatted: HINT file-not-found errors usually arise from filename typos, incorrect paths, missing files, or capricious gods. Please verify spelling and location of requested file. If the file resides on a High Performance Storage System (HPSS) accessible via the 'hsi' command, then add the --hpss option and re-try command.
+ ncatted -O -a axis,lon,d,, input.nc.tmp2
ncatted: ERROR file "input.nc.tmp2" not found. It does not exist on the local filesystem, nor does it match remote filename patterns (e.g., http://foo or foo.bar.edu:file).
ncatted: HINT file-not-found errors usually arise from filename typos, incorrect paths, missing files, or capricious gods. Please verify spelling and location of requested file. If the file resides on a High Performance Storage System (HPSS) accessible via the 'hsi' command, then add the --hpss option and re-try command.
+ ncatted -O -a bounds,lon,d,, input.nc.tmp2
ncatted: ERROR file "input.nc.tmp2" not found. It does not exist on the local filesystem, nor does it match remote filename patterns (e.g., http://foo or foo.bar.edu:file).
ncatted: HINT file-not-found errors usually arise from filename typos, incorrect paths, missing files, or capricious gods. Please verify spelling and location of requested file. If the file resides on a High Performance Storage System (HPSS) accessible via the 'hsi' command, then add the --hpss option and re-try command.
+ ncatted -O -a valid_range,lon,d,, input.nc.tmp2
ncatted: ERROR file "input.nc.tmp2" not found. It does not exist on the local filesystem, nor does it match remote filename patterns (e.g., http://foo or foo.bar.edu:file).
ncatted: HINT file-not-found errors usually arise from filename typos, incorrect paths, missing files, or capricious gods. Please verify spelling and location of requested file. If the file resides on a High Performance Storage System (HPSS) accessible via the 'hsi' command, then add the --hpss option and re-try command.
+ ncatted -O -a scale_factor,lon,d,, input.nc.tmp2
ncatted: ERROR file "input.nc.tmp2" not found. It does not exist on the local filesystem, nor does it match remote filename patterns (e.g., http://foo or foo.bar.edu:file).
ncatted: HINT file-not-found errors usually arise from filename typos, incorrect paths, missing files, or capricious gods. Please verify spelling and location of requested file. If the file resides on a High Performance Storage System (HPSS) accessible via the 'hsi' command, then add the --hpss option and re-try command.
+ ncatted -O -a add_offset,lon,d,, input.nc.tmp2
ncatted: ERROR file "input.nc.tmp2" not found. It does not exist on the local filesystem, nor does it match remote filename patterns (e.g., http://foo or foo.bar.edu:file).
ncatted: HINT file-not-found errors usually arise from filename typos, incorrect paths, missing files, or capricious gods. Please verify spelling and location of requested file. If the file resides on a High Performance Storage System (HPSS) accessible via the 'hsi' command, then add the --hpss option and re-try command.
+ ncatted -O -a _FillValue,lon,d,, input.nc.tmp2
ncatted: ERROR file "input.nc.tmp2" not found. It does not exist on the local filesystem, nor does it match remote filename patterns (e.g., http://foo or foo.bar.edu:file).
ncatted: HINT file-not-found errors usually arise from filename typos, incorrect paths, missing files, or capricious gods. Please verify spelling and location of requested file. If the file resides on a High Performance Storage System (HPSS) accessible via the 'hsi' command, then add the --hpss option and re-try command.
+ ncatted -O -a axis,lat,d,, input.nc.tmp2
ncatted: ERROR file "input.nc.tmp2" not found. It does not exist on the local filesystem, nor does it match remote filename patterns (e.g., http://foo or foo.bar.edu:file).
ncatted: HINT file-not-found errors usually arise from filename typos, incorrect paths, missing files, or capricious gods. Please verify spelling and location of requested file. If the file resides on a High Performance Storage System (HPSS) accessible via the 'hsi' command, then add the --hpss option and re-try command.
+ ncatted -O -a bounds,lat,d,, input.nc.tmp2
ncatted: ERROR file "input.nc.tmp2" not found. It does not exist on the local filesystem, nor does it match remote filename patterns (e.g., http://foo or foo.bar.edu:file).
ncatted: HINT file-not-found errors usually arise from filename typos, incorrect paths, missing files, or capricious gods. Please verify spelling and location of requested file. If the file resides on a High Performance Storage System (HPSS) accessible via the 'hsi' command, then add the --hpss option and re-try command.
+ ncatted -O -a valid_range,lat,d,, input.nc.tmp2
ncatted: ERROR file "input.nc.tmp2" not found. It does not exist on the local filesystem, nor does it match remote filename patterns (e.g., http://foo or foo.bar.edu:file).
ncatted: HINT file-not-found errors usually arise from filename typos, incorrect paths, missing files, or capricious gods. Please verify spelling and location of requested file. If the file resides on a High Performance Storage System (HPSS) accessible via the 'hsi' command, then add the --hpss option and re-try command.
+ ncatted -O -a scale_factor,lat,d,, input.nc.tmp2
ncatted: ERROR file "input.nc.tmp2" not found. It does not exist on the local filesystem, nor does it match remote filename patterns (e.g., http://foo or foo.bar.edu:file).
ncatted: HINT file-not-found errors usually arise from filename typos, incorrect paths, missing files, or capricious gods. Please verify spelling and location of requested file. If the file resides on a High Performance Storage System (HPSS) accessible via the 'hsi' command, then add the --hpss option and re-try command.
+ ncatted -O -a add_offset,lat,d,, input.nc.tmp2
ncatted: ERROR file "input.nc.tmp2" not found. It does not exist on the local filesystem, nor does it match remote filename patterns (e.g., http://foo or foo.bar.edu:file).
ncatted: HINT file-not-found errors usually arise from filename typos, incorrect paths, missing files, or capricious gods. Please verify spelling and location of requested file. If the file resides on a High Performance Storage System (HPSS) accessible via the 'hsi' command, then add the --hpss option and re-try command.
+ ncatted -O -a _FillValue,lat,d,, input.nc.tmp2
ncatted: ERROR file "input.nc.tmp2" not found. It does not exist on the local filesystem, nor does it match remote filename patterns (e.g., http://foo or foo.bar.edu:file).
ncatted: HINT file-not-found errors usually arise from filename typos, incorrect paths, missing files, or capricious gods. Please verify spelling and location of requested file. If the file resides on a High Performance Storage System (HPSS) accessible via the 'hsi' command, then add the --hpss option and re-try command.
+ ncatted -O -a coordinates,SO2,d,, input.nc.tmp2
ncatted: ERROR file "input.nc.tmp2" not found. It does not exist on the local filesystem, nor does it match remote filename patterns (e.g., http://foo or foo.bar.edu:file).
ncatted: HINT file-not-found errors usually arise from filename typos, incorrect paths, missing files, or capricious gods. Please verify spelling and location of requested file. If the file resides on a High Performance Storage System (HPSS) accessible via the 'hsi' command, then add the --hpss option and re-try command.
+ ncatted -O -a coordinates,PM2.5,d,, input.nc.tmp2
ncatted: ERROR file "input.nc.tmp2" not found. It does not exist on the local filesystem, nor does it match remote filename patterns (e.g., http://foo or foo.bar.edu:file).
ncatted: HINT file-not-found errors usually arise from filename typos, incorrect paths, missing files, or capricious gods. Please verify spelling and location of requested file. If the file resides on a High Performance Storage System (HPSS) accessible via the 'hsi' command, then add the --hpss option and re-try command.
+ ncatted -O -a coordinates,OC,d,, input.nc.tmp2
ncatted: ERROR file "input.nc.tmp2" not found. It does not exist on the local filesystem, nor does it match remote filename patterns (e.g., http://foo or foo.bar.edu:file).
ncatted: HINT file-not-found errors usually arise from filename typos, incorrect paths, missing files, or capricious gods. Please verify spelling and location of requested file. If the file resides on a High Performance Storage System (HPSS) accessible via the 'hsi' command, then add the --hpss option and re-try command.
+ ncatted -O -a coordinates,BC,d,, input.nc.tmp2
ncatted: ERROR file "input.nc.tmp2" not found. It does not exist on the local filesystem, nor does it match remote filename patterns (e.g., http://foo or foo.bar.edu:file).
ncatted: HINT file-not-found errors usually arise from filename typos, incorrect paths, missing files, or capricious gods. Please verify spelling and location of requested file. If the file resides on a High Performance Storage System (HPSS) accessible via the 'hsi' command, then add the --hpss option and re-try command.
+ ncatted -O -a coordinates,CO,d,, input.nc.tmp2
ncatted: ERROR file "input.nc.tmp2" not found. It does not exist on the local filesystem, nor does it match remote filename patterns (e.g., http://foo or foo.bar.edu:file).
ncatted: HINT file-not-found errors usually arise from filename typos, incorrect paths, missing files, or capricious gods. Please verify spelling and location of requested file. If the file resides on a High Performance Storage System (HPSS) accessible via the 'hsi' command, then add the --hpss option and re-try command.
+ ncatted -O -a coordinates,NOx,d,, input.nc.tmp2
ncatted: ERROR file "input.nc.tmp2" not found. It does not exist on the local filesystem, nor does it match remote filename patterns (e.g., http://foo or foo.bar.edu:file).
ncatted: HINT file-not-found errors usually arise from filename typos, incorrect paths, missing files, or capricious gods. Please verify spelling and location of requested file. If the file resides on a High Performance Storage System (HPSS) accessible via the 'hsi' command, then add the --hpss option and re-try command.
+ ncatted -O -a coordinates,NH3,d,, input.nc.tmp2
ncatted: ERROR file "input.nc.tmp2" not found. It does not exist on the local filesystem, nor does it match remote filename patterns (e.g., http://foo or foo.bar.edu:file).
ncatted: HINT file-not-found errors usually arise from filename typos, incorrect paths, missing files, or capricious gods. Please verify spelling and location of requested file. If the file resides on a High Performance Storage System (HPSS) accessible via the 'hsi' command, then add the --hpss option and re-try command.
+ ncatted -O -a valid_range,SO2,d,, input.nc.tmp2
ncatted: ERROR file "input.nc.tmp2" not found. It does not exist on the local filesystem, nor does it match remote filename patterns (e.g., http://foo or foo.bar.edu:file).
ncatted: HINT file-not-found errors usually arise from filename typos, incorrect paths, missing files, or capricious gods. Please verify spelling and location of requested file. If the file resides on a High Performance Storage System (HPSS) accessible via the 'hsi' command, then add the --hpss option and re-try command.
+ ncatted -O -a valid_range,PM2.5,d,, input.nc.tmp2
ncatted: ERROR file "input.nc.tmp2" not found. It does not exist on the local filesystem, nor does it match remote filename patterns (e.g., http://foo or foo.bar.edu:file).
ncatted: HINT file-not-found errors usually arise from filename typos, incorrect paths, missing files, or capricious gods. Please verify spelling and location of requested file. If the file resides on a High Performance Storage System (HPSS) accessible via the 'hsi' command, then add the --hpss option and re-try command.
+ ncatted -O -a valid_range,OC,d,, input.nc.tmp2
ncatted: ERROR file "input.nc.tmp2" not found. It does not exist on the local filesystem, nor does it match remote filename patterns (e.g., http://foo or foo.bar.edu:file).
ncatted: HINT file-not-found errors usually arise from filename typos, incorrect paths, missing files, or capricious gods. Please verify spelling and location of requested file. If the file resides on a High Performance Storage System (HPSS) accessible via the 'hsi' command, then add the --hpss option and re-try command.
+ ncatted -O -a valid_range,BC,d,, input.nc.tmp2
ncatted: ERROR file "input.nc.tmp2" not found. It does not exist on the local filesystem, nor does it match remote filename patterns (e.g., http://foo or foo.bar.edu:file).
ncatted: HINT file-not-found errors usually arise from filename typos, incorrect paths, missing files, or capricious gods. Please verify spelling and location of requested file. If the file resides on a High Performance Storage System (HPSS) accessible via the 'hsi' command, then add the --hpss option and re-try command.
+ ncatted -O -a valid_range,CO,d,, input.nc.tmp2
ncatted: ERROR file "input.nc.tmp2" not found. It does not exist on the local filesystem, nor does it match remote filename patterns (e.g., http://foo or foo.bar.edu:file).
ncatted: HINT file-not-found errors usually arise from filename typos, incorrect paths, missing files, or capricious gods. Please verify spelling and location of requested file. If the file resides on a High Performance Storage System (HPSS) accessible via the 'hsi' command, then add the --hpss option and re-try command.
+ ncatted -O -a valid_range,NOx,d,, input.nc.tmp2
ncatted: ERROR file "input.nc.tmp2" not found. It does not exist on the local filesystem, nor does it match remote filename patterns (e.g., http://foo or foo.bar.edu:file).
ncatted: HINT file-not-found errors usually arise from filename typos, incorrect paths, missing files, or capricious gods. Please verify spelling and location of requested file. If the file resides on a High Performance Storage System (HPSS) accessible via the 'hsi' command, then add the --hpss option and re-try command.
+ ncatted -O -a valid_range,NH3,d,, input.nc.tmp2
ncatted: ERROR file "input.nc.tmp2" not found. It does not exist on the local filesystem, nor does it match remote filename patterns (e.g., http://foo or foo.bar.edu:file).
ncatted: HINT file-not-found errors usually arise from filename typos, incorrect paths, missing files, or capricious gods. Please verify spelling and location of requested file. If the file resides on a High Performance Storage System (HPSS) accessible via the 'hsi' command, then add the --hpss option and re-try command.
+ ncatted -O -a add_offset,SO2,d,, input.nc.tmp2
ncatted: ERROR file "input.nc.tmp2" not found. It does not exist on the local filesystem, nor does it match remote filename patterns (e.g., http://foo or foo.bar.edu:file).
ncatted: HINT file-not-found errors usually arise from filename typos, incorrect paths, missing files, or capricious gods. Please verify spelling and location of requested file. If the file resides on a High Performance Storage System (HPSS) accessible via the 'hsi' command, then add the --hpss option and re-try command.
+ ncatted -O -a add_offset,PM2.5,d,, input.nc.tmp2
ncatted: ERROR file "input.nc.tmp2" not found. It does not exist on the local filesystem, nor does it match remote filename patterns (e.g., http://foo or foo.bar.edu:file).
ncatted: HINT file-not-found errors usually arise from filename typos, incorrect paths, missing files, or capricious gods. Please verify spelling and location of requested file. If the file resides on a High Performance Storage System (HPSS) accessible via the 'hsi' command, then add the --hpss option and re-try command.
+ ncatted -O -a add_offset,OC,d,, input.nc.tmp2
ncatted: ERROR file "input.nc.tmp2" not found. It does not exist on the local filesystem, nor does it match remote filename patterns (e.g., http://foo or foo.bar.edu:file).
ncatted: HINT file-not-found errors usually arise from filename typos, incorrect paths, missing files, or capricious gods. Please verify spelling and location of requested file. If the file resides on a High Performance Storage System (HPSS) accessible via the 'hsi' command, then add the --hpss option and re-try command.
+ ncatted -O -a add_offset,BC,d,, input.nc.tmp2
ncatted: ERROR file "input.nc.tmp2" not found. It does not exist on the local filesystem, nor does it match remote filename patterns (e.g., http://foo or foo.bar.edu:file).
ncatted: HINT file-not-found errors usually arise from filename typos, incorrect paths, missing files, or capricious gods. Please verify spelling and location of requested file. If the file resides on a High Performance Storage System (HPSS) accessible via the 'hsi' command, then add the --hpss option and re-try command.
+ ncatted -O -a add_offset,CO,d,, input.nc.tmp2
ncatted: ERROR file "input.nc.tmp2" not found. It does not exist on the local filesystem, nor does it match remote filename patterns (e.g., http://foo or foo.bar.edu:file).
ncatted: HINT file-not-found errors usually arise from filename typos, incorrect paths, missing files, or capricious gods. Please verify spelling and location of requested file. If the file resides on a High Performance Storage System (HPSS) accessible via the 'hsi' command, then add the --hpss option and re-try command.
+ ncatted -O -a add_offset,NOx,d,, input.nc.tmp2
ncatted: ERROR file "input.nc.tmp2" not found. It does not exist on the local filesystem, nor does it match remote filename patterns (e.g., http://foo or foo.bar.edu:file).
ncatted: HINT file-not-found errors usually arise from filename typos, incorrect paths, missing files, or capricious gods. Please verify spelling and location of requested file. If the file resides on a High Performance Storage System (HPSS) accessible via the 'hsi' command, then add the --hpss option and re-try command.
+ ncatted -O -a add_offset,NH3,d,, input.nc.tmp2
ncatted: ERROR file "input.nc.tmp2" not found. It does not exist on the local filesystem, nor does it match remote filename patterns (e.g., http://foo or foo.bar.edu:file).
ncatted: HINT file-not-found errors usually arise from filename typos, incorrect paths, missing files, or capricious gods. Please verify spelling and location of requested file. If the file resides on a High Performance Storage System (HPSS) accessible via the 'hsi' command, then add the --hpss option and re-try command.
+ ncatted -O -a add_offset,MeanFRP,d,, input.nc.tmp2
ncatted: ERROR file "input.nc.tmp2" not found. It does not exist on the local filesystem, nor does it match remote filename patterns (e.g., http://foo or foo.bar.edu:file).
ncatted: HINT file-not-found errors usually arise from filename typos, incorrect paths, missing files, or capricious gods. Please verify spelling and location of requested file. If the file resides on a High Performance Storage System (HPSS) accessible via the 'hsi' command, then add the --hpss option and re-try command.
+ ncatted -O -a valid_range,MeanFRP,d,, input.nc.tmp2
ncatted: ERROR file "input.nc.tmp2" not found. It does not exist on the local filesystem, nor does it match remote filename patterns (e.g., http://foo or foo.bar.edu:file).
ncatted: HINT file-not-found errors usually arise from filename typos, incorrect paths, missing files, or capricious gods. Please verify spelling and location of requested file. If the file resides on a High Performance Storage System (HPSS) accessible via the 'hsi' command, then add the --hpss option and re-try command.
+ ncatted -O -a coordinates,MeanFRP,d,, input.nc.tmp2
ncatted: ERROR file "input.nc.tmp2" not found. It does not exist on the local filesystem, nor does it match remote filename patterns (e.g., http://foo or foo.bar.edu:file).
ncatted: HINT file-not-found errors usually arise from filename typos, incorrect paths, missing files, or capricious gods. Please verify spelling and location of requested file. If the file resides on a High Performance Storage System (HPSS) accessible via the 'hsi' command, then add the --hpss option and re-try command.
+ nccopy -k 'netCDF-4 classic model' input.nc.tmp2 input.nc.tmp3
No such file or directory
Location: file /tds_scratch1/SYSADMIN/nesccmgmt/Raghu.Reddy/apps/netcdf-c-4.7.0/ncdump/nccopy.c; line 1842
+ nccopy -d1 input.nc.tmp3 input.nc.tmp4
No such file or directory
Location: file /tds_scratch1/SYSADMIN/nesccmgmt/Raghu.Reddy/apps/netcdf-c-4.7.0/ncdump/nccopy.c; line 1842
+ ERR=1
+ ECNT=1
+ '[' 1 -eq 0 ']'
+ '[' 1 -eq 0 ']'
+ echo 'Fixing GBBEPx failed at 20240630 and exit'
Fixing GBBEPx failed at 20240630 and exit
+ exit 1
_______________________________________________________________
Start Epilog on node hfe02 for job 3268824 :: Mon Dec  2 01:57:54 UTC 2024
Job 3268824 finished for user Bo.Huang in partition service with exit code 1:0
_______________________________________________________________
End Epilogue Mon Dec  2 01:57:54 UTC 2024
+ TOPDIR=/scratch1/BMC/gsd-fv3-dev/MAPP_2018/bhuang/JEDI-2020/JEDI-FV3/expCodes/PACEData/GBBEPx
+ SDATE=2024070100
+ EDATE=2024070200
+ EXP=Prep_GBBEPx_2024070100_2024093000
+ EXPDIR=/scratch1/BMC/gsd-fv3-dev/MAPP_2018/bhuang/JEDI-2020/JEDI-FV3/expCodes/PACEData/GBBEPx/Prep_GBBEPx_2024070100_2024093000
+ TMPDIR=/scratch1/BMC/gsd-fv3-dev/MAPP_2018/bhuang/JEDI-2020/JEDI-FV3/expCodes/PACEData/GBBEPx/Prep_GBBEPx_2024070100_2024093000/tmp
+ OUTDIR=/scratch1/BMC/gsd-fv3-dev/MAPP_2018/bhuang/JEDI-2020/JEDI-FV3/expCodes/PACEData/GBBEPx/Prep_GBBEPx_2024070100_2024093000/FixGBBEPx
+ CYCINC=24
+ mkdir -p /scratch1/BMC/gsd-fv3-dev/MAPP_2018/bhuang/JEDI-2020/JEDI-FV3/expCodes/PACEData/GBBEPx/Prep_GBBEPx_2024070100_2024093000/tmp
+ mkdir -p /scratch1/BMC/gsd-fv3-dev/MAPP_2018/bhuang/JEDI-2020/JEDI-FV3/expCodes/PACEData/GBBEPx/Prep_GBBEPx_2024070100_2024093000/FixGBBEPx
+ NDATE=/scratch2/NCEPDEV/nwprod/NCEPLIBS/utils/prod_util.v1.1.0/exec/ndate
+ FIXEXE=/home/Bo.Huang/JEDI-2020/UFS-Aerosols_RETcyc/UFS-Aerosols-EP4_JEDI-AeroDA-Reanl/misc/PrepPACE/GBBEPx/fix_GBBEPx_Li.sh
++ /scratch2/NCEPDEV/nwprod/NCEPLIBS/utils/prod_util.v1.1.0/exec/ndate -24 2024070100
+ SDATE=2024063000
+ IDATE=2024063000
+ cd /scratch1/BMC/gsd-fv3-dev/MAPP_2018/bhuang/JEDI-2020/JEDI-FV3/expCodes/PACEData/GBBEPx/Prep_GBBEPx_2024070100_2024093000/tmp
+ '[' 2024063000 -le 2024070200 ']'
+ ECNT=0
+ /bin/rm -rf '*.tmp*' '*.nc'
+ IY=2024
+ IM=06
+ ID=30
+ IYMD=20240630
+ SRCFILE='/scratch1/BMC/gsd-fv3-dev/MAPP_2018/bhuang/JEDI-2020/JEDI-FV3/expCodes/PACEData/GBBEPx/Prep_GBBEPx_2024070100_2024093000/2024063000/*.nc'
+ OUTFILE=/scratch1/BMC/gsd-fv3-dev/MAPP_2018/bhuang/JEDI-2020/JEDI-FV3/expCodes/PACEData/GBBEPx/Prep_GBBEPx_2024070100_2024093000/FixGBBEPx/GBBEPx_all01GRID.emissions_v004_20240630.nc
++ wc -l
++ ls /scratch1/BMC/gsd-fv3-dev/MAPP_2018/bhuang/JEDI-2020/JEDI-FV3/expCodes/PACEData/GBBEPx/Prep_GBBEPx_2024070100_2024093000/2024063000/GBBEPx-all01GRID_v5r0_blend_s202406300000000_e202406302359590_c202407010107310.nc
+ NNC=1
+ '[' 1 -eq 1 ']'
++ ls /scratch1/BMC/gsd-fv3-dev/MAPP_2018/bhuang/JEDI-2020/JEDI-FV3/expCodes/PACEData/GBBEPx/Prep_GBBEPx_2024070100_2024093000/2024063000/GBBEPx-all01GRID_v5r0_blend_s202406300000000_e202406302359590_c202407010107310.nc
+ for FILE in $(ls ${SRCFILE})
+ /bin/cp /scratch1/BMC/gsd-fv3-dev/MAPP_2018/bhuang/JEDI-2020/JEDI-FV3/expCodes/PACEData/GBBEPx/Prep_GBBEPx_2024070100_2024093000/2024063000/GBBEPx-all01GRID_v5r0_blend_s202406300000000_e202406302359590_c202407010107310.nc input.nc
+ ERR=0
+ ECNT=0
+ /home/Bo.Huang/JEDI-2020/UFS-Aerosols_RETcyc/UFS-Aerosols-EP4_JEDI-AeroDA-Reanl/misc/PrepPACE/GBBEPx/fix_GBBEPx_Li.sh input.nc 20240630
+ '[' -z '' ']'
+ case "$-" in
+ __lmod_vx=x
+ '[' -n x ']'
+ set +x
Shell debugging temporarily silenced: export LMOD_SH_DBG_ON=1 for this output (/apps/lmod/lmod/init/bash)
Shell debugging restarted
+ unset __lmod_vx
+ input_file=input.nc
+ yyyymmdd=20240630
+ nccopy -k classic input.nc input.nc.tmp
+ ncks --mk_rec_dmn Time input.nc.tmp -O -o input.nc.tmp
+ ncatted -O -a units,Longitude,m,c,degrees_east input.nc.tmp
+ ncrename -v Time,time -d Time,time input.nc.tmp -O -o input.nc.tmp
+ ncrename -v Latitude,lat -d Latitude,lat input.nc.tmp -O -o input.nc.tmp
+ ncrename -v Longitude,lon -d Longitude,lon input.nc.tmp -O -o input.nc.tmp
+ ncap2 -O -s 'time[time]=0' input.nc.tmp -o input.nc.tmp
+ ncks -C -O -x -v Max_emission,Max_emission_col,Max_emission_row input.nc.tmp input.nc.tmp
+ ncks -C -O -x -v QCAll,CloudPerc,FirePerc,NumSensor input.nc.tmp input.nc.tmp
+ ncks -C -O -x -v TotalEmis_region_Africa input.nc.tmp input.nc.tmp
+ ncks -C -O -x -v TotalEmis_region_Asia input.nc.tmp input.nc.tmp
+ ncks -C -O -x -v TotalEmis_region_Australia input.nc.tmp input.nc.tmp
+ ncks -C -O -x -v TotalEmis_region_Europe input.nc.tmp input.nc.tmp
+ ncks -C -O -x -v TotalEmis_region_NorthAmerica input.nc.tmp input.nc.tmp
+ ncks -C -O -x -v TotalEmis_region_SouthAmerica input.nc.tmp input.nc.tmp
+ ncks -C -O -x -v quality_information input.nc.tmp input.nc.tmp
+ ncks -O -d lat,-89.5,89.5 input.nc.tmp input.nc.tmp2
++ date -d 20240630 +%Y-%m-%d
+ d=2024-06-30
+ dd='hours since 2024-06-30 12:00:00'
+ ncatted -O -a 'units,time,c,c,hours since 2024-06-30 12:00:00' input.nc.tmp2
+ ncatted -O -a long_name,time,c,c,Time input.nc.tmp2
+ ncatted -O -a calendar,time,c,c,gregorian input.nc.tmp2
+ ncatted -O -a axis,time,c,c,T input.nc.tmp2
+ ncatted -O -a long_name,lat,m,c,latitude input.nc.tmp2
+ ncatted -O -a long_name,lon,m,c,longitude input.nc.tmp2
+ ncatted -O -a axis,lon,d,, input.nc.tmp2
+ ncatted -O -a bounds,lon,d,, input.nc.tmp2
+ ncatted -O -a valid_range,lon,d,, input.nc.tmp2
+ ncatted -O -a scale_factor,lon,d,, input.nc.tmp2
+ ncatted -O -a add_offset,lon,d,, input.nc.tmp2
+ ncatted -O -a _FillValue,lon,d,, input.nc.tmp2
+ ncatted -O -a axis,lat,d,, input.nc.tmp2
+ ncatted -O -a bounds,lat,d,, input.nc.tmp2
+ ncatted -O -a valid_range,lat,d,, input.nc.tmp2
+ ncatted -O -a scale_factor,lat,d,, input.nc.tmp2
+ ncatted -O -a add_offset,lat,d,, input.nc.tmp2
+ ncatted -O -a _FillValue,lat,d,, input.nc.tmp2
+ ncatted -O -a coordinates,SO2,d,, input.nc.tmp2
+ ncatted -O -a coordinates,PM2.5,d,, input.nc.tmp2
+ ncatted -O -a coordinates,OC,d,, input.nc.tmp2
+ ncatted -O -a coordinates,BC,d,, input.nc.tmp2
+ ncatted -O -a coordinates,CO,d,, input.nc.tmp2
+ ncatted -O -a coordinates,NOx,d,, input.nc.tmp2
+ ncatted -O -a coordinates,NH3,d,, input.nc.tmp2
+ ncatted -O -a valid_range,SO2,d,, input.nc.tmp2
+ ncatted -O -a valid_range,PM2.5,d,, input.nc.tmp2
+ ncatted -O -a valid_range,OC,d,, input.nc.tmp2
+ ncatted -O -a valid_range,BC,d,, input.nc.tmp2
+ ncatted -O -a valid_range,CO,d,, input.nc.tmp2
+ ncatted -O -a valid_range,NOx,d,, input.nc.tmp2
+ ncatted -O -a valid_range,NH3,d,, input.nc.tmp2
+ ncatted -O -a add_offset,SO2,d,, input.nc.tmp2
+ ncatted -O -a add_offset,PM2.5,d,, input.nc.tmp2
+ ncatted -O -a add_offset,OC,d,, input.nc.tmp2
+ ncatted -O -a add_offset,BC,d,, input.nc.tmp2
+ ncatted -O -a add_offset,CO,d,, input.nc.tmp2
+ ncatted -O -a add_offset,NOx,d,, input.nc.tmp2
+ ncatted -O -a add_offset,NH3,d,, input.nc.tmp2
+ ncatted -O -a add_offset,MeanFRP,d,, input.nc.tmp2
+ ncatted -O -a valid_range,MeanFRP,d,, input.nc.tmp2
+ ncatted -O -a coordinates,MeanFRP,d,, input.nc.tmp2
+ nccopy -k 'netCDF-4 classic model' input.nc.tmp2 input.nc.tmp3
+ nccopy -d1 input.nc.tmp3 input.nc.tmp4
+ ERR=0
+ ECNT=0
+ '[' 0 -eq 0 ']'
+ /bin/mv input.nc /scratch1/BMC/gsd-fv3-dev/MAPP_2018/bhuang/JEDI-2020/JEDI-FV3/expCodes/PACEData/GBBEPx/Prep_GBBEPx_2024070100_2024093000/FixGBBEPx/GBBEPx_all01GRID.emissions_v004_20240630.nc/
/bin/mv: cannot move 'input.nc' to '/scratch1/BMC/gsd-fv3-dev/MAPP_2018/bhuang/JEDI-2020/JEDI-FV3/expCodes/PACEData/GBBEPx/Prep_GBBEPx_2024070100_2024093000/FixGBBEPx/GBBEPx_all01GRID.emissions_v004_20240630.nc/': Not a directory
+ ERR=1
+ ECNT=1
+ '[' 1 -eq 0 ']'
+ echo 'Fixing GBBEPx failed at 20240630 and exit'
Fixing GBBEPx failed at 20240630 and exit
+ exit 1
_______________________________________________________________
Start Epilog on node hfe02 for job 3268834 :: Mon Dec  2 01:59:28 UTC 2024
Job 3268834 finished for user Bo.Huang in partition service with exit code 1:0
_______________________________________________________________
End Epilogue Mon Dec  2 01:59:28 UTC 2024
+ TOPDIR=/scratch1/BMC/gsd-fv3-dev/MAPP_2018/bhuang/JEDI-2020/JEDI-FV3/expCodes/PACEData/GBBEPx
+ SDATE=2024070100
+ EDATE=2024070200
+ EXP=Prep_GBBEPx_2024070100_2024093000
+ EXPDIR=/scratch1/BMC/gsd-fv3-dev/MAPP_2018/bhuang/JEDI-2020/JEDI-FV3/expCodes/PACEData/GBBEPx/Prep_GBBEPx_2024070100_2024093000
+ TMPDIR=/scratch1/BMC/gsd-fv3-dev/MAPP_2018/bhuang/JEDI-2020/JEDI-FV3/expCodes/PACEData/GBBEPx/Prep_GBBEPx_2024070100_2024093000/tmp
+ OUTDIR=/scratch1/BMC/gsd-fv3-dev/MAPP_2018/bhuang/JEDI-2020/JEDI-FV3/expCodes/PACEData/GBBEPx/Prep_GBBEPx_2024070100_2024093000/FixGBBEPx
+ CYCINC=24
+ mkdir -p /scratch1/BMC/gsd-fv3-dev/MAPP_2018/bhuang/JEDI-2020/JEDI-FV3/expCodes/PACEData/GBBEPx/Prep_GBBEPx_2024070100_2024093000/tmp
+ mkdir -p /scratch1/BMC/gsd-fv3-dev/MAPP_2018/bhuang/JEDI-2020/JEDI-FV3/expCodes/PACEData/GBBEPx/Prep_GBBEPx_2024070100_2024093000/FixGBBEPx
+ NDATE=/scratch2/NCEPDEV/nwprod/NCEPLIBS/utils/prod_util.v1.1.0/exec/ndate
+ FIXEXE=/home/Bo.Huang/JEDI-2020/UFS-Aerosols_RETcyc/UFS-Aerosols-EP4_JEDI-AeroDA-Reanl/misc/PrepPACE/GBBEPx/fix_GBBEPx_Li.sh
++ /scratch2/NCEPDEV/nwprod/NCEPLIBS/utils/prod_util.v1.1.0/exec/ndate -24 2024070100
+ SDATE=2024063000
+ IDATE=2024063000
+ cd /scratch1/BMC/gsd-fv3-dev/MAPP_2018/bhuang/JEDI-2020/JEDI-FV3/expCodes/PACEData/GBBEPx/Prep_GBBEPx_2024070100_2024093000/tmp
+ '[' 2024063000 -le 2024070200 ']'
+ ECNT=0
+ /bin/rm -rf input.nc.tmp input.nc.tmp2 input.nc.tmp3 input.nc.tmp4 input.nc
+ IY=2024
+ IM=06
+ ID=30
+ IYMD=20240630
+ SRCFILE='/scratch1/BMC/gsd-fv3-dev/MAPP_2018/bhuang/JEDI-2020/JEDI-FV3/expCodes/PACEData/GBBEPx/Prep_GBBEPx_2024070100_2024093000/2024063000/*.nc'
+ OUTFILE=/scratch1/BMC/gsd-fv3-dev/MAPP_2018/bhuang/JEDI-2020/JEDI-FV3/expCodes/PACEData/GBBEPx/Prep_GBBEPx_2024070100_2024093000/FixGBBEPx/GBBEPx_all01GRID.emissions_v004_20240630.nc
++ wc -l
++ ls /scratch1/BMC/gsd-fv3-dev/MAPP_2018/bhuang/JEDI-2020/JEDI-FV3/expCodes/PACEData/GBBEPx/Prep_GBBEPx_2024070100_2024093000/2024063000/GBBEPx-all01GRID_v5r0_blend_s202406300000000_e202406302359590_c202407010107310.nc
+ NNC=1
+ '[' 1 -eq 1 ']'
++ ls /scratch1/BMC/gsd-fv3-dev/MAPP_2018/bhuang/JEDI-2020/JEDI-FV3/expCodes/PACEData/GBBEPx/Prep_GBBEPx_2024070100_2024093000/2024063000/GBBEPx-all01GRID_v5r0_blend_s202406300000000_e202406302359590_c202407010107310.nc
+ for FILE in $(ls ${SRCFILE})
+ /bin/cp /scratch1/BMC/gsd-fv3-dev/MAPP_2018/bhuang/JEDI-2020/JEDI-FV3/expCodes/PACEData/GBBEPx/Prep_GBBEPx_2024070100_2024093000/2024063000/GBBEPx-all01GRID_v5r0_blend_s202406300000000_e202406302359590_c202407010107310.nc input.nc
+ ERR=0
+ ECNT=0
+ /home/Bo.Huang/JEDI-2020/UFS-Aerosols_RETcyc/UFS-Aerosols-EP4_JEDI-AeroDA-Reanl/misc/PrepPACE/GBBEPx/fix_GBBEPx_Li.sh input.nc 20240630
+ '[' -z '' ']'
+ case "$-" in
+ __lmod_vx=x
+ '[' -n x ']'
+ set +x
Shell debugging temporarily silenced: export LMOD_SH_DBG_ON=1 for this output (/apps/lmod/lmod/init/bash)
Shell debugging restarted
+ unset __lmod_vx
+ input_file=input.nc
+ yyyymmdd=20240630
+ nccopy -k classic input.nc input.nc.tmp
+ ncks --mk_rec_dmn Time input.nc.tmp -O -o input.nc.tmp
+ ncatted -O -a units,Longitude,m,c,degrees_east input.nc.tmp
+ ncrename -v Time,time -d Time,time input.nc.tmp -O -o input.nc.tmp
+ ncrename -v Latitude,lat -d Latitude,lat input.nc.tmp -O -o input.nc.tmp
+ ncrename -v Longitude,lon -d Longitude,lon input.nc.tmp -O -o input.nc.tmp
+ ncap2 -O -s 'time[time]=0' input.nc.tmp -o input.nc.tmp
+ ncks -C -O -x -v Max_emission,Max_emission_col,Max_emission_row input.nc.tmp input.nc.tmp
+ ncks -C -O -x -v QCAll,CloudPerc,FirePerc,NumSensor input.nc.tmp input.nc.tmp
+ ncks -C -O -x -v TotalEmis_region_Africa input.nc.tmp input.nc.tmp
+ ncks -C -O -x -v TotalEmis_region_Asia input.nc.tmp input.nc.tmp
+ ncks -C -O -x -v TotalEmis_region_Australia input.nc.tmp input.nc.tmp
+ ncks -C -O -x -v TotalEmis_region_Europe input.nc.tmp input.nc.tmp
+ ncks -C -O -x -v TotalEmis_region_NorthAmerica input.nc.tmp input.nc.tmp
+ ncks -C -O -x -v TotalEmis_region_SouthAmerica input.nc.tmp input.nc.tmp
+ ncks -C -O -x -v quality_information input.nc.tmp input.nc.tmp
+ ncks -O -d lat,-89.5,89.5 input.nc.tmp input.nc.tmp2
++ date -d 20240630 +%Y-%m-%d
+ d=2024-06-30
+ dd='hours since 2024-06-30 12:00:00'
+ ncatted -O -a 'units,time,c,c,hours since 2024-06-30 12:00:00' input.nc.tmp2
+ ncatted -O -a long_name,time,c,c,Time input.nc.tmp2
+ ncatted -O -a calendar,time,c,c,gregorian input.nc.tmp2
+ ncatted -O -a axis,time,c,c,T input.nc.tmp2
+ ncatted -O -a long_name,lat,m,c,latitude input.nc.tmp2
+ ncatted -O -a long_name,lon,m,c,longitude input.nc.tmp2
+ ncatted -O -a axis,lon,d,, input.nc.tmp2
+ ncatted -O -a bounds,lon,d,, input.nc.tmp2
+ ncatted -O -a valid_range,lon,d,, input.nc.tmp2
+ ncatted -O -a scale_factor,lon,d,, input.nc.tmp2
+ ncatted -O -a add_offset,lon,d,, input.nc.tmp2
+ ncatted -O -a _FillValue,lon,d,, input.nc.tmp2
+ ncatted -O -a axis,lat,d,, input.nc.tmp2
+ ncatted -O -a bounds,lat,d,, input.nc.tmp2
+ ncatted -O -a valid_range,lat,d,, input.nc.tmp2
+ ncatted -O -a scale_factor,lat,d,, input.nc.tmp2
+ ncatted -O -a add_offset,lat,d,, input.nc.tmp2
+ ncatted -O -a _FillValue,lat,d,, input.nc.tmp2
+ ncatted -O -a coordinates,SO2,d,, input.nc.tmp2
+ ncatted -O -a coordinates,PM2.5,d,, input.nc.tmp2
+ ncatted -O -a coordinates,OC,d,, input.nc.tmp2
+ ncatted -O -a coordinates,BC,d,, input.nc.tmp2
+ ncatted -O -a coordinates,CO,d,, input.nc.tmp2
+ ncatted -O -a coordinates,NOx,d,, input.nc.tmp2
+ ncatted -O -a coordinates,NH3,d,, input.nc.tmp2
+ ncatted -O -a valid_range,SO2,d,, input.nc.tmp2
+ ncatted -O -a valid_range,PM2.5,d,, input.nc.tmp2
+ ncatted -O -a valid_range,OC,d,, input.nc.tmp2
+ ncatted -O -a valid_range,BC,d,, input.nc.tmp2
+ ncatted -O -a valid_range,CO,d,, input.nc.tmp2
+ ncatted -O -a valid_range,NOx,d,, input.nc.tmp2
+ ncatted -O -a valid_range,NH3,d,, input.nc.tmp2
+ ncatted -O -a add_offset,SO2,d,, input.nc.tmp2
+ ncatted -O -a add_offset,PM2.5,d,, input.nc.tmp2
+ ncatted -O -a add_offset,OC,d,, input.nc.tmp2
+ ncatted -O -a add_offset,BC,d,, input.nc.tmp2
+ ncatted -O -a add_offset,CO,d,, input.nc.tmp2
+ ncatted -O -a add_offset,NOx,d,, input.nc.tmp2
+ ncatted -O -a add_offset,NH3,d,, input.nc.tmp2
+ ncatted -O -a add_offset,MeanFRP,d,, input.nc.tmp2
+ ncatted -O -a valid_range,MeanFRP,d,, input.nc.tmp2
+ ncatted -O -a coordinates,MeanFRP,d,, input.nc.tmp2
+ nccopy -k 'netCDF-4 classic model' input.nc.tmp2 input.nc.tmp3
+ nccopy -d1 input.nc.tmp3 input.nc.tmp4
+ ERR=0
+ ECNT=0
+ '[' 0 -eq 0 ']'
+ /bin/mv input.nc.tmp4 /scratch1/BMC/gsd-fv3-dev/MAPP_2018/bhuang/JEDI-2020/JEDI-FV3/expCodes/PACEData/GBBEPx/Prep_GBBEPx_2024070100_2024093000/FixGBBEPx/GBBEPx_all01GRID.emissions_v004_20240630.nc/
/bin/mv: cannot move 'input.nc.tmp4' to '/scratch1/BMC/gsd-fv3-dev/MAPP_2018/bhuang/JEDI-2020/JEDI-FV3/expCodes/PACEData/GBBEPx/Prep_GBBEPx_2024070100_2024093000/FixGBBEPx/GBBEPx_all01GRID.emissions_v004_20240630.nc/': Not a directory
+ ERR=1
+ ECNT=1
+ '[' 1 -eq 0 ']'
+ echo 'Fixing GBBEPx failed at 20240630 and exit'
Fixing GBBEPx failed at 20240630 and exit
+ exit 1
_______________________________________________________________
Start Epilog on node hfe11 for job 3268912 :: Mon Dec  2 02:02:00 UTC 2024
Job 3268912 finished for user Bo.Huang in partition service with exit code 1:0
_______________________________________________________________
End Epilogue Mon Dec  2 02:02:00 UTC 2024
+ TOPDIR=/scratch1/BMC/gsd-fv3-dev/MAPP_2018/bhuang/JEDI-2020/JEDI-FV3/expCodes/PACEData/GBBEPx
+ SDATE=2024070100
+ EDATE=2024070200
+ EXP=Prep_GBBEPx_2024070100_2024093000
+ EXPDIR=/scratch1/BMC/gsd-fv3-dev/MAPP_2018/bhuang/JEDI-2020/JEDI-FV3/expCodes/PACEData/GBBEPx/Prep_GBBEPx_2024070100_2024093000
+ TMPDIR=/scratch1/BMC/gsd-fv3-dev/MAPP_2018/bhuang/JEDI-2020/JEDI-FV3/expCodes/PACEData/GBBEPx/Prep_GBBEPx_2024070100_2024093000/tmp
+ OUTDIR=/scratch1/BMC/gsd-fv3-dev/MAPP_2018/bhuang/JEDI-2020/JEDI-FV3/expCodes/PACEData/GBBEPx/Prep_GBBEPx_2024070100_2024093000/FixGBBEPx
+ CYCINC=24
+ mkdir -p /scratch1/BMC/gsd-fv3-dev/MAPP_2018/bhuang/JEDI-2020/JEDI-FV3/expCodes/PACEData/GBBEPx/Prep_GBBEPx_2024070100_2024093000/tmp
+ mkdir -p /scratch1/BMC/gsd-fv3-dev/MAPP_2018/bhuang/JEDI-2020/JEDI-FV3/expCodes/PACEData/GBBEPx/Prep_GBBEPx_2024070100_2024093000/FixGBBEPx
+ NDATE=/scratch2/NCEPDEV/nwprod/NCEPLIBS/utils/prod_util.v1.1.0/exec/ndate
+ FIXEXE=/home/Bo.Huang/JEDI-2020/UFS-Aerosols_RETcyc/UFS-Aerosols-EP4_JEDI-AeroDA-Reanl/misc/PrepPACE/GBBEPx/fix_GBBEPx_Li.sh
++ /scratch2/NCEPDEV/nwprod/NCEPLIBS/utils/prod_util.v1.1.0/exec/ndate -24 2024070100
+ SDATE=2024063000
+ IDATE=2024063000
+ cd /scratch1/BMC/gsd-fv3-dev/MAPP_2018/bhuang/JEDI-2020/JEDI-FV3/expCodes/PACEData/GBBEPx/Prep_GBBEPx_2024070100_2024093000/tmp
+ '[' 2024063000 -le 2024070200 ']'
+ ECNT=0
+ /bin/rm -rf input.nc.tmp input.nc.tmp2 input.nc.tmp3 input.nc.tmp4 input.nc
+ IY=2024
+ IM=06
+ ID=30
+ IYMD=20240630
+ SRCFILE='/scratch1/BMC/gsd-fv3-dev/MAPP_2018/bhuang/JEDI-2020/JEDI-FV3/expCodes/PACEData/GBBEPx/Prep_GBBEPx_2024070100_2024093000/2024063000/*.nc'
+ OUTFILE=/scratch1/BMC/gsd-fv3-dev/MAPP_2018/bhuang/JEDI-2020/JEDI-FV3/expCodes/PACEData/GBBEPx/Prep_GBBEPx_2024070100_2024093000/FixGBBEPx/GBBEPx_all01GRID.emissions_v004_20240630.nc
++ wc -l
++ ls /scratch1/BMC/gsd-fv3-dev/MAPP_2018/bhuang/JEDI-2020/JEDI-FV3/expCodes/PACEData/GBBEPx/Prep_GBBEPx_2024070100_2024093000/2024063000/GBBEPx-all01GRID_v5r0_blend_s202406300000000_e202406302359590_c202407010107310.nc
+ NNC=1
+ '[' 1 -eq 1 ']'
++ ls /scratch1/BMC/gsd-fv3-dev/MAPP_2018/bhuang/JEDI-2020/JEDI-FV3/expCodes/PACEData/GBBEPx/Prep_GBBEPx_2024070100_2024093000/2024063000/GBBEPx-all01GRID_v5r0_blend_s202406300000000_e202406302359590_c202407010107310.nc
+ for FILE in $(ls ${SRCFILE})
+ /bin/cp /scratch1/BMC/gsd-fv3-dev/MAPP_2018/bhuang/JEDI-2020/JEDI-FV3/expCodes/PACEData/GBBEPx/Prep_GBBEPx_2024070100_2024093000/2024063000/GBBEPx-all01GRID_v5r0_blend_s202406300000000_e202406302359590_c202407010107310.nc input.nc
+ ERR=0
+ ECNT=0
+ /home/Bo.Huang/JEDI-2020/UFS-Aerosols_RETcyc/UFS-Aerosols-EP4_JEDI-AeroDA-Reanl/misc/PrepPACE/GBBEPx/fix_GBBEPx_Li.sh input.nc 20240630
+ '[' -z '' ']'
+ case "$-" in
+ __lmod_vx=x
+ '[' -n x ']'
+ set +x
Shell debugging temporarily silenced: export LMOD_SH_DBG_ON=1 for this output (/apps/lmod/lmod/init/bash)
Shell debugging restarted
+ unset __lmod_vx
+ input_file=input.nc
+ yyyymmdd=20240630
+ nccopy -k classic input.nc input.nc.tmp
+ ncks --mk_rec_dmn Time input.nc.tmp -O -o input.nc.tmp
+ ncatted -O -a units,Longitude,m,c,degrees_east input.nc.tmp
+ ncrename -v Time,time -d Time,time input.nc.tmp -O -o input.nc.tmp
+ ncrename -v Latitude,lat -d Latitude,lat input.nc.tmp -O -o input.nc.tmp
+ ncrename -v Longitude,lon -d Longitude,lon input.nc.tmp -O -o input.nc.tmp
+ ncap2 -O -s 'time[time]=0' input.nc.tmp -o input.nc.tmp
+ ncks -C -O -x -v Max_emission,Max_emission_col,Max_emission_row input.nc.tmp input.nc.tmp
+ ncks -C -O -x -v QCAll,CloudPerc,FirePerc,NumSensor input.nc.tmp input.nc.tmp
+ ncks -C -O -x -v TotalEmis_region_Africa input.nc.tmp input.nc.tmp
+ ncks -C -O -x -v TotalEmis_region_Asia input.nc.tmp input.nc.tmp
+ ncks -C -O -x -v TotalEmis_region_Australia input.nc.tmp input.nc.tmp
+ ncks -C -O -x -v TotalEmis_region_Europe input.nc.tmp input.nc.tmp
+ ncks -C -O -x -v TotalEmis_region_NorthAmerica input.nc.tmp input.nc.tmp
+ ncks -C -O -x -v TotalEmis_region_SouthAmerica input.nc.tmp input.nc.tmp
+ ncks -C -O -x -v quality_information input.nc.tmp input.nc.tmp
+ ncks -O -d lat,-89.5,89.5 input.nc.tmp input.nc.tmp2
++ date -d 20240630 +%Y-%m-%d
+ d=2024-06-30
+ dd='hours since 2024-06-30 12:00:00'
+ ncatted -O -a 'units,time,c,c,hours since 2024-06-30 12:00:00' input.nc.tmp2
+ ncatted -O -a long_name,time,c,c,Time input.nc.tmp2
+ ncatted -O -a calendar,time,c,c,gregorian input.nc.tmp2
+ ncatted -O -a axis,time,c,c,T input.nc.tmp2
+ ncatted -O -a long_name,lat,m,c,latitude input.nc.tmp2
+ ncatted -O -a long_name,lon,m,c,longitude input.nc.tmp2
+ ncatted -O -a axis,lon,d,, input.nc.tmp2
+ ncatted -O -a bounds,lon,d,, input.nc.tmp2
+ ncatted -O -a valid_range,lon,d,, input.nc.tmp2
+ ncatted -O -a scale_factor,lon,d,, input.nc.tmp2
+ ncatted -O -a add_offset,lon,d,, input.nc.tmp2
+ ncatted -O -a _FillValue,lon,d,, input.nc.tmp2
+ ncatted -O -a axis,lat,d,, input.nc.tmp2
+ ncatted -O -a bounds,lat,d,, input.nc.tmp2
+ ncatted -O -a valid_range,lat,d,, input.nc.tmp2
+ ncatted -O -a scale_factor,lat,d,, input.nc.tmp2
+ ncatted -O -a add_offset,lat,d,, input.nc.tmp2
+ ncatted -O -a _FillValue,lat,d,, input.nc.tmp2
+ ncatted -O -a coordinates,SO2,d,, input.nc.tmp2
+ ncatted -O -a coordinates,PM2.5,d,, input.nc.tmp2
+ ncatted -O -a coordinates,OC,d,, input.nc.tmp2
+ ncatted -O -a coordinates,BC,d,, input.nc.tmp2
+ ncatted -O -a coordinates,CO,d,, input.nc.tmp2
+ ncatted -O -a coordinates,NOx,d,, input.nc.tmp2
+ ncatted -O -a coordinates,NH3,d,, input.nc.tmp2
+ ncatted -O -a valid_range,SO2,d,, input.nc.tmp2
+ ncatted -O -a valid_range,PM2.5,d,, input.nc.tmp2
+ ncatted -O -a valid_range,OC,d,, input.nc.tmp2
+ ncatted -O -a valid_range,BC,d,, input.nc.tmp2
+ ncatted -O -a valid_range,CO,d,, input.nc.tmp2
+ ncatted -O -a valid_range,NOx,d,, input.nc.tmp2
+ ncatted -O -a valid_range,NH3,d,, input.nc.tmp2
+ ncatted -O -a add_offset,SO2,d,, input.nc.tmp2
+ ncatted -O -a add_offset,PM2.5,d,, input.nc.tmp2
+ ncatted -O -a add_offset,OC,d,, input.nc.tmp2
+ ncatted -O -a add_offset,BC,d,, input.nc.tmp2
+ ncatted -O -a add_offset,CO,d,, input.nc.tmp2
+ ncatted -O -a add_offset,NOx,d,, input.nc.tmp2
+ ncatted -O -a add_offset,NH3,d,, input.nc.tmp2
+ ncatted -O -a add_offset,MeanFRP,d,, input.nc.tmp2
+ ncatted -O -a valid_range,MeanFRP,d,, input.nc.tmp2
+ ncatted -O -a coordinates,MeanFRP,d,, input.nc.tmp2
+ nccopy -k 'netCDF-4 classic model' input.nc.tmp2 input.nc.tmp3
+ nccopy -d1 input.nc.tmp3 input.nc.tmp4
+ ERR=0
+ ECNT=0
+ '[' 0 -eq 0 ']'
+ /bin/mv input.nc.tmp4 /scratch1/BMC/gsd-fv3-dev/MAPP_2018/bhuang/JEDI-2020/JEDI-FV3/expCodes/PACEData/GBBEPx/Prep_GBBEPx_2024070100_2024093000/FixGBBEPx/GBBEPx_all01GRID.emissions_v004_20240630.nc
+ ERR=0
+ ECNT=0
+ '[' 0 -eq 0 ']'
+ echo 'Fix GBBEPx successflully at 20240630'
Fix GBBEPx successflully at 20240630
++ /scratch2/NCEPDEV/nwprod/NCEPLIBS/utils/prod_util.v1.1.0/exec/ndate 24 2024063000
+ IDATE=2024070100
+ '[' 2024070100 -le 2024070200 ']'
+ ECNT=0
+ /bin/rm -rf input.nc.tmp input.nc.tmp2 input.nc.tmp3 input.nc
+ IY=2024
+ IM=07
+ ID=01
+ IYMD=20240701
+ SRCFILE='/scratch1/BMC/gsd-fv3-dev/MAPP_2018/bhuang/JEDI-2020/JEDI-FV3/expCodes/PACEData/GBBEPx/Prep_GBBEPx_2024070100_2024093000/2024070100/*.nc'
+ OUTFILE=/scratch1/BMC/gsd-fv3-dev/MAPP_2018/bhuang/JEDI-2020/JEDI-FV3/expCodes/PACEData/GBBEPx/Prep_GBBEPx_2024070100_2024093000/FixGBBEPx/GBBEPx_all01GRID.emissions_v004_20240701.nc
++ wc -l
++ ls /scratch1/BMC/gsd-fv3-dev/MAPP_2018/bhuang/JEDI-2020/JEDI-FV3/expCodes/PACEData/GBBEPx/Prep_GBBEPx_2024070100_2024093000/2024070100/GBBEPx-all01GRID_v5r0_blend_s202407010000000_e202407012359590_c202407020241260.nc
+ NNC=1
+ '[' 1 -eq 1 ']'
++ ls /scratch1/BMC/gsd-fv3-dev/MAPP_2018/bhuang/JEDI-2020/JEDI-FV3/expCodes/PACEData/GBBEPx/Prep_GBBEPx_2024070100_2024093000/2024070100/GBBEPx-all01GRID_v5r0_blend_s202407010000000_e202407012359590_c202407020241260.nc
+ for FILE in $(ls ${SRCFILE})
+ /bin/cp /scratch1/BMC/gsd-fv3-dev/MAPP_2018/bhuang/JEDI-2020/JEDI-FV3/expCodes/PACEData/GBBEPx/Prep_GBBEPx_2024070100_2024093000/2024070100/GBBEPx-all01GRID_v5r0_blend_s202407010000000_e202407012359590_c202407020241260.nc input.nc
+ ERR=0
+ ECNT=0
+ /home/Bo.Huang/JEDI-2020/UFS-Aerosols_RETcyc/UFS-Aerosols-EP4_JEDI-AeroDA-Reanl/misc/PrepPACE/GBBEPx/fix_GBBEPx_Li.sh input.nc 20240701
+ '[' -z '' ']'
+ case "$-" in
+ __lmod_vx=x
+ '[' -n x ']'
+ set +x
Shell debugging temporarily silenced: export LMOD_SH_DBG_ON=1 for this output (/apps/lmod/lmod/init/bash)
Shell debugging restarted
+ unset __lmod_vx
+ input_file=input.nc
+ yyyymmdd=20240701
+ nccopy -k classic input.nc input.nc.tmp
+ ncks --mk_rec_dmn Time input.nc.tmp -O -o input.nc.tmp
+ ncatted -O -a units,Longitude,m,c,degrees_east input.nc.tmp
+ ncrename -v Time,time -d Time,time input.nc.tmp -O -o input.nc.tmp
+ ncrename -v Latitude,lat -d Latitude,lat input.nc.tmp -O -o input.nc.tmp
+ ncrename -v Longitude,lon -d Longitude,lon input.nc.tmp -O -o input.nc.tmp
+ ncap2 -O -s 'time[time]=0' input.nc.tmp -o input.nc.tmp
+ ncks -C -O -x -v Max_emission,Max_emission_col,Max_emission_row input.nc.tmp input.nc.tmp
+ ncks -C -O -x -v QCAll,CloudPerc,FirePerc,NumSensor input.nc.tmp input.nc.tmp
+ ncks -C -O -x -v TotalEmis_region_Africa input.nc.tmp input.nc.tmp
+ ncks -C -O -x -v TotalEmis_region_Asia input.nc.tmp input.nc.tmp
+ ncks -C -O -x -v TotalEmis_region_Australia input.nc.tmp input.nc.tmp
+ ncks -C -O -x -v TotalEmis_region_Europe input.nc.tmp input.nc.tmp
+ ncks -C -O -x -v TotalEmis_region_NorthAmerica input.nc.tmp input.nc.tmp
+ ncks -C -O -x -v TotalEmis_region_SouthAmerica input.nc.tmp input.nc.tmp
+ ncks -C -O -x -v quality_information input.nc.tmp input.nc.tmp
+ ncks -O -d lat,-89.5,89.5 input.nc.tmp input.nc.tmp2
++ date -d 20240701 +%Y-%m-%d
+ d=2024-07-01
+ dd='hours since 2024-07-01 12:00:00'
+ ncatted -O -a 'units,time,c,c,hours since 2024-07-01 12:00:00' input.nc.tmp2
+ ncatted -O -a long_name,time,c,c,Time input.nc.tmp2
+ ncatted -O -a calendar,time,c,c,gregorian input.nc.tmp2
+ ncatted -O -a axis,time,c,c,T input.nc.tmp2
+ ncatted -O -a long_name,lat,m,c,latitude input.nc.tmp2
+ ncatted -O -a long_name,lon,m,c,longitude input.nc.tmp2
+ ncatted -O -a axis,lon,d,, input.nc.tmp2
+ ncatted -O -a bounds,lon,d,, input.nc.tmp2
+ ncatted -O -a valid_range,lon,d,, input.nc.tmp2
+ ncatted -O -a scale_factor,lon,d,, input.nc.tmp2
+ ncatted -O -a add_offset,lon,d,, input.nc.tmp2
+ ncatted -O -a _FillValue,lon,d,, input.nc.tmp2
+ ncatted -O -a axis,lat,d,, input.nc.tmp2
+ ncatted -O -a bounds,lat,d,, input.nc.tmp2
+ ncatted -O -a valid_range,lat,d,, input.nc.tmp2
+ ncatted -O -a scale_factor,lat,d,, input.nc.tmp2
+ ncatted -O -a add_offset,lat,d,, input.nc.tmp2
+ ncatted -O -a _FillValue,lat,d,, input.nc.tmp2
+ ncatted -O -a coordinates,SO2,d,, input.nc.tmp2
+ ncatted -O -a coordinates,PM2.5,d,, input.nc.tmp2
+ ncatted -O -a coordinates,OC,d,, input.nc.tmp2
+ ncatted -O -a coordinates,BC,d,, input.nc.tmp2
+ ncatted -O -a coordinates,CO,d,, input.nc.tmp2
+ ncatted -O -a coordinates,NOx,d,, input.nc.tmp2
+ ncatted -O -a coordinates,NH3,d,, input.nc.tmp2
+ ncatted -O -a valid_range,SO2,d,, input.nc.tmp2
+ ncatted -O -a valid_range,PM2.5,d,, input.nc.tmp2
+ ncatted -O -a valid_range,OC,d,, input.nc.tmp2
+ ncatted -O -a valid_range,BC,d,, input.nc.tmp2
+ ncatted -O -a valid_range,CO,d,, input.nc.tmp2
+ ncatted -O -a valid_range,NOx,d,, input.nc.tmp2
+ ncatted -O -a valid_range,NH3,d,, input.nc.tmp2
+ ncatted -O -a add_offset,SO2,d,, input.nc.tmp2
+ ncatted -O -a add_offset,PM2.5,d,, input.nc.tmp2
+ ncatted -O -a add_offset,OC,d,, input.nc.tmp2
+ ncatted -O -a add_offset,BC,d,, input.nc.tmp2
+ ncatted -O -a add_offset,CO,d,, input.nc.tmp2
+ ncatted -O -a add_offset,NOx,d,, input.nc.tmp2
+ ncatted -O -a add_offset,NH3,d,, input.nc.tmp2
+ ncatted -O -a add_offset,MeanFRP,d,, input.nc.tmp2
+ ncatted -O -a valid_range,MeanFRP,d,, input.nc.tmp2
+ ncatted -O -a coordinates,MeanFRP,d,, input.nc.tmp2
+ nccopy -k 'netCDF-4 classic model' input.nc.tmp2 input.nc.tmp3
+ nccopy -d1 input.nc.tmp3 input.nc.tmp4
+ ERR=0
+ ECNT=0
+ '[' 0 -eq 0 ']'
+ /bin/mv input.nc.tmp4 /scratch1/BMC/gsd-fv3-dev/MAPP_2018/bhuang/JEDI-2020/JEDI-FV3/expCodes/PACEData/GBBEPx/Prep_GBBEPx_2024070100_2024093000/FixGBBEPx/GBBEPx_all01GRID.emissions_v004_20240701.nc
+ ERR=0
+ ECNT=0
+ '[' 0 -eq 0 ']'
+ echo 'Fix GBBEPx successflully at 20240701'
Fix GBBEPx successflully at 20240701
++ /scratch2/NCEPDEV/nwprod/NCEPLIBS/utils/prod_util.v1.1.0/exec/ndate 24 2024070100
+ IDATE=2024070200
+ '[' 2024070200 -le 2024070200 ']'
+ ECNT=0
+ /bin/rm -rf input.nc.tmp input.nc.tmp2 input.nc.tmp3 input.nc
+ IY=2024
+ IM=07
+ ID=02
+ IYMD=20240702
+ SRCFILE='/scratch1/BMC/gsd-fv3-dev/MAPP_2018/bhuang/JEDI-2020/JEDI-FV3/expCodes/PACEData/GBBEPx/Prep_GBBEPx_2024070100_2024093000/2024070200/*.nc'
+ OUTFILE=/scratch1/BMC/gsd-fv3-dev/MAPP_2018/bhuang/JEDI-2020/JEDI-FV3/expCodes/PACEData/GBBEPx/Prep_GBBEPx_2024070100_2024093000/FixGBBEPx/GBBEPx_all01GRID.emissions_v004_20240702.nc
++ wc -l
++ ls /scratch1/BMC/gsd-fv3-dev/MAPP_2018/bhuang/JEDI-2020/JEDI-FV3/expCodes/PACEData/GBBEPx/Prep_GBBEPx_2024070100_2024093000/2024070200/GBBEPx-all01GRID_v5r0_blend_s202407020000000_e202407022359590_c202407030112580.nc
+ NNC=1
+ '[' 1 -eq 1 ']'
++ ls /scratch1/BMC/gsd-fv3-dev/MAPP_2018/bhuang/JEDI-2020/JEDI-FV3/expCodes/PACEData/GBBEPx/Prep_GBBEPx_2024070100_2024093000/2024070200/GBBEPx-all01GRID_v5r0_blend_s202407020000000_e202407022359590_c202407030112580.nc
+ for FILE in $(ls ${SRCFILE})
+ /bin/cp /scratch1/BMC/gsd-fv3-dev/MAPP_2018/bhuang/JEDI-2020/JEDI-FV3/expCodes/PACEData/GBBEPx/Prep_GBBEPx_2024070100_2024093000/2024070200/GBBEPx-all01GRID_v5r0_blend_s202407020000000_e202407022359590_c202407030112580.nc input.nc
+ ERR=0
+ ECNT=0
+ /home/Bo.Huang/JEDI-2020/UFS-Aerosols_RETcyc/UFS-Aerosols-EP4_JEDI-AeroDA-Reanl/misc/PrepPACE/GBBEPx/fix_GBBEPx_Li.sh input.nc 20240702
+ '[' -z '' ']'
+ case "$-" in
+ __lmod_vx=x
+ '[' -n x ']'
+ set +x
Shell debugging temporarily silenced: export LMOD_SH_DBG_ON=1 for this output (/apps/lmod/lmod/init/bash)
Shell debugging restarted
+ unset __lmod_vx
+ input_file=input.nc
+ yyyymmdd=20240702
+ nccopy -k classic input.nc input.nc.tmp
+ ncks --mk_rec_dmn Time input.nc.tmp -O -o input.nc.tmp
+ ncatted -O -a units,Longitude,m,c,degrees_east input.nc.tmp
+ ncrename -v Time,time -d Time,time input.nc.tmp -O -o input.nc.tmp
+ ncrename -v Latitude,lat -d Latitude,lat input.nc.tmp -O -o input.nc.tmp
+ ncrename -v Longitude,lon -d Longitude,lon input.nc.tmp -O -o input.nc.tmp
+ ncap2 -O -s 'time[time]=0' input.nc.tmp -o input.nc.tmp
+ ncks -C -O -x -v Max_emission,Max_emission_col,Max_emission_row input.nc.tmp input.nc.tmp
+ ncks -C -O -x -v QCAll,CloudPerc,FirePerc,NumSensor input.nc.tmp input.nc.tmp
+ ncks -C -O -x -v TotalEmis_region_Africa input.nc.tmp input.nc.tmp
+ ncks -C -O -x -v TotalEmis_region_Asia input.nc.tmp input.nc.tmp
+ ncks -C -O -x -v TotalEmis_region_Australia input.nc.tmp input.nc.tmp
+ ncks -C -O -x -v TotalEmis_region_Europe input.nc.tmp input.nc.tmp
+ ncks -C -O -x -v TotalEmis_region_NorthAmerica input.nc.tmp input.nc.tmp
+ ncks -C -O -x -v TotalEmis_region_SouthAmerica input.nc.tmp input.nc.tmp
+ ncks -C -O -x -v quality_information input.nc.tmp input.nc.tmp
+ ncks -O -d lat,-89.5,89.5 input.nc.tmp input.nc.tmp2
++ date -d 20240702 +%Y-%m-%d
+ d=2024-07-02
+ dd='hours since 2024-07-02 12:00:00'
+ ncatted -O -a 'units,time,c,c,hours since 2024-07-02 12:00:00' input.nc.tmp2
+ ncatted -O -a long_name,time,c,c,Time input.nc.tmp2
+ ncatted -O -a calendar,time,c,c,gregorian input.nc.tmp2
+ ncatted -O -a axis,time,c,c,T input.nc.tmp2
+ ncatted -O -a long_name,lat,m,c,latitude input.nc.tmp2
+ ncatted -O -a long_name,lon,m,c,longitude input.nc.tmp2
+ ncatted -O -a axis,lon,d,, input.nc.tmp2
+ ncatted -O -a bounds,lon,d,, input.nc.tmp2
+ ncatted -O -a valid_range,lon,d,, input.nc.tmp2
+ ncatted -O -a scale_factor,lon,d,, input.nc.tmp2
+ ncatted -O -a add_offset,lon,d,, input.nc.tmp2
+ ncatted -O -a _FillValue,lon,d,, input.nc.tmp2
+ ncatted -O -a axis,lat,d,, input.nc.tmp2
+ ncatted -O -a bounds,lat,d,, input.nc.tmp2
+ ncatted -O -a valid_range,lat,d,, input.nc.tmp2
+ ncatted -O -a scale_factor,lat,d,, input.nc.tmp2
+ ncatted -O -a add_offset,lat,d,, input.nc.tmp2
+ ncatted -O -a _FillValue,lat,d,, input.nc.tmp2
+ ncatted -O -a coordinates,SO2,d,, input.nc.tmp2
+ ncatted -O -a coordinates,PM2.5,d,, input.nc.tmp2
+ ncatted -O -a coordinates,OC,d,, input.nc.tmp2
+ ncatted -O -a coordinates,BC,d,, input.nc.tmp2
+ ncatted -O -a coordinates,CO,d,, input.nc.tmp2
+ ncatted -O -a coordinates,NOx,d,, input.nc.tmp2
+ ncatted -O -a coordinates,NH3,d,, input.nc.tmp2
+ ncatted -O -a valid_range,SO2,d,, input.nc.tmp2
+ ncatted -O -a valid_range,PM2.5,d,, input.nc.tmp2
+ ncatted -O -a valid_range,OC,d,, input.nc.tmp2
+ ncatted -O -a valid_range,BC,d,, input.nc.tmp2
+ ncatted -O -a valid_range,CO,d,, input.nc.tmp2
+ ncatted -O -a valid_range,NOx,d,, input.nc.tmp2
+ ncatted -O -a valid_range,NH3,d,, input.nc.tmp2
+ ncatted -O -a add_offset,SO2,d,, input.nc.tmp2
+ ncatted -O -a add_offset,PM2.5,d,, input.nc.tmp2
+ ncatted -O -a add_offset,OC,d,, input.nc.tmp2
+ ncatted -O -a add_offset,BC,d,, input.nc.tmp2
+ ncatted -O -a add_offset,CO,d,, input.nc.tmp2
+ ncatted -O -a add_offset,NOx,d,, input.nc.tmp2
+ ncatted -O -a add_offset,NH3,d,, input.nc.tmp2
+ ncatted -O -a add_offset,MeanFRP,d,, input.nc.tmp2
+ ncatted -O -a valid_range,MeanFRP,d,, input.nc.tmp2
+ ncatted -O -a coordinates,MeanFRP,d,, input.nc.tmp2
+ nccopy -k 'netCDF-4 classic model' input.nc.tmp2 input.nc.tmp3
+ nccopy -d1 input.nc.tmp3 input.nc.tmp4
+ ERR=0
+ ECNT=0
+ '[' 0 -eq 0 ']'
+ /bin/mv input.nc.tmp4 /scratch1/BMC/gsd-fv3-dev/MAPP_2018/bhuang/JEDI-2020/JEDI-FV3/expCodes/PACEData/GBBEPx/Prep_GBBEPx_2024070100_2024093000/FixGBBEPx/GBBEPx_all01GRID.emissions_v004_20240702.nc
+ ERR=0
+ ECNT=0
+ '[' 0 -eq 0 ']'
+ echo 'Fix GBBEPx successflully at 20240702'
Fix GBBEPx successflully at 20240702
++ /scratch2/NCEPDEV/nwprod/NCEPLIBS/utils/prod_util.v1.1.0/exec/ndate 24 2024070200
+ IDATE=2024070300
+ '[' 2024070300 -le 2024070200 ']'
+ exit 0
_______________________________________________________________
Start Epilog on node hfe06 for job 3268954 :: Mon Dec  2 02:05:12 UTC 2024
Job 3268954 finished for user Bo.Huang in partition service with exit code 0:0
_______________________________________________________________
End Epilogue Mon Dec  2 02:05:12 UTC 2024
+ TOPDIR=/scratch1/BMC/gsd-fv3-dev/MAPP_2018/bhuang/JEDI-2020/JEDI-FV3/expCodes/PACEData/GBBEPx
+ SDATE=2024070100
+ EDATE=2024072600
+ EXP=Prep_GBBEPx_2024070100_2024093000
+ EXPDIR=/scratch1/BMC/gsd-fv3-dev/MAPP_2018/bhuang/JEDI-2020/JEDI-FV3/expCodes/PACEData/GBBEPx/Prep_GBBEPx_2024070100_2024093000
+ TMPDIR=/scratch1/BMC/gsd-fv3-dev/MAPP_2018/bhuang/JEDI-2020/JEDI-FV3/expCodes/PACEData/GBBEPx/Prep_GBBEPx_2024070100_2024093000/tmp
+ OUTDIR=/scratch1/BMC/gsd-fv3-dev/MAPP_2018/bhuang/JEDI-2020/JEDI-FV3/expCodes/PACEData/GBBEPx/Prep_GBBEPx_2024070100_2024093000/FixGBBEPx
+ CYCINC=24
+ mkdir -p /scratch1/BMC/gsd-fv3-dev/MAPP_2018/bhuang/JEDI-2020/JEDI-FV3/expCodes/PACEData/GBBEPx/Prep_GBBEPx_2024070100_2024093000/tmp
+ mkdir -p /scratch1/BMC/gsd-fv3-dev/MAPP_2018/bhuang/JEDI-2020/JEDI-FV3/expCodes/PACEData/GBBEPx/Prep_GBBEPx_2024070100_2024093000/FixGBBEPx
+ NDATE=/scratch2/NCEPDEV/nwprod/NCEPLIBS/utils/prod_util.v1.1.0/exec/ndate
+ FIXEXE=/home/Bo.Huang/JEDI-2020/UFS-Aerosols_RETcyc/UFS-Aerosols-EP4_JEDI-AeroDA-Reanl/misc/PrepPACE/GBBEPx/fix_GBBEPx_Li.sh
++ /scratch2/NCEPDEV/nwprod/NCEPLIBS/utils/prod_util.v1.1.0/exec/ndate -24 2024070100
+ SDATE=2024063000
+ IDATE=2024063000
+ cd /scratch1/BMC/gsd-fv3-dev/MAPP_2018/bhuang/JEDI-2020/JEDI-FV3/expCodes/PACEData/GBBEPx/Prep_GBBEPx_2024070100_2024093000/tmp
+ '[' 2024063000 -le 2024072600 ']'
+ ECNT=0
+ /bin/rm -rf input.nc.tmp input.nc.tmp2 input.nc.tmp3 input.nc
+ IY=2024
+ IM=06
+ ID=30
+ IYMD=20240630
+ SRCFILE='/scratch1/BMC/gsd-fv3-dev/MAPP_2018/bhuang/JEDI-2020/JEDI-FV3/expCodes/PACEData/GBBEPx/Prep_GBBEPx_2024070100_2024093000/2024063000/*.nc'
+ OUTFILE=/scratch1/BMC/gsd-fv3-dev/MAPP_2018/bhuang/JEDI-2020/JEDI-FV3/expCodes/PACEData/GBBEPx/Prep_GBBEPx_2024070100_2024093000/FixGBBEPx/GBBEPx_all01GRID.emissions_v004_20240630.nc
++ wc -l
++ ls /scratch1/BMC/gsd-fv3-dev/MAPP_2018/bhuang/JEDI-2020/JEDI-FV3/expCodes/PACEData/GBBEPx/Prep_GBBEPx_2024070100_2024093000/2024063000/GBBEPx-all01GRID_v5r0_blend_s202406300000000_e202406302359590_c202407010107310.nc
+ NNC=1
+ '[' 1 -eq 1 ']'
++ ls /scratch1/BMC/gsd-fv3-dev/MAPP_2018/bhuang/JEDI-2020/JEDI-FV3/expCodes/PACEData/GBBEPx/Prep_GBBEPx_2024070100_2024093000/2024063000/GBBEPx-all01GRID_v5r0_blend_s202406300000000_e202406302359590_c202407010107310.nc
+ for FILE in $(ls ${SRCFILE})
+ /bin/cp /scratch1/BMC/gsd-fv3-dev/MAPP_2018/bhuang/JEDI-2020/JEDI-FV3/expCodes/PACEData/GBBEPx/Prep_GBBEPx_2024070100_2024093000/2024063000/GBBEPx-all01GRID_v5r0_blend_s202406300000000_e202406302359590_c202407010107310.nc input.nc
+ ERR=0
+ ECNT=0
+ /home/Bo.Huang/JEDI-2020/UFS-Aerosols_RETcyc/UFS-Aerosols-EP4_JEDI-AeroDA-Reanl/misc/PrepPACE/GBBEPx/fix_GBBEPx_Li.sh input.nc 20240630
+ '[' -z '' ']'
+ case "$-" in
+ __lmod_vx=x
+ '[' -n x ']'
+ set +x
Shell debugging temporarily silenced: export LMOD_SH_DBG_ON=1 for this output (/apps/lmod/lmod/init/bash)
Shell debugging restarted
+ unset __lmod_vx
+ input_file=input.nc
+ yyyymmdd=20240630
+ nccopy -k classic input.nc input.nc.tmp
+ ncks --mk_rec_dmn Time input.nc.tmp -O -o input.nc.tmp
+ ncatted -O -a units,Longitude,m,c,degrees_east input.nc.tmp
+ ncrename -v Time,time -d Time,time input.nc.tmp -O -o input.nc.tmp
+ ncrename -v Latitude,lat -d Latitude,lat input.nc.tmp -O -o input.nc.tmp
+ ncrename -v Longitude,lon -d Longitude,lon input.nc.tmp -O -o input.nc.tmp
+ ncap2 -O -s 'time[time]=0' input.nc.tmp -o input.nc.tmp
+ ncks -C -O -x -v Max_emission,Max_emission_col,Max_emission_row input.nc.tmp input.nc.tmp
+ ncks -C -O -x -v QCAll,CloudPerc,FirePerc,NumSensor input.nc.tmp input.nc.tmp
+ ncks -C -O -x -v TotalEmis_region_Africa input.nc.tmp input.nc.tmp
+ ncks -C -O -x -v TotalEmis_region_Asia input.nc.tmp input.nc.tmp
+ ncks -C -O -x -v TotalEmis_region_Australia input.nc.tmp input.nc.tmp
+ ncks -C -O -x -v TotalEmis_region_Europe input.nc.tmp input.nc.tmp
+ ncks -C -O -x -v TotalEmis_region_NorthAmerica input.nc.tmp input.nc.tmp
+ ncks -C -O -x -v TotalEmis_region_SouthAmerica input.nc.tmp input.nc.tmp
+ ncks -C -O -x -v quality_information input.nc.tmp input.nc.tmp
+ ncks -O -d lat,-89.5,89.5 input.nc.tmp input.nc.tmp2
++ date -d 20240630 +%Y-%m-%d
+ d=2024-06-30
+ dd='hours since 2024-06-30 12:00:00'
+ ncatted -O -a 'units,time,c,c,hours since 2024-06-30 12:00:00' input.nc.tmp2
+ ncatted -O -a long_name,time,c,c,Time input.nc.tmp2
+ ncatted -O -a calendar,time,c,c,gregorian input.nc.tmp2
+ ncatted -O -a axis,time,c,c,T input.nc.tmp2
+ ncatted -O -a long_name,lat,m,c,latitude input.nc.tmp2
+ ncatted -O -a long_name,lon,m,c,longitude input.nc.tmp2
+ ncatted -O -a axis,lon,d,, input.nc.tmp2
+ ncatted -O -a bounds,lon,d,, input.nc.tmp2
+ ncatted -O -a valid_range,lon,d,, input.nc.tmp2
+ ncatted -O -a scale_factor,lon,d,, input.nc.tmp2
+ ncatted -O -a add_offset,lon,d,, input.nc.tmp2
+ ncatted -O -a _FillValue,lon,d,, input.nc.tmp2
+ ncatted -O -a axis,lat,d,, input.nc.tmp2
+ ncatted -O -a bounds,lat,d,, input.nc.tmp2
+ ncatted -O -a valid_range,lat,d,, input.nc.tmp2
+ ncatted -O -a scale_factor,lat,d,, input.nc.tmp2
+ ncatted -O -a add_offset,lat,d,, input.nc.tmp2
+ ncatted -O -a _FillValue,lat,d,, input.nc.tmp2
+ ncatted -O -a coordinates,SO2,d,, input.nc.tmp2
+ ncatted -O -a coordinates,PM2.5,d,, input.nc.tmp2
+ ncatted -O -a coordinates,OC,d,, input.nc.tmp2
+ ncatted -O -a coordinates,BC,d,, input.nc.tmp2
+ ncatted -O -a coordinates,CO,d,, input.nc.tmp2
+ ncatted -O -a coordinates,NOx,d,, input.nc.tmp2
+ ncatted -O -a coordinates,NH3,d,, input.nc.tmp2
+ ncatted -O -a valid_range,SO2,d,, input.nc.tmp2
+ ncatted -O -a valid_range,PM2.5,d,, input.nc.tmp2
+ ncatted -O -a valid_range,OC,d,, input.nc.tmp2
+ ncatted -O -a valid_range,BC,d,, input.nc.tmp2
+ ncatted -O -a valid_range,CO,d,, input.nc.tmp2
+ ncatted -O -a valid_range,NOx,d,, input.nc.tmp2
+ ncatted -O -a valid_range,NH3,d,, input.nc.tmp2
+ ncatted -O -a add_offset,SO2,d,, input.nc.tmp2
+ ncatted -O -a add_offset,PM2.5,d,, input.nc.tmp2
+ ncatted -O -a add_offset,OC,d,, input.nc.tmp2
+ ncatted -O -a add_offset,BC,d,, input.nc.tmp2
+ ncatted -O -a add_offset,CO,d,, input.nc.tmp2
+ ncatted -O -a add_offset,NOx,d,, input.nc.tmp2
+ ncatted -O -a add_offset,NH3,d,, input.nc.tmp2
+ ncatted -O -a add_offset,MeanFRP,d,, input.nc.tmp2
+ ncatted -O -a valid_range,MeanFRP,d,, input.nc.tmp2
+ ncatted -O -a coordinates,MeanFRP,d,, input.nc.tmp2
+ nccopy -k 'netCDF-4 classic model' input.nc.tmp2 input.nc.tmp3
+ nccopy -d1 input.nc.tmp3 input.nc.tmp4
+ ERR=0
+ ECNT=0
+ '[' 0 -eq 0 ']'
+ /bin/mv input.nc.tmp4 /scratch1/BMC/gsd-fv3-dev/MAPP_2018/bhuang/JEDI-2020/JEDI-FV3/expCodes/PACEData/GBBEPx/Prep_GBBEPx_2024070100_2024093000/FixGBBEPx/GBBEPx_all01GRID.emissions_v004_20240630.nc
+ ERR=0
+ ECNT=0
+ '[' 0 -eq 0 ']'
+ echo 'Fix GBBEPx successflully at 20240630'
Fix GBBEPx successflully at 20240630
++ /scratch2/NCEPDEV/nwprod/NCEPLIBS/utils/prod_util.v1.1.0/exec/ndate 24 2024063000
+ IDATE=2024070100
+ '[' 2024070100 -le 2024072600 ']'
+ ECNT=0
+ /bin/rm -rf input.nc.tmp input.nc.tmp2 input.nc.tmp3 input.nc
+ IY=2024
+ IM=07
+ ID=01
+ IYMD=20240701
+ SRCFILE='/scratch1/BMC/gsd-fv3-dev/MAPP_2018/bhuang/JEDI-2020/JEDI-FV3/expCodes/PACEData/GBBEPx/Prep_GBBEPx_2024070100_2024093000/2024070100/*.nc'
+ OUTFILE=/scratch1/BMC/gsd-fv3-dev/MAPP_2018/bhuang/JEDI-2020/JEDI-FV3/expCodes/PACEData/GBBEPx/Prep_GBBEPx_2024070100_2024093000/FixGBBEPx/GBBEPx_all01GRID.emissions_v004_20240701.nc
++ wc -l
++ ls /scratch1/BMC/gsd-fv3-dev/MAPP_2018/bhuang/JEDI-2020/JEDI-FV3/expCodes/PACEData/GBBEPx/Prep_GBBEPx_2024070100_2024093000/2024070100/GBBEPx-all01GRID_v5r0_blend_s202407010000000_e202407012359590_c202407020241260.nc
+ NNC=1
+ '[' 1 -eq 1 ']'
++ ls /scratch1/BMC/gsd-fv3-dev/MAPP_2018/bhuang/JEDI-2020/JEDI-FV3/expCodes/PACEData/GBBEPx/Prep_GBBEPx_2024070100_2024093000/2024070100/GBBEPx-all01GRID_v5r0_blend_s202407010000000_e202407012359590_c202407020241260.nc
+ for FILE in $(ls ${SRCFILE})
+ /bin/cp /scratch1/BMC/gsd-fv3-dev/MAPP_2018/bhuang/JEDI-2020/JEDI-FV3/expCodes/PACEData/GBBEPx/Prep_GBBEPx_2024070100_2024093000/2024070100/GBBEPx-all01GRID_v5r0_blend_s202407010000000_e202407012359590_c202407020241260.nc input.nc
+ ERR=0
+ ECNT=0
+ /home/Bo.Huang/JEDI-2020/UFS-Aerosols_RETcyc/UFS-Aerosols-EP4_JEDI-AeroDA-Reanl/misc/PrepPACE/GBBEPx/fix_GBBEPx_Li.sh input.nc 20240701
+ '[' -z '' ']'
+ case "$-" in
+ __lmod_vx=x
+ '[' -n x ']'
+ set +x
Shell debugging temporarily silenced: export LMOD_SH_DBG_ON=1 for this output (/apps/lmod/lmod/init/bash)
Shell debugging restarted
+ unset __lmod_vx
+ input_file=input.nc
+ yyyymmdd=20240701
+ nccopy -k classic input.nc input.nc.tmp
+ ncks --mk_rec_dmn Time input.nc.tmp -O -o input.nc.tmp
+ ncatted -O -a units,Longitude,m,c,degrees_east input.nc.tmp
+ ncrename -v Time,time -d Time,time input.nc.tmp -O -o input.nc.tmp
+ ncrename -v Latitude,lat -d Latitude,lat input.nc.tmp -O -o input.nc.tmp
+ ncrename -v Longitude,lon -d Longitude,lon input.nc.tmp -O -o input.nc.tmp
+ ncap2 -O -s 'time[time]=0' input.nc.tmp -o input.nc.tmp
+ ncks -C -O -x -v Max_emission,Max_emission_col,Max_emission_row input.nc.tmp input.nc.tmp
+ ncks -C -O -x -v QCAll,CloudPerc,FirePerc,NumSensor input.nc.tmp input.nc.tmp
+ ncks -C -O -x -v TotalEmis_region_Africa input.nc.tmp input.nc.tmp
+ ncks -C -O -x -v TotalEmis_region_Asia input.nc.tmp input.nc.tmp
+ ncks -C -O -x -v TotalEmis_region_Australia input.nc.tmp input.nc.tmp
+ ncks -C -O -x -v TotalEmis_region_Europe input.nc.tmp input.nc.tmp
+ ncks -C -O -x -v TotalEmis_region_NorthAmerica input.nc.tmp input.nc.tmp
+ ncks -C -O -x -v TotalEmis_region_SouthAmerica input.nc.tmp input.nc.tmp
+ ncks -C -O -x -v quality_information input.nc.tmp input.nc.tmp
+ ncks -O -d lat,-89.5,89.5 input.nc.tmp input.nc.tmp2
++ date -d 20240701 +%Y-%m-%d
+ d=2024-07-01
+ dd='hours since 2024-07-01 12:00:00'
+ ncatted -O -a 'units,time,c,c,hours since 2024-07-01 12:00:00' input.nc.tmp2
+ ncatted -O -a long_name,time,c,c,Time input.nc.tmp2
+ ncatted -O -a calendar,time,c,c,gregorian input.nc.tmp2
+ ncatted -O -a axis,time,c,c,T input.nc.tmp2
+ ncatted -O -a long_name,lat,m,c,latitude input.nc.tmp2
+ ncatted -O -a long_name,lon,m,c,longitude input.nc.tmp2
+ ncatted -O -a axis,lon,d,, input.nc.tmp2
+ ncatted -O -a bounds,lon,d,, input.nc.tmp2
+ ncatted -O -a valid_range,lon,d,, input.nc.tmp2
+ ncatted -O -a scale_factor,lon,d,, input.nc.tmp2
+ ncatted -O -a add_offset,lon,d,, input.nc.tmp2
+ ncatted -O -a _FillValue,lon,d,, input.nc.tmp2
+ ncatted -O -a axis,lat,d,, input.nc.tmp2
+ ncatted -O -a bounds,lat,d,, input.nc.tmp2
+ ncatted -O -a valid_range,lat,d,, input.nc.tmp2
+ ncatted -O -a scale_factor,lat,d,, input.nc.tmp2
+ ncatted -O -a add_offset,lat,d,, input.nc.tmp2
+ ncatted -O -a _FillValue,lat,d,, input.nc.tmp2
+ ncatted -O -a coordinates,SO2,d,, input.nc.tmp2
+ ncatted -O -a coordinates,PM2.5,d,, input.nc.tmp2
+ ncatted -O -a coordinates,OC,d,, input.nc.tmp2
+ ncatted -O -a coordinates,BC,d,, input.nc.tmp2
+ ncatted -O -a coordinates,CO,d,, input.nc.tmp2
+ ncatted -O -a coordinates,NOx,d,, input.nc.tmp2
+ ncatted -O -a coordinates,NH3,d,, input.nc.tmp2
+ ncatted -O -a valid_range,SO2,d,, input.nc.tmp2
+ ncatted -O -a valid_range,PM2.5,d,, input.nc.tmp2
+ ncatted -O -a valid_range,OC,d,, input.nc.tmp2
+ ncatted -O -a valid_range,BC,d,, input.nc.tmp2
+ ncatted -O -a valid_range,CO,d,, input.nc.tmp2
+ ncatted -O -a valid_range,NOx,d,, input.nc.tmp2
+ ncatted -O -a valid_range,NH3,d,, input.nc.tmp2
+ ncatted -O -a add_offset,SO2,d,, input.nc.tmp2
+ ncatted -O -a add_offset,PM2.5,d,, input.nc.tmp2
+ ncatted -O -a add_offset,OC,d,, input.nc.tmp2
+ ncatted -O -a add_offset,BC,d,, input.nc.tmp2
+ ncatted -O -a add_offset,CO,d,, input.nc.tmp2
+ ncatted -O -a add_offset,NOx,d,, input.nc.tmp2
+ ncatted -O -a add_offset,NH3,d,, input.nc.tmp2
+ ncatted -O -a add_offset,MeanFRP,d,, input.nc.tmp2
+ ncatted -O -a valid_range,MeanFRP,d,, input.nc.tmp2
+ ncatted -O -a coordinates,MeanFRP,d,, input.nc.tmp2
+ nccopy -k 'netCDF-4 classic model' input.nc.tmp2 input.nc.tmp3
+ nccopy -d1 input.nc.tmp3 input.nc.tmp4
+ ERR=0
+ ECNT=0
+ '[' 0 -eq 0 ']'
+ /bin/mv input.nc.tmp4 /scratch1/BMC/gsd-fv3-dev/MAPP_2018/bhuang/JEDI-2020/JEDI-FV3/expCodes/PACEData/GBBEPx/Prep_GBBEPx_2024070100_2024093000/FixGBBEPx/GBBEPx_all01GRID.emissions_v004_20240701.nc
+ ERR=0
+ ECNT=0
+ '[' 0 -eq 0 ']'
+ echo 'Fix GBBEPx successflully at 20240701'
Fix GBBEPx successflully at 20240701
++ /scratch2/NCEPDEV/nwprod/NCEPLIBS/utils/prod_util.v1.1.0/exec/ndate 24 2024070100
+ IDATE=2024070200
+ '[' 2024070200 -le 2024072600 ']'
+ ECNT=0
+ /bin/rm -rf input.nc.tmp input.nc.tmp2 input.nc.tmp3 input.nc
+ IY=2024
+ IM=07
+ ID=02
+ IYMD=20240702
+ SRCFILE='/scratch1/BMC/gsd-fv3-dev/MAPP_2018/bhuang/JEDI-2020/JEDI-FV3/expCodes/PACEData/GBBEPx/Prep_GBBEPx_2024070100_2024093000/2024070200/*.nc'
+ OUTFILE=/scratch1/BMC/gsd-fv3-dev/MAPP_2018/bhuang/JEDI-2020/JEDI-FV3/expCodes/PACEData/GBBEPx/Prep_GBBEPx_2024070100_2024093000/FixGBBEPx/GBBEPx_all01GRID.emissions_v004_20240702.nc
++ wc -l
++ ls /scratch1/BMC/gsd-fv3-dev/MAPP_2018/bhuang/JEDI-2020/JEDI-FV3/expCodes/PACEData/GBBEPx/Prep_GBBEPx_2024070100_2024093000/2024070200/GBBEPx-all01GRID_v5r0_blend_s202407020000000_e202407022359590_c202407030112580.nc
+ NNC=1
+ '[' 1 -eq 1 ']'
++ ls /scratch1/BMC/gsd-fv3-dev/MAPP_2018/bhuang/JEDI-2020/JEDI-FV3/expCodes/PACEData/GBBEPx/Prep_GBBEPx_2024070100_2024093000/2024070200/GBBEPx-all01GRID_v5r0_blend_s202407020000000_e202407022359590_c202407030112580.nc
+ for FILE in $(ls ${SRCFILE})
+ /bin/cp /scratch1/BMC/gsd-fv3-dev/MAPP_2018/bhuang/JEDI-2020/JEDI-FV3/expCodes/PACEData/GBBEPx/Prep_GBBEPx_2024070100_2024093000/2024070200/GBBEPx-all01GRID_v5r0_blend_s202407020000000_e202407022359590_c202407030112580.nc input.nc
+ ERR=0
+ ECNT=0
+ /home/Bo.Huang/JEDI-2020/UFS-Aerosols_RETcyc/UFS-Aerosols-EP4_JEDI-AeroDA-Reanl/misc/PrepPACE/GBBEPx/fix_GBBEPx_Li.sh input.nc 20240702
+ '[' -z '' ']'
+ case "$-" in
+ __lmod_vx=x
+ '[' -n x ']'
+ set +x
Shell debugging temporarily silenced: export LMOD_SH_DBG_ON=1 for this output (/apps/lmod/lmod/init/bash)
Shell debugging restarted
+ unset __lmod_vx
+ input_file=input.nc
+ yyyymmdd=20240702
+ nccopy -k classic input.nc input.nc.tmp
+ ncks --mk_rec_dmn Time input.nc.tmp -O -o input.nc.tmp
+ ncatted -O -a units,Longitude,m,c,degrees_east input.nc.tmp
+ ncrename -v Time,time -d Time,time input.nc.tmp -O -o input.nc.tmp
+ ncrename -v Latitude,lat -d Latitude,lat input.nc.tmp -O -o input.nc.tmp
+ ncrename -v Longitude,lon -d Longitude,lon input.nc.tmp -O -o input.nc.tmp
+ ncap2 -O -s 'time[time]=0' input.nc.tmp -o input.nc.tmp
+ ncks -C -O -x -v Max_emission,Max_emission_col,Max_emission_row input.nc.tmp input.nc.tmp
+ ncks -C -O -x -v QCAll,CloudPerc,FirePerc,NumSensor input.nc.tmp input.nc.tmp
+ ncks -C -O -x -v TotalEmis_region_Africa input.nc.tmp input.nc.tmp
+ ncks -C -O -x -v TotalEmis_region_Asia input.nc.tmp input.nc.tmp
+ ncks -C -O -x -v TotalEmis_region_Australia input.nc.tmp input.nc.tmp
+ ncks -C -O -x -v TotalEmis_region_Europe input.nc.tmp input.nc.tmp
+ ncks -C -O -x -v TotalEmis_region_NorthAmerica input.nc.tmp input.nc.tmp
+ ncks -C -O -x -v TotalEmis_region_SouthAmerica input.nc.tmp input.nc.tmp
+ ncks -C -O -x -v quality_information input.nc.tmp input.nc.tmp
+ ncks -O -d lat,-89.5,89.5 input.nc.tmp input.nc.tmp2
++ date -d 20240702 +%Y-%m-%d
+ d=2024-07-02
+ dd='hours since 2024-07-02 12:00:00'
+ ncatted -O -a 'units,time,c,c,hours since 2024-07-02 12:00:00' input.nc.tmp2
+ ncatted -O -a long_name,time,c,c,Time input.nc.tmp2
+ ncatted -O -a calendar,time,c,c,gregorian input.nc.tmp2
+ ncatted -O -a axis,time,c,c,T input.nc.tmp2
+ ncatted -O -a long_name,lat,m,c,latitude input.nc.tmp2
+ ncatted -O -a long_name,lon,m,c,longitude input.nc.tmp2
+ ncatted -O -a axis,lon,d,, input.nc.tmp2
+ ncatted -O -a bounds,lon,d,, input.nc.tmp2
+ ncatted -O -a valid_range,lon,d,, input.nc.tmp2
+ ncatted -O -a scale_factor,lon,d,, input.nc.tmp2
+ ncatted -O -a add_offset,lon,d,, input.nc.tmp2
+ ncatted -O -a _FillValue,lon,d,, input.nc.tmp2
+ ncatted -O -a axis,lat,d,, input.nc.tmp2
+ ncatted -O -a bounds,lat,d,, input.nc.tmp2
+ ncatted -O -a valid_range,lat,d,, input.nc.tmp2
+ ncatted -O -a scale_factor,lat,d,, input.nc.tmp2
+ ncatted -O -a add_offset,lat,d,, input.nc.tmp2
+ ncatted -O -a _FillValue,lat,d,, input.nc.tmp2
+ ncatted -O -a coordinates,SO2,d,, input.nc.tmp2
+ ncatted -O -a coordinates,PM2.5,d,, input.nc.tmp2
+ ncatted -O -a coordinates,OC,d,, input.nc.tmp2
+ ncatted -O -a coordinates,BC,d,, input.nc.tmp2
+ ncatted -O -a coordinates,CO,d,, input.nc.tmp2
+ ncatted -O -a coordinates,NOx,d,, input.nc.tmp2
+ ncatted -O -a coordinates,NH3,d,, input.nc.tmp2
+ ncatted -O -a valid_range,SO2,d,, input.nc.tmp2
+ ncatted -O -a valid_range,PM2.5,d,, input.nc.tmp2
+ ncatted -O -a valid_range,OC,d,, input.nc.tmp2
+ ncatted -O -a valid_range,BC,d,, input.nc.tmp2
+ ncatted -O -a valid_range,CO,d,, input.nc.tmp2
+ ncatted -O -a valid_range,NOx,d,, input.nc.tmp2
+ ncatted -O -a valid_range,NH3,d,, input.nc.tmp2
+ ncatted -O -a add_offset,SO2,d,, input.nc.tmp2
+ ncatted -O -a add_offset,PM2.5,d,, input.nc.tmp2
+ ncatted -O -a add_offset,OC,d,, input.nc.tmp2
+ ncatted -O -a add_offset,BC,d,, input.nc.tmp2
+ ncatted -O -a add_offset,CO,d,, input.nc.tmp2
+ ncatted -O -a add_offset,NOx,d,, input.nc.tmp2
+ ncatted -O -a add_offset,NH3,d,, input.nc.tmp2
+ ncatted -O -a add_offset,MeanFRP,d,, input.nc.tmp2
+ ncatted -O -a valid_range,MeanFRP,d,, input.nc.tmp2
+ ncatted -O -a coordinates,MeanFRP,d,, input.nc.tmp2
+ nccopy -k 'netCDF-4 classic model' input.nc.tmp2 input.nc.tmp3
+ nccopy -d1 input.nc.tmp3 input.nc.tmp4
+ ERR=0
+ ECNT=0
+ '[' 0 -eq 0 ']'
+ /bin/mv input.nc.tmp4 /scratch1/BMC/gsd-fv3-dev/MAPP_2018/bhuang/JEDI-2020/JEDI-FV3/expCodes/PACEData/GBBEPx/Prep_GBBEPx_2024070100_2024093000/FixGBBEPx/GBBEPx_all01GRID.emissions_v004_20240702.nc
+ ERR=0
+ ECNT=0
+ '[' 0 -eq 0 ']'
+ echo 'Fix GBBEPx successflully at 20240702'
Fix GBBEPx successflully at 20240702
++ /scratch2/NCEPDEV/nwprod/NCEPLIBS/utils/prod_util.v1.1.0/exec/ndate 24 2024070200
+ IDATE=2024070300
+ '[' 2024070300 -le 2024072600 ']'
+ ECNT=0
+ /bin/rm -rf input.nc.tmp input.nc.tmp2 input.nc.tmp3 input.nc
+ IY=2024
+ IM=07
+ ID=03
+ IYMD=20240703
+ SRCFILE='/scratch1/BMC/gsd-fv3-dev/MAPP_2018/bhuang/JEDI-2020/JEDI-FV3/expCodes/PACEData/GBBEPx/Prep_GBBEPx_2024070100_2024093000/2024070300/*.nc'
+ OUTFILE=/scratch1/BMC/gsd-fv3-dev/MAPP_2018/bhuang/JEDI-2020/JEDI-FV3/expCodes/PACEData/GBBEPx/Prep_GBBEPx_2024070100_2024093000/FixGBBEPx/GBBEPx_all01GRID.emissions_v004_20240703.nc
++ wc -l
++ ls /scratch1/BMC/gsd-fv3-dev/MAPP_2018/bhuang/JEDI-2020/JEDI-FV3/expCodes/PACEData/GBBEPx/Prep_GBBEPx_2024070100_2024093000/2024070300/GBBEPx-all01GRID_v5r0_blend_s202407030000000_e202407032359590_c202407040143470.nc
+ NNC=1
+ '[' 1 -eq 1 ']'
++ ls /scratch1/BMC/gsd-fv3-dev/MAPP_2018/bhuang/JEDI-2020/JEDI-FV3/expCodes/PACEData/GBBEPx/Prep_GBBEPx_2024070100_2024093000/2024070300/GBBEPx-all01GRID_v5r0_blend_s202407030000000_e202407032359590_c202407040143470.nc
+ for FILE in $(ls ${SRCFILE})
+ /bin/cp /scratch1/BMC/gsd-fv3-dev/MAPP_2018/bhuang/JEDI-2020/JEDI-FV3/expCodes/PACEData/GBBEPx/Prep_GBBEPx_2024070100_2024093000/2024070300/GBBEPx-all01GRID_v5r0_blend_s202407030000000_e202407032359590_c202407040143470.nc input.nc
+ ERR=0
+ ECNT=0
+ /home/Bo.Huang/JEDI-2020/UFS-Aerosols_RETcyc/UFS-Aerosols-EP4_JEDI-AeroDA-Reanl/misc/PrepPACE/GBBEPx/fix_GBBEPx_Li.sh input.nc 20240703
+ '[' -z '' ']'
+ case "$-" in
+ __lmod_vx=x
+ '[' -n x ']'
+ set +x
Shell debugging temporarily silenced: export LMOD_SH_DBG_ON=1 for this output (/apps/lmod/lmod/init/bash)
Shell debugging restarted
+ unset __lmod_vx
+ input_file=input.nc
+ yyyymmdd=20240703
+ nccopy -k classic input.nc input.nc.tmp
+ ncks --mk_rec_dmn Time input.nc.tmp -O -o input.nc.tmp
+ ncatted -O -a units,Longitude,m,c,degrees_east input.nc.tmp
+ ncrename -v Time,time -d Time,time input.nc.tmp -O -o input.nc.tmp
+ ncrename -v Latitude,lat -d Latitude,lat input.nc.tmp -O -o input.nc.tmp
+ ncrename -v Longitude,lon -d Longitude,lon input.nc.tmp -O -o input.nc.tmp
+ ncap2 -O -s 'time[time]=0' input.nc.tmp -o input.nc.tmp
+ ncks -C -O -x -v Max_emission,Max_emission_col,Max_emission_row input.nc.tmp input.nc.tmp
+ ncks -C -O -x -v QCAll,CloudPerc,FirePerc,NumSensor input.nc.tmp input.nc.tmp
+ ncks -C -O -x -v TotalEmis_region_Africa input.nc.tmp input.nc.tmp
+ ncks -C -O -x -v TotalEmis_region_Asia input.nc.tmp input.nc.tmp
+ ncks -C -O -x -v TotalEmis_region_Australia input.nc.tmp input.nc.tmp
+ ncks -C -O -x -v TotalEmis_region_Europe input.nc.tmp input.nc.tmp
+ ncks -C -O -x -v TotalEmis_region_NorthAmerica input.nc.tmp input.nc.tmp
+ ncks -C -O -x -v TotalEmis_region_SouthAmerica input.nc.tmp input.nc.tmp
+ ncks -C -O -x -v quality_information input.nc.tmp input.nc.tmp
+ ncks -O -d lat,-89.5,89.5 input.nc.tmp input.nc.tmp2
++ date -d 20240703 +%Y-%m-%d
+ d=2024-07-03
+ dd='hours since 2024-07-03 12:00:00'
+ ncatted -O -a 'units,time,c,c,hours since 2024-07-03 12:00:00' input.nc.tmp2
+ ncatted -O -a long_name,time,c,c,Time input.nc.tmp2
+ ncatted -O -a calendar,time,c,c,gregorian input.nc.tmp2
+ ncatted -O -a axis,time,c,c,T input.nc.tmp2
+ ncatted -O -a long_name,lat,m,c,latitude input.nc.tmp2
+ ncatted -O -a long_name,lon,m,c,longitude input.nc.tmp2
+ ncatted -O -a axis,lon,d,, input.nc.tmp2
+ ncatted -O -a bounds,lon,d,, input.nc.tmp2
+ ncatted -O -a valid_range,lon,d,, input.nc.tmp2
+ ncatted -O -a scale_factor,lon,d,, input.nc.tmp2
+ ncatted -O -a add_offset,lon,d,, input.nc.tmp2
+ ncatted -O -a _FillValue,lon,d,, input.nc.tmp2
+ ncatted -O -a axis,lat,d,, input.nc.tmp2
+ ncatted -O -a bounds,lat,d,, input.nc.tmp2
+ ncatted -O -a valid_range,lat,d,, input.nc.tmp2
+ ncatted -O -a scale_factor,lat,d,, input.nc.tmp2
+ ncatted -O -a add_offset,lat,d,, input.nc.tmp2
+ ncatted -O -a _FillValue,lat,d,, input.nc.tmp2
+ ncatted -O -a coordinates,SO2,d,, input.nc.tmp2
+ ncatted -O -a coordinates,PM2.5,d,, input.nc.tmp2
+ ncatted -O -a coordinates,OC,d,, input.nc.tmp2
+ ncatted -O -a coordinates,BC,d,, input.nc.tmp2
+ ncatted -O -a coordinates,CO,d,, input.nc.tmp2
+ ncatted -O -a coordinates,NOx,d,, input.nc.tmp2
+ ncatted -O -a coordinates,NH3,d,, input.nc.tmp2
+ ncatted -O -a valid_range,SO2,d,, input.nc.tmp2
+ ncatted -O -a valid_range,PM2.5,d,, input.nc.tmp2
+ ncatted -O -a valid_range,OC,d,, input.nc.tmp2
+ ncatted -O -a valid_range,BC,d,, input.nc.tmp2
+ ncatted -O -a valid_range,CO,d,, input.nc.tmp2
+ ncatted -O -a valid_range,NOx,d,, input.nc.tmp2
+ ncatted -O -a valid_range,NH3,d,, input.nc.tmp2
+ ncatted -O -a add_offset,SO2,d,, input.nc.tmp2
+ ncatted -O -a add_offset,PM2.5,d,, input.nc.tmp2
+ ncatted -O -a add_offset,OC,d,, input.nc.tmp2
+ ncatted -O -a add_offset,BC,d,, input.nc.tmp2
+ ncatted -O -a add_offset,CO,d,, input.nc.tmp2
+ ncatted -O -a add_offset,NOx,d,, input.nc.tmp2
+ ncatted -O -a add_offset,NH3,d,, input.nc.tmp2
+ ncatted -O -a add_offset,MeanFRP,d,, input.nc.tmp2
+ ncatted -O -a valid_range,MeanFRP,d,, input.nc.tmp2
+ ncatted -O -a coordinates,MeanFRP,d,, input.nc.tmp2
+ nccopy -k 'netCDF-4 classic model' input.nc.tmp2 input.nc.tmp3
+ nccopy -d1 input.nc.tmp3 input.nc.tmp4
+ ERR=0
+ ECNT=0
+ '[' 0 -eq 0 ']'
+ /bin/mv input.nc.tmp4 /scratch1/BMC/gsd-fv3-dev/MAPP_2018/bhuang/JEDI-2020/JEDI-FV3/expCodes/PACEData/GBBEPx/Prep_GBBEPx_2024070100_2024093000/FixGBBEPx/GBBEPx_all01GRID.emissions_v004_20240703.nc
+ ERR=0
+ ECNT=0
+ '[' 0 -eq 0 ']'
+ echo 'Fix GBBEPx successflully at 20240703'
Fix GBBEPx successflully at 20240703
++ /scratch2/NCEPDEV/nwprod/NCEPLIBS/utils/prod_util.v1.1.0/exec/ndate 24 2024070300
+ IDATE=2024070400
+ '[' 2024070400 -le 2024072600 ']'
+ ECNT=0
+ /bin/rm -rf input.nc.tmp input.nc.tmp2 input.nc.tmp3 input.nc
+ IY=2024
+ IM=07
+ ID=04
+ IYMD=20240704
+ SRCFILE='/scratch1/BMC/gsd-fv3-dev/MAPP_2018/bhuang/JEDI-2020/JEDI-FV3/expCodes/PACEData/GBBEPx/Prep_GBBEPx_2024070100_2024093000/2024070400/*.nc'
+ OUTFILE=/scratch1/BMC/gsd-fv3-dev/MAPP_2018/bhuang/JEDI-2020/JEDI-FV3/expCodes/PACEData/GBBEPx/Prep_GBBEPx_2024070100_2024093000/FixGBBEPx/GBBEPx_all01GRID.emissions_v004_20240704.nc
++ wc -l
++ ls /scratch1/BMC/gsd-fv3-dev/MAPP_2018/bhuang/JEDI-2020/JEDI-FV3/expCodes/PACEData/GBBEPx/Prep_GBBEPx_2024070100_2024093000/2024070400/GBBEPx-all01GRID_v5r0_blend_s202407040000000_e202407042359590_c202407050122020.nc
+ NNC=1
+ '[' 1 -eq 1 ']'
++ ls /scratch1/BMC/gsd-fv3-dev/MAPP_2018/bhuang/JEDI-2020/JEDI-FV3/expCodes/PACEData/GBBEPx/Prep_GBBEPx_2024070100_2024093000/2024070400/GBBEPx-all01GRID_v5r0_blend_s202407040000000_e202407042359590_c202407050122020.nc
+ for FILE in $(ls ${SRCFILE})
+ /bin/cp /scratch1/BMC/gsd-fv3-dev/MAPP_2018/bhuang/JEDI-2020/JEDI-FV3/expCodes/PACEData/GBBEPx/Prep_GBBEPx_2024070100_2024093000/2024070400/GBBEPx-all01GRID_v5r0_blend_s202407040000000_e202407042359590_c202407050122020.nc input.nc
+ ERR=0
+ ECNT=0
+ /home/Bo.Huang/JEDI-2020/UFS-Aerosols_RETcyc/UFS-Aerosols-EP4_JEDI-AeroDA-Reanl/misc/PrepPACE/GBBEPx/fix_GBBEPx_Li.sh input.nc 20240704
+ '[' -z '' ']'
+ case "$-" in
+ __lmod_vx=x
+ '[' -n x ']'
+ set +x
Shell debugging temporarily silenced: export LMOD_SH_DBG_ON=1 for this output (/apps/lmod/lmod/init/bash)
Shell debugging restarted
+ unset __lmod_vx
+ input_file=input.nc
+ yyyymmdd=20240704
+ nccopy -k classic input.nc input.nc.tmp
+ ncks --mk_rec_dmn Time input.nc.tmp -O -o input.nc.tmp
+ ncatted -O -a units,Longitude,m,c,degrees_east input.nc.tmp
+ ncrename -v Time,time -d Time,time input.nc.tmp -O -o input.nc.tmp
+ ncrename -v Latitude,lat -d Latitude,lat input.nc.tmp -O -o input.nc.tmp
+ ncrename -v Longitude,lon -d Longitude,lon input.nc.tmp -O -o input.nc.tmp
+ ncap2 -O -s 'time[time]=0' input.nc.tmp -o input.nc.tmp
+ ncks -C -O -x -v Max_emission,Max_emission_col,Max_emission_row input.nc.tmp input.nc.tmp
+ ncks -C -O -x -v QCAll,CloudPerc,FirePerc,NumSensor input.nc.tmp input.nc.tmp
+ ncks -C -O -x -v TotalEmis_region_Africa input.nc.tmp input.nc.tmp
+ ncks -C -O -x -v TotalEmis_region_Asia input.nc.tmp input.nc.tmp
+ ncks -C -O -x -v TotalEmis_region_Australia input.nc.tmp input.nc.tmp
+ ncks -C -O -x -v TotalEmis_region_Europe input.nc.tmp input.nc.tmp
+ ncks -C -O -x -v TotalEmis_region_NorthAmerica input.nc.tmp input.nc.tmp
+ ncks -C -O -x -v TotalEmis_region_SouthAmerica input.nc.tmp input.nc.tmp
+ ncks -C -O -x -v quality_information input.nc.tmp input.nc.tmp
+ ncks -O -d lat,-89.5,89.5 input.nc.tmp input.nc.tmp2
++ date -d 20240704 +%Y-%m-%d
+ d=2024-07-04
+ dd='hours since 2024-07-04 12:00:00'
+ ncatted -O -a 'units,time,c,c,hours since 2024-07-04 12:00:00' input.nc.tmp2
+ ncatted -O -a long_name,time,c,c,Time input.nc.tmp2
+ ncatted -O -a calendar,time,c,c,gregorian input.nc.tmp2
+ ncatted -O -a axis,time,c,c,T input.nc.tmp2
+ ncatted -O -a long_name,lat,m,c,latitude input.nc.tmp2
+ ncatted -O -a long_name,lon,m,c,longitude input.nc.tmp2
+ ncatted -O -a axis,lon,d,, input.nc.tmp2
+ ncatted -O -a bounds,lon,d,, input.nc.tmp2
+ ncatted -O -a valid_range,lon,d,, input.nc.tmp2
+ ncatted -O -a scale_factor,lon,d,, input.nc.tmp2
+ ncatted -O -a add_offset,lon,d,, input.nc.tmp2
+ ncatted -O -a _FillValue,lon,d,, input.nc.tmp2
+ ncatted -O -a axis,lat,d,, input.nc.tmp2
+ ncatted -O -a bounds,lat,d,, input.nc.tmp2
+ ncatted -O -a valid_range,lat,d,, input.nc.tmp2
+ ncatted -O -a scale_factor,lat,d,, input.nc.tmp2
+ ncatted -O -a add_offset,lat,d,, input.nc.tmp2
+ ncatted -O -a _FillValue,lat,d,, input.nc.tmp2
+ ncatted -O -a coordinates,SO2,d,, input.nc.tmp2
+ ncatted -O -a coordinates,PM2.5,d,, input.nc.tmp2
+ ncatted -O -a coordinates,OC,d,, input.nc.tmp2
+ ncatted -O -a coordinates,BC,d,, input.nc.tmp2
+ ncatted -O -a coordinates,CO,d,, input.nc.tmp2
+ ncatted -O -a coordinates,NOx,d,, input.nc.tmp2
+ ncatted -O -a coordinates,NH3,d,, input.nc.tmp2
+ ncatted -O -a valid_range,SO2,d,, input.nc.tmp2
+ ncatted -O -a valid_range,PM2.5,d,, input.nc.tmp2
+ ncatted -O -a valid_range,OC,d,, input.nc.tmp2
+ ncatted -O -a valid_range,BC,d,, input.nc.tmp2
+ ncatted -O -a valid_range,CO,d,, input.nc.tmp2
+ ncatted -O -a valid_range,NOx,d,, input.nc.tmp2
+ ncatted -O -a valid_range,NH3,d,, input.nc.tmp2
+ ncatted -O -a add_offset,SO2,d,, input.nc.tmp2
+ ncatted -O -a add_offset,PM2.5,d,, input.nc.tmp2
+ ncatted -O -a add_offset,OC,d,, input.nc.tmp2
+ ncatted -O -a add_offset,BC,d,, input.nc.tmp2
+ ncatted -O -a add_offset,CO,d,, input.nc.tmp2
+ ncatted -O -a add_offset,NOx,d,, input.nc.tmp2
+ ncatted -O -a add_offset,NH3,d,, input.nc.tmp2
+ ncatted -O -a add_offset,MeanFRP,d,, input.nc.tmp2
+ ncatted -O -a valid_range,MeanFRP,d,, input.nc.tmp2
+ ncatted -O -a coordinates,MeanFRP,d,, input.nc.tmp2
+ nccopy -k 'netCDF-4 classic model' input.nc.tmp2 input.nc.tmp3
+ nccopy -d1 input.nc.tmp3 input.nc.tmp4
+ ERR=0
+ ECNT=0
+ '[' 0 -eq 0 ']'
+ /bin/mv input.nc.tmp4 /scratch1/BMC/gsd-fv3-dev/MAPP_2018/bhuang/JEDI-2020/JEDI-FV3/expCodes/PACEData/GBBEPx/Prep_GBBEPx_2024070100_2024093000/FixGBBEPx/GBBEPx_all01GRID.emissions_v004_20240704.nc
+ ERR=0
+ ECNT=0
+ '[' 0 -eq 0 ']'
+ echo 'Fix GBBEPx successflully at 20240704'
Fix GBBEPx successflully at 20240704
++ /scratch2/NCEPDEV/nwprod/NCEPLIBS/utils/prod_util.v1.1.0/exec/ndate 24 2024070400
+ IDATE=2024070500
+ '[' 2024070500 -le 2024072600 ']'
+ ECNT=0
+ /bin/rm -rf input.nc.tmp input.nc.tmp2 input.nc.tmp3 input.nc
+ IY=2024
+ IM=07
+ ID=05
+ IYMD=20240705
+ SRCFILE='/scratch1/BMC/gsd-fv3-dev/MAPP_2018/bhuang/JEDI-2020/JEDI-FV3/expCodes/PACEData/GBBEPx/Prep_GBBEPx_2024070100_2024093000/2024070500/*.nc'
+ OUTFILE=/scratch1/BMC/gsd-fv3-dev/MAPP_2018/bhuang/JEDI-2020/JEDI-FV3/expCodes/PACEData/GBBEPx/Prep_GBBEPx_2024070100_2024093000/FixGBBEPx/GBBEPx_all01GRID.emissions_v004_20240705.nc
++ wc -l
++ ls /scratch1/BMC/gsd-fv3-dev/MAPP_2018/bhuang/JEDI-2020/JEDI-FV3/expCodes/PACEData/GBBEPx/Prep_GBBEPx_2024070100_2024093000/2024070500/GBBEPx-all01GRID_v5r0_blend_s202407050000000_e202407052359590_c202407060107500.nc
+ NNC=1
+ '[' 1 -eq 1 ']'
++ ls /scratch1/BMC/gsd-fv3-dev/MAPP_2018/bhuang/JEDI-2020/JEDI-FV3/expCodes/PACEData/GBBEPx/Prep_GBBEPx_2024070100_2024093000/2024070500/GBBEPx-all01GRID_v5r0_blend_s202407050000000_e202407052359590_c202407060107500.nc
+ for FILE in $(ls ${SRCFILE})
+ /bin/cp /scratch1/BMC/gsd-fv3-dev/MAPP_2018/bhuang/JEDI-2020/JEDI-FV3/expCodes/PACEData/GBBEPx/Prep_GBBEPx_2024070100_2024093000/2024070500/GBBEPx-all01GRID_v5r0_blend_s202407050000000_e202407052359590_c202407060107500.nc input.nc
+ ERR=0
+ ECNT=0
+ /home/Bo.Huang/JEDI-2020/UFS-Aerosols_RETcyc/UFS-Aerosols-EP4_JEDI-AeroDA-Reanl/misc/PrepPACE/GBBEPx/fix_GBBEPx_Li.sh input.nc 20240705
+ '[' -z '' ']'
+ case "$-" in
+ __lmod_vx=x
+ '[' -n x ']'
+ set +x
Shell debugging temporarily silenced: export LMOD_SH_DBG_ON=1 for this output (/apps/lmod/lmod/init/bash)
Shell debugging restarted
+ unset __lmod_vx
+ input_file=input.nc
+ yyyymmdd=20240705
+ nccopy -k classic input.nc input.nc.tmp
+ ncks --mk_rec_dmn Time input.nc.tmp -O -o input.nc.tmp
+ ncatted -O -a units,Longitude,m,c,degrees_east input.nc.tmp
+ ncrename -v Time,time -d Time,time input.nc.tmp -O -o input.nc.tmp
+ ncrename -v Latitude,lat -d Latitude,lat input.nc.tmp -O -o input.nc.tmp
+ ncrename -v Longitude,lon -d Longitude,lon input.nc.tmp -O -o input.nc.tmp
+ ncap2 -O -s 'time[time]=0' input.nc.tmp -o input.nc.tmp
+ ncks -C -O -x -v Max_emission,Max_emission_col,Max_emission_row input.nc.tmp input.nc.tmp
+ ncks -C -O -x -v QCAll,CloudPerc,FirePerc,NumSensor input.nc.tmp input.nc.tmp
+ ncks -C -O -x -v TotalEmis_region_Africa input.nc.tmp input.nc.tmp
+ ncks -C -O -x -v TotalEmis_region_Asia input.nc.tmp input.nc.tmp
+ ncks -C -O -x -v TotalEmis_region_Australia input.nc.tmp input.nc.tmp
+ ncks -C -O -x -v TotalEmis_region_Europe input.nc.tmp input.nc.tmp
+ ncks -C -O -x -v TotalEmis_region_NorthAmerica input.nc.tmp input.nc.tmp
+ ncks -C -O -x -v TotalEmis_region_SouthAmerica input.nc.tmp input.nc.tmp
+ ncks -C -O -x -v quality_information input.nc.tmp input.nc.tmp
+ ncks -O -d lat,-89.5,89.5 input.nc.tmp input.nc.tmp2
++ date -d 20240705 +%Y-%m-%d
+ d=2024-07-05
+ dd='hours since 2024-07-05 12:00:00'
+ ncatted -O -a 'units,time,c,c,hours since 2024-07-05 12:00:00' input.nc.tmp2
+ ncatted -O -a long_name,time,c,c,Time input.nc.tmp2
+ ncatted -O -a calendar,time,c,c,gregorian input.nc.tmp2
+ ncatted -O -a axis,time,c,c,T input.nc.tmp2
+ ncatted -O -a long_name,lat,m,c,latitude input.nc.tmp2
+ ncatted -O -a long_name,lon,m,c,longitude input.nc.tmp2
+ ncatted -O -a axis,lon,d,, input.nc.tmp2
+ ncatted -O -a bounds,lon,d,, input.nc.tmp2
+ ncatted -O -a valid_range,lon,d,, input.nc.tmp2
+ ncatted -O -a scale_factor,lon,d,, input.nc.tmp2
+ ncatted -O -a add_offset,lon,d,, input.nc.tmp2
+ ncatted -O -a _FillValue,lon,d,, input.nc.tmp2
+ ncatted -O -a axis,lat,d,, input.nc.tmp2
+ ncatted -O -a bounds,lat,d,, input.nc.tmp2
+ ncatted -O -a valid_range,lat,d,, input.nc.tmp2
+ ncatted -O -a scale_factor,lat,d,, input.nc.tmp2
+ ncatted -O -a add_offset,lat,d,, input.nc.tmp2
+ ncatted -O -a _FillValue,lat,d,, input.nc.tmp2
+ ncatted -O -a coordinates,SO2,d,, input.nc.tmp2
+ ncatted -O -a coordinates,PM2.5,d,, input.nc.tmp2
+ ncatted -O -a coordinates,OC,d,, input.nc.tmp2
+ ncatted -O -a coordinates,BC,d,, input.nc.tmp2
+ ncatted -O -a coordinates,CO,d,, input.nc.tmp2
+ ncatted -O -a coordinates,NOx,d,, input.nc.tmp2
+ ncatted -O -a coordinates,NH3,d,, input.nc.tmp2
+ ncatted -O -a valid_range,SO2,d,, input.nc.tmp2
+ ncatted -O -a valid_range,PM2.5,d,, input.nc.tmp2
+ ncatted -O -a valid_range,OC,d,, input.nc.tmp2
+ ncatted -O -a valid_range,BC,d,, input.nc.tmp2
+ ncatted -O -a valid_range,CO,d,, input.nc.tmp2
+ ncatted -O -a valid_range,NOx,d,, input.nc.tmp2
+ ncatted -O -a valid_range,NH3,d,, input.nc.tmp2
+ ncatted -O -a add_offset,SO2,d,, input.nc.tmp2
+ ncatted -O -a add_offset,PM2.5,d,, input.nc.tmp2
+ ncatted -O -a add_offset,OC,d,, input.nc.tmp2
+ ncatted -O -a add_offset,BC,d,, input.nc.tmp2
+ ncatted -O -a add_offset,CO,d,, input.nc.tmp2
+ ncatted -O -a add_offset,NOx,d,, input.nc.tmp2
+ ncatted -O -a add_offset,NH3,d,, input.nc.tmp2
+ ncatted -O -a add_offset,MeanFRP,d,, input.nc.tmp2
+ ncatted -O -a valid_range,MeanFRP,d,, input.nc.tmp2
+ ncatted -O -a coordinates,MeanFRP,d,, input.nc.tmp2
+ nccopy -k 'netCDF-4 classic model' input.nc.tmp2 input.nc.tmp3
+ nccopy -d1 input.nc.tmp3 input.nc.tmp4
+ ERR=0
+ ECNT=0
+ '[' 0 -eq 0 ']'
+ /bin/mv input.nc.tmp4 /scratch1/BMC/gsd-fv3-dev/MAPP_2018/bhuang/JEDI-2020/JEDI-FV3/expCodes/PACEData/GBBEPx/Prep_GBBEPx_2024070100_2024093000/FixGBBEPx/GBBEPx_all01GRID.emissions_v004_20240705.nc
+ ERR=0
+ ECNT=0
+ '[' 0 -eq 0 ']'
+ echo 'Fix GBBEPx successflully at 20240705'
Fix GBBEPx successflully at 20240705
++ /scratch2/NCEPDEV/nwprod/NCEPLIBS/utils/prod_util.v1.1.0/exec/ndate 24 2024070500
+ IDATE=2024070600
+ '[' 2024070600 -le 2024072600 ']'
+ ECNT=0
+ /bin/rm -rf input.nc.tmp input.nc.tmp2 input.nc.tmp3 input.nc
+ IY=2024
+ IM=07
+ ID=06
+ IYMD=20240706
+ SRCFILE='/scratch1/BMC/gsd-fv3-dev/MAPP_2018/bhuang/JEDI-2020/JEDI-FV3/expCodes/PACEData/GBBEPx/Prep_GBBEPx_2024070100_2024093000/2024070600/*.nc'
+ OUTFILE=/scratch1/BMC/gsd-fv3-dev/MAPP_2018/bhuang/JEDI-2020/JEDI-FV3/expCodes/PACEData/GBBEPx/Prep_GBBEPx_2024070100_2024093000/FixGBBEPx/GBBEPx_all01GRID.emissions_v004_20240706.nc
++ wc -l
++ ls /scratch1/BMC/gsd-fv3-dev/MAPP_2018/bhuang/JEDI-2020/JEDI-FV3/expCodes/PACEData/GBBEPx/Prep_GBBEPx_2024070100_2024093000/2024070600/GBBEPx-all01GRID_v5r0_blend_s202407060000000_e202407062359590_c202407070340060.nc
+ NNC=1
+ '[' 1 -eq 1 ']'
++ ls /scratch1/BMC/gsd-fv3-dev/MAPP_2018/bhuang/JEDI-2020/JEDI-FV3/expCodes/PACEData/GBBEPx/Prep_GBBEPx_2024070100_2024093000/2024070600/GBBEPx-all01GRID_v5r0_blend_s202407060000000_e202407062359590_c202407070340060.nc
+ for FILE in $(ls ${SRCFILE})
+ /bin/cp /scratch1/BMC/gsd-fv3-dev/MAPP_2018/bhuang/JEDI-2020/JEDI-FV3/expCodes/PACEData/GBBEPx/Prep_GBBEPx_2024070100_2024093000/2024070600/GBBEPx-all01GRID_v5r0_blend_s202407060000000_e202407062359590_c202407070340060.nc input.nc
+ ERR=0
+ ECNT=0
+ /home/Bo.Huang/JEDI-2020/UFS-Aerosols_RETcyc/UFS-Aerosols-EP4_JEDI-AeroDA-Reanl/misc/PrepPACE/GBBEPx/fix_GBBEPx_Li.sh input.nc 20240706
+ '[' -z '' ']'
+ case "$-" in
+ __lmod_vx=x
+ '[' -n x ']'
+ set +x
Shell debugging temporarily silenced: export LMOD_SH_DBG_ON=1 for this output (/apps/lmod/lmod/init/bash)
Shell debugging restarted
+ unset __lmod_vx
+ input_file=input.nc
+ yyyymmdd=20240706
+ nccopy -k classic input.nc input.nc.tmp
+ ncks --mk_rec_dmn Time input.nc.tmp -O -o input.nc.tmp
+ ncatted -O -a units,Longitude,m,c,degrees_east input.nc.tmp
+ ncrename -v Time,time -d Time,time input.nc.tmp -O -o input.nc.tmp
+ ncrename -v Latitude,lat -d Latitude,lat input.nc.tmp -O -o input.nc.tmp
+ ncrename -v Longitude,lon -d Longitude,lon input.nc.tmp -O -o input.nc.tmp
+ ncap2 -O -s 'time[time]=0' input.nc.tmp -o input.nc.tmp
+ ncks -C -O -x -v Max_emission,Max_emission_col,Max_emission_row input.nc.tmp input.nc.tmp
+ ncks -C -O -x -v QCAll,CloudPerc,FirePerc,NumSensor input.nc.tmp input.nc.tmp
+ ncks -C -O -x -v TotalEmis_region_Africa input.nc.tmp input.nc.tmp
+ ncks -C -O -x -v TotalEmis_region_Asia input.nc.tmp input.nc.tmp
+ ncks -C -O -x -v TotalEmis_region_Australia input.nc.tmp input.nc.tmp
+ ncks -C -O -x -v TotalEmis_region_Europe input.nc.tmp input.nc.tmp
+ ncks -C -O -x -v TotalEmis_region_NorthAmerica input.nc.tmp input.nc.tmp
+ ncks -C -O -x -v TotalEmis_region_SouthAmerica input.nc.tmp input.nc.tmp
+ ncks -C -O -x -v quality_information input.nc.tmp input.nc.tmp
+ ncks -O -d lat,-89.5,89.5 input.nc.tmp input.nc.tmp2
++ date -d 20240706 +%Y-%m-%d
+ d=2024-07-06
+ dd='hours since 2024-07-06 12:00:00'
+ ncatted -O -a 'units,time,c,c,hours since 2024-07-06 12:00:00' input.nc.tmp2
+ ncatted -O -a long_name,time,c,c,Time input.nc.tmp2
+ ncatted -O -a calendar,time,c,c,gregorian input.nc.tmp2
+ ncatted -O -a axis,time,c,c,T input.nc.tmp2
+ ncatted -O -a long_name,lat,m,c,latitude input.nc.tmp2
+ ncatted -O -a long_name,lon,m,c,longitude input.nc.tmp2
+ ncatted -O -a axis,lon,d,, input.nc.tmp2
+ ncatted -O -a bounds,lon,d,, input.nc.tmp2
+ ncatted -O -a valid_range,lon,d,, input.nc.tmp2
+ ncatted -O -a scale_factor,lon,d,, input.nc.tmp2
+ ncatted -O -a add_offset,lon,d,, input.nc.tmp2
+ ncatted -O -a _FillValue,lon,d,, input.nc.tmp2
+ ncatted -O -a axis,lat,d,, input.nc.tmp2
+ ncatted -O -a bounds,lat,d,, input.nc.tmp2
+ ncatted -O -a valid_range,lat,d,, input.nc.tmp2
+ ncatted -O -a scale_factor,lat,d,, input.nc.tmp2
+ ncatted -O -a add_offset,lat,d,, input.nc.tmp2
+ ncatted -O -a _FillValue,lat,d,, input.nc.tmp2
+ ncatted -O -a coordinates,SO2,d,, input.nc.tmp2
+ ncatted -O -a coordinates,PM2.5,d,, input.nc.tmp2
+ ncatted -O -a coordinates,OC,d,, input.nc.tmp2
+ ncatted -O -a coordinates,BC,d,, input.nc.tmp2
+ ncatted -O -a coordinates,CO,d,, input.nc.tmp2
+ ncatted -O -a coordinates,NOx,d,, input.nc.tmp2
+ ncatted -O -a coordinates,NH3,d,, input.nc.tmp2
+ ncatted -O -a valid_range,SO2,d,, input.nc.tmp2
+ ncatted -O -a valid_range,PM2.5,d,, input.nc.tmp2
+ ncatted -O -a valid_range,OC,d,, input.nc.tmp2
+ ncatted -O -a valid_range,BC,d,, input.nc.tmp2
+ ncatted -O -a valid_range,CO,d,, input.nc.tmp2
+ ncatted -O -a valid_range,NOx,d,, input.nc.tmp2
+ ncatted -O -a valid_range,NH3,d,, input.nc.tmp2
+ ncatted -O -a add_offset,SO2,d,, input.nc.tmp2
+ ncatted -O -a add_offset,PM2.5,d,, input.nc.tmp2
+ ncatted -O -a add_offset,OC,d,, input.nc.tmp2
+ ncatted -O -a add_offset,BC,d,, input.nc.tmp2
+ ncatted -O -a add_offset,CO,d,, input.nc.tmp2
+ ncatted -O -a add_offset,NOx,d,, input.nc.tmp2
+ ncatted -O -a add_offset,NH3,d,, input.nc.tmp2
+ ncatted -O -a add_offset,MeanFRP,d,, input.nc.tmp2
+ ncatted -O -a valid_range,MeanFRP,d,, input.nc.tmp2
+ ncatted -O -a coordinates,MeanFRP,d,, input.nc.tmp2
+ nccopy -k 'netCDF-4 classic model' input.nc.tmp2 input.nc.tmp3
+ nccopy -d1 input.nc.tmp3 input.nc.tmp4
+ ERR=0
+ ECNT=0
+ '[' 0 -eq 0 ']'
+ /bin/mv input.nc.tmp4 /scratch1/BMC/gsd-fv3-dev/MAPP_2018/bhuang/JEDI-2020/JEDI-FV3/expCodes/PACEData/GBBEPx/Prep_GBBEPx_2024070100_2024093000/FixGBBEPx/GBBEPx_all01GRID.emissions_v004_20240706.nc
+ ERR=0
+ ECNT=0
+ '[' 0 -eq 0 ']'
+ echo 'Fix GBBEPx successflully at 20240706'
Fix GBBEPx successflully at 20240706
++ /scratch2/NCEPDEV/nwprod/NCEPLIBS/utils/prod_util.v1.1.0/exec/ndate 24 2024070600
+ IDATE=2024070700
+ '[' 2024070700 -le 2024072600 ']'
+ ECNT=0
+ /bin/rm -rf input.nc.tmp input.nc.tmp2 input.nc.tmp3 input.nc
+ IY=2024
+ IM=07
+ ID=07
+ IYMD=20240707
+ SRCFILE='/scratch1/BMC/gsd-fv3-dev/MAPP_2018/bhuang/JEDI-2020/JEDI-FV3/expCodes/PACEData/GBBEPx/Prep_GBBEPx_2024070100_2024093000/2024070700/*.nc'
+ OUTFILE=/scratch1/BMC/gsd-fv3-dev/MAPP_2018/bhuang/JEDI-2020/JEDI-FV3/expCodes/PACEData/GBBEPx/Prep_GBBEPx_2024070100_2024093000/FixGBBEPx/GBBEPx_all01GRID.emissions_v004_20240707.nc
++ wc -l
++ ls /scratch1/BMC/gsd-fv3-dev/MAPP_2018/bhuang/JEDI-2020/JEDI-FV3/expCodes/PACEData/GBBEPx/Prep_GBBEPx_2024070100_2024093000/2024070700/GBBEPx-all01GRID_v5r0_blend_s202407070000000_e202407072359590_c202407080112340.nc
+ NNC=1
+ '[' 1 -eq 1 ']'
++ ls /scratch1/BMC/gsd-fv3-dev/MAPP_2018/bhuang/JEDI-2020/JEDI-FV3/expCodes/PACEData/GBBEPx/Prep_GBBEPx_2024070100_2024093000/2024070700/GBBEPx-all01GRID_v5r0_blend_s202407070000000_e202407072359590_c202407080112340.nc
+ for FILE in $(ls ${SRCFILE})
+ /bin/cp /scratch1/BMC/gsd-fv3-dev/MAPP_2018/bhuang/JEDI-2020/JEDI-FV3/expCodes/PACEData/GBBEPx/Prep_GBBEPx_2024070100_2024093000/2024070700/GBBEPx-all01GRID_v5r0_blend_s202407070000000_e202407072359590_c202407080112340.nc input.nc
+ ERR=0
+ ECNT=0
+ /home/Bo.Huang/JEDI-2020/UFS-Aerosols_RETcyc/UFS-Aerosols-EP4_JEDI-AeroDA-Reanl/misc/PrepPACE/GBBEPx/fix_GBBEPx_Li.sh input.nc 20240707
+ '[' -z '' ']'
+ case "$-" in
+ __lmod_vx=x
+ '[' -n x ']'
+ set +x
Shell debugging temporarily silenced: export LMOD_SH_DBG_ON=1 for this output (/apps/lmod/lmod/init/bash)
Shell debugging restarted
+ unset __lmod_vx
+ input_file=input.nc
+ yyyymmdd=20240707
+ nccopy -k classic input.nc input.nc.tmp
+ ncks --mk_rec_dmn Time input.nc.tmp -O -o input.nc.tmp
+ ncatted -O -a units,Longitude,m,c,degrees_east input.nc.tmp
+ ncrename -v Time,time -d Time,time input.nc.tmp -O -o input.nc.tmp
+ ncrename -v Latitude,lat -d Latitude,lat input.nc.tmp -O -o input.nc.tmp
+ ncrename -v Longitude,lon -d Longitude,lon input.nc.tmp -O -o input.nc.tmp
+ ncap2 -O -s 'time[time]=0' input.nc.tmp -o input.nc.tmp
+ ncks -C -O -x -v Max_emission,Max_emission_col,Max_emission_row input.nc.tmp input.nc.tmp
+ ncks -C -O -x -v QCAll,CloudPerc,FirePerc,NumSensor input.nc.tmp input.nc.tmp
+ ncks -C -O -x -v TotalEmis_region_Africa input.nc.tmp input.nc.tmp
+ ncks -C -O -x -v TotalEmis_region_Asia input.nc.tmp input.nc.tmp
+ ncks -C -O -x -v TotalEmis_region_Australia input.nc.tmp input.nc.tmp
+ ncks -C -O -x -v TotalEmis_region_Europe input.nc.tmp input.nc.tmp
+ ncks -C -O -x -v TotalEmis_region_NorthAmerica input.nc.tmp input.nc.tmp
+ ncks -C -O -x -v TotalEmis_region_SouthAmerica input.nc.tmp input.nc.tmp
+ ncks -C -O -x -v quality_information input.nc.tmp input.nc.tmp
+ ncks -O -d lat,-89.5,89.5 input.nc.tmp input.nc.tmp2
++ date -d 20240707 +%Y-%m-%d
+ d=2024-07-07
+ dd='hours since 2024-07-07 12:00:00'
+ ncatted -O -a 'units,time,c,c,hours since 2024-07-07 12:00:00' input.nc.tmp2
+ ncatted -O -a long_name,time,c,c,Time input.nc.tmp2
+ ncatted -O -a calendar,time,c,c,gregorian input.nc.tmp2
+ ncatted -O -a axis,time,c,c,T input.nc.tmp2
+ ncatted -O -a long_name,lat,m,c,latitude input.nc.tmp2
+ ncatted -O -a long_name,lon,m,c,longitude input.nc.tmp2
+ ncatted -O -a axis,lon,d,, input.nc.tmp2
+ ncatted -O -a bounds,lon,d,, input.nc.tmp2
+ ncatted -O -a valid_range,lon,d,, input.nc.tmp2
+ ncatted -O -a scale_factor,lon,d,, input.nc.tmp2
+ ncatted -O -a add_offset,lon,d,, input.nc.tmp2
+ ncatted -O -a _FillValue,lon,d,, input.nc.tmp2
+ ncatted -O -a axis,lat,d,, input.nc.tmp2
+ ncatted -O -a bounds,lat,d,, input.nc.tmp2
+ ncatted -O -a valid_range,lat,d,, input.nc.tmp2
+ ncatted -O -a scale_factor,lat,d,, input.nc.tmp2
+ ncatted -O -a add_offset,lat,d,, input.nc.tmp2
+ ncatted -O -a _FillValue,lat,d,, input.nc.tmp2
+ ncatted -O -a coordinates,SO2,d,, input.nc.tmp2
+ ncatted -O -a coordinates,PM2.5,d,, input.nc.tmp2
+ ncatted -O -a coordinates,OC,d,, input.nc.tmp2
+ ncatted -O -a coordinates,BC,d,, input.nc.tmp2
+ ncatted -O -a coordinates,CO,d,, input.nc.tmp2
+ ncatted -O -a coordinates,NOx,d,, input.nc.tmp2
+ ncatted -O -a coordinates,NH3,d,, input.nc.tmp2
+ ncatted -O -a valid_range,SO2,d,, input.nc.tmp2
+ ncatted -O -a valid_range,PM2.5,d,, input.nc.tmp2
+ ncatted -O -a valid_range,OC,d,, input.nc.tmp2
+ ncatted -O -a valid_range,BC,d,, input.nc.tmp2
+ ncatted -O -a valid_range,CO,d,, input.nc.tmp2
+ ncatted -O -a valid_range,NOx,d,, input.nc.tmp2
+ ncatted -O -a valid_range,NH3,d,, input.nc.tmp2
+ ncatted -O -a add_offset,SO2,d,, input.nc.tmp2
+ ncatted -O -a add_offset,PM2.5,d,, input.nc.tmp2
+ ncatted -O -a add_offset,OC,d,, input.nc.tmp2
+ ncatted -O -a add_offset,BC,d,, input.nc.tmp2
+ ncatted -O -a add_offset,CO,d,, input.nc.tmp2
+ ncatted -O -a add_offset,NOx,d,, input.nc.tmp2
+ ncatted -O -a add_offset,NH3,d,, input.nc.tmp2
+ ncatted -O -a add_offset,MeanFRP,d,, input.nc.tmp2
+ ncatted -O -a valid_range,MeanFRP,d,, input.nc.tmp2
+ ncatted -O -a coordinates,MeanFRP,d,, input.nc.tmp2
+ nccopy -k 'netCDF-4 classic model' input.nc.tmp2 input.nc.tmp3
+ nccopy -d1 input.nc.tmp3 input.nc.tmp4
+ ERR=0
+ ECNT=0
+ '[' 0 -eq 0 ']'
+ /bin/mv input.nc.tmp4 /scratch1/BMC/gsd-fv3-dev/MAPP_2018/bhuang/JEDI-2020/JEDI-FV3/expCodes/PACEData/GBBEPx/Prep_GBBEPx_2024070100_2024093000/FixGBBEPx/GBBEPx_all01GRID.emissions_v004_20240707.nc
+ ERR=0
+ ECNT=0
+ '[' 0 -eq 0 ']'
+ echo 'Fix GBBEPx successflully at 20240707'
Fix GBBEPx successflully at 20240707
++ /scratch2/NCEPDEV/nwprod/NCEPLIBS/utils/prod_util.v1.1.0/exec/ndate 24 2024070700
+ IDATE=2024070800
+ '[' 2024070800 -le 2024072600 ']'
+ ECNT=0
+ /bin/rm -rf input.nc.tmp input.nc.tmp2 input.nc.tmp3 input.nc
+ IY=2024
+ IM=07
+ ID=08
+ IYMD=20240708
+ SRCFILE='/scratch1/BMC/gsd-fv3-dev/MAPP_2018/bhuang/JEDI-2020/JEDI-FV3/expCodes/PACEData/GBBEPx/Prep_GBBEPx_2024070100_2024093000/2024070800/*.nc'
+ OUTFILE=/scratch1/BMC/gsd-fv3-dev/MAPP_2018/bhuang/JEDI-2020/JEDI-FV3/expCodes/PACEData/GBBEPx/Prep_GBBEPx_2024070100_2024093000/FixGBBEPx/GBBEPx_all01GRID.emissions_v004_20240708.nc
++ wc -l
++ ls /scratch1/BMC/gsd-fv3-dev/MAPP_2018/bhuang/JEDI-2020/JEDI-FV3/expCodes/PACEData/GBBEPx/Prep_GBBEPx_2024070100_2024093000/2024070800/GBBEPx-all01GRID_v5r0_blend_s202407080000000_e202407082359590_c202407090118110.nc
+ NNC=1
+ '[' 1 -eq 1 ']'
++ ls /scratch1/BMC/gsd-fv3-dev/MAPP_2018/bhuang/JEDI-2020/JEDI-FV3/expCodes/PACEData/GBBEPx/Prep_GBBEPx_2024070100_2024093000/2024070800/GBBEPx-all01GRID_v5r0_blend_s202407080000000_e202407082359590_c202407090118110.nc
+ for FILE in $(ls ${SRCFILE})
+ /bin/cp /scratch1/BMC/gsd-fv3-dev/MAPP_2018/bhuang/JEDI-2020/JEDI-FV3/expCodes/PACEData/GBBEPx/Prep_GBBEPx_2024070100_2024093000/2024070800/GBBEPx-all01GRID_v5r0_blend_s202407080000000_e202407082359590_c202407090118110.nc input.nc
+ ERR=0
+ ECNT=0
+ /home/Bo.Huang/JEDI-2020/UFS-Aerosols_RETcyc/UFS-Aerosols-EP4_JEDI-AeroDA-Reanl/misc/PrepPACE/GBBEPx/fix_GBBEPx_Li.sh input.nc 20240708
+ '[' -z '' ']'
+ case "$-" in
+ __lmod_vx=x
+ '[' -n x ']'
+ set +x
Shell debugging temporarily silenced: export LMOD_SH_DBG_ON=1 for this output (/apps/lmod/lmod/init/bash)
Shell debugging restarted
+ unset __lmod_vx
+ input_file=input.nc
+ yyyymmdd=20240708
+ nccopy -k classic input.nc input.nc.tmp
+ ncks --mk_rec_dmn Time input.nc.tmp -O -o input.nc.tmp
+ ncatted -O -a units,Longitude,m,c,degrees_east input.nc.tmp
+ ncrename -v Time,time -d Time,time input.nc.tmp -O -o input.nc.tmp
+ ncrename -v Latitude,lat -d Latitude,lat input.nc.tmp -O -o input.nc.tmp
+ ncrename -v Longitude,lon -d Longitude,lon input.nc.tmp -O -o input.nc.tmp
+ ncap2 -O -s 'time[time]=0' input.nc.tmp -o input.nc.tmp
+ ncks -C -O -x -v Max_emission,Max_emission_col,Max_emission_row input.nc.tmp input.nc.tmp
+ ncks -C -O -x -v QCAll,CloudPerc,FirePerc,NumSensor input.nc.tmp input.nc.tmp
+ ncks -C -O -x -v TotalEmis_region_Africa input.nc.tmp input.nc.tmp
+ ncks -C -O -x -v TotalEmis_region_Asia input.nc.tmp input.nc.tmp
+ ncks -C -O -x -v TotalEmis_region_Australia input.nc.tmp input.nc.tmp
+ ncks -C -O -x -v TotalEmis_region_Europe input.nc.tmp input.nc.tmp
+ ncks -C -O -x -v TotalEmis_region_NorthAmerica input.nc.tmp input.nc.tmp
+ ncks -C -O -x -v TotalEmis_region_SouthAmerica input.nc.tmp input.nc.tmp
+ ncks -C -O -x -v quality_information input.nc.tmp input.nc.tmp
+ ncks -O -d lat,-89.5,89.5 input.nc.tmp input.nc.tmp2
++ date -d 20240708 +%Y-%m-%d
+ d=2024-07-08
+ dd='hours since 2024-07-08 12:00:00'
+ ncatted -O -a 'units,time,c,c,hours since 2024-07-08 12:00:00' input.nc.tmp2
+ ncatted -O -a long_name,time,c,c,Time input.nc.tmp2
+ ncatted -O -a calendar,time,c,c,gregorian input.nc.tmp2
+ ncatted -O -a axis,time,c,c,T input.nc.tmp2
+ ncatted -O -a long_name,lat,m,c,latitude input.nc.tmp2
+ ncatted -O -a long_name,lon,m,c,longitude input.nc.tmp2
+ ncatted -O -a axis,lon,d,, input.nc.tmp2
+ ncatted -O -a bounds,lon,d,, input.nc.tmp2
+ ncatted -O -a valid_range,lon,d,, input.nc.tmp2
+ ncatted -O -a scale_factor,lon,d,, input.nc.tmp2
+ ncatted -O -a add_offset,lon,d,, input.nc.tmp2
+ ncatted -O -a _FillValue,lon,d,, input.nc.tmp2
+ ncatted -O -a axis,lat,d,, input.nc.tmp2
+ ncatted -O -a bounds,lat,d,, input.nc.tmp2
+ ncatted -O -a valid_range,lat,d,, input.nc.tmp2
+ ncatted -O -a scale_factor,lat,d,, input.nc.tmp2
+ ncatted -O -a add_offset,lat,d,, input.nc.tmp2
+ ncatted -O -a _FillValue,lat,d,, input.nc.tmp2
+ ncatted -O -a coordinates,SO2,d,, input.nc.tmp2
+ ncatted -O -a coordinates,PM2.5,d,, input.nc.tmp2
+ ncatted -O -a coordinates,OC,d,, input.nc.tmp2
+ ncatted -O -a coordinates,BC,d,, input.nc.tmp2
+ ncatted -O -a coordinates,CO,d,, input.nc.tmp2
+ ncatted -O -a coordinates,NOx,d,, input.nc.tmp2
+ ncatted -O -a coordinates,NH3,d,, input.nc.tmp2
+ ncatted -O -a valid_range,SO2,d,, input.nc.tmp2
+ ncatted -O -a valid_range,PM2.5,d,, input.nc.tmp2
+ ncatted -O -a valid_range,OC,d,, input.nc.tmp2
+ ncatted -O -a valid_range,BC,d,, input.nc.tmp2
+ ncatted -O -a valid_range,CO,d,, input.nc.tmp2
+ ncatted -O -a valid_range,NOx,d,, input.nc.tmp2
+ ncatted -O -a valid_range,NH3,d,, input.nc.tmp2
+ ncatted -O -a add_offset,SO2,d,, input.nc.tmp2
+ ncatted -O -a add_offset,PM2.5,d,, input.nc.tmp2
+ ncatted -O -a add_offset,OC,d,, input.nc.tmp2
+ ncatted -O -a add_offset,BC,d,, input.nc.tmp2
+ ncatted -O -a add_offset,CO,d,, input.nc.tmp2
+ ncatted -O -a add_offset,NOx,d,, input.nc.tmp2
+ ncatted -O -a add_offset,NH3,d,, input.nc.tmp2
+ ncatted -O -a add_offset,MeanFRP,d,, input.nc.tmp2
+ ncatted -O -a valid_range,MeanFRP,d,, input.nc.tmp2
+ ncatted -O -a coordinates,MeanFRP,d,, input.nc.tmp2
+ nccopy -k 'netCDF-4 classic model' input.nc.tmp2 input.nc.tmp3
+ nccopy -d1 input.nc.tmp3 input.nc.tmp4
+ ERR=0
+ ECNT=0
+ '[' 0 -eq 0 ']'
+ /bin/mv input.nc.tmp4 /scratch1/BMC/gsd-fv3-dev/MAPP_2018/bhuang/JEDI-2020/JEDI-FV3/expCodes/PACEData/GBBEPx/Prep_GBBEPx_2024070100_2024093000/FixGBBEPx/GBBEPx_all01GRID.emissions_v004_20240708.nc
+ ERR=0
+ ECNT=0
+ '[' 0 -eq 0 ']'
+ echo 'Fix GBBEPx successflully at 20240708'
Fix GBBEPx successflully at 20240708
++ /scratch2/NCEPDEV/nwprod/NCEPLIBS/utils/prod_util.v1.1.0/exec/ndate 24 2024070800
+ IDATE=2024070900
+ '[' 2024070900 -le 2024072600 ']'
+ ECNT=0
+ /bin/rm -rf input.nc.tmp input.nc.tmp2 input.nc.tmp3 input.nc
+ IY=2024
+ IM=07
+ ID=09
+ IYMD=20240709
+ SRCFILE='/scratch1/BMC/gsd-fv3-dev/MAPP_2018/bhuang/JEDI-2020/JEDI-FV3/expCodes/PACEData/GBBEPx/Prep_GBBEPx_2024070100_2024093000/2024070900/*.nc'
+ OUTFILE=/scratch1/BMC/gsd-fv3-dev/MAPP_2018/bhuang/JEDI-2020/JEDI-FV3/expCodes/PACEData/GBBEPx/Prep_GBBEPx_2024070100_2024093000/FixGBBEPx/GBBEPx_all01GRID.emissions_v004_20240709.nc
++ wc -l
++ ls /scratch1/BMC/gsd-fv3-dev/MAPP_2018/bhuang/JEDI-2020/JEDI-FV3/expCodes/PACEData/GBBEPx/Prep_GBBEPx_2024070100_2024093000/2024070900/GBBEPx-all01GRID_v5r0_blend_s202407090000000_e202407092359590_c202407100133490.nc
+ NNC=1
+ '[' 1 -eq 1 ']'
++ ls /scratch1/BMC/gsd-fv3-dev/MAPP_2018/bhuang/JEDI-2020/JEDI-FV3/expCodes/PACEData/GBBEPx/Prep_GBBEPx_2024070100_2024093000/2024070900/GBBEPx-all01GRID_v5r0_blend_s202407090000000_e202407092359590_c202407100133490.nc
+ for FILE in $(ls ${SRCFILE})
+ /bin/cp /scratch1/BMC/gsd-fv3-dev/MAPP_2018/bhuang/JEDI-2020/JEDI-FV3/expCodes/PACEData/GBBEPx/Prep_GBBEPx_2024070100_2024093000/2024070900/GBBEPx-all01GRID_v5r0_blend_s202407090000000_e202407092359590_c202407100133490.nc input.nc
+ ERR=0
+ ECNT=0
+ /home/Bo.Huang/JEDI-2020/UFS-Aerosols_RETcyc/UFS-Aerosols-EP4_JEDI-AeroDA-Reanl/misc/PrepPACE/GBBEPx/fix_GBBEPx_Li.sh input.nc 20240709
+ '[' -z '' ']'
+ case "$-" in
+ __lmod_vx=x
+ '[' -n x ']'
+ set +x
Shell debugging temporarily silenced: export LMOD_SH_DBG_ON=1 for this output (/apps/lmod/lmod/init/bash)
Shell debugging restarted
+ unset __lmod_vx
+ input_file=input.nc
+ yyyymmdd=20240709
+ nccopy -k classic input.nc input.nc.tmp
+ ncks --mk_rec_dmn Time input.nc.tmp -O -o input.nc.tmp
+ ncatted -O -a units,Longitude,m,c,degrees_east input.nc.tmp
+ ncrename -v Time,time -d Time,time input.nc.tmp -O -o input.nc.tmp
+ ncrename -v Latitude,lat -d Latitude,lat input.nc.tmp -O -o input.nc.tmp
+ ncrename -v Longitude,lon -d Longitude,lon input.nc.tmp -O -o input.nc.tmp
+ ncap2 -O -s 'time[time]=0' input.nc.tmp -o input.nc.tmp
+ ncks -C -O -x -v Max_emission,Max_emission_col,Max_emission_row input.nc.tmp input.nc.tmp
+ ncks -C -O -x -v QCAll,CloudPerc,FirePerc,NumSensor input.nc.tmp input.nc.tmp
+ ncks -C -O -x -v TotalEmis_region_Africa input.nc.tmp input.nc.tmp
+ ncks -C -O -x -v TotalEmis_region_Asia input.nc.tmp input.nc.tmp
+ ncks -C -O -x -v TotalEmis_region_Australia input.nc.tmp input.nc.tmp
+ ncks -C -O -x -v TotalEmis_region_Europe input.nc.tmp input.nc.tmp
+ ncks -C -O -x -v TotalEmis_region_NorthAmerica input.nc.tmp input.nc.tmp
+ ncks -C -O -x -v TotalEmis_region_SouthAmerica input.nc.tmp input.nc.tmp
+ ncks -C -O -x -v quality_information input.nc.tmp input.nc.tmp
+ ncks -O -d lat,-89.5,89.5 input.nc.tmp input.nc.tmp2
++ date -d 20240709 +%Y-%m-%d
+ d=2024-07-09
+ dd='hours since 2024-07-09 12:00:00'
+ ncatted -O -a 'units,time,c,c,hours since 2024-07-09 12:00:00' input.nc.tmp2
+ ncatted -O -a long_name,time,c,c,Time input.nc.tmp2
+ ncatted -O -a calendar,time,c,c,gregorian input.nc.tmp2
+ ncatted -O -a axis,time,c,c,T input.nc.tmp2
+ ncatted -O -a long_name,lat,m,c,latitude input.nc.tmp2
+ ncatted -O -a long_name,lon,m,c,longitude input.nc.tmp2
+ ncatted -O -a axis,lon,d,, input.nc.tmp2
+ ncatted -O -a bounds,lon,d,, input.nc.tmp2
+ ncatted -O -a valid_range,lon,d,, input.nc.tmp2
+ ncatted -O -a scale_factor,lon,d,, input.nc.tmp2
+ ncatted -O -a add_offset,lon,d,, input.nc.tmp2
+ ncatted -O -a _FillValue,lon,d,, input.nc.tmp2
+ ncatted -O -a axis,lat,d,, input.nc.tmp2
+ ncatted -O -a bounds,lat,d,, input.nc.tmp2
+ ncatted -O -a valid_range,lat,d,, input.nc.tmp2
+ ncatted -O -a scale_factor,lat,d,, input.nc.tmp2
+ ncatted -O -a add_offset,lat,d,, input.nc.tmp2
+ ncatted -O -a _FillValue,lat,d,, input.nc.tmp2
+ ncatted -O -a coordinates,SO2,d,, input.nc.tmp2
+ ncatted -O -a coordinates,PM2.5,d,, input.nc.tmp2
+ ncatted -O -a coordinates,OC,d,, input.nc.tmp2
+ ncatted -O -a coordinates,BC,d,, input.nc.tmp2
+ ncatted -O -a coordinates,CO,d,, input.nc.tmp2
+ ncatted -O -a coordinates,NOx,d,, input.nc.tmp2
+ ncatted -O -a coordinates,NH3,d,, input.nc.tmp2
+ ncatted -O -a valid_range,SO2,d,, input.nc.tmp2
+ ncatted -O -a valid_range,PM2.5,d,, input.nc.tmp2
+ ncatted -O -a valid_range,OC,d,, input.nc.tmp2
+ ncatted -O -a valid_range,BC,d,, input.nc.tmp2
+ ncatted -O -a valid_range,CO,d,, input.nc.tmp2
+ ncatted -O -a valid_range,NOx,d,, input.nc.tmp2
+ ncatted -O -a valid_range,NH3,d,, input.nc.tmp2
+ ncatted -O -a add_offset,SO2,d,, input.nc.tmp2
+ ncatted -O -a add_offset,PM2.5,d,, input.nc.tmp2
+ ncatted -O -a add_offset,OC,d,, input.nc.tmp2
+ ncatted -O -a add_offset,BC,d,, input.nc.tmp2
+ ncatted -O -a add_offset,CO,d,, input.nc.tmp2
+ ncatted -O -a add_offset,NOx,d,, input.nc.tmp2
+ ncatted -O -a add_offset,NH3,d,, input.nc.tmp2
+ ncatted -O -a add_offset,MeanFRP,d,, input.nc.tmp2
+ ncatted -O -a valid_range,MeanFRP,d,, input.nc.tmp2
+ ncatted -O -a coordinates,MeanFRP,d,, input.nc.tmp2
+ nccopy -k 'netCDF-4 classic model' input.nc.tmp2 input.nc.tmp3
+ nccopy -d1 input.nc.tmp3 input.nc.tmp4
+ ERR=0
+ ECNT=0
+ '[' 0 -eq 0 ']'
+ /bin/mv input.nc.tmp4 /scratch1/BMC/gsd-fv3-dev/MAPP_2018/bhuang/JEDI-2020/JEDI-FV3/expCodes/PACEData/GBBEPx/Prep_GBBEPx_2024070100_2024093000/FixGBBEPx/GBBEPx_all01GRID.emissions_v004_20240709.nc
+ ERR=0
+ ECNT=0
+ '[' 0 -eq 0 ']'
+ echo 'Fix GBBEPx successflully at 20240709'
Fix GBBEPx successflully at 20240709
++ /scratch2/NCEPDEV/nwprod/NCEPLIBS/utils/prod_util.v1.1.0/exec/ndate 24 2024070900
+ IDATE=2024071000
+ '[' 2024071000 -le 2024072600 ']'
+ ECNT=0
+ /bin/rm -rf input.nc.tmp input.nc.tmp2 input.nc.tmp3 input.nc
+ IY=2024
+ IM=07
+ ID=10
+ IYMD=20240710
+ SRCFILE='/scratch1/BMC/gsd-fv3-dev/MAPP_2018/bhuang/JEDI-2020/JEDI-FV3/expCodes/PACEData/GBBEPx/Prep_GBBEPx_2024070100_2024093000/2024071000/*.nc'
+ OUTFILE=/scratch1/BMC/gsd-fv3-dev/MAPP_2018/bhuang/JEDI-2020/JEDI-FV3/expCodes/PACEData/GBBEPx/Prep_GBBEPx_2024070100_2024093000/FixGBBEPx/GBBEPx_all01GRID.emissions_v004_20240710.nc
++ wc -l
++ ls /scratch1/BMC/gsd-fv3-dev/MAPP_2018/bhuang/JEDI-2020/JEDI-FV3/expCodes/PACEData/GBBEPx/Prep_GBBEPx_2024070100_2024093000/2024071000/GBBEPx-all01GRID_v5r0_blend_s202407100000000_e202407102359590_c202407110113280.nc
+ NNC=1
+ '[' 1 -eq 1 ']'
++ ls /scratch1/BMC/gsd-fv3-dev/MAPP_2018/bhuang/JEDI-2020/JEDI-FV3/expCodes/PACEData/GBBEPx/Prep_GBBEPx_2024070100_2024093000/2024071000/GBBEPx-all01GRID_v5r0_blend_s202407100000000_e202407102359590_c202407110113280.nc
+ for FILE in $(ls ${SRCFILE})
+ /bin/cp /scratch1/BMC/gsd-fv3-dev/MAPP_2018/bhuang/JEDI-2020/JEDI-FV3/expCodes/PACEData/GBBEPx/Prep_GBBEPx_2024070100_2024093000/2024071000/GBBEPx-all01GRID_v5r0_blend_s202407100000000_e202407102359590_c202407110113280.nc input.nc
+ ERR=0
+ ECNT=0
+ /home/Bo.Huang/JEDI-2020/UFS-Aerosols_RETcyc/UFS-Aerosols-EP4_JEDI-AeroDA-Reanl/misc/PrepPACE/GBBEPx/fix_GBBEPx_Li.sh input.nc 20240710
+ '[' -z '' ']'
+ case "$-" in
+ __lmod_vx=x
+ '[' -n x ']'
+ set +x
Shell debugging temporarily silenced: export LMOD_SH_DBG_ON=1 for this output (/apps/lmod/lmod/init/bash)
Shell debugging restarted
+ unset __lmod_vx
+ input_file=input.nc
+ yyyymmdd=20240710
+ nccopy -k classic input.nc input.nc.tmp
+ ncks --mk_rec_dmn Time input.nc.tmp -O -o input.nc.tmp
+ ncatted -O -a units,Longitude,m,c,degrees_east input.nc.tmp
+ ncrename -v Time,time -d Time,time input.nc.tmp -O -o input.nc.tmp
+ ncrename -v Latitude,lat -d Latitude,lat input.nc.tmp -O -o input.nc.tmp
+ ncrename -v Longitude,lon -d Longitude,lon input.nc.tmp -O -o input.nc.tmp
+ ncap2 -O -s 'time[time]=0' input.nc.tmp -o input.nc.tmp
+ ncks -C -O -x -v Max_emission,Max_emission_col,Max_emission_row input.nc.tmp input.nc.tmp
+ ncks -C -O -x -v QCAll,CloudPerc,FirePerc,NumSensor input.nc.tmp input.nc.tmp
+ ncks -C -O -x -v TotalEmis_region_Africa input.nc.tmp input.nc.tmp
+ ncks -C -O -x -v TotalEmis_region_Asia input.nc.tmp input.nc.tmp
+ ncks -C -O -x -v TotalEmis_region_Australia input.nc.tmp input.nc.tmp
+ ncks -C -O -x -v TotalEmis_region_Europe input.nc.tmp input.nc.tmp
+ ncks -C -O -x -v TotalEmis_region_NorthAmerica input.nc.tmp input.nc.tmp
+ ncks -C -O -x -v TotalEmis_region_SouthAmerica input.nc.tmp input.nc.tmp
+ ncks -C -O -x -v quality_information input.nc.tmp input.nc.tmp
+ ncks -O -d lat,-89.5,89.5 input.nc.tmp input.nc.tmp2
++ date -d 20240710 +%Y-%m-%d
+ d=2024-07-10
+ dd='hours since 2024-07-10 12:00:00'
+ ncatted -O -a 'units,time,c,c,hours since 2024-07-10 12:00:00' input.nc.tmp2
+ ncatted -O -a long_name,time,c,c,Time input.nc.tmp2
+ ncatted -O -a calendar,time,c,c,gregorian input.nc.tmp2
+ ncatted -O -a axis,time,c,c,T input.nc.tmp2
+ ncatted -O -a long_name,lat,m,c,latitude input.nc.tmp2
+ ncatted -O -a long_name,lon,m,c,longitude input.nc.tmp2
+ ncatted -O -a axis,lon,d,, input.nc.tmp2
+ ncatted -O -a bounds,lon,d,, input.nc.tmp2
+ ncatted -O -a valid_range,lon,d,, input.nc.tmp2
+ ncatted -O -a scale_factor,lon,d,, input.nc.tmp2
+ ncatted -O -a add_offset,lon,d,, input.nc.tmp2
+ ncatted -O -a _FillValue,lon,d,, input.nc.tmp2
+ ncatted -O -a axis,lat,d,, input.nc.tmp2
+ ncatted -O -a bounds,lat,d,, input.nc.tmp2
+ ncatted -O -a valid_range,lat,d,, input.nc.tmp2
+ ncatted -O -a scale_factor,lat,d,, input.nc.tmp2
+ ncatted -O -a add_offset,lat,d,, input.nc.tmp2
+ ncatted -O -a _FillValue,lat,d,, input.nc.tmp2
+ ncatted -O -a coordinates,SO2,d,, input.nc.tmp2
+ ncatted -O -a coordinates,PM2.5,d,, input.nc.tmp2
+ ncatted -O -a coordinates,OC,d,, input.nc.tmp2
+ ncatted -O -a coordinates,BC,d,, input.nc.tmp2
+ ncatted -O -a coordinates,CO,d,, input.nc.tmp2
+ ncatted -O -a coordinates,NOx,d,, input.nc.tmp2
+ ncatted -O -a coordinates,NH3,d,, input.nc.tmp2
+ ncatted -O -a valid_range,SO2,d,, input.nc.tmp2
+ ncatted -O -a valid_range,PM2.5,d,, input.nc.tmp2
+ ncatted -O -a valid_range,OC,d,, input.nc.tmp2
+ ncatted -O -a valid_range,BC,d,, input.nc.tmp2
+ ncatted -O -a valid_range,CO,d,, input.nc.tmp2
+ ncatted -O -a valid_range,NOx,d,, input.nc.tmp2
+ ncatted -O -a valid_range,NH3,d,, input.nc.tmp2
+ ncatted -O -a add_offset,SO2,d,, input.nc.tmp2
+ ncatted -O -a add_offset,PM2.5,d,, input.nc.tmp2
+ ncatted -O -a add_offset,OC,d,, input.nc.tmp2
+ ncatted -O -a add_offset,BC,d,, input.nc.tmp2
+ ncatted -O -a add_offset,CO,d,, input.nc.tmp2
+ ncatted -O -a add_offset,NOx,d,, input.nc.tmp2
+ ncatted -O -a add_offset,NH3,d,, input.nc.tmp2
+ ncatted -O -a add_offset,MeanFRP,d,, input.nc.tmp2
+ ncatted -O -a valid_range,MeanFRP,d,, input.nc.tmp2
+ ncatted -O -a coordinates,MeanFRP,d,, input.nc.tmp2
+ nccopy -k 'netCDF-4 classic model' input.nc.tmp2 input.nc.tmp3
+ nccopy -d1 input.nc.tmp3 input.nc.tmp4
+ ERR=0
+ ECNT=0
+ '[' 0 -eq 0 ']'
+ /bin/mv input.nc.tmp4 /scratch1/BMC/gsd-fv3-dev/MAPP_2018/bhuang/JEDI-2020/JEDI-FV3/expCodes/PACEData/GBBEPx/Prep_GBBEPx_2024070100_2024093000/FixGBBEPx/GBBEPx_all01GRID.emissions_v004_20240710.nc
+ ERR=0
+ ECNT=0
+ '[' 0 -eq 0 ']'
+ echo 'Fix GBBEPx successflully at 20240710'
Fix GBBEPx successflully at 20240710
++ /scratch2/NCEPDEV/nwprod/NCEPLIBS/utils/prod_util.v1.1.0/exec/ndate 24 2024071000
+ IDATE=2024071100
+ '[' 2024071100 -le 2024072600 ']'
+ ECNT=0
+ /bin/rm -rf input.nc.tmp input.nc.tmp2 input.nc.tmp3 input.nc
+ IY=2024
+ IM=07
+ ID=11
+ IYMD=20240711
+ SRCFILE='/scratch1/BMC/gsd-fv3-dev/MAPP_2018/bhuang/JEDI-2020/JEDI-FV3/expCodes/PACEData/GBBEPx/Prep_GBBEPx_2024070100_2024093000/2024071100/*.nc'
+ OUTFILE=/scratch1/BMC/gsd-fv3-dev/MAPP_2018/bhuang/JEDI-2020/JEDI-FV3/expCodes/PACEData/GBBEPx/Prep_GBBEPx_2024070100_2024093000/FixGBBEPx/GBBEPx_all01GRID.emissions_v004_20240711.nc
++ wc -l
++ ls /scratch1/BMC/gsd-fv3-dev/MAPP_2018/bhuang/JEDI-2020/JEDI-FV3/expCodes/PACEData/GBBEPx/Prep_GBBEPx_2024070100_2024093000/2024071100/GBBEPx-all01GRID_v5r0_blend_s202407110000000_e202407112359590_c202407120134330.nc
+ NNC=1
+ '[' 1 -eq 1 ']'
++ ls /scratch1/BMC/gsd-fv3-dev/MAPP_2018/bhuang/JEDI-2020/JEDI-FV3/expCodes/PACEData/GBBEPx/Prep_GBBEPx_2024070100_2024093000/2024071100/GBBEPx-all01GRID_v5r0_blend_s202407110000000_e202407112359590_c202407120134330.nc
+ for FILE in $(ls ${SRCFILE})
+ /bin/cp /scratch1/BMC/gsd-fv3-dev/MAPP_2018/bhuang/JEDI-2020/JEDI-FV3/expCodes/PACEData/GBBEPx/Prep_GBBEPx_2024070100_2024093000/2024071100/GBBEPx-all01GRID_v5r0_blend_s202407110000000_e202407112359590_c202407120134330.nc input.nc
+ ERR=0
+ ECNT=0
+ /home/Bo.Huang/JEDI-2020/UFS-Aerosols_RETcyc/UFS-Aerosols-EP4_JEDI-AeroDA-Reanl/misc/PrepPACE/GBBEPx/fix_GBBEPx_Li.sh input.nc 20240711
+ '[' -z '' ']'
+ case "$-" in
+ __lmod_vx=x
+ '[' -n x ']'
+ set +x
Shell debugging temporarily silenced: export LMOD_SH_DBG_ON=1 for this output (/apps/lmod/lmod/init/bash)
Shell debugging restarted
+ unset __lmod_vx
+ input_file=input.nc
+ yyyymmdd=20240711
+ nccopy -k classic input.nc input.nc.tmp
+ ncks --mk_rec_dmn Time input.nc.tmp -O -o input.nc.tmp
+ ncatted -O -a units,Longitude,m,c,degrees_east input.nc.tmp
+ ncrename -v Time,time -d Time,time input.nc.tmp -O -o input.nc.tmp
+ ncrename -v Latitude,lat -d Latitude,lat input.nc.tmp -O -o input.nc.tmp
+ ncrename -v Longitude,lon -d Longitude,lon input.nc.tmp -O -o input.nc.tmp
+ ncap2 -O -s 'time[time]=0' input.nc.tmp -o input.nc.tmp
+ ncks -C -O -x -v Max_emission,Max_emission_col,Max_emission_row input.nc.tmp input.nc.tmp
+ ncks -C -O -x -v QCAll,CloudPerc,FirePerc,NumSensor input.nc.tmp input.nc.tmp
+ ncks -C -O -x -v TotalEmis_region_Africa input.nc.tmp input.nc.tmp
+ ncks -C -O -x -v TotalEmis_region_Asia input.nc.tmp input.nc.tmp
+ ncks -C -O -x -v TotalEmis_region_Australia input.nc.tmp input.nc.tmp
+ ncks -C -O -x -v TotalEmis_region_Europe input.nc.tmp input.nc.tmp
+ ncks -C -O -x -v TotalEmis_region_NorthAmerica input.nc.tmp input.nc.tmp
+ ncks -C -O -x -v TotalEmis_region_SouthAmerica input.nc.tmp input.nc.tmp
+ ncks -C -O -x -v quality_information input.nc.tmp input.nc.tmp
+ ncks -O -d lat,-89.5,89.5 input.nc.tmp input.nc.tmp2
++ date -d 20240711 +%Y-%m-%d
+ d=2024-07-11
+ dd='hours since 2024-07-11 12:00:00'
+ ncatted -O -a 'units,time,c,c,hours since 2024-07-11 12:00:00' input.nc.tmp2
+ ncatted -O -a long_name,time,c,c,Time input.nc.tmp2
+ ncatted -O -a calendar,time,c,c,gregorian input.nc.tmp2
+ ncatted -O -a axis,time,c,c,T input.nc.tmp2
+ ncatted -O -a long_name,lat,m,c,latitude input.nc.tmp2
+ ncatted -O -a long_name,lon,m,c,longitude input.nc.tmp2
+ ncatted -O -a axis,lon,d,, input.nc.tmp2
+ ncatted -O -a bounds,lon,d,, input.nc.tmp2
+ ncatted -O -a valid_range,lon,d,, input.nc.tmp2
+ ncatted -O -a scale_factor,lon,d,, input.nc.tmp2
+ ncatted -O -a add_offset,lon,d,, input.nc.tmp2
+ ncatted -O -a _FillValue,lon,d,, input.nc.tmp2
+ ncatted -O -a axis,lat,d,, input.nc.tmp2
+ ncatted -O -a bounds,lat,d,, input.nc.tmp2
+ ncatted -O -a valid_range,lat,d,, input.nc.tmp2
+ ncatted -O -a scale_factor,lat,d,, input.nc.tmp2
+ ncatted -O -a add_offset,lat,d,, input.nc.tmp2
+ ncatted -O -a _FillValue,lat,d,, input.nc.tmp2
+ ncatted -O -a coordinates,SO2,d,, input.nc.tmp2
+ ncatted -O -a coordinates,PM2.5,d,, input.nc.tmp2
+ ncatted -O -a coordinates,OC,d,, input.nc.tmp2
+ ncatted -O -a coordinates,BC,d,, input.nc.tmp2
+ ncatted -O -a coordinates,CO,d,, input.nc.tmp2
+ ncatted -O -a coordinates,NOx,d,, input.nc.tmp2
+ ncatted -O -a coordinates,NH3,d,, input.nc.tmp2
+ ncatted -O -a valid_range,SO2,d,, input.nc.tmp2
+ ncatted -O -a valid_range,PM2.5,d,, input.nc.tmp2
+ ncatted -O -a valid_range,OC,d,, input.nc.tmp2
+ ncatted -O -a valid_range,BC,d,, input.nc.tmp2
+ ncatted -O -a valid_range,CO,d,, input.nc.tmp2
+ ncatted -O -a valid_range,NOx,d,, input.nc.tmp2
+ ncatted -O -a valid_range,NH3,d,, input.nc.tmp2
+ ncatted -O -a add_offset,SO2,d,, input.nc.tmp2
+ ncatted -O -a add_offset,PM2.5,d,, input.nc.tmp2
+ ncatted -O -a add_offset,OC,d,, input.nc.tmp2
+ ncatted -O -a add_offset,BC,d,, input.nc.tmp2
+ ncatted -O -a add_offset,CO,d,, input.nc.tmp2
+ ncatted -O -a add_offset,NOx,d,, input.nc.tmp2
+ ncatted -O -a add_offset,NH3,d,, input.nc.tmp2
+ ncatted -O -a add_offset,MeanFRP,d,, input.nc.tmp2
+ ncatted -O -a valid_range,MeanFRP,d,, input.nc.tmp2
+ ncatted -O -a coordinates,MeanFRP,d,, input.nc.tmp2
+ nccopy -k 'netCDF-4 classic model' input.nc.tmp2 input.nc.tmp3
+ nccopy -d1 input.nc.tmp3 input.nc.tmp4
+ ERR=0
+ ECNT=0
+ '[' 0 -eq 0 ']'
+ /bin/mv input.nc.tmp4 /scratch1/BMC/gsd-fv3-dev/MAPP_2018/bhuang/JEDI-2020/JEDI-FV3/expCodes/PACEData/GBBEPx/Prep_GBBEPx_2024070100_2024093000/FixGBBEPx/GBBEPx_all01GRID.emissions_v004_20240711.nc
+ ERR=0
+ ECNT=0
+ '[' 0 -eq 0 ']'
+ echo 'Fix GBBEPx successflully at 20240711'
Fix GBBEPx successflully at 20240711
++ /scratch2/NCEPDEV/nwprod/NCEPLIBS/utils/prod_util.v1.1.0/exec/ndate 24 2024071100
+ IDATE=2024071200
+ '[' 2024071200 -le 2024072600 ']'
+ ECNT=0
+ /bin/rm -rf input.nc.tmp input.nc.tmp2 input.nc.tmp3 input.nc
+ IY=2024
+ IM=07
+ ID=12
+ IYMD=20240712
+ SRCFILE='/scratch1/BMC/gsd-fv3-dev/MAPP_2018/bhuang/JEDI-2020/JEDI-FV3/expCodes/PACEData/GBBEPx/Prep_GBBEPx_2024070100_2024093000/2024071200/*.nc'
+ OUTFILE=/scratch1/BMC/gsd-fv3-dev/MAPP_2018/bhuang/JEDI-2020/JEDI-FV3/expCodes/PACEData/GBBEPx/Prep_GBBEPx_2024070100_2024093000/FixGBBEPx/GBBEPx_all01GRID.emissions_v004_20240712.nc
++ wc -l
++ ls /scratch1/BMC/gsd-fv3-dev/MAPP_2018/bhuang/JEDI-2020/JEDI-FV3/expCodes/PACEData/GBBEPx/Prep_GBBEPx_2024070100_2024093000/2024071200/GBBEPx-all01GRID_v5r0_blend_s202407120000000_e202407122359590_c202407130116470.nc
+ NNC=1
+ '[' 1 -eq 1 ']'
++ ls /scratch1/BMC/gsd-fv3-dev/MAPP_2018/bhuang/JEDI-2020/JEDI-FV3/expCodes/PACEData/GBBEPx/Prep_GBBEPx_2024070100_2024093000/2024071200/GBBEPx-all01GRID_v5r0_blend_s202407120000000_e202407122359590_c202407130116470.nc
+ for FILE in $(ls ${SRCFILE})
+ /bin/cp /scratch1/BMC/gsd-fv3-dev/MAPP_2018/bhuang/JEDI-2020/JEDI-FV3/expCodes/PACEData/GBBEPx/Prep_GBBEPx_2024070100_2024093000/2024071200/GBBEPx-all01GRID_v5r0_blend_s202407120000000_e202407122359590_c202407130116470.nc input.nc
+ ERR=0
+ ECNT=0
+ /home/Bo.Huang/JEDI-2020/UFS-Aerosols_RETcyc/UFS-Aerosols-EP4_JEDI-AeroDA-Reanl/misc/PrepPACE/GBBEPx/fix_GBBEPx_Li.sh input.nc 20240712
+ '[' -z '' ']'
+ case "$-" in
+ __lmod_vx=x
+ '[' -n x ']'
+ set +x
Shell debugging temporarily silenced: export LMOD_SH_DBG_ON=1 for this output (/apps/lmod/lmod/init/bash)
Shell debugging restarted
+ unset __lmod_vx
+ input_file=input.nc
+ yyyymmdd=20240712
+ nccopy -k classic input.nc input.nc.tmp
+ ncks --mk_rec_dmn Time input.nc.tmp -O -o input.nc.tmp
+ ncatted -O -a units,Longitude,m,c,degrees_east input.nc.tmp
+ ncrename -v Time,time -d Time,time input.nc.tmp -O -o input.nc.tmp
+ ncrename -v Latitude,lat -d Latitude,lat input.nc.tmp -O -o input.nc.tmp
+ ncrename -v Longitude,lon -d Longitude,lon input.nc.tmp -O -o input.nc.tmp
+ ncap2 -O -s 'time[time]=0' input.nc.tmp -o input.nc.tmp
+ ncks -C -O -x -v Max_emission,Max_emission_col,Max_emission_row input.nc.tmp input.nc.tmp
+ ncks -C -O -x -v QCAll,CloudPerc,FirePerc,NumSensor input.nc.tmp input.nc.tmp
+ ncks -C -O -x -v TotalEmis_region_Africa input.nc.tmp input.nc.tmp
+ ncks -C -O -x -v TotalEmis_region_Asia input.nc.tmp input.nc.tmp
+ ncks -C -O -x -v TotalEmis_region_Australia input.nc.tmp input.nc.tmp
+ ncks -C -O -x -v TotalEmis_region_Europe input.nc.tmp input.nc.tmp
+ ncks -C -O -x -v TotalEmis_region_NorthAmerica input.nc.tmp input.nc.tmp
+ ncks -C -O -x -v TotalEmis_region_SouthAmerica input.nc.tmp input.nc.tmp
+ ncks -C -O -x -v quality_information input.nc.tmp input.nc.tmp
+ ncks -O -d lat,-89.5,89.5 input.nc.tmp input.nc.tmp2
++ date -d 20240712 +%Y-%m-%d
+ d=2024-07-12
+ dd='hours since 2024-07-12 12:00:00'
+ ncatted -O -a 'units,time,c,c,hours since 2024-07-12 12:00:00' input.nc.tmp2
+ ncatted -O -a long_name,time,c,c,Time input.nc.tmp2
+ ncatted -O -a calendar,time,c,c,gregorian input.nc.tmp2
+ ncatted -O -a axis,time,c,c,T input.nc.tmp2
+ ncatted -O -a long_name,lat,m,c,latitude input.nc.tmp2
+ ncatted -O -a long_name,lon,m,c,longitude input.nc.tmp2
+ ncatted -O -a axis,lon,d,, input.nc.tmp2
+ ncatted -O -a bounds,lon,d,, input.nc.tmp2
+ ncatted -O -a valid_range,lon,d,, input.nc.tmp2
+ ncatted -O -a scale_factor,lon,d,, input.nc.tmp2
+ ncatted -O -a add_offset,lon,d,, input.nc.tmp2
+ ncatted -O -a _FillValue,lon,d,, input.nc.tmp2
+ ncatted -O -a axis,lat,d,, input.nc.tmp2
+ ncatted -O -a bounds,lat,d,, input.nc.tmp2
+ ncatted -O -a valid_range,lat,d,, input.nc.tmp2
+ ncatted -O -a scale_factor,lat,d,, input.nc.tmp2
+ ncatted -O -a add_offset,lat,d,, input.nc.tmp2
+ ncatted -O -a _FillValue,lat,d,, input.nc.tmp2
+ ncatted -O -a coordinates,SO2,d,, input.nc.tmp2
+ ncatted -O -a coordinates,PM2.5,d,, input.nc.tmp2
+ ncatted -O -a coordinates,OC,d,, input.nc.tmp2
+ ncatted -O -a coordinates,BC,d,, input.nc.tmp2
+ ncatted -O -a coordinates,CO,d,, input.nc.tmp2
+ ncatted -O -a coordinates,NOx,d,, input.nc.tmp2
+ ncatted -O -a coordinates,NH3,d,, input.nc.tmp2
+ ncatted -O -a valid_range,SO2,d,, input.nc.tmp2
+ ncatted -O -a valid_range,PM2.5,d,, input.nc.tmp2
+ ncatted -O -a valid_range,OC,d,, input.nc.tmp2
+ ncatted -O -a valid_range,BC,d,, input.nc.tmp2
+ ncatted -O -a valid_range,CO,d,, input.nc.tmp2
+ ncatted -O -a valid_range,NOx,d,, input.nc.tmp2
+ ncatted -O -a valid_range,NH3,d,, input.nc.tmp2
+ ncatted -O -a add_offset,SO2,d,, input.nc.tmp2
+ ncatted -O -a add_offset,PM2.5,d,, input.nc.tmp2
+ ncatted -O -a add_offset,OC,d,, input.nc.tmp2
+ ncatted -O -a add_offset,BC,d,, input.nc.tmp2
+ ncatted -O -a add_offset,CO,d,, input.nc.tmp2
+ ncatted -O -a add_offset,NOx,d,, input.nc.tmp2
+ ncatted -O -a add_offset,NH3,d,, input.nc.tmp2
+ ncatted -O -a add_offset,MeanFRP,d,, input.nc.tmp2
+ ncatted -O -a valid_range,MeanFRP,d,, input.nc.tmp2
+ ncatted -O -a coordinates,MeanFRP,d,, input.nc.tmp2
+ nccopy -k 'netCDF-4 classic model' input.nc.tmp2 input.nc.tmp3
+ nccopy -d1 input.nc.tmp3 input.nc.tmp4
+ ERR=0
+ ECNT=0
+ '[' 0 -eq 0 ']'
+ /bin/mv input.nc.tmp4 /scratch1/BMC/gsd-fv3-dev/MAPP_2018/bhuang/JEDI-2020/JEDI-FV3/expCodes/PACEData/GBBEPx/Prep_GBBEPx_2024070100_2024093000/FixGBBEPx/GBBEPx_all01GRID.emissions_v004_20240712.nc
+ ERR=0
+ ECNT=0
+ '[' 0 -eq 0 ']'
+ echo 'Fix GBBEPx successflully at 20240712'
Fix GBBEPx successflully at 20240712
++ /scratch2/NCEPDEV/nwprod/NCEPLIBS/utils/prod_util.v1.1.0/exec/ndate 24 2024071200
+ IDATE=2024071300
+ '[' 2024071300 -le 2024072600 ']'
+ ECNT=0
+ /bin/rm -rf input.nc.tmp input.nc.tmp2 input.nc.tmp3 input.nc
+ IY=2024
+ IM=07
+ ID=13
+ IYMD=20240713
+ SRCFILE='/scratch1/BMC/gsd-fv3-dev/MAPP_2018/bhuang/JEDI-2020/JEDI-FV3/expCodes/PACEData/GBBEPx/Prep_GBBEPx_2024070100_2024093000/2024071300/*.nc'
+ OUTFILE=/scratch1/BMC/gsd-fv3-dev/MAPP_2018/bhuang/JEDI-2020/JEDI-FV3/expCodes/PACEData/GBBEPx/Prep_GBBEPx_2024070100_2024093000/FixGBBEPx/GBBEPx_all01GRID.emissions_v004_20240713.nc
++ wc -l
++ ls /scratch1/BMC/gsd-fv3-dev/MAPP_2018/bhuang/JEDI-2020/JEDI-FV3/expCodes/PACEData/GBBEPx/Prep_GBBEPx_2024070100_2024093000/2024071300/GBBEPx-all01GRID_v5r0_blend_s202407130000000_e202407132359590_c202407140337510.nc
+ NNC=1
+ '[' 1 -eq 1 ']'
++ ls /scratch1/BMC/gsd-fv3-dev/MAPP_2018/bhuang/JEDI-2020/JEDI-FV3/expCodes/PACEData/GBBEPx/Prep_GBBEPx_2024070100_2024093000/2024071300/GBBEPx-all01GRID_v5r0_blend_s202407130000000_e202407132359590_c202407140337510.nc
+ for FILE in $(ls ${SRCFILE})
+ /bin/cp /scratch1/BMC/gsd-fv3-dev/MAPP_2018/bhuang/JEDI-2020/JEDI-FV3/expCodes/PACEData/GBBEPx/Prep_GBBEPx_2024070100_2024093000/2024071300/GBBEPx-all01GRID_v5r0_blend_s202407130000000_e202407132359590_c202407140337510.nc input.nc
+ ERR=0
+ ECNT=0
+ /home/Bo.Huang/JEDI-2020/UFS-Aerosols_RETcyc/UFS-Aerosols-EP4_JEDI-AeroDA-Reanl/misc/PrepPACE/GBBEPx/fix_GBBEPx_Li.sh input.nc 20240713
+ '[' -z '' ']'
+ case "$-" in
+ __lmod_vx=x
+ '[' -n x ']'
+ set +x
Shell debugging temporarily silenced: export LMOD_SH_DBG_ON=1 for this output (/apps/lmod/lmod/init/bash)
Shell debugging restarted
+ unset __lmod_vx
+ input_file=input.nc
+ yyyymmdd=20240713
+ nccopy -k classic input.nc input.nc.tmp
+ ncks --mk_rec_dmn Time input.nc.tmp -O -o input.nc.tmp
+ ncatted -O -a units,Longitude,m,c,degrees_east input.nc.tmp
+ ncrename -v Time,time -d Time,time input.nc.tmp -O -o input.nc.tmp
+ ncrename -v Latitude,lat -d Latitude,lat input.nc.tmp -O -o input.nc.tmp
+ ncrename -v Longitude,lon -d Longitude,lon input.nc.tmp -O -o input.nc.tmp
+ ncap2 -O -s 'time[time]=0' input.nc.tmp -o input.nc.tmp
+ ncks -C -O -x -v Max_emission,Max_emission_col,Max_emission_row input.nc.tmp input.nc.tmp
+ ncks -C -O -x -v QCAll,CloudPerc,FirePerc,NumSensor input.nc.tmp input.nc.tmp
+ ncks -C -O -x -v TotalEmis_region_Africa input.nc.tmp input.nc.tmp
+ ncks -C -O -x -v TotalEmis_region_Asia input.nc.tmp input.nc.tmp
+ ncks -C -O -x -v TotalEmis_region_Australia input.nc.tmp input.nc.tmp
+ ncks -C -O -x -v TotalEmis_region_Europe input.nc.tmp input.nc.tmp
+ ncks -C -O -x -v TotalEmis_region_NorthAmerica input.nc.tmp input.nc.tmp
+ ncks -C -O -x -v TotalEmis_region_SouthAmerica input.nc.tmp input.nc.tmp
+ ncks -C -O -x -v quality_information input.nc.tmp input.nc.tmp
+ ncks -O -d lat,-89.5,89.5 input.nc.tmp input.nc.tmp2
++ date -d 20240713 +%Y-%m-%d
+ d=2024-07-13
+ dd='hours since 2024-07-13 12:00:00'
+ ncatted -O -a 'units,time,c,c,hours since 2024-07-13 12:00:00' input.nc.tmp2
+ ncatted -O -a long_name,time,c,c,Time input.nc.tmp2
+ ncatted -O -a calendar,time,c,c,gregorian input.nc.tmp2
+ ncatted -O -a axis,time,c,c,T input.nc.tmp2
+ ncatted -O -a long_name,lat,m,c,latitude input.nc.tmp2
+ ncatted -O -a long_name,lon,m,c,longitude input.nc.tmp2
+ ncatted -O -a axis,lon,d,, input.nc.tmp2
+ ncatted -O -a bounds,lon,d,, input.nc.tmp2
+ ncatted -O -a valid_range,lon,d,, input.nc.tmp2
+ ncatted -O -a scale_factor,lon,d,, input.nc.tmp2
+ ncatted -O -a add_offset,lon,d,, input.nc.tmp2
+ ncatted -O -a _FillValue,lon,d,, input.nc.tmp2
+ ncatted -O -a axis,lat,d,, input.nc.tmp2
+ ncatted -O -a bounds,lat,d,, input.nc.tmp2
+ ncatted -O -a valid_range,lat,d,, input.nc.tmp2
+ ncatted -O -a scale_factor,lat,d,, input.nc.tmp2
+ ncatted -O -a add_offset,lat,d,, input.nc.tmp2
+ ncatted -O -a _FillValue,lat,d,, input.nc.tmp2
+ ncatted -O -a coordinates,SO2,d,, input.nc.tmp2
+ ncatted -O -a coordinates,PM2.5,d,, input.nc.tmp2
+ ncatted -O -a coordinates,OC,d,, input.nc.tmp2
+ ncatted -O -a coordinates,BC,d,, input.nc.tmp2
+ ncatted -O -a coordinates,CO,d,, input.nc.tmp2
+ ncatted -O -a coordinates,NOx,d,, input.nc.tmp2
+ ncatted -O -a coordinates,NH3,d,, input.nc.tmp2
+ ncatted -O -a valid_range,SO2,d,, input.nc.tmp2
+ ncatted -O -a valid_range,PM2.5,d,, input.nc.tmp2
+ ncatted -O -a valid_range,OC,d,, input.nc.tmp2
+ ncatted -O -a valid_range,BC,d,, input.nc.tmp2
+ ncatted -O -a valid_range,CO,d,, input.nc.tmp2
+ ncatted -O -a valid_range,NOx,d,, input.nc.tmp2
+ ncatted -O -a valid_range,NH3,d,, input.nc.tmp2
+ ncatted -O -a add_offset,SO2,d,, input.nc.tmp2
+ ncatted -O -a add_offset,PM2.5,d,, input.nc.tmp2
+ ncatted -O -a add_offset,OC,d,, input.nc.tmp2
+ ncatted -O -a add_offset,BC,d,, input.nc.tmp2
+ ncatted -O -a add_offset,CO,d,, input.nc.tmp2
+ ncatted -O -a add_offset,NOx,d,, input.nc.tmp2
+ ncatted -O -a add_offset,NH3,d,, input.nc.tmp2
+ ncatted -O -a add_offset,MeanFRP,d,, input.nc.tmp2
+ ncatted -O -a valid_range,MeanFRP,d,, input.nc.tmp2
+ ncatted -O -a coordinates,MeanFRP,d,, input.nc.tmp2
+ nccopy -k 'netCDF-4 classic model' input.nc.tmp2 input.nc.tmp3
+ nccopy -d1 input.nc.tmp3 input.nc.tmp4
+ ERR=0
+ ECNT=0
+ '[' 0 -eq 0 ']'
+ /bin/mv input.nc.tmp4 /scratch1/BMC/gsd-fv3-dev/MAPP_2018/bhuang/JEDI-2020/JEDI-FV3/expCodes/PACEData/GBBEPx/Prep_GBBEPx_2024070100_2024093000/FixGBBEPx/GBBEPx_all01GRID.emissions_v004_20240713.nc
+ ERR=0
+ ECNT=0
+ '[' 0 -eq 0 ']'
+ echo 'Fix GBBEPx successflully at 20240713'
Fix GBBEPx successflully at 20240713
++ /scratch2/NCEPDEV/nwprod/NCEPLIBS/utils/prod_util.v1.1.0/exec/ndate 24 2024071300
+ IDATE=2024071400
+ '[' 2024071400 -le 2024072600 ']'
+ ECNT=0
+ /bin/rm -rf input.nc.tmp input.nc.tmp2 input.nc.tmp3 input.nc
+ IY=2024
+ IM=07
+ ID=14
+ IYMD=20240714
+ SRCFILE='/scratch1/BMC/gsd-fv3-dev/MAPP_2018/bhuang/JEDI-2020/JEDI-FV3/expCodes/PACEData/GBBEPx/Prep_GBBEPx_2024070100_2024093000/2024071400/*.nc'
+ OUTFILE=/scratch1/BMC/gsd-fv3-dev/MAPP_2018/bhuang/JEDI-2020/JEDI-FV3/expCodes/PACEData/GBBEPx/Prep_GBBEPx_2024070100_2024093000/FixGBBEPx/GBBEPx_all01GRID.emissions_v004_20240714.nc
++ wc -l
++ ls /scratch1/BMC/gsd-fv3-dev/MAPP_2018/bhuang/JEDI-2020/JEDI-FV3/expCodes/PACEData/GBBEPx/Prep_GBBEPx_2024070100_2024093000/2024071400/GBBEPx-all01GRID_v5r0_blend_s202407140000000_e202407142359590_c202407150340160.nc
+ NNC=1
+ '[' 1 -eq 1 ']'
++ ls /scratch1/BMC/gsd-fv3-dev/MAPP_2018/bhuang/JEDI-2020/JEDI-FV3/expCodes/PACEData/GBBEPx/Prep_GBBEPx_2024070100_2024093000/2024071400/GBBEPx-all01GRID_v5r0_blend_s202407140000000_e202407142359590_c202407150340160.nc
+ for FILE in $(ls ${SRCFILE})
+ /bin/cp /scratch1/BMC/gsd-fv3-dev/MAPP_2018/bhuang/JEDI-2020/JEDI-FV3/expCodes/PACEData/GBBEPx/Prep_GBBEPx_2024070100_2024093000/2024071400/GBBEPx-all01GRID_v5r0_blend_s202407140000000_e202407142359590_c202407150340160.nc input.nc
+ ERR=0
+ ECNT=0
+ /home/Bo.Huang/JEDI-2020/UFS-Aerosols_RETcyc/UFS-Aerosols-EP4_JEDI-AeroDA-Reanl/misc/PrepPACE/GBBEPx/fix_GBBEPx_Li.sh input.nc 20240714
+ '[' -z '' ']'
+ case "$-" in
+ __lmod_vx=x
+ '[' -n x ']'
+ set +x
Shell debugging temporarily silenced: export LMOD_SH_DBG_ON=1 for this output (/apps/lmod/lmod/init/bash)
Shell debugging restarted
+ unset __lmod_vx
+ input_file=input.nc
+ yyyymmdd=20240714
+ nccopy -k classic input.nc input.nc.tmp
+ ncks --mk_rec_dmn Time input.nc.tmp -O -o input.nc.tmp
+ ncatted -O -a units,Longitude,m,c,degrees_east input.nc.tmp
+ ncrename -v Time,time -d Time,time input.nc.tmp -O -o input.nc.tmp
+ ncrename -v Latitude,lat -d Latitude,lat input.nc.tmp -O -o input.nc.tmp
+ ncrename -v Longitude,lon -d Longitude,lon input.nc.tmp -O -o input.nc.tmp
+ ncap2 -O -s 'time[time]=0' input.nc.tmp -o input.nc.tmp
+ ncks -C -O -x -v Max_emission,Max_emission_col,Max_emission_row input.nc.tmp input.nc.tmp
+ ncks -C -O -x -v QCAll,CloudPerc,FirePerc,NumSensor input.nc.tmp input.nc.tmp
+ ncks -C -O -x -v TotalEmis_region_Africa input.nc.tmp input.nc.tmp
+ ncks -C -O -x -v TotalEmis_region_Asia input.nc.tmp input.nc.tmp
+ ncks -C -O -x -v TotalEmis_region_Australia input.nc.tmp input.nc.tmp
+ ncks -C -O -x -v TotalEmis_region_Europe input.nc.tmp input.nc.tmp
+ ncks -C -O -x -v TotalEmis_region_NorthAmerica input.nc.tmp input.nc.tmp
+ ncks -C -O -x -v TotalEmis_region_SouthAmerica input.nc.tmp input.nc.tmp
+ ncks -C -O -x -v quality_information input.nc.tmp input.nc.tmp
+ ncks -O -d lat,-89.5,89.5 input.nc.tmp input.nc.tmp2
++ date -d 20240714 +%Y-%m-%d
+ d=2024-07-14
+ dd='hours since 2024-07-14 12:00:00'
+ ncatted -O -a 'units,time,c,c,hours since 2024-07-14 12:00:00' input.nc.tmp2
+ ncatted -O -a long_name,time,c,c,Time input.nc.tmp2
+ ncatted -O -a calendar,time,c,c,gregorian input.nc.tmp2
+ ncatted -O -a axis,time,c,c,T input.nc.tmp2
+ ncatted -O -a long_name,lat,m,c,latitude input.nc.tmp2
+ ncatted -O -a long_name,lon,m,c,longitude input.nc.tmp2
+ ncatted -O -a axis,lon,d,, input.nc.tmp2
+ ncatted -O -a bounds,lon,d,, input.nc.tmp2
+ ncatted -O -a valid_range,lon,d,, input.nc.tmp2
+ ncatted -O -a scale_factor,lon,d,, input.nc.tmp2
+ ncatted -O -a add_offset,lon,d,, input.nc.tmp2
+ ncatted -O -a _FillValue,lon,d,, input.nc.tmp2
+ ncatted -O -a axis,lat,d,, input.nc.tmp2
+ ncatted -O -a bounds,lat,d,, input.nc.tmp2
+ ncatted -O -a valid_range,lat,d,, input.nc.tmp2
+ ncatted -O -a scale_factor,lat,d,, input.nc.tmp2
+ ncatted -O -a add_offset,lat,d,, input.nc.tmp2
+ ncatted -O -a _FillValue,lat,d,, input.nc.tmp2
+ ncatted -O -a coordinates,SO2,d,, input.nc.tmp2
+ ncatted -O -a coordinates,PM2.5,d,, input.nc.tmp2
+ ncatted -O -a coordinates,OC,d,, input.nc.tmp2
+ ncatted -O -a coordinates,BC,d,, input.nc.tmp2
+ ncatted -O -a coordinates,CO,d,, input.nc.tmp2
+ ncatted -O -a coordinates,NOx,d,, input.nc.tmp2
+ ncatted -O -a coordinates,NH3,d,, input.nc.tmp2
+ ncatted -O -a valid_range,SO2,d,, input.nc.tmp2
+ ncatted -O -a valid_range,PM2.5,d,, input.nc.tmp2
+ ncatted -O -a valid_range,OC,d,, input.nc.tmp2
+ ncatted -O -a valid_range,BC,d,, input.nc.tmp2
+ ncatted -O -a valid_range,CO,d,, input.nc.tmp2
+ ncatted -O -a valid_range,NOx,d,, input.nc.tmp2
+ ncatted -O -a valid_range,NH3,d,, input.nc.tmp2
+ ncatted -O -a add_offset,SO2,d,, input.nc.tmp2
+ ncatted -O -a add_offset,PM2.5,d,, input.nc.tmp2
+ ncatted -O -a add_offset,OC,d,, input.nc.tmp2
+ ncatted -O -a add_offset,BC,d,, input.nc.tmp2
+ ncatted -O -a add_offset,CO,d,, input.nc.tmp2
+ ncatted -O -a add_offset,NOx,d,, input.nc.tmp2
+ ncatted -O -a add_offset,NH3,d,, input.nc.tmp2
+ ncatted -O -a add_offset,MeanFRP,d,, input.nc.tmp2
+ ncatted -O -a valid_range,MeanFRP,d,, input.nc.tmp2
+ ncatted -O -a coordinates,MeanFRP,d,, input.nc.tmp2
+ nccopy -k 'netCDF-4 classic model' input.nc.tmp2 input.nc.tmp3
+ nccopy -d1 input.nc.tmp3 input.nc.tmp4
+ ERR=0
+ ECNT=0
+ '[' 0 -eq 0 ']'
+ /bin/mv input.nc.tmp4 /scratch1/BMC/gsd-fv3-dev/MAPP_2018/bhuang/JEDI-2020/JEDI-FV3/expCodes/PACEData/GBBEPx/Prep_GBBEPx_2024070100_2024093000/FixGBBEPx/GBBEPx_all01GRID.emissions_v004_20240714.nc
+ ERR=0
+ ECNT=0
+ '[' 0 -eq 0 ']'
+ echo 'Fix GBBEPx successflully at 20240714'
Fix GBBEPx successflully at 20240714
++ /scratch2/NCEPDEV/nwprod/NCEPLIBS/utils/prod_util.v1.1.0/exec/ndate 24 2024071400
+ IDATE=2024071500
+ '[' 2024071500 -le 2024072600 ']'
+ ECNT=0
+ /bin/rm -rf input.nc.tmp input.nc.tmp2 input.nc.tmp3 input.nc
+ IY=2024
+ IM=07
+ ID=15
+ IYMD=20240715
+ SRCFILE='/scratch1/BMC/gsd-fv3-dev/MAPP_2018/bhuang/JEDI-2020/JEDI-FV3/expCodes/PACEData/GBBEPx/Prep_GBBEPx_2024070100_2024093000/2024071500/*.nc'
+ OUTFILE=/scratch1/BMC/gsd-fv3-dev/MAPP_2018/bhuang/JEDI-2020/JEDI-FV3/expCodes/PACEData/GBBEPx/Prep_GBBEPx_2024070100_2024093000/FixGBBEPx/GBBEPx_all01GRID.emissions_v004_20240715.nc
++ wc -l
++ ls /scratch1/BMC/gsd-fv3-dev/MAPP_2018/bhuang/JEDI-2020/JEDI-FV3/expCodes/PACEData/GBBEPx/Prep_GBBEPx_2024070100_2024093000/2024071500/GBBEPx-all01GRID_v5r0_blend_s202407150000000_e202407152359590_c202407160119240.nc
+ NNC=1
+ '[' 1 -eq 1 ']'
++ ls /scratch1/BMC/gsd-fv3-dev/MAPP_2018/bhuang/JEDI-2020/JEDI-FV3/expCodes/PACEData/GBBEPx/Prep_GBBEPx_2024070100_2024093000/2024071500/GBBEPx-all01GRID_v5r0_blend_s202407150000000_e202407152359590_c202407160119240.nc
+ for FILE in $(ls ${SRCFILE})
+ /bin/cp /scratch1/BMC/gsd-fv3-dev/MAPP_2018/bhuang/JEDI-2020/JEDI-FV3/expCodes/PACEData/GBBEPx/Prep_GBBEPx_2024070100_2024093000/2024071500/GBBEPx-all01GRID_v5r0_blend_s202407150000000_e202407152359590_c202407160119240.nc input.nc
+ ERR=0
+ ECNT=0
+ /home/Bo.Huang/JEDI-2020/UFS-Aerosols_RETcyc/UFS-Aerosols-EP4_JEDI-AeroDA-Reanl/misc/PrepPACE/GBBEPx/fix_GBBEPx_Li.sh input.nc 20240715
+ '[' -z '' ']'
+ case "$-" in
+ __lmod_vx=x
+ '[' -n x ']'
+ set +x
Shell debugging temporarily silenced: export LMOD_SH_DBG_ON=1 for this output (/apps/lmod/lmod/init/bash)
Shell debugging restarted
+ unset __lmod_vx
+ input_file=input.nc
+ yyyymmdd=20240715
+ nccopy -k classic input.nc input.nc.tmp
+ ncks --mk_rec_dmn Time input.nc.tmp -O -o input.nc.tmp
+ ncatted -O -a units,Longitude,m,c,degrees_east input.nc.tmp
+ ncrename -v Time,time -d Time,time input.nc.tmp -O -o input.nc.tmp
+ ncrename -v Latitude,lat -d Latitude,lat input.nc.tmp -O -o input.nc.tmp
+ ncrename -v Longitude,lon -d Longitude,lon input.nc.tmp -O -o input.nc.tmp
+ ncap2 -O -s 'time[time]=0' input.nc.tmp -o input.nc.tmp
+ ncks -C -O -x -v Max_emission,Max_emission_col,Max_emission_row input.nc.tmp input.nc.tmp
+ ncks -C -O -x -v QCAll,CloudPerc,FirePerc,NumSensor input.nc.tmp input.nc.tmp
+ ncks -C -O -x -v TotalEmis_region_Africa input.nc.tmp input.nc.tmp
+ ncks -C -O -x -v TotalEmis_region_Asia input.nc.tmp input.nc.tmp
+ ncks -C -O -x -v TotalEmis_region_Australia input.nc.tmp input.nc.tmp
+ ncks -C -O -x -v TotalEmis_region_Europe input.nc.tmp input.nc.tmp
+ ncks -C -O -x -v TotalEmis_region_NorthAmerica input.nc.tmp input.nc.tmp
+ ncks -C -O -x -v TotalEmis_region_SouthAmerica input.nc.tmp input.nc.tmp
+ ncks -C -O -x -v quality_information input.nc.tmp input.nc.tmp
+ ncks -O -d lat,-89.5,89.5 input.nc.tmp input.nc.tmp2
++ date -d 20240715 +%Y-%m-%d
+ d=2024-07-15
+ dd='hours since 2024-07-15 12:00:00'
+ ncatted -O -a 'units,time,c,c,hours since 2024-07-15 12:00:00' input.nc.tmp2
+ ncatted -O -a long_name,time,c,c,Time input.nc.tmp2
+ ncatted -O -a calendar,time,c,c,gregorian input.nc.tmp2
+ ncatted -O -a axis,time,c,c,T input.nc.tmp2
+ ncatted -O -a long_name,lat,m,c,latitude input.nc.tmp2
+ ncatted -O -a long_name,lon,m,c,longitude input.nc.tmp2
+ ncatted -O -a axis,lon,d,, input.nc.tmp2
+ ncatted -O -a bounds,lon,d,, input.nc.tmp2
+ ncatted -O -a valid_range,lon,d,, input.nc.tmp2
+ ncatted -O -a scale_factor,lon,d,, input.nc.tmp2
+ ncatted -O -a add_offset,lon,d,, input.nc.tmp2
+ ncatted -O -a _FillValue,lon,d,, input.nc.tmp2
+ ncatted -O -a axis,lat,d,, input.nc.tmp2
+ ncatted -O -a bounds,lat,d,, input.nc.tmp2
+ ncatted -O -a valid_range,lat,d,, input.nc.tmp2
+ ncatted -O -a scale_factor,lat,d,, input.nc.tmp2
+ ncatted -O -a add_offset,lat,d,, input.nc.tmp2
+ ncatted -O -a _FillValue,lat,d,, input.nc.tmp2
+ ncatted -O -a coordinates,SO2,d,, input.nc.tmp2
+ ncatted -O -a coordinates,PM2.5,d,, input.nc.tmp2
+ ncatted -O -a coordinates,OC,d,, input.nc.tmp2
+ ncatted -O -a coordinates,BC,d,, input.nc.tmp2
+ ncatted -O -a coordinates,CO,d,, input.nc.tmp2
+ ncatted -O -a coordinates,NOx,d,, input.nc.tmp2
+ ncatted -O -a coordinates,NH3,d,, input.nc.tmp2
+ ncatted -O -a valid_range,SO2,d,, input.nc.tmp2
+ ncatted -O -a valid_range,PM2.5,d,, input.nc.tmp2
+ ncatted -O -a valid_range,OC,d,, input.nc.tmp2
+ ncatted -O -a valid_range,BC,d,, input.nc.tmp2
+ ncatted -O -a valid_range,CO,d,, input.nc.tmp2
+ ncatted -O -a valid_range,NOx,d,, input.nc.tmp2
+ ncatted -O -a valid_range,NH3,d,, input.nc.tmp2
+ ncatted -O -a add_offset,SO2,d,, input.nc.tmp2
+ ncatted -O -a add_offset,PM2.5,d,, input.nc.tmp2
+ ncatted -O -a add_offset,OC,d,, input.nc.tmp2
+ ncatted -O -a add_offset,BC,d,, input.nc.tmp2
+ ncatted -O -a add_offset,CO,d,, input.nc.tmp2
+ ncatted -O -a add_offset,NOx,d,, input.nc.tmp2
+ ncatted -O -a add_offset,NH3,d,, input.nc.tmp2
+ ncatted -O -a add_offset,MeanFRP,d,, input.nc.tmp2
+ ncatted -O -a valid_range,MeanFRP,d,, input.nc.tmp2
+ ncatted -O -a coordinates,MeanFRP,d,, input.nc.tmp2
+ nccopy -k 'netCDF-4 classic model' input.nc.tmp2 input.nc.tmp3
+ nccopy -d1 input.nc.tmp3 input.nc.tmp4
+ ERR=0
+ ECNT=0
+ '[' 0 -eq 0 ']'
+ /bin/mv input.nc.tmp4 /scratch1/BMC/gsd-fv3-dev/MAPP_2018/bhuang/JEDI-2020/JEDI-FV3/expCodes/PACEData/GBBEPx/Prep_GBBEPx_2024070100_2024093000/FixGBBEPx/GBBEPx_all01GRID.emissions_v004_20240715.nc
+ ERR=0
+ ECNT=0
+ '[' 0 -eq 0 ']'
+ echo 'Fix GBBEPx successflully at 20240715'
Fix GBBEPx successflully at 20240715
++ /scratch2/NCEPDEV/nwprod/NCEPLIBS/utils/prod_util.v1.1.0/exec/ndate 24 2024071500
+ IDATE=2024071600
+ '[' 2024071600 -le 2024072600 ']'
+ ECNT=0
+ /bin/rm -rf input.nc.tmp input.nc.tmp2 input.nc.tmp3 input.nc
+ IY=2024
+ IM=07
+ ID=16
+ IYMD=20240716
+ SRCFILE='/scratch1/BMC/gsd-fv3-dev/MAPP_2018/bhuang/JEDI-2020/JEDI-FV3/expCodes/PACEData/GBBEPx/Prep_GBBEPx_2024070100_2024093000/2024071600/*.nc'
+ OUTFILE=/scratch1/BMC/gsd-fv3-dev/MAPP_2018/bhuang/JEDI-2020/JEDI-FV3/expCodes/PACEData/GBBEPx/Prep_GBBEPx_2024070100_2024093000/FixGBBEPx/GBBEPx_all01GRID.emissions_v004_20240716.nc
++ wc -l
++ ls /scratch1/BMC/gsd-fv3-dev/MAPP_2018/bhuang/JEDI-2020/JEDI-FV3/expCodes/PACEData/GBBEPx/Prep_GBBEPx_2024070100_2024093000/2024071600/GBBEPx-all01GRID_v5r0_blend_s202407160000000_e202407162359590_c202407170112190.nc
+ NNC=1
+ '[' 1 -eq 1 ']'
++ ls /scratch1/BMC/gsd-fv3-dev/MAPP_2018/bhuang/JEDI-2020/JEDI-FV3/expCodes/PACEData/GBBEPx/Prep_GBBEPx_2024070100_2024093000/2024071600/GBBEPx-all01GRID_v5r0_blend_s202407160000000_e202407162359590_c202407170112190.nc
+ for FILE in $(ls ${SRCFILE})
+ /bin/cp /scratch1/BMC/gsd-fv3-dev/MAPP_2018/bhuang/JEDI-2020/JEDI-FV3/expCodes/PACEData/GBBEPx/Prep_GBBEPx_2024070100_2024093000/2024071600/GBBEPx-all01GRID_v5r0_blend_s202407160000000_e202407162359590_c202407170112190.nc input.nc
+ ERR=0
+ ECNT=0
+ /home/Bo.Huang/JEDI-2020/UFS-Aerosols_RETcyc/UFS-Aerosols-EP4_JEDI-AeroDA-Reanl/misc/PrepPACE/GBBEPx/fix_GBBEPx_Li.sh input.nc 20240716
+ '[' -z '' ']'
+ case "$-" in
+ __lmod_vx=x
+ '[' -n x ']'
+ set +x
Shell debugging temporarily silenced: export LMOD_SH_DBG_ON=1 for this output (/apps/lmod/lmod/init/bash)
Shell debugging restarted
+ unset __lmod_vx
+ input_file=input.nc
+ yyyymmdd=20240716
+ nccopy -k classic input.nc input.nc.tmp
+ ncks --mk_rec_dmn Time input.nc.tmp -O -o input.nc.tmp
+ ncatted -O -a units,Longitude,m,c,degrees_east input.nc.tmp
+ ncrename -v Time,time -d Time,time input.nc.tmp -O -o input.nc.tmp
+ ncrename -v Latitude,lat -d Latitude,lat input.nc.tmp -O -o input.nc.tmp
+ ncrename -v Longitude,lon -d Longitude,lon input.nc.tmp -O -o input.nc.tmp
+ ncap2 -O -s 'time[time]=0' input.nc.tmp -o input.nc.tmp
+ ncks -C -O -x -v Max_emission,Max_emission_col,Max_emission_row input.nc.tmp input.nc.tmp
+ ncks -C -O -x -v QCAll,CloudPerc,FirePerc,NumSensor input.nc.tmp input.nc.tmp
+ ncks -C -O -x -v TotalEmis_region_Africa input.nc.tmp input.nc.tmp
+ ncks -C -O -x -v TotalEmis_region_Asia input.nc.tmp input.nc.tmp
+ ncks -C -O -x -v TotalEmis_region_Australia input.nc.tmp input.nc.tmp
+ ncks -C -O -x -v TotalEmis_region_Europe input.nc.tmp input.nc.tmp
+ ncks -C -O -x -v TotalEmis_region_NorthAmerica input.nc.tmp input.nc.tmp
+ ncks -C -O -x -v TotalEmis_region_SouthAmerica input.nc.tmp input.nc.tmp
+ ncks -C -O -x -v quality_information input.nc.tmp input.nc.tmp
+ ncks -O -d lat,-89.5,89.5 input.nc.tmp input.nc.tmp2
++ date -d 20240716 +%Y-%m-%d
+ d=2024-07-16
+ dd='hours since 2024-07-16 12:00:00'
+ ncatted -O -a 'units,time,c,c,hours since 2024-07-16 12:00:00' input.nc.tmp2
+ ncatted -O -a long_name,time,c,c,Time input.nc.tmp2
+ ncatted -O -a calendar,time,c,c,gregorian input.nc.tmp2
+ ncatted -O -a axis,time,c,c,T input.nc.tmp2
+ ncatted -O -a long_name,lat,m,c,latitude input.nc.tmp2
+ ncatted -O -a long_name,lon,m,c,longitude input.nc.tmp2
+ ncatted -O -a axis,lon,d,, input.nc.tmp2
+ ncatted -O -a bounds,lon,d,, input.nc.tmp2
+ ncatted -O -a valid_range,lon,d,, input.nc.tmp2
+ ncatted -O -a scale_factor,lon,d,, input.nc.tmp2
+ ncatted -O -a add_offset,lon,d,, input.nc.tmp2
+ ncatted -O -a _FillValue,lon,d,, input.nc.tmp2
+ ncatted -O -a axis,lat,d,, input.nc.tmp2
+ ncatted -O -a bounds,lat,d,, input.nc.tmp2
+ ncatted -O -a valid_range,lat,d,, input.nc.tmp2
+ ncatted -O -a scale_factor,lat,d,, input.nc.tmp2
+ ncatted -O -a add_offset,lat,d,, input.nc.tmp2
+ ncatted -O -a _FillValue,lat,d,, input.nc.tmp2
+ ncatted -O -a coordinates,SO2,d,, input.nc.tmp2
+ ncatted -O -a coordinates,PM2.5,d,, input.nc.tmp2
+ ncatted -O -a coordinates,OC,d,, input.nc.tmp2
+ ncatted -O -a coordinates,BC,d,, input.nc.tmp2
+ ncatted -O -a coordinates,CO,d,, input.nc.tmp2
+ ncatted -O -a coordinates,NOx,d,, input.nc.tmp2
+ ncatted -O -a coordinates,NH3,d,, input.nc.tmp2
+ ncatted -O -a valid_range,SO2,d,, input.nc.tmp2
+ ncatted -O -a valid_range,PM2.5,d,, input.nc.tmp2
+ ncatted -O -a valid_range,OC,d,, input.nc.tmp2
+ ncatted -O -a valid_range,BC,d,, input.nc.tmp2
+ ncatted -O -a valid_range,CO,d,, input.nc.tmp2
+ ncatted -O -a valid_range,NOx,d,, input.nc.tmp2
+ ncatted -O -a valid_range,NH3,d,, input.nc.tmp2
+ ncatted -O -a add_offset,SO2,d,, input.nc.tmp2
+ ncatted -O -a add_offset,PM2.5,d,, input.nc.tmp2
+ ncatted -O -a add_offset,OC,d,, input.nc.tmp2
+ ncatted -O -a add_offset,BC,d,, input.nc.tmp2
+ ncatted -O -a add_offset,CO,d,, input.nc.tmp2
+ ncatted -O -a add_offset,NOx,d,, input.nc.tmp2
+ ncatted -O -a add_offset,NH3,d,, input.nc.tmp2
+ ncatted -O -a add_offset,MeanFRP,d,, input.nc.tmp2
+ ncatted -O -a valid_range,MeanFRP,d,, input.nc.tmp2
+ ncatted -O -a coordinates,MeanFRP,d,, input.nc.tmp2
+ nccopy -k 'netCDF-4 classic model' input.nc.tmp2 input.nc.tmp3
+ nccopy -d1 input.nc.tmp3 input.nc.tmp4
+ ERR=0
+ ECNT=0
+ '[' 0 -eq 0 ']'
+ /bin/mv input.nc.tmp4 /scratch1/BMC/gsd-fv3-dev/MAPP_2018/bhuang/JEDI-2020/JEDI-FV3/expCodes/PACEData/GBBEPx/Prep_GBBEPx_2024070100_2024093000/FixGBBEPx/GBBEPx_all01GRID.emissions_v004_20240716.nc
+ ERR=0
+ ECNT=0
+ '[' 0 -eq 0 ']'
+ echo 'Fix GBBEPx successflully at 20240716'
Fix GBBEPx successflully at 20240716
++ /scratch2/NCEPDEV/nwprod/NCEPLIBS/utils/prod_util.v1.1.0/exec/ndate 24 2024071600
+ IDATE=2024071700
+ '[' 2024071700 -le 2024072600 ']'
+ ECNT=0
+ /bin/rm -rf input.nc.tmp input.nc.tmp2 input.nc.tmp3 input.nc
+ IY=2024
+ IM=07
+ ID=17
+ IYMD=20240717
+ SRCFILE='/scratch1/BMC/gsd-fv3-dev/MAPP_2018/bhuang/JEDI-2020/JEDI-FV3/expCodes/PACEData/GBBEPx/Prep_GBBEPx_2024070100_2024093000/2024071700/*.nc'
+ OUTFILE=/scratch1/BMC/gsd-fv3-dev/MAPP_2018/bhuang/JEDI-2020/JEDI-FV3/expCodes/PACEData/GBBEPx/Prep_GBBEPx_2024070100_2024093000/FixGBBEPx/GBBEPx_all01GRID.emissions_v004_20240717.nc
++ wc -l
++ ls /scratch1/BMC/gsd-fv3-dev/MAPP_2018/bhuang/JEDI-2020/JEDI-FV3/expCodes/PACEData/GBBEPx/Prep_GBBEPx_2024070100_2024093000/2024071700/GBBEPx-all01GRID_v5r0_blend_s202407170000000_e202407172359590_c202407180132060.nc
+ NNC=1
+ '[' 1 -eq 1 ']'
++ ls /scratch1/BMC/gsd-fv3-dev/MAPP_2018/bhuang/JEDI-2020/JEDI-FV3/expCodes/PACEData/GBBEPx/Prep_GBBEPx_2024070100_2024093000/2024071700/GBBEPx-all01GRID_v5r0_blend_s202407170000000_e202407172359590_c202407180132060.nc
+ for FILE in $(ls ${SRCFILE})
+ /bin/cp /scratch1/BMC/gsd-fv3-dev/MAPP_2018/bhuang/JEDI-2020/JEDI-FV3/expCodes/PACEData/GBBEPx/Prep_GBBEPx_2024070100_2024093000/2024071700/GBBEPx-all01GRID_v5r0_blend_s202407170000000_e202407172359590_c202407180132060.nc input.nc
+ ERR=0
+ ECNT=0
+ /home/Bo.Huang/JEDI-2020/UFS-Aerosols_RETcyc/UFS-Aerosols-EP4_JEDI-AeroDA-Reanl/misc/PrepPACE/GBBEPx/fix_GBBEPx_Li.sh input.nc 20240717
+ '[' -z '' ']'
+ case "$-" in
+ __lmod_vx=x
+ '[' -n x ']'
+ set +x
Shell debugging temporarily silenced: export LMOD_SH_DBG_ON=1 for this output (/apps/lmod/lmod/init/bash)
Shell debugging restarted
+ unset __lmod_vx
+ input_file=input.nc
+ yyyymmdd=20240717
+ nccopy -k classic input.nc input.nc.tmp
+ ncks --mk_rec_dmn Time input.nc.tmp -O -o input.nc.tmp
+ ncatted -O -a units,Longitude,m,c,degrees_east input.nc.tmp
+ ncrename -v Time,time -d Time,time input.nc.tmp -O -o input.nc.tmp
+ ncrename -v Latitude,lat -d Latitude,lat input.nc.tmp -O -o input.nc.tmp
+ ncrename -v Longitude,lon -d Longitude,lon input.nc.tmp -O -o input.nc.tmp
+ ncap2 -O -s 'time[time]=0' input.nc.tmp -o input.nc.tmp
+ ncks -C -O -x -v Max_emission,Max_emission_col,Max_emission_row input.nc.tmp input.nc.tmp
+ ncks -C -O -x -v QCAll,CloudPerc,FirePerc,NumSensor input.nc.tmp input.nc.tmp
+ ncks -C -O -x -v TotalEmis_region_Africa input.nc.tmp input.nc.tmp
+ ncks -C -O -x -v TotalEmis_region_Asia input.nc.tmp input.nc.tmp
+ ncks -C -O -x -v TotalEmis_region_Australia input.nc.tmp input.nc.tmp
+ ncks -C -O -x -v TotalEmis_region_Europe input.nc.tmp input.nc.tmp
+ ncks -C -O -x -v TotalEmis_region_NorthAmerica input.nc.tmp input.nc.tmp
+ ncks -C -O -x -v TotalEmis_region_SouthAmerica input.nc.tmp input.nc.tmp
+ ncks -C -O -x -v quality_information input.nc.tmp input.nc.tmp
+ ncks -O -d lat,-89.5,89.5 input.nc.tmp input.nc.tmp2
++ date -d 20240717 +%Y-%m-%d
+ d=2024-07-17
+ dd='hours since 2024-07-17 12:00:00'
+ ncatted -O -a 'units,time,c,c,hours since 2024-07-17 12:00:00' input.nc.tmp2
+ ncatted -O -a long_name,time,c,c,Time input.nc.tmp2
+ ncatted -O -a calendar,time,c,c,gregorian input.nc.tmp2
+ ncatted -O -a axis,time,c,c,T input.nc.tmp2
+ ncatted -O -a long_name,lat,m,c,latitude input.nc.tmp2
+ ncatted -O -a long_name,lon,m,c,longitude input.nc.tmp2
+ ncatted -O -a axis,lon,d,, input.nc.tmp2
+ ncatted -O -a bounds,lon,d,, input.nc.tmp2
+ ncatted -O -a valid_range,lon,d,, input.nc.tmp2
+ ncatted -O -a scale_factor,lon,d,, input.nc.tmp2
+ ncatted -O -a add_offset,lon,d,, input.nc.tmp2
+ ncatted -O -a _FillValue,lon,d,, input.nc.tmp2
+ ncatted -O -a axis,lat,d,, input.nc.tmp2
+ ncatted -O -a bounds,lat,d,, input.nc.tmp2
+ ncatted -O -a valid_range,lat,d,, input.nc.tmp2
+ ncatted -O -a scale_factor,lat,d,, input.nc.tmp2
+ ncatted -O -a add_offset,lat,d,, input.nc.tmp2
+ ncatted -O -a _FillValue,lat,d,, input.nc.tmp2
+ ncatted -O -a coordinates,SO2,d,, input.nc.tmp2
+ ncatted -O -a coordinates,PM2.5,d,, input.nc.tmp2
+ ncatted -O -a coordinates,OC,d,, input.nc.tmp2
+ ncatted -O -a coordinates,BC,d,, input.nc.tmp2
+ ncatted -O -a coordinates,CO,d,, input.nc.tmp2
+ ncatted -O -a coordinates,NOx,d,, input.nc.tmp2
+ ncatted -O -a coordinates,NH3,d,, input.nc.tmp2
+ ncatted -O -a valid_range,SO2,d,, input.nc.tmp2
+ ncatted -O -a valid_range,PM2.5,d,, input.nc.tmp2
+ ncatted -O -a valid_range,OC,d,, input.nc.tmp2
+ ncatted -O -a valid_range,BC,d,, input.nc.tmp2
+ ncatted -O -a valid_range,CO,d,, input.nc.tmp2
+ ncatted -O -a valid_range,NOx,d,, input.nc.tmp2
+ ncatted -O -a valid_range,NH3,d,, input.nc.tmp2
+ ncatted -O -a add_offset,SO2,d,, input.nc.tmp2
+ ncatted -O -a add_offset,PM2.5,d,, input.nc.tmp2
+ ncatted -O -a add_offset,OC,d,, input.nc.tmp2
+ ncatted -O -a add_offset,BC,d,, input.nc.tmp2
+ ncatted -O -a add_offset,CO,d,, input.nc.tmp2
+ ncatted -O -a add_offset,NOx,d,, input.nc.tmp2
+ ncatted -O -a add_offset,NH3,d,, input.nc.tmp2
+ ncatted -O -a add_offset,MeanFRP,d,, input.nc.tmp2
+ ncatted -O -a valid_range,MeanFRP,d,, input.nc.tmp2
+ ncatted -O -a coordinates,MeanFRP,d,, input.nc.tmp2
+ nccopy -k 'netCDF-4 classic model' input.nc.tmp2 input.nc.tmp3
+ nccopy -d1 input.nc.tmp3 input.nc.tmp4
+ ERR=0
+ ECNT=0
+ '[' 0 -eq 0 ']'
+ /bin/mv input.nc.tmp4 /scratch1/BMC/gsd-fv3-dev/MAPP_2018/bhuang/JEDI-2020/JEDI-FV3/expCodes/PACEData/GBBEPx/Prep_GBBEPx_2024070100_2024093000/FixGBBEPx/GBBEPx_all01GRID.emissions_v004_20240717.nc
+ ERR=0
+ ECNT=0
+ '[' 0 -eq 0 ']'
+ echo 'Fix GBBEPx successflully at 20240717'
Fix GBBEPx successflully at 20240717
++ /scratch2/NCEPDEV/nwprod/NCEPLIBS/utils/prod_util.v1.1.0/exec/ndate 24 2024071700
+ IDATE=2024071800
+ '[' 2024071800 -le 2024072600 ']'
+ ECNT=0
+ /bin/rm -rf input.nc.tmp input.nc.tmp2 input.nc.tmp3 input.nc
+ IY=2024
+ IM=07
+ ID=18
+ IYMD=20240718
+ SRCFILE='/scratch1/BMC/gsd-fv3-dev/MAPP_2018/bhuang/JEDI-2020/JEDI-FV3/expCodes/PACEData/GBBEPx/Prep_GBBEPx_2024070100_2024093000/2024071800/*.nc'
+ OUTFILE=/scratch1/BMC/gsd-fv3-dev/MAPP_2018/bhuang/JEDI-2020/JEDI-FV3/expCodes/PACEData/GBBEPx/Prep_GBBEPx_2024070100_2024093000/FixGBBEPx/GBBEPx_all01GRID.emissions_v004_20240718.nc
++ wc -l
++ ls /scratch1/BMC/gsd-fv3-dev/MAPP_2018/bhuang/JEDI-2020/JEDI-FV3/expCodes/PACEData/GBBEPx/Prep_GBBEPx_2024070100_2024093000/2024071800/GBBEPx-all01GRID_v5r0_blend_s202407180000000_e202407182359590_c202407190114290.nc
+ NNC=1
+ '[' 1 -eq 1 ']'
++ ls /scratch1/BMC/gsd-fv3-dev/MAPP_2018/bhuang/JEDI-2020/JEDI-FV3/expCodes/PACEData/GBBEPx/Prep_GBBEPx_2024070100_2024093000/2024071800/GBBEPx-all01GRID_v5r0_blend_s202407180000000_e202407182359590_c202407190114290.nc
+ for FILE in $(ls ${SRCFILE})
+ /bin/cp /scratch1/BMC/gsd-fv3-dev/MAPP_2018/bhuang/JEDI-2020/JEDI-FV3/expCodes/PACEData/GBBEPx/Prep_GBBEPx_2024070100_2024093000/2024071800/GBBEPx-all01GRID_v5r0_blend_s202407180000000_e202407182359590_c202407190114290.nc input.nc
+ ERR=0
+ ECNT=0
+ /home/Bo.Huang/JEDI-2020/UFS-Aerosols_RETcyc/UFS-Aerosols-EP4_JEDI-AeroDA-Reanl/misc/PrepPACE/GBBEPx/fix_GBBEPx_Li.sh input.nc 20240718
+ '[' -z '' ']'
+ case "$-" in
+ __lmod_vx=x
+ '[' -n x ']'
+ set +x
Shell debugging temporarily silenced: export LMOD_SH_DBG_ON=1 for this output (/apps/lmod/lmod/init/bash)
Shell debugging restarted
+ unset __lmod_vx
+ input_file=input.nc
+ yyyymmdd=20240718
+ nccopy -k classic input.nc input.nc.tmp
+ ncks --mk_rec_dmn Time input.nc.tmp -O -o input.nc.tmp
+ ncatted -O -a units,Longitude,m,c,degrees_east input.nc.tmp
+ ncrename -v Time,time -d Time,time input.nc.tmp -O -o input.nc.tmp
+ ncrename -v Latitude,lat -d Latitude,lat input.nc.tmp -O -o input.nc.tmp
+ ncrename -v Longitude,lon -d Longitude,lon input.nc.tmp -O -o input.nc.tmp
+ ncap2 -O -s 'time[time]=0' input.nc.tmp -o input.nc.tmp
+ ncks -C -O -x -v Max_emission,Max_emission_col,Max_emission_row input.nc.tmp input.nc.tmp
+ ncks -C -O -x -v QCAll,CloudPerc,FirePerc,NumSensor input.nc.tmp input.nc.tmp
+ ncks -C -O -x -v TotalEmis_region_Africa input.nc.tmp input.nc.tmp
+ ncks -C -O -x -v TotalEmis_region_Asia input.nc.tmp input.nc.tmp
+ ncks -C -O -x -v TotalEmis_region_Australia input.nc.tmp input.nc.tmp
+ ncks -C -O -x -v TotalEmis_region_Europe input.nc.tmp input.nc.tmp
+ ncks -C -O -x -v TotalEmis_region_NorthAmerica input.nc.tmp input.nc.tmp
+ ncks -C -O -x -v TotalEmis_region_SouthAmerica input.nc.tmp input.nc.tmp
+ ncks -C -O -x -v quality_information input.nc.tmp input.nc.tmp
+ ncks -O -d lat,-89.5,89.5 input.nc.tmp input.nc.tmp2
++ date -d 20240718 +%Y-%m-%d
+ d=2024-07-18
+ dd='hours since 2024-07-18 12:00:00'
+ ncatted -O -a 'units,time,c,c,hours since 2024-07-18 12:00:00' input.nc.tmp2
+ ncatted -O -a long_name,time,c,c,Time input.nc.tmp2
+ ncatted -O -a calendar,time,c,c,gregorian input.nc.tmp2
+ ncatted -O -a axis,time,c,c,T input.nc.tmp2
+ ncatted -O -a long_name,lat,m,c,latitude input.nc.tmp2
+ ncatted -O -a long_name,lon,m,c,longitude input.nc.tmp2
+ ncatted -O -a axis,lon,d,, input.nc.tmp2
+ ncatted -O -a bounds,lon,d,, input.nc.tmp2
+ ncatted -O -a valid_range,lon,d,, input.nc.tmp2
+ ncatted -O -a scale_factor,lon,d,, input.nc.tmp2
+ ncatted -O -a add_offset,lon,d,, input.nc.tmp2
+ ncatted -O -a _FillValue,lon,d,, input.nc.tmp2
+ ncatted -O -a axis,lat,d,, input.nc.tmp2
+ ncatted -O -a bounds,lat,d,, input.nc.tmp2
+ ncatted -O -a valid_range,lat,d,, input.nc.tmp2
+ ncatted -O -a scale_factor,lat,d,, input.nc.tmp2
+ ncatted -O -a add_offset,lat,d,, input.nc.tmp2
+ ncatted -O -a _FillValue,lat,d,, input.nc.tmp2
+ ncatted -O -a coordinates,SO2,d,, input.nc.tmp2
+ ncatted -O -a coordinates,PM2.5,d,, input.nc.tmp2
+ ncatted -O -a coordinates,OC,d,, input.nc.tmp2
+ ncatted -O -a coordinates,BC,d,, input.nc.tmp2
+ ncatted -O -a coordinates,CO,d,, input.nc.tmp2
+ ncatted -O -a coordinates,NOx,d,, input.nc.tmp2
+ ncatted -O -a coordinates,NH3,d,, input.nc.tmp2
+ ncatted -O -a valid_range,SO2,d,, input.nc.tmp2
+ ncatted -O -a valid_range,PM2.5,d,, input.nc.tmp2
+ ncatted -O -a valid_range,OC,d,, input.nc.tmp2
+ ncatted -O -a valid_range,BC,d,, input.nc.tmp2
+ ncatted -O -a valid_range,CO,d,, input.nc.tmp2
+ ncatted -O -a valid_range,NOx,d,, input.nc.tmp2
+ ncatted -O -a valid_range,NH3,d,, input.nc.tmp2
+ ncatted -O -a add_offset,SO2,d,, input.nc.tmp2
+ ncatted -O -a add_offset,PM2.5,d,, input.nc.tmp2
+ ncatted -O -a add_offset,OC,d,, input.nc.tmp2
+ ncatted -O -a add_offset,BC,d,, input.nc.tmp2
+ ncatted -O -a add_offset,CO,d,, input.nc.tmp2
+ ncatted -O -a add_offset,NOx,d,, input.nc.tmp2
+ ncatted -O -a add_offset,NH3,d,, input.nc.tmp2
+ ncatted -O -a add_offset,MeanFRP,d,, input.nc.tmp2
+ ncatted -O -a valid_range,MeanFRP,d,, input.nc.tmp2
+ ncatted -O -a coordinates,MeanFRP,d,, input.nc.tmp2
+ nccopy -k 'netCDF-4 classic model' input.nc.tmp2 input.nc.tmp3
+ nccopy -d1 input.nc.tmp3 input.nc.tmp4
+ ERR=0
+ ECNT=0
+ '[' 0 -eq 0 ']'
+ /bin/mv input.nc.tmp4 /scratch1/BMC/gsd-fv3-dev/MAPP_2018/bhuang/JEDI-2020/JEDI-FV3/expCodes/PACEData/GBBEPx/Prep_GBBEPx_2024070100_2024093000/FixGBBEPx/GBBEPx_all01GRID.emissions_v004_20240718.nc
+ ERR=0
+ ECNT=0
+ '[' 0 -eq 0 ']'
+ echo 'Fix GBBEPx successflully at 20240718'
Fix GBBEPx successflully at 20240718
++ /scratch2/NCEPDEV/nwprod/NCEPLIBS/utils/prod_util.v1.1.0/exec/ndate 24 2024071800
+ IDATE=2024071900
+ '[' 2024071900 -le 2024072600 ']'
+ ECNT=0
+ /bin/rm -rf input.nc.tmp input.nc.tmp2 input.nc.tmp3 input.nc
+ IY=2024
+ IM=07
+ ID=19
+ IYMD=20240719
+ SRCFILE='/scratch1/BMC/gsd-fv3-dev/MAPP_2018/bhuang/JEDI-2020/JEDI-FV3/expCodes/PACEData/GBBEPx/Prep_GBBEPx_2024070100_2024093000/2024071900/*.nc'
+ OUTFILE=/scratch1/BMC/gsd-fv3-dev/MAPP_2018/bhuang/JEDI-2020/JEDI-FV3/expCodes/PACEData/GBBEPx/Prep_GBBEPx_2024070100_2024093000/FixGBBEPx/GBBEPx_all01GRID.emissions_v004_20240719.nc
++ wc -l
++ ls /scratch1/BMC/gsd-fv3-dev/MAPP_2018/bhuang/JEDI-2020/JEDI-FV3/expCodes/PACEData/GBBEPx/Prep_GBBEPx_2024070100_2024093000/2024071900/GBBEPx-all01GRID_v5r0_blend_s202407190000000_e202407192359590_c202407200345050.nc
+ NNC=1
+ '[' 1 -eq 1 ']'
++ ls /scratch1/BMC/gsd-fv3-dev/MAPP_2018/bhuang/JEDI-2020/JEDI-FV3/expCodes/PACEData/GBBEPx/Prep_GBBEPx_2024070100_2024093000/2024071900/GBBEPx-all01GRID_v5r0_blend_s202407190000000_e202407192359590_c202407200345050.nc
+ for FILE in $(ls ${SRCFILE})
+ /bin/cp /scratch1/BMC/gsd-fv3-dev/MAPP_2018/bhuang/JEDI-2020/JEDI-FV3/expCodes/PACEData/GBBEPx/Prep_GBBEPx_2024070100_2024093000/2024071900/GBBEPx-all01GRID_v5r0_blend_s202407190000000_e202407192359590_c202407200345050.nc input.nc
+ ERR=0
+ ECNT=0
+ /home/Bo.Huang/JEDI-2020/UFS-Aerosols_RETcyc/UFS-Aerosols-EP4_JEDI-AeroDA-Reanl/misc/PrepPACE/GBBEPx/fix_GBBEPx_Li.sh input.nc 20240719
+ '[' -z '' ']'
+ case "$-" in
+ __lmod_vx=x
+ '[' -n x ']'
+ set +x
Shell debugging temporarily silenced: export LMOD_SH_DBG_ON=1 for this output (/apps/lmod/lmod/init/bash)
Shell debugging restarted
+ unset __lmod_vx
+ input_file=input.nc
+ yyyymmdd=20240719
+ nccopy -k classic input.nc input.nc.tmp
+ ncks --mk_rec_dmn Time input.nc.tmp -O -o input.nc.tmp
+ ncatted -O -a units,Longitude,m,c,degrees_east input.nc.tmp
+ ncrename -v Time,time -d Time,time input.nc.tmp -O -o input.nc.tmp
+ ncrename -v Latitude,lat -d Latitude,lat input.nc.tmp -O -o input.nc.tmp
+ ncrename -v Longitude,lon -d Longitude,lon input.nc.tmp -O -o input.nc.tmp
+ ncap2 -O -s 'time[time]=0' input.nc.tmp -o input.nc.tmp
+ ncks -C -O -x -v Max_emission,Max_emission_col,Max_emission_row input.nc.tmp input.nc.tmp
+ ncks -C -O -x -v QCAll,CloudPerc,FirePerc,NumSensor input.nc.tmp input.nc.tmp
+ ncks -C -O -x -v TotalEmis_region_Africa input.nc.tmp input.nc.tmp
+ ncks -C -O -x -v TotalEmis_region_Asia input.nc.tmp input.nc.tmp
+ ncks -C -O -x -v TotalEmis_region_Australia input.nc.tmp input.nc.tmp
+ ncks -C -O -x -v TotalEmis_region_Europe input.nc.tmp input.nc.tmp
+ ncks -C -O -x -v TotalEmis_region_NorthAmerica input.nc.tmp input.nc.tmp
+ ncks -C -O -x -v TotalEmis_region_SouthAmerica input.nc.tmp input.nc.tmp
+ ncks -C -O -x -v quality_information input.nc.tmp input.nc.tmp
+ ncks -O -d lat,-89.5,89.5 input.nc.tmp input.nc.tmp2
++ date -d 20240719 +%Y-%m-%d
+ d=2024-07-19
+ dd='hours since 2024-07-19 12:00:00'
+ ncatted -O -a 'units,time,c,c,hours since 2024-07-19 12:00:00' input.nc.tmp2
+ ncatted -O -a long_name,time,c,c,Time input.nc.tmp2
+ ncatted -O -a calendar,time,c,c,gregorian input.nc.tmp2
+ ncatted -O -a axis,time,c,c,T input.nc.tmp2
+ ncatted -O -a long_name,lat,m,c,latitude input.nc.tmp2
+ ncatted -O -a long_name,lon,m,c,longitude input.nc.tmp2
+ ncatted -O -a axis,lon,d,, input.nc.tmp2
+ ncatted -O -a bounds,lon,d,, input.nc.tmp2
+ ncatted -O -a valid_range,lon,d,, input.nc.tmp2
+ ncatted -O -a scale_factor,lon,d,, input.nc.tmp2
+ ncatted -O -a add_offset,lon,d,, input.nc.tmp2
+ ncatted -O -a _FillValue,lon,d,, input.nc.tmp2
+ ncatted -O -a axis,lat,d,, input.nc.tmp2
+ ncatted -O -a bounds,lat,d,, input.nc.tmp2
+ ncatted -O -a valid_range,lat,d,, input.nc.tmp2
+ ncatted -O -a scale_factor,lat,d,, input.nc.tmp2
+ ncatted -O -a add_offset,lat,d,, input.nc.tmp2
+ ncatted -O -a _FillValue,lat,d,, input.nc.tmp2
+ ncatted -O -a coordinates,SO2,d,, input.nc.tmp2
+ ncatted -O -a coordinates,PM2.5,d,, input.nc.tmp2
+ ncatted -O -a coordinates,OC,d,, input.nc.tmp2
+ ncatted -O -a coordinates,BC,d,, input.nc.tmp2
+ ncatted -O -a coordinates,CO,d,, input.nc.tmp2
+ ncatted -O -a coordinates,NOx,d,, input.nc.tmp2
+ ncatted -O -a coordinates,NH3,d,, input.nc.tmp2
+ ncatted -O -a valid_range,SO2,d,, input.nc.tmp2
+ ncatted -O -a valid_range,PM2.5,d,, input.nc.tmp2
+ ncatted -O -a valid_range,OC,d,, input.nc.tmp2
+ ncatted -O -a valid_range,BC,d,, input.nc.tmp2
+ ncatted -O -a valid_range,CO,d,, input.nc.tmp2
+ ncatted -O -a valid_range,NOx,d,, input.nc.tmp2
+ ncatted -O -a valid_range,NH3,d,, input.nc.tmp2
+ ncatted -O -a add_offset,SO2,d,, input.nc.tmp2
+ ncatted -O -a add_offset,PM2.5,d,, input.nc.tmp2
+ ncatted -O -a add_offset,OC,d,, input.nc.tmp2
+ ncatted -O -a add_offset,BC,d,, input.nc.tmp2
+ ncatted -O -a add_offset,CO,d,, input.nc.tmp2
+ ncatted -O -a add_offset,NOx,d,, input.nc.tmp2
+ ncatted -O -a add_offset,NH3,d,, input.nc.tmp2
+ ncatted -O -a add_offset,MeanFRP,d,, input.nc.tmp2
+ ncatted -O -a valid_range,MeanFRP,d,, input.nc.tmp2
+ ncatted -O -a coordinates,MeanFRP,d,, input.nc.tmp2
+ nccopy -k 'netCDF-4 classic model' input.nc.tmp2 input.nc.tmp3
+ nccopy -d1 input.nc.tmp3 input.nc.tmp4
+ ERR=0
+ ECNT=0
+ '[' 0 -eq 0 ']'
+ /bin/mv input.nc.tmp4 /scratch1/BMC/gsd-fv3-dev/MAPP_2018/bhuang/JEDI-2020/JEDI-FV3/expCodes/PACEData/GBBEPx/Prep_GBBEPx_2024070100_2024093000/FixGBBEPx/GBBEPx_all01GRID.emissions_v004_20240719.nc
+ ERR=0
+ ECNT=0
+ '[' 0 -eq 0 ']'
+ echo 'Fix GBBEPx successflully at 20240719'
Fix GBBEPx successflully at 20240719
++ /scratch2/NCEPDEV/nwprod/NCEPLIBS/utils/prod_util.v1.1.0/exec/ndate 24 2024071900
+ IDATE=2024072000
+ '[' 2024072000 -le 2024072600 ']'
+ ECNT=0
+ /bin/rm -rf input.nc.tmp input.nc.tmp2 input.nc.tmp3 input.nc
+ IY=2024
+ IM=07
+ ID=20
+ IYMD=20240720
+ SRCFILE='/scratch1/BMC/gsd-fv3-dev/MAPP_2018/bhuang/JEDI-2020/JEDI-FV3/expCodes/PACEData/GBBEPx/Prep_GBBEPx_2024070100_2024093000/2024072000/*.nc'
+ OUTFILE=/scratch1/BMC/gsd-fv3-dev/MAPP_2018/bhuang/JEDI-2020/JEDI-FV3/expCodes/PACEData/GBBEPx/Prep_GBBEPx_2024070100_2024093000/FixGBBEPx/GBBEPx_all01GRID.emissions_v004_20240720.nc
++ wc -l
++ ls /scratch1/BMC/gsd-fv3-dev/MAPP_2018/bhuang/JEDI-2020/JEDI-FV3/expCodes/PACEData/GBBEPx/Prep_GBBEPx_2024070100_2024093000/2024072000/GBBEPx-all01GRID_v5r0_blend_s202407200000000_e202407202359590_c202407210333520.nc
+ NNC=1
+ '[' 1 -eq 1 ']'
++ ls /scratch1/BMC/gsd-fv3-dev/MAPP_2018/bhuang/JEDI-2020/JEDI-FV3/expCodes/PACEData/GBBEPx/Prep_GBBEPx_2024070100_2024093000/2024072000/GBBEPx-all01GRID_v5r0_blend_s202407200000000_e202407202359590_c202407210333520.nc
+ for FILE in $(ls ${SRCFILE})
+ /bin/cp /scratch1/BMC/gsd-fv3-dev/MAPP_2018/bhuang/JEDI-2020/JEDI-FV3/expCodes/PACEData/GBBEPx/Prep_GBBEPx_2024070100_2024093000/2024072000/GBBEPx-all01GRID_v5r0_blend_s202407200000000_e202407202359590_c202407210333520.nc input.nc
+ ERR=0
+ ECNT=0
+ /home/Bo.Huang/JEDI-2020/UFS-Aerosols_RETcyc/UFS-Aerosols-EP4_JEDI-AeroDA-Reanl/misc/PrepPACE/GBBEPx/fix_GBBEPx_Li.sh input.nc 20240720
+ '[' -z '' ']'
+ case "$-" in
+ __lmod_vx=x
+ '[' -n x ']'
+ set +x
Shell debugging temporarily silenced: export LMOD_SH_DBG_ON=1 for this output (/apps/lmod/lmod/init/bash)
Shell debugging restarted
+ unset __lmod_vx
+ input_file=input.nc
+ yyyymmdd=20240720
+ nccopy -k classic input.nc input.nc.tmp
+ ncks --mk_rec_dmn Time input.nc.tmp -O -o input.nc.tmp
+ ncatted -O -a units,Longitude,m,c,degrees_east input.nc.tmp
+ ncrename -v Time,time -d Time,time input.nc.tmp -O -o input.nc.tmp
+ ncrename -v Latitude,lat -d Latitude,lat input.nc.tmp -O -o input.nc.tmp
+ ncrename -v Longitude,lon -d Longitude,lon input.nc.tmp -O -o input.nc.tmp
+ ncap2 -O -s 'time[time]=0' input.nc.tmp -o input.nc.tmp
+ ncks -C -O -x -v Max_emission,Max_emission_col,Max_emission_row input.nc.tmp input.nc.tmp
+ ncks -C -O -x -v QCAll,CloudPerc,FirePerc,NumSensor input.nc.tmp input.nc.tmp
+ ncks -C -O -x -v TotalEmis_region_Africa input.nc.tmp input.nc.tmp
+ ncks -C -O -x -v TotalEmis_region_Asia input.nc.tmp input.nc.tmp
+ ncks -C -O -x -v TotalEmis_region_Australia input.nc.tmp input.nc.tmp
+ ncks -C -O -x -v TotalEmis_region_Europe input.nc.tmp input.nc.tmp
+ ncks -C -O -x -v TotalEmis_region_NorthAmerica input.nc.tmp input.nc.tmp
+ ncks -C -O -x -v TotalEmis_region_SouthAmerica input.nc.tmp input.nc.tmp
+ ncks -C -O -x -v quality_information input.nc.tmp input.nc.tmp
+ ncks -O -d lat,-89.5,89.5 input.nc.tmp input.nc.tmp2
++ date -d 20240720 +%Y-%m-%d
+ d=2024-07-20
+ dd='hours since 2024-07-20 12:00:00'
+ ncatted -O -a 'units,time,c,c,hours since 2024-07-20 12:00:00' input.nc.tmp2
+ ncatted -O -a long_name,time,c,c,Time input.nc.tmp2
+ ncatted -O -a calendar,time,c,c,gregorian input.nc.tmp2
+ ncatted -O -a axis,time,c,c,T input.nc.tmp2
+ ncatted -O -a long_name,lat,m,c,latitude input.nc.tmp2
+ ncatted -O -a long_name,lon,m,c,longitude input.nc.tmp2
+ ncatted -O -a axis,lon,d,, input.nc.tmp2
+ ncatted -O -a bounds,lon,d,, input.nc.tmp2
+ ncatted -O -a valid_range,lon,d,, input.nc.tmp2
+ ncatted -O -a scale_factor,lon,d,, input.nc.tmp2
+ ncatted -O -a add_offset,lon,d,, input.nc.tmp2
+ ncatted -O -a _FillValue,lon,d,, input.nc.tmp2
+ ncatted -O -a axis,lat,d,, input.nc.tmp2
+ ncatted -O -a bounds,lat,d,, input.nc.tmp2
+ ncatted -O -a valid_range,lat,d,, input.nc.tmp2
+ ncatted -O -a scale_factor,lat,d,, input.nc.tmp2
+ ncatted -O -a add_offset,lat,d,, input.nc.tmp2
+ ncatted -O -a _FillValue,lat,d,, input.nc.tmp2
+ ncatted -O -a coordinates,SO2,d,, input.nc.tmp2
+ ncatted -O -a coordinates,PM2.5,d,, input.nc.tmp2
+ ncatted -O -a coordinates,OC,d,, input.nc.tmp2
+ ncatted -O -a coordinates,BC,d,, input.nc.tmp2
+ ncatted -O -a coordinates,CO,d,, input.nc.tmp2
+ ncatted -O -a coordinates,NOx,d,, input.nc.tmp2
+ ncatted -O -a coordinates,NH3,d,, input.nc.tmp2
+ ncatted -O -a valid_range,SO2,d,, input.nc.tmp2
+ ncatted -O -a valid_range,PM2.5,d,, input.nc.tmp2
+ ncatted -O -a valid_range,OC,d,, input.nc.tmp2
+ ncatted -O -a valid_range,BC,d,, input.nc.tmp2
+ ncatted -O -a valid_range,CO,d,, input.nc.tmp2
+ ncatted -O -a valid_range,NOx,d,, input.nc.tmp2
+ ncatted -O -a valid_range,NH3,d,, input.nc.tmp2
+ ncatted -O -a add_offset,SO2,d,, input.nc.tmp2
+ ncatted -O -a add_offset,PM2.5,d,, input.nc.tmp2
+ ncatted -O -a add_offset,OC,d,, input.nc.tmp2
+ ncatted -O -a add_offset,BC,d,, input.nc.tmp2
+ ncatted -O -a add_offset,CO,d,, input.nc.tmp2
+ ncatted -O -a add_offset,NOx,d,, input.nc.tmp2
+ ncatted -O -a add_offset,NH3,d,, input.nc.tmp2
+ ncatted -O -a add_offset,MeanFRP,d,, input.nc.tmp2
+ ncatted -O -a valid_range,MeanFRP,d,, input.nc.tmp2
+ ncatted -O -a coordinates,MeanFRP,d,, input.nc.tmp2
+ nccopy -k 'netCDF-4 classic model' input.nc.tmp2 input.nc.tmp3
+ nccopy -d1 input.nc.tmp3 input.nc.tmp4
+ ERR=0
+ ECNT=0
+ '[' 0 -eq 0 ']'
+ /bin/mv input.nc.tmp4 /scratch1/BMC/gsd-fv3-dev/MAPP_2018/bhuang/JEDI-2020/JEDI-FV3/expCodes/PACEData/GBBEPx/Prep_GBBEPx_2024070100_2024093000/FixGBBEPx/GBBEPx_all01GRID.emissions_v004_20240720.nc
+ ERR=0
+ ECNT=0
+ '[' 0 -eq 0 ']'
+ echo 'Fix GBBEPx successflully at 20240720'
Fix GBBEPx successflully at 20240720
++ /scratch2/NCEPDEV/nwprod/NCEPLIBS/utils/prod_util.v1.1.0/exec/ndate 24 2024072000
+ IDATE=2024072100
+ '[' 2024072100 -le 2024072600 ']'
+ ECNT=0
+ /bin/rm -rf input.nc.tmp input.nc.tmp2 input.nc.tmp3 input.nc
+ IY=2024
+ IM=07
+ ID=21
+ IYMD=20240721
+ SRCFILE='/scratch1/BMC/gsd-fv3-dev/MAPP_2018/bhuang/JEDI-2020/JEDI-FV3/expCodes/PACEData/GBBEPx/Prep_GBBEPx_2024070100_2024093000/2024072100/*.nc'
+ OUTFILE=/scratch1/BMC/gsd-fv3-dev/MAPP_2018/bhuang/JEDI-2020/JEDI-FV3/expCodes/PACEData/GBBEPx/Prep_GBBEPx_2024070100_2024093000/FixGBBEPx/GBBEPx_all01GRID.emissions_v004_20240721.nc
++ wc -l
++ ls /scratch1/BMC/gsd-fv3-dev/MAPP_2018/bhuang/JEDI-2020/JEDI-FV3/expCodes/PACEData/GBBEPx/Prep_GBBEPx_2024070100_2024093000/2024072100/GBBEPx-all01GRID_v5r0_blend_s202407210000000_e202407212359590_c202407220108460.nc
+ NNC=1
+ '[' 1 -eq 1 ']'
++ ls /scratch1/BMC/gsd-fv3-dev/MAPP_2018/bhuang/JEDI-2020/JEDI-FV3/expCodes/PACEData/GBBEPx/Prep_GBBEPx_2024070100_2024093000/2024072100/GBBEPx-all01GRID_v5r0_blend_s202407210000000_e202407212359590_c202407220108460.nc
+ for FILE in $(ls ${SRCFILE})
+ /bin/cp /scratch1/BMC/gsd-fv3-dev/MAPP_2018/bhuang/JEDI-2020/JEDI-FV3/expCodes/PACEData/GBBEPx/Prep_GBBEPx_2024070100_2024093000/2024072100/GBBEPx-all01GRID_v5r0_blend_s202407210000000_e202407212359590_c202407220108460.nc input.nc
+ ERR=0
+ ECNT=0
+ /home/Bo.Huang/JEDI-2020/UFS-Aerosols_RETcyc/UFS-Aerosols-EP4_JEDI-AeroDA-Reanl/misc/PrepPACE/GBBEPx/fix_GBBEPx_Li.sh input.nc 20240721
+ '[' -z '' ']'
+ case "$-" in
+ __lmod_vx=x
+ '[' -n x ']'
+ set +x
Shell debugging temporarily silenced: export LMOD_SH_DBG_ON=1 for this output (/apps/lmod/lmod/init/bash)
Shell debugging restarted
+ unset __lmod_vx
+ input_file=input.nc
+ yyyymmdd=20240721
+ nccopy -k classic input.nc input.nc.tmp
+ ncks --mk_rec_dmn Time input.nc.tmp -O -o input.nc.tmp
+ ncatted -O -a units,Longitude,m,c,degrees_east input.nc.tmp
+ ncrename -v Time,time -d Time,time input.nc.tmp -O -o input.nc.tmp
+ ncrename -v Latitude,lat -d Latitude,lat input.nc.tmp -O -o input.nc.tmp
+ ncrename -v Longitude,lon -d Longitude,lon input.nc.tmp -O -o input.nc.tmp
+ ncap2 -O -s 'time[time]=0' input.nc.tmp -o input.nc.tmp
+ ncks -C -O -x -v Max_emission,Max_emission_col,Max_emission_row input.nc.tmp input.nc.tmp
+ ncks -C -O -x -v QCAll,CloudPerc,FirePerc,NumSensor input.nc.tmp input.nc.tmp
+ ncks -C -O -x -v TotalEmis_region_Africa input.nc.tmp input.nc.tmp
+ ncks -C -O -x -v TotalEmis_region_Asia input.nc.tmp input.nc.tmp
+ ncks -C -O -x -v TotalEmis_region_Australia input.nc.tmp input.nc.tmp
+ ncks -C -O -x -v TotalEmis_region_Europe input.nc.tmp input.nc.tmp
+ ncks -C -O -x -v TotalEmis_region_NorthAmerica input.nc.tmp input.nc.tmp
+ ncks -C -O -x -v TotalEmis_region_SouthAmerica input.nc.tmp input.nc.tmp
+ ncks -C -O -x -v quality_information input.nc.tmp input.nc.tmp
+ ncks -O -d lat,-89.5,89.5 input.nc.tmp input.nc.tmp2
++ date -d 20240721 +%Y-%m-%d
+ d=2024-07-21
+ dd='hours since 2024-07-21 12:00:00'
+ ncatted -O -a 'units,time,c,c,hours since 2024-07-21 12:00:00' input.nc.tmp2
+ ncatted -O -a long_name,time,c,c,Time input.nc.tmp2
+ ncatted -O -a calendar,time,c,c,gregorian input.nc.tmp2
+ ncatted -O -a axis,time,c,c,T input.nc.tmp2
+ ncatted -O -a long_name,lat,m,c,latitude input.nc.tmp2
+ ncatted -O -a long_name,lon,m,c,longitude input.nc.tmp2
+ ncatted -O -a axis,lon,d,, input.nc.tmp2
+ ncatted -O -a bounds,lon,d,, input.nc.tmp2
+ ncatted -O -a valid_range,lon,d,, input.nc.tmp2
+ ncatted -O -a scale_factor,lon,d,, input.nc.tmp2
+ ncatted -O -a add_offset,lon,d,, input.nc.tmp2
+ ncatted -O -a _FillValue,lon,d,, input.nc.tmp2
+ ncatted -O -a axis,lat,d,, input.nc.tmp2
+ ncatted -O -a bounds,lat,d,, input.nc.tmp2
+ ncatted -O -a valid_range,lat,d,, input.nc.tmp2
+ ncatted -O -a scale_factor,lat,d,, input.nc.tmp2
+ ncatted -O -a add_offset,lat,d,, input.nc.tmp2
+ ncatted -O -a _FillValue,lat,d,, input.nc.tmp2
+ ncatted -O -a coordinates,SO2,d,, input.nc.tmp2
+ ncatted -O -a coordinates,PM2.5,d,, input.nc.tmp2
+ ncatted -O -a coordinates,OC,d,, input.nc.tmp2
+ ncatted -O -a coordinates,BC,d,, input.nc.tmp2
+ ncatted -O -a coordinates,CO,d,, input.nc.tmp2
+ ncatted -O -a coordinates,NOx,d,, input.nc.tmp2
+ ncatted -O -a coordinates,NH3,d,, input.nc.tmp2
+ ncatted -O -a valid_range,SO2,d,, input.nc.tmp2
+ ncatted -O -a valid_range,PM2.5,d,, input.nc.tmp2
+ ncatted -O -a valid_range,OC,d,, input.nc.tmp2
+ ncatted -O -a valid_range,BC,d,, input.nc.tmp2
+ ncatted -O -a valid_range,CO,d,, input.nc.tmp2
+ ncatted -O -a valid_range,NOx,d,, input.nc.tmp2
+ ncatted -O -a valid_range,NH3,d,, input.nc.tmp2
+ ncatted -O -a add_offset,SO2,d,, input.nc.tmp2
+ ncatted -O -a add_offset,PM2.5,d,, input.nc.tmp2
+ ncatted -O -a add_offset,OC,d,, input.nc.tmp2
+ ncatted -O -a add_offset,BC,d,, input.nc.tmp2
+ ncatted -O -a add_offset,CO,d,, input.nc.tmp2
+ ncatted -O -a add_offset,NOx,d,, input.nc.tmp2
+ ncatted -O -a add_offset,NH3,d,, input.nc.tmp2
+ ncatted -O -a add_offset,MeanFRP,d,, input.nc.tmp2
+ ncatted -O -a valid_range,MeanFRP,d,, input.nc.tmp2
+ ncatted -O -a coordinates,MeanFRP,d,, input.nc.tmp2
+ nccopy -k 'netCDF-4 classic model' input.nc.tmp2 input.nc.tmp3
+ nccopy -d1 input.nc.tmp3 input.nc.tmp4
+ ERR=0
+ ECNT=0
+ '[' 0 -eq 0 ']'
+ /bin/mv input.nc.tmp4 /scratch1/BMC/gsd-fv3-dev/MAPP_2018/bhuang/JEDI-2020/JEDI-FV3/expCodes/PACEData/GBBEPx/Prep_GBBEPx_2024070100_2024093000/FixGBBEPx/GBBEPx_all01GRID.emissions_v004_20240721.nc
+ ERR=0
+ ECNT=0
+ '[' 0 -eq 0 ']'
+ echo 'Fix GBBEPx successflully at 20240721'
Fix GBBEPx successflully at 20240721
++ /scratch2/NCEPDEV/nwprod/NCEPLIBS/utils/prod_util.v1.1.0/exec/ndate 24 2024072100
+ IDATE=2024072200
+ '[' 2024072200 -le 2024072600 ']'
+ ECNT=0
+ /bin/rm -rf input.nc.tmp input.nc.tmp2 input.nc.tmp3 input.nc
+ IY=2024
+ IM=07
+ ID=22
+ IYMD=20240722
+ SRCFILE='/scratch1/BMC/gsd-fv3-dev/MAPP_2018/bhuang/JEDI-2020/JEDI-FV3/expCodes/PACEData/GBBEPx/Prep_GBBEPx_2024070100_2024093000/2024072200/*.nc'
+ OUTFILE=/scratch1/BMC/gsd-fv3-dev/MAPP_2018/bhuang/JEDI-2020/JEDI-FV3/expCodes/PACEData/GBBEPx/Prep_GBBEPx_2024070100_2024093000/FixGBBEPx/GBBEPx_all01GRID.emissions_v004_20240722.nc
++ wc -l
++ ls /scratch1/BMC/gsd-fv3-dev/MAPP_2018/bhuang/JEDI-2020/JEDI-FV3/expCodes/PACEData/GBBEPx/Prep_GBBEPx_2024070100_2024093000/2024072200/GBBEPx-all01GRID_v5r0_blend_s202407220000000_e202407222359590_c202407230136570.nc
+ NNC=1
+ '[' 1 -eq 1 ']'
++ ls /scratch1/BMC/gsd-fv3-dev/MAPP_2018/bhuang/JEDI-2020/JEDI-FV3/expCodes/PACEData/GBBEPx/Prep_GBBEPx_2024070100_2024093000/2024072200/GBBEPx-all01GRID_v5r0_blend_s202407220000000_e202407222359590_c202407230136570.nc
+ for FILE in $(ls ${SRCFILE})
+ /bin/cp /scratch1/BMC/gsd-fv3-dev/MAPP_2018/bhuang/JEDI-2020/JEDI-FV3/expCodes/PACEData/GBBEPx/Prep_GBBEPx_2024070100_2024093000/2024072200/GBBEPx-all01GRID_v5r0_blend_s202407220000000_e202407222359590_c202407230136570.nc input.nc
+ ERR=0
+ ECNT=0
+ /home/Bo.Huang/JEDI-2020/UFS-Aerosols_RETcyc/UFS-Aerosols-EP4_JEDI-AeroDA-Reanl/misc/PrepPACE/GBBEPx/fix_GBBEPx_Li.sh input.nc 20240722
+ '[' -z '' ']'
+ case "$-" in
+ __lmod_vx=x
+ '[' -n x ']'
+ set +x
Shell debugging temporarily silenced: export LMOD_SH_DBG_ON=1 for this output (/apps/lmod/lmod/init/bash)
Shell debugging restarted
+ unset __lmod_vx
+ input_file=input.nc
+ yyyymmdd=20240722
+ nccopy -k classic input.nc input.nc.tmp
+ ncks --mk_rec_dmn Time input.nc.tmp -O -o input.nc.tmp
+ ncatted -O -a units,Longitude,m,c,degrees_east input.nc.tmp
+ ncrename -v Time,time -d Time,time input.nc.tmp -O -o input.nc.tmp
+ ncrename -v Latitude,lat -d Latitude,lat input.nc.tmp -O -o input.nc.tmp
+ ncrename -v Longitude,lon -d Longitude,lon input.nc.tmp -O -o input.nc.tmp
+ ncap2 -O -s 'time[time]=0' input.nc.tmp -o input.nc.tmp
+ ncks -C -O -x -v Max_emission,Max_emission_col,Max_emission_row input.nc.tmp input.nc.tmp
+ ncks -C -O -x -v QCAll,CloudPerc,FirePerc,NumSensor input.nc.tmp input.nc.tmp
+ ncks -C -O -x -v TotalEmis_region_Africa input.nc.tmp input.nc.tmp
+ ncks -C -O -x -v TotalEmis_region_Asia input.nc.tmp input.nc.tmp
+ ncks -C -O -x -v TotalEmis_region_Australia input.nc.tmp input.nc.tmp
+ ncks -C -O -x -v TotalEmis_region_Europe input.nc.tmp input.nc.tmp
+ ncks -C -O -x -v TotalEmis_region_NorthAmerica input.nc.tmp input.nc.tmp
+ ncks -C -O -x -v TotalEmis_region_SouthAmerica input.nc.tmp input.nc.tmp
+ ncks -C -O -x -v quality_information input.nc.tmp input.nc.tmp
+ ncks -O -d lat,-89.5,89.5 input.nc.tmp input.nc.tmp2
++ date -d 20240722 +%Y-%m-%d
+ d=2024-07-22
+ dd='hours since 2024-07-22 12:00:00'
+ ncatted -O -a 'units,time,c,c,hours since 2024-07-22 12:00:00' input.nc.tmp2
+ ncatted -O -a long_name,time,c,c,Time input.nc.tmp2
+ ncatted -O -a calendar,time,c,c,gregorian input.nc.tmp2
+ ncatted -O -a axis,time,c,c,T input.nc.tmp2
+ ncatted -O -a long_name,lat,m,c,latitude input.nc.tmp2
+ ncatted -O -a long_name,lon,m,c,longitude input.nc.tmp2
+ ncatted -O -a axis,lon,d,, input.nc.tmp2
+ ncatted -O -a bounds,lon,d,, input.nc.tmp2
+ ncatted -O -a valid_range,lon,d,, input.nc.tmp2
+ ncatted -O -a scale_factor,lon,d,, input.nc.tmp2
+ ncatted -O -a add_offset,lon,d,, input.nc.tmp2
+ ncatted -O -a _FillValue,lon,d,, input.nc.tmp2
+ ncatted -O -a axis,lat,d,, input.nc.tmp2
+ ncatted -O -a bounds,lat,d,, input.nc.tmp2
+ ncatted -O -a valid_range,lat,d,, input.nc.tmp2
+ ncatted -O -a scale_factor,lat,d,, input.nc.tmp2
+ ncatted -O -a add_offset,lat,d,, input.nc.tmp2
+ ncatted -O -a _FillValue,lat,d,, input.nc.tmp2
+ ncatted -O -a coordinates,SO2,d,, input.nc.tmp2
+ ncatted -O -a coordinates,PM2.5,d,, input.nc.tmp2
+ ncatted -O -a coordinates,OC,d,, input.nc.tmp2
+ ncatted -O -a coordinates,BC,d,, input.nc.tmp2
+ ncatted -O -a coordinates,CO,d,, input.nc.tmp2
+ ncatted -O -a coordinates,NOx,d,, input.nc.tmp2
+ ncatted -O -a coordinates,NH3,d,, input.nc.tmp2
+ ncatted -O -a valid_range,SO2,d,, input.nc.tmp2
+ ncatted -O -a valid_range,PM2.5,d,, input.nc.tmp2
+ ncatted -O -a valid_range,OC,d,, input.nc.tmp2
+ ncatted -O -a valid_range,BC,d,, input.nc.tmp2
+ ncatted -O -a valid_range,CO,d,, input.nc.tmp2
+ ncatted -O -a valid_range,NOx,d,, input.nc.tmp2
+ ncatted -O -a valid_range,NH3,d,, input.nc.tmp2
+ ncatted -O -a add_offset,SO2,d,, input.nc.tmp2
+ ncatted -O -a add_offset,PM2.5,d,, input.nc.tmp2
+ ncatted -O -a add_offset,OC,d,, input.nc.tmp2
+ ncatted -O -a add_offset,BC,d,, input.nc.tmp2
+ ncatted -O -a add_offset,CO,d,, input.nc.tmp2
+ ncatted -O -a add_offset,NOx,d,, input.nc.tmp2
+ ncatted -O -a add_offset,NH3,d,, input.nc.tmp2
+ ncatted -O -a add_offset,MeanFRP,d,, input.nc.tmp2
+ ncatted -O -a valid_range,MeanFRP,d,, input.nc.tmp2
+ ncatted -O -a coordinates,MeanFRP,d,, input.nc.tmp2
+ nccopy -k 'netCDF-4 classic model' input.nc.tmp2 input.nc.tmp3
+ nccopy -d1 input.nc.tmp3 input.nc.tmp4
+ ERR=0
+ ECNT=0
+ '[' 0 -eq 0 ']'
+ /bin/mv input.nc.tmp4 /scratch1/BMC/gsd-fv3-dev/MAPP_2018/bhuang/JEDI-2020/JEDI-FV3/expCodes/PACEData/GBBEPx/Prep_GBBEPx_2024070100_2024093000/FixGBBEPx/GBBEPx_all01GRID.emissions_v004_20240722.nc
+ ERR=0
+ ECNT=0
+ '[' 0 -eq 0 ']'
+ echo 'Fix GBBEPx successflully at 20240722'
Fix GBBEPx successflully at 20240722
++ /scratch2/NCEPDEV/nwprod/NCEPLIBS/utils/prod_util.v1.1.0/exec/ndate 24 2024072200
+ IDATE=2024072300
+ '[' 2024072300 -le 2024072600 ']'
+ ECNT=0
+ /bin/rm -rf input.nc.tmp input.nc.tmp2 input.nc.tmp3 input.nc
+ IY=2024
+ IM=07
+ ID=23
+ IYMD=20240723
+ SRCFILE='/scratch1/BMC/gsd-fv3-dev/MAPP_2018/bhuang/JEDI-2020/JEDI-FV3/expCodes/PACEData/GBBEPx/Prep_GBBEPx_2024070100_2024093000/2024072300/*.nc'
+ OUTFILE=/scratch1/BMC/gsd-fv3-dev/MAPP_2018/bhuang/JEDI-2020/JEDI-FV3/expCodes/PACEData/GBBEPx/Prep_GBBEPx_2024070100_2024093000/FixGBBEPx/GBBEPx_all01GRID.emissions_v004_20240723.nc
++ wc -l
++ ls /scratch1/BMC/gsd-fv3-dev/MAPP_2018/bhuang/JEDI-2020/JEDI-FV3/expCodes/PACEData/GBBEPx/Prep_GBBEPx_2024070100_2024093000/2024072300/GBBEPx-all01GRID_v5r0_blend_s202407230000000_e202407232359590_c202407240120330.nc
+ NNC=1
+ '[' 1 -eq 1 ']'
++ ls /scratch1/BMC/gsd-fv3-dev/MAPP_2018/bhuang/JEDI-2020/JEDI-FV3/expCodes/PACEData/GBBEPx/Prep_GBBEPx_2024070100_2024093000/2024072300/GBBEPx-all01GRID_v5r0_blend_s202407230000000_e202407232359590_c202407240120330.nc
+ for FILE in $(ls ${SRCFILE})
+ /bin/cp /scratch1/BMC/gsd-fv3-dev/MAPP_2018/bhuang/JEDI-2020/JEDI-FV3/expCodes/PACEData/GBBEPx/Prep_GBBEPx_2024070100_2024093000/2024072300/GBBEPx-all01GRID_v5r0_blend_s202407230000000_e202407232359590_c202407240120330.nc input.nc
+ ERR=0
+ ECNT=0
+ /home/Bo.Huang/JEDI-2020/UFS-Aerosols_RETcyc/UFS-Aerosols-EP4_JEDI-AeroDA-Reanl/misc/PrepPACE/GBBEPx/fix_GBBEPx_Li.sh input.nc 20240723
+ '[' -z '' ']'
+ case "$-" in
+ __lmod_vx=x
+ '[' -n x ']'
+ set +x
Shell debugging temporarily silenced: export LMOD_SH_DBG_ON=1 for this output (/apps/lmod/lmod/init/bash)
Shell debugging restarted
+ unset __lmod_vx
+ input_file=input.nc
+ yyyymmdd=20240723
+ nccopy -k classic input.nc input.nc.tmp
+ ncks --mk_rec_dmn Time input.nc.tmp -O -o input.nc.tmp
+ ncatted -O -a units,Longitude,m,c,degrees_east input.nc.tmp
+ ncrename -v Time,time -d Time,time input.nc.tmp -O -o input.nc.tmp
+ ncrename -v Latitude,lat -d Latitude,lat input.nc.tmp -O -o input.nc.tmp
+ ncrename -v Longitude,lon -d Longitude,lon input.nc.tmp -O -o input.nc.tmp
+ ncap2 -O -s 'time[time]=0' input.nc.tmp -o input.nc.tmp
+ ncks -C -O -x -v Max_emission,Max_emission_col,Max_emission_row input.nc.tmp input.nc.tmp
+ ncks -C -O -x -v QCAll,CloudPerc,FirePerc,NumSensor input.nc.tmp input.nc.tmp
+ ncks -C -O -x -v TotalEmis_region_Africa input.nc.tmp input.nc.tmp
+ ncks -C -O -x -v TotalEmis_region_Asia input.nc.tmp input.nc.tmp
+ ncks -C -O -x -v TotalEmis_region_Australia input.nc.tmp input.nc.tmp
+ ncks -C -O -x -v TotalEmis_region_Europe input.nc.tmp input.nc.tmp
+ ncks -C -O -x -v TotalEmis_region_NorthAmerica input.nc.tmp input.nc.tmp
+ ncks -C -O -x -v TotalEmis_region_SouthAmerica input.nc.tmp input.nc.tmp
+ ncks -C -O -x -v quality_information input.nc.tmp input.nc.tmp
+ ncks -O -d lat,-89.5,89.5 input.nc.tmp input.nc.tmp2
++ date -d 20240723 +%Y-%m-%d
+ d=2024-07-23
+ dd='hours since 2024-07-23 12:00:00'
+ ncatted -O -a 'units,time,c,c,hours since 2024-07-23 12:00:00' input.nc.tmp2
+ ncatted -O -a long_name,time,c,c,Time input.nc.tmp2
+ ncatted -O -a calendar,time,c,c,gregorian input.nc.tmp2
+ ncatted -O -a axis,time,c,c,T input.nc.tmp2
+ ncatted -O -a long_name,lat,m,c,latitude input.nc.tmp2
+ ncatted -O -a long_name,lon,m,c,longitude input.nc.tmp2
+ ncatted -O -a axis,lon,d,, input.nc.tmp2
+ ncatted -O -a bounds,lon,d,, input.nc.tmp2
+ ncatted -O -a valid_range,lon,d,, input.nc.tmp2
+ ncatted -O -a scale_factor,lon,d,, input.nc.tmp2
+ ncatted -O -a add_offset,lon,d,, input.nc.tmp2
+ ncatted -O -a _FillValue,lon,d,, input.nc.tmp2
+ ncatted -O -a axis,lat,d,, input.nc.tmp2
+ ncatted -O -a bounds,lat,d,, input.nc.tmp2
+ ncatted -O -a valid_range,lat,d,, input.nc.tmp2
+ ncatted -O -a scale_factor,lat,d,, input.nc.tmp2
+ ncatted -O -a add_offset,lat,d,, input.nc.tmp2
+ ncatted -O -a _FillValue,lat,d,, input.nc.tmp2
+ ncatted -O -a coordinates,SO2,d,, input.nc.tmp2
+ ncatted -O -a coordinates,PM2.5,d,, input.nc.tmp2
+ ncatted -O -a coordinates,OC,d,, input.nc.tmp2
+ ncatted -O -a coordinates,BC,d,, input.nc.tmp2
+ ncatted -O -a coordinates,CO,d,, input.nc.tmp2
+ ncatted -O -a coordinates,NOx,d,, input.nc.tmp2
+ ncatted -O -a coordinates,NH3,d,, input.nc.tmp2
+ ncatted -O -a valid_range,SO2,d,, input.nc.tmp2
+ ncatted -O -a valid_range,PM2.5,d,, input.nc.tmp2
+ ncatted -O -a valid_range,OC,d,, input.nc.tmp2
+ ncatted -O -a valid_range,BC,d,, input.nc.tmp2
+ ncatted -O -a valid_range,CO,d,, input.nc.tmp2
+ ncatted -O -a valid_range,NOx,d,, input.nc.tmp2
+ ncatted -O -a valid_range,NH3,d,, input.nc.tmp2
+ ncatted -O -a add_offset,SO2,d,, input.nc.tmp2
+ ncatted -O -a add_offset,PM2.5,d,, input.nc.tmp2
+ ncatted -O -a add_offset,OC,d,, input.nc.tmp2
+ ncatted -O -a add_offset,BC,d,, input.nc.tmp2
+ ncatted -O -a add_offset,CO,d,, input.nc.tmp2
+ ncatted -O -a add_offset,NOx,d,, input.nc.tmp2
+ ncatted -O -a add_offset,NH3,d,, input.nc.tmp2
+ ncatted -O -a add_offset,MeanFRP,d,, input.nc.tmp2
+ ncatted -O -a valid_range,MeanFRP,d,, input.nc.tmp2
+ ncatted -O -a coordinates,MeanFRP,d,, input.nc.tmp2
+ nccopy -k 'netCDF-4 classic model' input.nc.tmp2 input.nc.tmp3
+ nccopy -d1 input.nc.tmp3 input.nc.tmp4
+ ERR=0
+ ECNT=0
+ '[' 0 -eq 0 ']'
+ /bin/mv input.nc.tmp4 /scratch1/BMC/gsd-fv3-dev/MAPP_2018/bhuang/JEDI-2020/JEDI-FV3/expCodes/PACEData/GBBEPx/Prep_GBBEPx_2024070100_2024093000/FixGBBEPx/GBBEPx_all01GRID.emissions_v004_20240723.nc
+ ERR=0
+ ECNT=0
+ '[' 0 -eq 0 ']'
+ echo 'Fix GBBEPx successflully at 20240723'
Fix GBBEPx successflully at 20240723
++ /scratch2/NCEPDEV/nwprod/NCEPLIBS/utils/prod_util.v1.1.0/exec/ndate 24 2024072300
+ IDATE=2024072400
+ '[' 2024072400 -le 2024072600 ']'
+ ECNT=0
+ /bin/rm -rf input.nc.tmp input.nc.tmp2 input.nc.tmp3 input.nc
+ IY=2024
+ IM=07
+ ID=24
+ IYMD=20240724
+ SRCFILE='/scratch1/BMC/gsd-fv3-dev/MAPP_2018/bhuang/JEDI-2020/JEDI-FV3/expCodes/PACEData/GBBEPx/Prep_GBBEPx_2024070100_2024093000/2024072400/*.nc'
+ OUTFILE=/scratch1/BMC/gsd-fv3-dev/MAPP_2018/bhuang/JEDI-2020/JEDI-FV3/expCodes/PACEData/GBBEPx/Prep_GBBEPx_2024070100_2024093000/FixGBBEPx/GBBEPx_all01GRID.emissions_v004_20240724.nc
++ wc -l
++ ls /scratch1/BMC/gsd-fv3-dev/MAPP_2018/bhuang/JEDI-2020/JEDI-FV3/expCodes/PACEData/GBBEPx/Prep_GBBEPx_2024070100_2024093000/2024072400/GBBEPx-all01GRID_v5r0_blend_s202407240000000_e202407242359590_c202407250122060.nc
+ NNC=1
+ '[' 1 -eq 1 ']'
++ ls /scratch1/BMC/gsd-fv3-dev/MAPP_2018/bhuang/JEDI-2020/JEDI-FV3/expCodes/PACEData/GBBEPx/Prep_GBBEPx_2024070100_2024093000/2024072400/GBBEPx-all01GRID_v5r0_blend_s202407240000000_e202407242359590_c202407250122060.nc
+ for FILE in $(ls ${SRCFILE})
+ /bin/cp /scratch1/BMC/gsd-fv3-dev/MAPP_2018/bhuang/JEDI-2020/JEDI-FV3/expCodes/PACEData/GBBEPx/Prep_GBBEPx_2024070100_2024093000/2024072400/GBBEPx-all01GRID_v5r0_blend_s202407240000000_e202407242359590_c202407250122060.nc input.nc
+ ERR=0
+ ECNT=0
+ /home/Bo.Huang/JEDI-2020/UFS-Aerosols_RETcyc/UFS-Aerosols-EP4_JEDI-AeroDA-Reanl/misc/PrepPACE/GBBEPx/fix_GBBEPx_Li.sh input.nc 20240724
+ '[' -z '' ']'
+ case "$-" in
+ __lmod_vx=x
+ '[' -n x ']'
+ set +x
Shell debugging temporarily silenced: export LMOD_SH_DBG_ON=1 for this output (/apps/lmod/lmod/init/bash)
Shell debugging restarted
+ unset __lmod_vx
+ input_file=input.nc
+ yyyymmdd=20240724
+ nccopy -k classic input.nc input.nc.tmp
+ ncks --mk_rec_dmn Time input.nc.tmp -O -o input.nc.tmp
+ ncatted -O -a units,Longitude,m,c,degrees_east input.nc.tmp
+ ncrename -v Time,time -d Time,time input.nc.tmp -O -o input.nc.tmp
+ ncrename -v Latitude,lat -d Latitude,lat input.nc.tmp -O -o input.nc.tmp
+ ncrename -v Longitude,lon -d Longitude,lon input.nc.tmp -O -o input.nc.tmp
+ ncap2 -O -s 'time[time]=0' input.nc.tmp -o input.nc.tmp
+ ncks -C -O -x -v Max_emission,Max_emission_col,Max_emission_row input.nc.tmp input.nc.tmp
+ ncks -C -O -x -v QCAll,CloudPerc,FirePerc,NumSensor input.nc.tmp input.nc.tmp
+ ncks -C -O -x -v TotalEmis_region_Africa input.nc.tmp input.nc.tmp
+ ncks -C -O -x -v TotalEmis_region_Asia input.nc.tmp input.nc.tmp
+ ncks -C -O -x -v TotalEmis_region_Australia input.nc.tmp input.nc.tmp
+ ncks -C -O -x -v TotalEmis_region_Europe input.nc.tmp input.nc.tmp
+ ncks -C -O -x -v TotalEmis_region_NorthAmerica input.nc.tmp input.nc.tmp
+ ncks -C -O -x -v TotalEmis_region_SouthAmerica input.nc.tmp input.nc.tmp
+ ncks -C -O -x -v quality_information input.nc.tmp input.nc.tmp
+ ncks -O -d lat,-89.5,89.5 input.nc.tmp input.nc.tmp2
++ date -d 20240724 +%Y-%m-%d
+ d=2024-07-24
+ dd='hours since 2024-07-24 12:00:00'
+ ncatted -O -a 'units,time,c,c,hours since 2024-07-24 12:00:00' input.nc.tmp2
+ ncatted -O -a long_name,time,c,c,Time input.nc.tmp2
+ ncatted -O -a calendar,time,c,c,gregorian input.nc.tmp2
+ ncatted -O -a axis,time,c,c,T input.nc.tmp2
+ ncatted -O -a long_name,lat,m,c,latitude input.nc.tmp2
+ ncatted -O -a long_name,lon,m,c,longitude input.nc.tmp2
+ ncatted -O -a axis,lon,d,, input.nc.tmp2
+ ncatted -O -a bounds,lon,d,, input.nc.tmp2
+ ncatted -O -a valid_range,lon,d,, input.nc.tmp2
+ ncatted -O -a scale_factor,lon,d,, input.nc.tmp2
+ ncatted -O -a add_offset,lon,d,, input.nc.tmp2
+ ncatted -O -a _FillValue,lon,d,, input.nc.tmp2
+ ncatted -O -a axis,lat,d,, input.nc.tmp2
+ ncatted -O -a bounds,lat,d,, input.nc.tmp2
+ ncatted -O -a valid_range,lat,d,, input.nc.tmp2
+ ncatted -O -a scale_factor,lat,d,, input.nc.tmp2
+ ncatted -O -a add_offset,lat,d,, input.nc.tmp2
+ ncatted -O -a _FillValue,lat,d,, input.nc.tmp2
+ ncatted -O -a coordinates,SO2,d,, input.nc.tmp2
+ ncatted -O -a coordinates,PM2.5,d,, input.nc.tmp2
+ ncatted -O -a coordinates,OC,d,, input.nc.tmp2
+ ncatted -O -a coordinates,BC,d,, input.nc.tmp2
+ ncatted -O -a coordinates,CO,d,, input.nc.tmp2
+ ncatted -O -a coordinates,NOx,d,, input.nc.tmp2
+ ncatted -O -a coordinates,NH3,d,, input.nc.tmp2
+ ncatted -O -a valid_range,SO2,d,, input.nc.tmp2
+ ncatted -O -a valid_range,PM2.5,d,, input.nc.tmp2
+ ncatted -O -a valid_range,OC,d,, input.nc.tmp2
+ ncatted -O -a valid_range,BC,d,, input.nc.tmp2
+ ncatted -O -a valid_range,CO,d,, input.nc.tmp2
+ ncatted -O -a valid_range,NOx,d,, input.nc.tmp2
+ ncatted -O -a valid_range,NH3,d,, input.nc.tmp2
+ ncatted -O -a add_offset,SO2,d,, input.nc.tmp2
+ ncatted -O -a add_offset,PM2.5,d,, input.nc.tmp2
+ ncatted -O -a add_offset,OC,d,, input.nc.tmp2
+ ncatted -O -a add_offset,BC,d,, input.nc.tmp2
+ ncatted -O -a add_offset,CO,d,, input.nc.tmp2
+ ncatted -O -a add_offset,NOx,d,, input.nc.tmp2
+ ncatted -O -a add_offset,NH3,d,, input.nc.tmp2
+ ncatted -O -a add_offset,MeanFRP,d,, input.nc.tmp2
+ ncatted -O -a valid_range,MeanFRP,d,, input.nc.tmp2
+ ncatted -O -a coordinates,MeanFRP,d,, input.nc.tmp2
+ nccopy -k 'netCDF-4 classic model' input.nc.tmp2 input.nc.tmp3
+ nccopy -d1 input.nc.tmp3 input.nc.tmp4
+ ERR=0
+ ECNT=0
+ '[' 0 -eq 0 ']'
+ /bin/mv input.nc.tmp4 /scratch1/BMC/gsd-fv3-dev/MAPP_2018/bhuang/JEDI-2020/JEDI-FV3/expCodes/PACEData/GBBEPx/Prep_GBBEPx_2024070100_2024093000/FixGBBEPx/GBBEPx_all01GRID.emissions_v004_20240724.nc
+ ERR=0
+ ECNT=0
+ '[' 0 -eq 0 ']'
+ echo 'Fix GBBEPx successflully at 20240724'
Fix GBBEPx successflully at 20240724
++ /scratch2/NCEPDEV/nwprod/NCEPLIBS/utils/prod_util.v1.1.0/exec/ndate 24 2024072400
+ IDATE=2024072500
+ '[' 2024072500 -le 2024072600 ']'
+ ECNT=0
+ /bin/rm -rf input.nc.tmp input.nc.tmp2 input.nc.tmp3 input.nc
+ IY=2024
+ IM=07
+ ID=25
+ IYMD=20240725
+ SRCFILE='/scratch1/BMC/gsd-fv3-dev/MAPP_2018/bhuang/JEDI-2020/JEDI-FV3/expCodes/PACEData/GBBEPx/Prep_GBBEPx_2024070100_2024093000/2024072500/*.nc'
+ OUTFILE=/scratch1/BMC/gsd-fv3-dev/MAPP_2018/bhuang/JEDI-2020/JEDI-FV3/expCodes/PACEData/GBBEPx/Prep_GBBEPx_2024070100_2024093000/FixGBBEPx/GBBEPx_all01GRID.emissions_v004_20240725.nc
++ wc -l
++ ls /scratch1/BMC/gsd-fv3-dev/MAPP_2018/bhuang/JEDI-2020/JEDI-FV3/expCodes/PACEData/GBBEPx/Prep_GBBEPx_2024070100_2024093000/2024072500/GBBEPx-all01GRID_v5r0_blend_s202407250000000_e202407252359590_c202407260131310.nc
+ NNC=1
+ '[' 1 -eq 1 ']'
++ ls /scratch1/BMC/gsd-fv3-dev/MAPP_2018/bhuang/JEDI-2020/JEDI-FV3/expCodes/PACEData/GBBEPx/Prep_GBBEPx_2024070100_2024093000/2024072500/GBBEPx-all01GRID_v5r0_blend_s202407250000000_e202407252359590_c202407260131310.nc
+ for FILE in $(ls ${SRCFILE})
+ /bin/cp /scratch1/BMC/gsd-fv3-dev/MAPP_2018/bhuang/JEDI-2020/JEDI-FV3/expCodes/PACEData/GBBEPx/Prep_GBBEPx_2024070100_2024093000/2024072500/GBBEPx-all01GRID_v5r0_blend_s202407250000000_e202407252359590_c202407260131310.nc input.nc
+ ERR=0
+ ECNT=0
+ /home/Bo.Huang/JEDI-2020/UFS-Aerosols_RETcyc/UFS-Aerosols-EP4_JEDI-AeroDA-Reanl/misc/PrepPACE/GBBEPx/fix_GBBEPx_Li.sh input.nc 20240725
+ '[' -z '' ']'
+ case "$-" in
+ __lmod_vx=x
+ '[' -n x ']'
+ set +x
Shell debugging temporarily silenced: export LMOD_SH_DBG_ON=1 for this output (/apps/lmod/lmod/init/bash)
Shell debugging restarted
+ unset __lmod_vx
+ input_file=input.nc
+ yyyymmdd=20240725
+ nccopy -k classic input.nc input.nc.tmp
+ ncks --mk_rec_dmn Time input.nc.tmp -O -o input.nc.tmp
+ ncatted -O -a units,Longitude,m,c,degrees_east input.nc.tmp
+ ncrename -v Time,time -d Time,time input.nc.tmp -O -o input.nc.tmp
+ ncrename -v Latitude,lat -d Latitude,lat input.nc.tmp -O -o input.nc.tmp
+ ncrename -v Longitude,lon -d Longitude,lon input.nc.tmp -O -o input.nc.tmp
+ ncap2 -O -s 'time[time]=0' input.nc.tmp -o input.nc.tmp
+ ncks -C -O -x -v Max_emission,Max_emission_col,Max_emission_row input.nc.tmp input.nc.tmp
+ ncks -C -O -x -v QCAll,CloudPerc,FirePerc,NumSensor input.nc.tmp input.nc.tmp
+ ncks -C -O -x -v TotalEmis_region_Africa input.nc.tmp input.nc.tmp
+ ncks -C -O -x -v TotalEmis_region_Asia input.nc.tmp input.nc.tmp
+ ncks -C -O -x -v TotalEmis_region_Australia input.nc.tmp input.nc.tmp
+ ncks -C -O -x -v TotalEmis_region_Europe input.nc.tmp input.nc.tmp
+ ncks -C -O -x -v TotalEmis_region_NorthAmerica input.nc.tmp input.nc.tmp
+ ncks -C -O -x -v TotalEmis_region_SouthAmerica input.nc.tmp input.nc.tmp
+ ncks -C -O -x -v quality_information input.nc.tmp input.nc.tmp
+ ncks -O -d lat,-89.5,89.5 input.nc.tmp input.nc.tmp2
++ date -d 20240725 +%Y-%m-%d
+ d=2024-07-25
+ dd='hours since 2024-07-25 12:00:00'
+ ncatted -O -a 'units,time,c,c,hours since 2024-07-25 12:00:00' input.nc.tmp2
+ ncatted -O -a long_name,time,c,c,Time input.nc.tmp2
+ ncatted -O -a calendar,time,c,c,gregorian input.nc.tmp2
+ ncatted -O -a axis,time,c,c,T input.nc.tmp2
+ ncatted -O -a long_name,lat,m,c,latitude input.nc.tmp2
+ ncatted -O -a long_name,lon,m,c,longitude input.nc.tmp2
+ ncatted -O -a axis,lon,d,, input.nc.tmp2
+ ncatted -O -a bounds,lon,d,, input.nc.tmp2
+ ncatted -O -a valid_range,lon,d,, input.nc.tmp2
+ ncatted -O -a scale_factor,lon,d,, input.nc.tmp2
+ ncatted -O -a add_offset,lon,d,, input.nc.tmp2
+ ncatted -O -a _FillValue,lon,d,, input.nc.tmp2
+ ncatted -O -a axis,lat,d,, input.nc.tmp2
+ ncatted -O -a bounds,lat,d,, input.nc.tmp2
+ ncatted -O -a valid_range,lat,d,, input.nc.tmp2
+ ncatted -O -a scale_factor,lat,d,, input.nc.tmp2
+ ncatted -O -a add_offset,lat,d,, input.nc.tmp2
+ ncatted -O -a _FillValue,lat,d,, input.nc.tmp2
+ ncatted -O -a coordinates,SO2,d,, input.nc.tmp2
+ ncatted -O -a coordinates,PM2.5,d,, input.nc.tmp2
+ ncatted -O -a coordinates,OC,d,, input.nc.tmp2
+ ncatted -O -a coordinates,BC,d,, input.nc.tmp2
+ ncatted -O -a coordinates,CO,d,, input.nc.tmp2
+ ncatted -O -a coordinates,NOx,d,, input.nc.tmp2
+ ncatted -O -a coordinates,NH3,d,, input.nc.tmp2
+ ncatted -O -a valid_range,SO2,d,, input.nc.tmp2
+ ncatted -O -a valid_range,PM2.5,d,, input.nc.tmp2
+ ncatted -O -a valid_range,OC,d,, input.nc.tmp2
+ ncatted -O -a valid_range,BC,d,, input.nc.tmp2
+ ncatted -O -a valid_range,CO,d,, input.nc.tmp2
+ ncatted -O -a valid_range,NOx,d,, input.nc.tmp2
+ ncatted -O -a valid_range,NH3,d,, input.nc.tmp2
+ ncatted -O -a add_offset,SO2,d,, input.nc.tmp2
+ ncatted -O -a add_offset,PM2.5,d,, input.nc.tmp2
+ ncatted -O -a add_offset,OC,d,, input.nc.tmp2
+ ncatted -O -a add_offset,BC,d,, input.nc.tmp2
+ ncatted -O -a add_offset,CO,d,, input.nc.tmp2
+ ncatted -O -a add_offset,NOx,d,, input.nc.tmp2
+ ncatted -O -a add_offset,NH3,d,, input.nc.tmp2
+ ncatted -O -a add_offset,MeanFRP,d,, input.nc.tmp2
+ ncatted -O -a valid_range,MeanFRP,d,, input.nc.tmp2
+ ncatted -O -a coordinates,MeanFRP,d,, input.nc.tmp2
+ nccopy -k 'netCDF-4 classic model' input.nc.tmp2 input.nc.tmp3
+ nccopy -d1 input.nc.tmp3 input.nc.tmp4
+ ERR=0
+ ECNT=0
+ '[' 0 -eq 0 ']'
+ /bin/mv input.nc.tmp4 /scratch1/BMC/gsd-fv3-dev/MAPP_2018/bhuang/JEDI-2020/JEDI-FV3/expCodes/PACEData/GBBEPx/Prep_GBBEPx_2024070100_2024093000/FixGBBEPx/GBBEPx_all01GRID.emissions_v004_20240725.nc
+ ERR=0
+ ECNT=0
+ '[' 0 -eq 0 ']'
+ echo 'Fix GBBEPx successflully at 20240725'
Fix GBBEPx successflully at 20240725
++ /scratch2/NCEPDEV/nwprod/NCEPLIBS/utils/prod_util.v1.1.0/exec/ndate 24 2024072500
+ IDATE=2024072600
+ '[' 2024072600 -le 2024072600 ']'
+ ECNT=0
+ /bin/rm -rf input.nc.tmp input.nc.tmp2 input.nc.tmp3 input.nc
+ IY=2024
+ IM=07
+ ID=26
+ IYMD=20240726
+ SRCFILE='/scratch1/BMC/gsd-fv3-dev/MAPP_2018/bhuang/JEDI-2020/JEDI-FV3/expCodes/PACEData/GBBEPx/Prep_GBBEPx_2024070100_2024093000/2024072600/*.nc'
+ OUTFILE=/scratch1/BMC/gsd-fv3-dev/MAPP_2018/bhuang/JEDI-2020/JEDI-FV3/expCodes/PACEData/GBBEPx/Prep_GBBEPx_2024070100_2024093000/FixGBBEPx/GBBEPx_all01GRID.emissions_v004_20240726.nc
++ wc -l
++ ls /scratch1/BMC/gsd-fv3-dev/MAPP_2018/bhuang/JEDI-2020/JEDI-FV3/expCodes/PACEData/GBBEPx/Prep_GBBEPx_2024070100_2024093000/2024072600/GBBEPx-all01GRID_v5r0_blend_s202407260000000_e202407262359590_c202407270344520.nc
+ NNC=1
+ '[' 1 -eq 1 ']'
++ ls /scratch1/BMC/gsd-fv3-dev/MAPP_2018/bhuang/JEDI-2020/JEDI-FV3/expCodes/PACEData/GBBEPx/Prep_GBBEPx_2024070100_2024093000/2024072600/GBBEPx-all01GRID_v5r0_blend_s202407260000000_e202407262359590_c202407270344520.nc
+ for FILE in $(ls ${SRCFILE})
+ /bin/cp /scratch1/BMC/gsd-fv3-dev/MAPP_2018/bhuang/JEDI-2020/JEDI-FV3/expCodes/PACEData/GBBEPx/Prep_GBBEPx_2024070100_2024093000/2024072600/GBBEPx-all01GRID_v5r0_blend_s202407260000000_e202407262359590_c202407270344520.nc input.nc
+ ERR=0
+ ECNT=0
+ /home/Bo.Huang/JEDI-2020/UFS-Aerosols_RETcyc/UFS-Aerosols-EP4_JEDI-AeroDA-Reanl/misc/PrepPACE/GBBEPx/fix_GBBEPx_Li.sh input.nc 20240726
+ '[' -z '' ']'
+ case "$-" in
+ __lmod_vx=x
+ '[' -n x ']'
+ set +x
Shell debugging temporarily silenced: export LMOD_SH_DBG_ON=1 for this output (/apps/lmod/lmod/init/bash)
Shell debugging restarted
+ unset __lmod_vx
+ input_file=input.nc
+ yyyymmdd=20240726
+ nccopy -k classic input.nc input.nc.tmp
+ ncks --mk_rec_dmn Time input.nc.tmp -O -o input.nc.tmp
+ ncatted -O -a units,Longitude,m,c,degrees_east input.nc.tmp
+ ncrename -v Time,time -d Time,time input.nc.tmp -O -o input.nc.tmp
+ ncrename -v Latitude,lat -d Latitude,lat input.nc.tmp -O -o input.nc.tmp
+ ncrename -v Longitude,lon -d Longitude,lon input.nc.tmp -O -o input.nc.tmp
+ ncap2 -O -s 'time[time]=0' input.nc.tmp -o input.nc.tmp
+ ncks -C -O -x -v Max_emission,Max_emission_col,Max_emission_row input.nc.tmp input.nc.tmp
+ ncks -C -O -x -v QCAll,CloudPerc,FirePerc,NumSensor input.nc.tmp input.nc.tmp
+ ncks -C -O -x -v TotalEmis_region_Africa input.nc.tmp input.nc.tmp
+ ncks -C -O -x -v TotalEmis_region_Asia input.nc.tmp input.nc.tmp
+ ncks -C -O -x -v TotalEmis_region_Australia input.nc.tmp input.nc.tmp
+ ncks -C -O -x -v TotalEmis_region_Europe input.nc.tmp input.nc.tmp
+ ncks -C -O -x -v TotalEmis_region_NorthAmerica input.nc.tmp input.nc.tmp
+ ncks -C -O -x -v TotalEmis_region_SouthAmerica input.nc.tmp input.nc.tmp
+ ncks -C -O -x -v quality_information input.nc.tmp input.nc.tmp
+ ncks -O -d lat,-89.5,89.5 input.nc.tmp input.nc.tmp2
++ date -d 20240726 +%Y-%m-%d
+ d=2024-07-26
+ dd='hours since 2024-07-26 12:00:00'
+ ncatted -O -a 'units,time,c,c,hours since 2024-07-26 12:00:00' input.nc.tmp2
+ ncatted -O -a long_name,time,c,c,Time input.nc.tmp2
+ ncatted -O -a calendar,time,c,c,gregorian input.nc.tmp2
+ ncatted -O -a axis,time,c,c,T input.nc.tmp2
+ ncatted -O -a long_name,lat,m,c,latitude input.nc.tmp2
+ ncatted -O -a long_name,lon,m,c,longitude input.nc.tmp2
+ ncatted -O -a axis,lon,d,, input.nc.tmp2
+ ncatted -O -a bounds,lon,d,, input.nc.tmp2
+ ncatted -O -a valid_range,lon,d,, input.nc.tmp2
+ ncatted -O -a scale_factor,lon,d,, input.nc.tmp2
+ ncatted -O -a add_offset,lon,d,, input.nc.tmp2
+ ncatted -O -a _FillValue,lon,d,, input.nc.tmp2
+ ncatted -O -a axis,lat,d,, input.nc.tmp2
+ ncatted -O -a bounds,lat,d,, input.nc.tmp2
+ ncatted -O -a valid_range,lat,d,, input.nc.tmp2
+ ncatted -O -a scale_factor,lat,d,, input.nc.tmp2
+ ncatted -O -a add_offset,lat,d,, input.nc.tmp2
+ ncatted -O -a _FillValue,lat,d,, input.nc.tmp2
+ ncatted -O -a coordinates,SO2,d,, input.nc.tmp2
+ ncatted -O -a coordinates,PM2.5,d,, input.nc.tmp2
+ ncatted -O -a coordinates,OC,d,, input.nc.tmp2
+ ncatted -O -a coordinates,BC,d,, input.nc.tmp2
+ ncatted -O -a coordinates,CO,d,, input.nc.tmp2
+ ncatted -O -a coordinates,NOx,d,, input.nc.tmp2
+ ncatted -O -a coordinates,NH3,d,, input.nc.tmp2
+ ncatted -O -a valid_range,SO2,d,, input.nc.tmp2
+ ncatted -O -a valid_range,PM2.5,d,, input.nc.tmp2
+ ncatted -O -a valid_range,OC,d,, input.nc.tmp2
+ ncatted -O -a valid_range,BC,d,, input.nc.tmp2
+ ncatted -O -a valid_range,CO,d,, input.nc.tmp2
+ ncatted -O -a valid_range,NOx,d,, input.nc.tmp2
+ ncatted -O -a valid_range,NH3,d,, input.nc.tmp2
+ ncatted -O -a add_offset,SO2,d,, input.nc.tmp2
+ ncatted -O -a add_offset,PM2.5,d,, input.nc.tmp2
+ ncatted -O -a add_offset,OC,d,, input.nc.tmp2
+ ncatted -O -a add_offset,BC,d,, input.nc.tmp2
+ ncatted -O -a add_offset,CO,d,, input.nc.tmp2
+ ncatted -O -a add_offset,NOx,d,, input.nc.tmp2
+ ncatted -O -a add_offset,NH3,d,, input.nc.tmp2
+ ncatted -O -a add_offset,MeanFRP,d,, input.nc.tmp2
+ ncatted -O -a valid_range,MeanFRP,d,, input.nc.tmp2
+ ncatted -O -a coordinates,MeanFRP,d,, input.nc.tmp2
+ nccopy -k 'netCDF-4 classic model' input.nc.tmp2 input.nc.tmp3
+ nccopy -d1 input.nc.tmp3 input.nc.tmp4
+ ERR=0
+ ECNT=0
+ '[' 0 -eq 0 ']'
+ /bin/mv input.nc.tmp4 /scratch1/BMC/gsd-fv3-dev/MAPP_2018/bhuang/JEDI-2020/JEDI-FV3/expCodes/PACEData/GBBEPx/Prep_GBBEPx_2024070100_2024093000/FixGBBEPx/GBBEPx_all01GRID.emissions_v004_20240726.nc
+ ERR=0
+ ECNT=0
+ '[' 0 -eq 0 ']'
+ echo 'Fix GBBEPx successflully at 20240726'
Fix GBBEPx successflully at 20240726
++ /scratch2/NCEPDEV/nwprod/NCEPLIBS/utils/prod_util.v1.1.0/exec/ndate 24 2024072600
+ IDATE=2024072700
+ '[' 2024072700 -le 2024072600 ']'
+ exit 0
_______________________________________________________________
Start Epilog on node hfe06 for job 3269024 :: Mon Dec  2 02:28:19 UTC 2024
Job 3269024 finished for user Bo.Huang in partition service with exit code 0:0
_______________________________________________________________
End Epilogue Mon Dec  2 02:28:19 UTC 2024
+ TOPDIR=/scratch1/BMC/gsd-fv3-dev/MAPP_2018/bhuang/JEDI-2020/JEDI-FV3/expCodes/PACEData/GBBEPx
+ SDATE=2024072700
+ EDATE=202493000
+ EXP=Prep_GBBEPx_2024070100_2024093000
+ EXPDIR=/scratch1/BMC/gsd-fv3-dev/MAPP_2018/bhuang/JEDI-2020/JEDI-FV3/expCodes/PACEData/GBBEPx/Prep_GBBEPx_2024070100_2024093000
+ TMPDIR=/scratch1/BMC/gsd-fv3-dev/MAPP_2018/bhuang/JEDI-2020/JEDI-FV3/expCodes/PACEData/GBBEPx/Prep_GBBEPx_2024070100_2024093000/tmp
+ OUTDIR=/scratch1/BMC/gsd-fv3-dev/MAPP_2018/bhuang/JEDI-2020/JEDI-FV3/expCodes/PACEData/GBBEPx/Prep_GBBEPx_2024070100_2024093000/FixGBBEPx
+ CYCINC=24
+ mkdir -p /scratch1/BMC/gsd-fv3-dev/MAPP_2018/bhuang/JEDI-2020/JEDI-FV3/expCodes/PACEData/GBBEPx/Prep_GBBEPx_2024070100_2024093000/tmp
+ mkdir -p /scratch1/BMC/gsd-fv3-dev/MAPP_2018/bhuang/JEDI-2020/JEDI-FV3/expCodes/PACEData/GBBEPx/Prep_GBBEPx_2024070100_2024093000/FixGBBEPx
+ NDATE=/scratch2/NCEPDEV/nwprod/NCEPLIBS/utils/prod_util.v1.1.0/exec/ndate
+ FIXEXE=/home/Bo.Huang/JEDI-2020/UFS-Aerosols_RETcyc/UFS-Aerosols-EP4_JEDI-AeroDA-Reanl/misc/PrepPACE/GBBEPx/fix_GBBEPx_Li.sh
++ /scratch2/NCEPDEV/nwprod/NCEPLIBS/utils/prod_util.v1.1.0/exec/ndate -24 2024072700
+ SDATE=2024072600
+ IDATE=2024072600
+ cd /scratch1/BMC/gsd-fv3-dev/MAPP_2018/bhuang/JEDI-2020/JEDI-FV3/expCodes/PACEData/GBBEPx/Prep_GBBEPx_2024070100_2024093000/tmp
+ '[' 2024072600 -le 202493000 ']'
+ exit
_______________________________________________________________
Start Epilog on node hfe06 for job 3596592 :: Mon Dec  9 00:51:46 UTC 2024
Job 3596592 finished for user Bo.Huang in partition service with exit code 0:0
_______________________________________________________________
End Epilogue Mon Dec  9 00:51:46 UTC 2024
+ TOPDIR=/scratch1/BMC/gsd-fv3-dev/MAPP_2018/bhuang/JEDI-2020/JEDI-FV3/expCodes/PACEData/GBBEPx
+ SDATE=2024072700
+ EDATE=2024093000
+ EXP=Prep_GBBEPx_2024070100_2024093000
+ EXPDIR=/scratch1/BMC/gsd-fv3-dev/MAPP_2018/bhuang/JEDI-2020/JEDI-FV3/expCodes/PACEData/GBBEPx/Prep_GBBEPx_2024070100_2024093000
+ TMPDIR=/scratch1/BMC/gsd-fv3-dev/MAPP_2018/bhuang/JEDI-2020/JEDI-FV3/expCodes/PACEData/GBBEPx/Prep_GBBEPx_2024070100_2024093000/tmp
+ OUTDIR=/scratch1/BMC/gsd-fv3-dev/MAPP_2018/bhuang/JEDI-2020/JEDI-FV3/expCodes/PACEData/GBBEPx/Prep_GBBEPx_2024070100_2024093000/FixGBBEPx
+ CYCINC=24
+ mkdir -p /scratch1/BMC/gsd-fv3-dev/MAPP_2018/bhuang/JEDI-2020/JEDI-FV3/expCodes/PACEData/GBBEPx/Prep_GBBEPx_2024070100_2024093000/tmp
+ mkdir -p /scratch1/BMC/gsd-fv3-dev/MAPP_2018/bhuang/JEDI-2020/JEDI-FV3/expCodes/PACEData/GBBEPx/Prep_GBBEPx_2024070100_2024093000/FixGBBEPx
+ NDATE=/scratch2/NCEPDEV/nwprod/NCEPLIBS/utils/prod_util.v1.1.0/exec/ndate
+ FIXEXE=/home/Bo.Huang/JEDI-2020/UFS-Aerosols_RETcyc/UFS-Aerosols-EP4_JEDI-AeroDA-Reanl/misc/PrepPACE/GBBEPx/fix_GBBEPx_Li.sh
++ /scratch2/NCEPDEV/nwprod/NCEPLIBS/utils/prod_util.v1.1.0/exec/ndate -24 2024072700
+ SDATE=2024072600
+ IDATE=2024072600
+ cd /scratch1/BMC/gsd-fv3-dev/MAPP_2018/bhuang/JEDI-2020/JEDI-FV3/expCodes/PACEData/GBBEPx/Prep_GBBEPx_2024070100_2024093000/tmp
+ '[' 2024072600 -le 2024093000 ']'
+ ECNT=0
+ /bin/rm -rf input.nc.tmp input.nc.tmp2 input.nc.tmp3 input.nc
+ IY=2024
+ IM=07
+ ID=26
+ IYMD=20240726
+ SRCFILE='/scratch1/BMC/gsd-fv3-dev/MAPP_2018/bhuang/JEDI-2020/JEDI-FV3/expCodes/PACEData/GBBEPx/Prep_GBBEPx_2024070100_2024093000/2024072600/*.nc'
+ OUTFILE=/scratch1/BMC/gsd-fv3-dev/MAPP_2018/bhuang/JEDI-2020/JEDI-FV3/expCodes/PACEData/GBBEPx/Prep_GBBEPx_2024070100_2024093000/FixGBBEPx/GBBEPx_all01GRID.emissions_v004_20240726.nc
++ wc -l
++ ls /scratch1/BMC/gsd-fv3-dev/MAPP_2018/bhuang/JEDI-2020/JEDI-FV3/expCodes/PACEData/GBBEPx/Prep_GBBEPx_2024070100_2024093000/2024072600/GBBEPx-all01GRID_v5r0_blend_s202407260000000_e202407262359590_c202407270344520.nc
+ NNC=1
+ '[' 1 -eq 1 ']'
++ ls /scratch1/BMC/gsd-fv3-dev/MAPP_2018/bhuang/JEDI-2020/JEDI-FV3/expCodes/PACEData/GBBEPx/Prep_GBBEPx_2024070100_2024093000/2024072600/GBBEPx-all01GRID_v5r0_blend_s202407260000000_e202407262359590_c202407270344520.nc
+ for FILE in $(ls ${SRCFILE})
+ /bin/cp /scratch1/BMC/gsd-fv3-dev/MAPP_2018/bhuang/JEDI-2020/JEDI-FV3/expCodes/PACEData/GBBEPx/Prep_GBBEPx_2024070100_2024093000/2024072600/GBBEPx-all01GRID_v5r0_blend_s202407260000000_e202407262359590_c202407270344520.nc input.nc
+ ERR=0
+ ECNT=0
+ /home/Bo.Huang/JEDI-2020/UFS-Aerosols_RETcyc/UFS-Aerosols-EP4_JEDI-AeroDA-Reanl/misc/PrepPACE/GBBEPx/fix_GBBEPx_Li.sh input.nc 20240726
+ '[' -z '' ']'
+ case "$-" in
+ __lmod_vx=x
+ '[' -n x ']'
+ set +x
Shell debugging temporarily silenced: export LMOD_SH_DBG_ON=1 for this output (/apps/lmod/lmod/init/bash)
Shell debugging restarted
+ unset __lmod_vx
+ input_file=input.nc
+ yyyymmdd=20240726
+ nccopy -k classic input.nc input.nc.tmp
+ ncks --mk_rec_dmn Time input.nc.tmp -O -o input.nc.tmp
+ ncatted -O -a units,Longitude,m,c,degrees_east input.nc.tmp
+ ncrename -v Time,time -d Time,time input.nc.tmp -O -o input.nc.tmp
+ ncrename -v Latitude,lat -d Latitude,lat input.nc.tmp -O -o input.nc.tmp
+ ncrename -v Longitude,lon -d Longitude,lon input.nc.tmp -O -o input.nc.tmp
+ ncap2 -O -s 'time[time]=0' input.nc.tmp -o input.nc.tmp
+ ncks -C -O -x -v Max_emission,Max_emission_col,Max_emission_row input.nc.tmp input.nc.tmp
+ ncks -C -O -x -v QCAll,CloudPerc,FirePerc,NumSensor input.nc.tmp input.nc.tmp
+ ncks -C -O -x -v TotalEmis_region_Africa input.nc.tmp input.nc.tmp
+ ncks -C -O -x -v TotalEmis_region_Asia input.nc.tmp input.nc.tmp
+ ncks -C -O -x -v TotalEmis_region_Australia input.nc.tmp input.nc.tmp
+ ncks -C -O -x -v TotalEmis_region_Europe input.nc.tmp input.nc.tmp
+ ncks -C -O -x -v TotalEmis_region_NorthAmerica input.nc.tmp input.nc.tmp
+ ncks -C -O -x -v TotalEmis_region_SouthAmerica input.nc.tmp input.nc.tmp
+ ncks -C -O -x -v quality_information input.nc.tmp input.nc.tmp
+ ncks -O -d lat,-89.5,89.5 input.nc.tmp input.nc.tmp2
++ date -d 20240726 +%Y-%m-%d
+ d=2024-07-26
+ dd='hours since 2024-07-26 12:00:00'
+ ncatted -O -a 'units,time,c,c,hours since 2024-07-26 12:00:00' input.nc.tmp2
+ ncatted -O -a long_name,time,c,c,Time input.nc.tmp2
+ ncatted -O -a calendar,time,c,c,gregorian input.nc.tmp2
+ ncatted -O -a axis,time,c,c,T input.nc.tmp2
+ ncatted -O -a long_name,lat,m,c,latitude input.nc.tmp2
+ ncatted -O -a long_name,lon,m,c,longitude input.nc.tmp2
+ ncatted -O -a axis,lon,d,, input.nc.tmp2
+ ncatted -O -a bounds,lon,d,, input.nc.tmp2
+ ncatted -O -a valid_range,lon,d,, input.nc.tmp2
+ ncatted -O -a scale_factor,lon,d,, input.nc.tmp2
+ ncatted -O -a add_offset,lon,d,, input.nc.tmp2
+ ncatted -O -a _FillValue,lon,d,, input.nc.tmp2
+ ncatted -O -a axis,lat,d,, input.nc.tmp2
+ ncatted -O -a bounds,lat,d,, input.nc.tmp2
+ ncatted -O -a valid_range,lat,d,, input.nc.tmp2
+ ncatted -O -a scale_factor,lat,d,, input.nc.tmp2
+ ncatted -O -a add_offset,lat,d,, input.nc.tmp2
+ ncatted -O -a _FillValue,lat,d,, input.nc.tmp2
+ ncatted -O -a coordinates,SO2,d,, input.nc.tmp2
+ ncatted -O -a coordinates,PM2.5,d,, input.nc.tmp2
+ ncatted -O -a coordinates,OC,d,, input.nc.tmp2
+ ncatted -O -a coordinates,BC,d,, input.nc.tmp2
+ ncatted -O -a coordinates,CO,d,, input.nc.tmp2
+ ncatted -O -a coordinates,NOx,d,, input.nc.tmp2
+ ncatted -O -a coordinates,NH3,d,, input.nc.tmp2
+ ncatted -O -a valid_range,SO2,d,, input.nc.tmp2
+ ncatted -O -a valid_range,PM2.5,d,, input.nc.tmp2
+ ncatted -O -a valid_range,OC,d,, input.nc.tmp2
+ ncatted -O -a valid_range,BC,d,, input.nc.tmp2
+ ncatted -O -a valid_range,CO,d,, input.nc.tmp2
+ ncatted -O -a valid_range,NOx,d,, input.nc.tmp2
+ ncatted -O -a valid_range,NH3,d,, input.nc.tmp2
+ ncatted -O -a add_offset,SO2,d,, input.nc.tmp2
+ ncatted -O -a add_offset,PM2.5,d,, input.nc.tmp2
+ ncatted -O -a add_offset,OC,d,, input.nc.tmp2
+ ncatted -O -a add_offset,BC,d,, input.nc.tmp2
+ ncatted -O -a add_offset,CO,d,, input.nc.tmp2
+ ncatted -O -a add_offset,NOx,d,, input.nc.tmp2
+ ncatted -O -a add_offset,NH3,d,, input.nc.tmp2
+ ncatted -O -a add_offset,MeanFRP,d,, input.nc.tmp2
+ ncatted -O -a valid_range,MeanFRP,d,, input.nc.tmp2
+ ncatted -O -a coordinates,MeanFRP,d,, input.nc.tmp2
+ nccopy -k 'netCDF-4 classic model' input.nc.tmp2 input.nc.tmp3
+ nccopy -d1 input.nc.tmp3 input.nc.tmp4
+ ERR=0
+ ECNT=0
+ '[' 0 -eq 0 ']'
+ /bin/mv input.nc.tmp4 /scratch1/BMC/gsd-fv3-dev/MAPP_2018/bhuang/JEDI-2020/JEDI-FV3/expCodes/PACEData/GBBEPx/Prep_GBBEPx_2024070100_2024093000/FixGBBEPx/GBBEPx_all01GRID.emissions_v004_20240726.nc
+ ERR=0
+ ECNT=0
+ '[' 0 -eq 0 ']'
+ echo 'Fix GBBEPx successflully at 20240726'
Fix GBBEPx successflully at 20240726
++ /scratch2/NCEPDEV/nwprod/NCEPLIBS/utils/prod_util.v1.1.0/exec/ndate 24 2024072600
+ IDATE=2024072700
+ '[' 2024072700 -le 2024093000 ']'
+ ECNT=0
+ /bin/rm -rf input.nc.tmp input.nc.tmp2 input.nc.tmp3 input.nc
+ IY=2024
+ IM=07
+ ID=27
+ IYMD=20240727
+ SRCFILE='/scratch1/BMC/gsd-fv3-dev/MAPP_2018/bhuang/JEDI-2020/JEDI-FV3/expCodes/PACEData/GBBEPx/Prep_GBBEPx_2024070100_2024093000/2024072700/*.nc'
+ OUTFILE=/scratch1/BMC/gsd-fv3-dev/MAPP_2018/bhuang/JEDI-2020/JEDI-FV3/expCodes/PACEData/GBBEPx/Prep_GBBEPx_2024070100_2024093000/FixGBBEPx/GBBEPx_all01GRID.emissions_v004_20240727.nc
++ wc -l
++ ls /scratch1/BMC/gsd-fv3-dev/MAPP_2018/bhuang/JEDI-2020/JEDI-FV3/expCodes/PACEData/GBBEPx/Prep_GBBEPx_2024070100_2024093000/2024072700/GBBEPx-all01GRID_v5r0_blend_s202407270000000_e202407272359590_c202407280344270.nc
+ NNC=1
+ '[' 1 -eq 1 ']'
++ ls /scratch1/BMC/gsd-fv3-dev/MAPP_2018/bhuang/JEDI-2020/JEDI-FV3/expCodes/PACEData/GBBEPx/Prep_GBBEPx_2024070100_2024093000/2024072700/GBBEPx-all01GRID_v5r0_blend_s202407270000000_e202407272359590_c202407280344270.nc
+ for FILE in $(ls ${SRCFILE})
+ /bin/cp /scratch1/BMC/gsd-fv3-dev/MAPP_2018/bhuang/JEDI-2020/JEDI-FV3/expCodes/PACEData/GBBEPx/Prep_GBBEPx_2024070100_2024093000/2024072700/GBBEPx-all01GRID_v5r0_blend_s202407270000000_e202407272359590_c202407280344270.nc input.nc
+ ERR=0
+ ECNT=0
+ /home/Bo.Huang/JEDI-2020/UFS-Aerosols_RETcyc/UFS-Aerosols-EP4_JEDI-AeroDA-Reanl/misc/PrepPACE/GBBEPx/fix_GBBEPx_Li.sh input.nc 20240727
+ '[' -z '' ']'
+ case "$-" in
+ __lmod_vx=x
+ '[' -n x ']'
+ set +x
Shell debugging temporarily silenced: export LMOD_SH_DBG_ON=1 for this output (/apps/lmod/lmod/init/bash)
Shell debugging restarted
+ unset __lmod_vx
+ input_file=input.nc
+ yyyymmdd=20240727
+ nccopy -k classic input.nc input.nc.tmp
+ ncks --mk_rec_dmn Time input.nc.tmp -O -o input.nc.tmp
+ ncatted -O -a units,Longitude,m,c,degrees_east input.nc.tmp
+ ncrename -v Time,time -d Time,time input.nc.tmp -O -o input.nc.tmp
+ ncrename -v Latitude,lat -d Latitude,lat input.nc.tmp -O -o input.nc.tmp
+ ncrename -v Longitude,lon -d Longitude,lon input.nc.tmp -O -o input.nc.tmp
+ ncap2 -O -s 'time[time]=0' input.nc.tmp -o input.nc.tmp
+ ncks -C -O -x -v Max_emission,Max_emission_col,Max_emission_row input.nc.tmp input.nc.tmp
+ ncks -C -O -x -v QCAll,CloudPerc,FirePerc,NumSensor input.nc.tmp input.nc.tmp
+ ncks -C -O -x -v TotalEmis_region_Africa input.nc.tmp input.nc.tmp
+ ncks -C -O -x -v TotalEmis_region_Asia input.nc.tmp input.nc.tmp
+ ncks -C -O -x -v TotalEmis_region_Australia input.nc.tmp input.nc.tmp
+ ncks -C -O -x -v TotalEmis_region_Europe input.nc.tmp input.nc.tmp
+ ncks -C -O -x -v TotalEmis_region_NorthAmerica input.nc.tmp input.nc.tmp
+ ncks -C -O -x -v TotalEmis_region_SouthAmerica input.nc.tmp input.nc.tmp
+ ncks -C -O -x -v quality_information input.nc.tmp input.nc.tmp
+ ncks -O -d lat,-89.5,89.5 input.nc.tmp input.nc.tmp2
++ date -d 20240727 +%Y-%m-%d
+ d=2024-07-27
+ dd='hours since 2024-07-27 12:00:00'
+ ncatted -O -a 'units,time,c,c,hours since 2024-07-27 12:00:00' input.nc.tmp2
+ ncatted -O -a long_name,time,c,c,Time input.nc.tmp2
+ ncatted -O -a calendar,time,c,c,gregorian input.nc.tmp2
+ ncatted -O -a axis,time,c,c,T input.nc.tmp2
+ ncatted -O -a long_name,lat,m,c,latitude input.nc.tmp2
+ ncatted -O -a long_name,lon,m,c,longitude input.nc.tmp2
+ ncatted -O -a axis,lon,d,, input.nc.tmp2
+ ncatted -O -a bounds,lon,d,, input.nc.tmp2
+ ncatted -O -a valid_range,lon,d,, input.nc.tmp2
+ ncatted -O -a scale_factor,lon,d,, input.nc.tmp2
+ ncatted -O -a add_offset,lon,d,, input.nc.tmp2
+ ncatted -O -a _FillValue,lon,d,, input.nc.tmp2
+ ncatted -O -a axis,lat,d,, input.nc.tmp2
+ ncatted -O -a bounds,lat,d,, input.nc.tmp2
+ ncatted -O -a valid_range,lat,d,, input.nc.tmp2
+ ncatted -O -a scale_factor,lat,d,, input.nc.tmp2
+ ncatted -O -a add_offset,lat,d,, input.nc.tmp2
+ ncatted -O -a _FillValue,lat,d,, input.nc.tmp2
+ ncatted -O -a coordinates,SO2,d,, input.nc.tmp2
+ ncatted -O -a coordinates,PM2.5,d,, input.nc.tmp2
+ ncatted -O -a coordinates,OC,d,, input.nc.tmp2
+ ncatted -O -a coordinates,BC,d,, input.nc.tmp2
+ ncatted -O -a coordinates,CO,d,, input.nc.tmp2
+ ncatted -O -a coordinates,NOx,d,, input.nc.tmp2
+ ncatted -O -a coordinates,NH3,d,, input.nc.tmp2
+ ncatted -O -a valid_range,SO2,d,, input.nc.tmp2
+ ncatted -O -a valid_range,PM2.5,d,, input.nc.tmp2
+ ncatted -O -a valid_range,OC,d,, input.nc.tmp2
+ ncatted -O -a valid_range,BC,d,, input.nc.tmp2
+ ncatted -O -a valid_range,CO,d,, input.nc.tmp2
+ ncatted -O -a valid_range,NOx,d,, input.nc.tmp2
+ ncatted -O -a valid_range,NH3,d,, input.nc.tmp2
+ ncatted -O -a add_offset,SO2,d,, input.nc.tmp2
+ ncatted -O -a add_offset,PM2.5,d,, input.nc.tmp2
+ ncatted -O -a add_offset,OC,d,, input.nc.tmp2
+ ncatted -O -a add_offset,BC,d,, input.nc.tmp2
+ ncatted -O -a add_offset,CO,d,, input.nc.tmp2
+ ncatted -O -a add_offset,NOx,d,, input.nc.tmp2
+ ncatted -O -a add_offset,NH3,d,, input.nc.tmp2
+ ncatted -O -a add_offset,MeanFRP,d,, input.nc.tmp2
+ ncatted -O -a valid_range,MeanFRP,d,, input.nc.tmp2
+ ncatted -O -a coordinates,MeanFRP,d,, input.nc.tmp2
+ nccopy -k 'netCDF-4 classic model' input.nc.tmp2 input.nc.tmp3
+ nccopy -d1 input.nc.tmp3 input.nc.tmp4
+ ERR=0
+ ECNT=0
+ '[' 0 -eq 0 ']'
+ /bin/mv input.nc.tmp4 /scratch1/BMC/gsd-fv3-dev/MAPP_2018/bhuang/JEDI-2020/JEDI-FV3/expCodes/PACEData/GBBEPx/Prep_GBBEPx_2024070100_2024093000/FixGBBEPx/GBBEPx_all01GRID.emissions_v004_20240727.nc
+ ERR=0
+ ECNT=0
+ '[' 0 -eq 0 ']'
+ echo 'Fix GBBEPx successflully at 20240727'
Fix GBBEPx successflully at 20240727
++ /scratch2/NCEPDEV/nwprod/NCEPLIBS/utils/prod_util.v1.1.0/exec/ndate 24 2024072700
+ IDATE=2024072800
+ '[' 2024072800 -le 2024093000 ']'
+ ECNT=0
+ /bin/rm -rf input.nc.tmp input.nc.tmp2 input.nc.tmp3 input.nc
+ IY=2024
+ IM=07
+ ID=28
+ IYMD=20240728
+ SRCFILE='/scratch1/BMC/gsd-fv3-dev/MAPP_2018/bhuang/JEDI-2020/JEDI-FV3/expCodes/PACEData/GBBEPx/Prep_GBBEPx_2024070100_2024093000/2024072800/*.nc'
+ OUTFILE=/scratch1/BMC/gsd-fv3-dev/MAPP_2018/bhuang/JEDI-2020/JEDI-FV3/expCodes/PACEData/GBBEPx/Prep_GBBEPx_2024070100_2024093000/FixGBBEPx/GBBEPx_all01GRID.emissions_v004_20240728.nc
++ wc -l
++ ls /scratch1/BMC/gsd-fv3-dev/MAPP_2018/bhuang/JEDI-2020/JEDI-FV3/expCodes/PACEData/GBBEPx/Prep_GBBEPx_2024070100_2024093000/2024072800/GBBEPx-all01GRID_v5r0_blend_s202407280000000_e202407282359590_c202407290345590.nc
+ NNC=1
+ '[' 1 -eq 1 ']'
++ ls /scratch1/BMC/gsd-fv3-dev/MAPP_2018/bhuang/JEDI-2020/JEDI-FV3/expCodes/PACEData/GBBEPx/Prep_GBBEPx_2024070100_2024093000/2024072800/GBBEPx-all01GRID_v5r0_blend_s202407280000000_e202407282359590_c202407290345590.nc
+ for FILE in $(ls ${SRCFILE})
+ /bin/cp /scratch1/BMC/gsd-fv3-dev/MAPP_2018/bhuang/JEDI-2020/JEDI-FV3/expCodes/PACEData/GBBEPx/Prep_GBBEPx_2024070100_2024093000/2024072800/GBBEPx-all01GRID_v5r0_blend_s202407280000000_e202407282359590_c202407290345590.nc input.nc
+ ERR=0
+ ECNT=0
+ /home/Bo.Huang/JEDI-2020/UFS-Aerosols_RETcyc/UFS-Aerosols-EP4_JEDI-AeroDA-Reanl/misc/PrepPACE/GBBEPx/fix_GBBEPx_Li.sh input.nc 20240728
+ '[' -z '' ']'
+ case "$-" in
+ __lmod_vx=x
+ '[' -n x ']'
+ set +x
Shell debugging temporarily silenced: export LMOD_SH_DBG_ON=1 for this output (/apps/lmod/lmod/init/bash)
Shell debugging restarted
+ unset __lmod_vx
+ input_file=input.nc
+ yyyymmdd=20240728
+ nccopy -k classic input.nc input.nc.tmp
+ ncks --mk_rec_dmn Time input.nc.tmp -O -o input.nc.tmp
+ ncatted -O -a units,Longitude,m,c,degrees_east input.nc.tmp
+ ncrename -v Time,time -d Time,time input.nc.tmp -O -o input.nc.tmp
+ ncrename -v Latitude,lat -d Latitude,lat input.nc.tmp -O -o input.nc.tmp
+ ncrename -v Longitude,lon -d Longitude,lon input.nc.tmp -O -o input.nc.tmp
+ ncap2 -O -s 'time[time]=0' input.nc.tmp -o input.nc.tmp
+ ncks -C -O -x -v Max_emission,Max_emission_col,Max_emission_row input.nc.tmp input.nc.tmp
+ ncks -C -O -x -v QCAll,CloudPerc,FirePerc,NumSensor input.nc.tmp input.nc.tmp
+ ncks -C -O -x -v TotalEmis_region_Africa input.nc.tmp input.nc.tmp
+ ncks -C -O -x -v TotalEmis_region_Asia input.nc.tmp input.nc.tmp
+ ncks -C -O -x -v TotalEmis_region_Australia input.nc.tmp input.nc.tmp
+ ncks -C -O -x -v TotalEmis_region_Europe input.nc.tmp input.nc.tmp
+ ncks -C -O -x -v TotalEmis_region_NorthAmerica input.nc.tmp input.nc.tmp
+ ncks -C -O -x -v TotalEmis_region_SouthAmerica input.nc.tmp input.nc.tmp
+ ncks -C -O -x -v quality_information input.nc.tmp input.nc.tmp
+ ncks -O -d lat,-89.5,89.5 input.nc.tmp input.nc.tmp2
++ date -d 20240728 +%Y-%m-%d
+ d=2024-07-28
+ dd='hours since 2024-07-28 12:00:00'
+ ncatted -O -a 'units,time,c,c,hours since 2024-07-28 12:00:00' input.nc.tmp2
+ ncatted -O -a long_name,time,c,c,Time input.nc.tmp2
+ ncatted -O -a calendar,time,c,c,gregorian input.nc.tmp2
+ ncatted -O -a axis,time,c,c,T input.nc.tmp2
+ ncatted -O -a long_name,lat,m,c,latitude input.nc.tmp2
+ ncatted -O -a long_name,lon,m,c,longitude input.nc.tmp2
+ ncatted -O -a axis,lon,d,, input.nc.tmp2
+ ncatted -O -a bounds,lon,d,, input.nc.tmp2
+ ncatted -O -a valid_range,lon,d,, input.nc.tmp2
+ ncatted -O -a scale_factor,lon,d,, input.nc.tmp2
+ ncatted -O -a add_offset,lon,d,, input.nc.tmp2
+ ncatted -O -a _FillValue,lon,d,, input.nc.tmp2
+ ncatted -O -a axis,lat,d,, input.nc.tmp2
+ ncatted -O -a bounds,lat,d,, input.nc.tmp2
+ ncatted -O -a valid_range,lat,d,, input.nc.tmp2
+ ncatted -O -a scale_factor,lat,d,, input.nc.tmp2
+ ncatted -O -a add_offset,lat,d,, input.nc.tmp2
+ ncatted -O -a _FillValue,lat,d,, input.nc.tmp2
+ ncatted -O -a coordinates,SO2,d,, input.nc.tmp2
+ ncatted -O -a coordinates,PM2.5,d,, input.nc.tmp2
+ ncatted -O -a coordinates,OC,d,, input.nc.tmp2
+ ncatted -O -a coordinates,BC,d,, input.nc.tmp2
+ ncatted -O -a coordinates,CO,d,, input.nc.tmp2
+ ncatted -O -a coordinates,NOx,d,, input.nc.tmp2
+ ncatted -O -a coordinates,NH3,d,, input.nc.tmp2
+ ncatted -O -a valid_range,SO2,d,, input.nc.tmp2
+ ncatted -O -a valid_range,PM2.5,d,, input.nc.tmp2
+ ncatted -O -a valid_range,OC,d,, input.nc.tmp2
+ ncatted -O -a valid_range,BC,d,, input.nc.tmp2
+ ncatted -O -a valid_range,CO,d,, input.nc.tmp2
+ ncatted -O -a valid_range,NOx,d,, input.nc.tmp2
+ ncatted -O -a valid_range,NH3,d,, input.nc.tmp2
+ ncatted -O -a add_offset,SO2,d,, input.nc.tmp2
+ ncatted -O -a add_offset,PM2.5,d,, input.nc.tmp2
+ ncatted -O -a add_offset,OC,d,, input.nc.tmp2
+ ncatted -O -a add_offset,BC,d,, input.nc.tmp2
+ ncatted -O -a add_offset,CO,d,, input.nc.tmp2
+ ncatted -O -a add_offset,NOx,d,, input.nc.tmp2
+ ncatted -O -a add_offset,NH3,d,, input.nc.tmp2
+ ncatted -O -a add_offset,MeanFRP,d,, input.nc.tmp2
+ ncatted -O -a valid_range,MeanFRP,d,, input.nc.tmp2
+ ncatted -O -a coordinates,MeanFRP,d,, input.nc.tmp2
+ nccopy -k 'netCDF-4 classic model' input.nc.tmp2 input.nc.tmp3
+ nccopy -d1 input.nc.tmp3 input.nc.tmp4
+ ERR=0
+ ECNT=0
+ '[' 0 -eq 0 ']'
+ /bin/mv input.nc.tmp4 /scratch1/BMC/gsd-fv3-dev/MAPP_2018/bhuang/JEDI-2020/JEDI-FV3/expCodes/PACEData/GBBEPx/Prep_GBBEPx_2024070100_2024093000/FixGBBEPx/GBBEPx_all01GRID.emissions_v004_20240728.nc
+ ERR=0
+ ECNT=0
+ '[' 0 -eq 0 ']'
+ echo 'Fix GBBEPx successflully at 20240728'
Fix GBBEPx successflully at 20240728
++ /scratch2/NCEPDEV/nwprod/NCEPLIBS/utils/prod_util.v1.1.0/exec/ndate 24 2024072800
+ IDATE=2024072900
+ '[' 2024072900 -le 2024093000 ']'
+ ECNT=0
+ /bin/rm -rf input.nc.tmp input.nc.tmp2 input.nc.tmp3 input.nc
+ IY=2024
+ IM=07
+ ID=29
+ IYMD=20240729
+ SRCFILE='/scratch1/BMC/gsd-fv3-dev/MAPP_2018/bhuang/JEDI-2020/JEDI-FV3/expCodes/PACEData/GBBEPx/Prep_GBBEPx_2024070100_2024093000/2024072900/*.nc'
+ OUTFILE=/scratch1/BMC/gsd-fv3-dev/MAPP_2018/bhuang/JEDI-2020/JEDI-FV3/expCodes/PACEData/GBBEPx/Prep_GBBEPx_2024070100_2024093000/FixGBBEPx/GBBEPx_all01GRID.emissions_v004_20240729.nc
++ wc -l
++ ls /scratch1/BMC/gsd-fv3-dev/MAPP_2018/bhuang/JEDI-2020/JEDI-FV3/expCodes/PACEData/GBBEPx/Prep_GBBEPx_2024070100_2024093000/2024072900/GBBEPx-all01GRID_v5r0_blend_s202407290000000_e202407292359590_c202407300112180.nc
+ NNC=1
+ '[' 1 -eq 1 ']'
++ ls /scratch1/BMC/gsd-fv3-dev/MAPP_2018/bhuang/JEDI-2020/JEDI-FV3/expCodes/PACEData/GBBEPx/Prep_GBBEPx_2024070100_2024093000/2024072900/GBBEPx-all01GRID_v5r0_blend_s202407290000000_e202407292359590_c202407300112180.nc
+ for FILE in $(ls ${SRCFILE})
+ /bin/cp /scratch1/BMC/gsd-fv3-dev/MAPP_2018/bhuang/JEDI-2020/JEDI-FV3/expCodes/PACEData/GBBEPx/Prep_GBBEPx_2024070100_2024093000/2024072900/GBBEPx-all01GRID_v5r0_blend_s202407290000000_e202407292359590_c202407300112180.nc input.nc
+ ERR=0
+ ECNT=0
+ /home/Bo.Huang/JEDI-2020/UFS-Aerosols_RETcyc/UFS-Aerosols-EP4_JEDI-AeroDA-Reanl/misc/PrepPACE/GBBEPx/fix_GBBEPx_Li.sh input.nc 20240729
+ '[' -z '' ']'
+ case "$-" in
+ __lmod_vx=x
+ '[' -n x ']'
+ set +x
Shell debugging temporarily silenced: export LMOD_SH_DBG_ON=1 for this output (/apps/lmod/lmod/init/bash)
Shell debugging restarted
+ unset __lmod_vx
+ input_file=input.nc
+ yyyymmdd=20240729
+ nccopy -k classic input.nc input.nc.tmp
+ ncks --mk_rec_dmn Time input.nc.tmp -O -o input.nc.tmp
+ ncatted -O -a units,Longitude,m,c,degrees_east input.nc.tmp
+ ncrename -v Time,time -d Time,time input.nc.tmp -O -o input.nc.tmp
+ ncrename -v Latitude,lat -d Latitude,lat input.nc.tmp -O -o input.nc.tmp
+ ncrename -v Longitude,lon -d Longitude,lon input.nc.tmp -O -o input.nc.tmp
+ ncap2 -O -s 'time[time]=0' input.nc.tmp -o input.nc.tmp
+ ncks -C -O -x -v Max_emission,Max_emission_col,Max_emission_row input.nc.tmp input.nc.tmp
+ ncks -C -O -x -v QCAll,CloudPerc,FirePerc,NumSensor input.nc.tmp input.nc.tmp
+ ncks -C -O -x -v TotalEmis_region_Africa input.nc.tmp input.nc.tmp
+ ncks -C -O -x -v TotalEmis_region_Asia input.nc.tmp input.nc.tmp
+ ncks -C -O -x -v TotalEmis_region_Australia input.nc.tmp input.nc.tmp
+ ncks -C -O -x -v TotalEmis_region_Europe input.nc.tmp input.nc.tmp
+ ncks -C -O -x -v TotalEmis_region_NorthAmerica input.nc.tmp input.nc.tmp
+ ncks -C -O -x -v TotalEmis_region_SouthAmerica input.nc.tmp input.nc.tmp
+ ncks -C -O -x -v quality_information input.nc.tmp input.nc.tmp
+ ncks -O -d lat,-89.5,89.5 input.nc.tmp input.nc.tmp2
++ date -d 20240729 +%Y-%m-%d
+ d=2024-07-29
+ dd='hours since 2024-07-29 12:00:00'
+ ncatted -O -a 'units,time,c,c,hours since 2024-07-29 12:00:00' input.nc.tmp2
+ ncatted -O -a long_name,time,c,c,Time input.nc.tmp2
+ ncatted -O -a calendar,time,c,c,gregorian input.nc.tmp2
+ ncatted -O -a axis,time,c,c,T input.nc.tmp2
+ ncatted -O -a long_name,lat,m,c,latitude input.nc.tmp2
+ ncatted -O -a long_name,lon,m,c,longitude input.nc.tmp2
+ ncatted -O -a axis,lon,d,, input.nc.tmp2
+ ncatted -O -a bounds,lon,d,, input.nc.tmp2
+ ncatted -O -a valid_range,lon,d,, input.nc.tmp2
+ ncatted -O -a scale_factor,lon,d,, input.nc.tmp2
+ ncatted -O -a add_offset,lon,d,, input.nc.tmp2
+ ncatted -O -a _FillValue,lon,d,, input.nc.tmp2
+ ncatted -O -a axis,lat,d,, input.nc.tmp2
+ ncatted -O -a bounds,lat,d,, input.nc.tmp2
+ ncatted -O -a valid_range,lat,d,, input.nc.tmp2
+ ncatted -O -a scale_factor,lat,d,, input.nc.tmp2
+ ncatted -O -a add_offset,lat,d,, input.nc.tmp2
+ ncatted -O -a _FillValue,lat,d,, input.nc.tmp2
+ ncatted -O -a coordinates,SO2,d,, input.nc.tmp2
+ ncatted -O -a coordinates,PM2.5,d,, input.nc.tmp2
+ ncatted -O -a coordinates,OC,d,, input.nc.tmp2
+ ncatted -O -a coordinates,BC,d,, input.nc.tmp2
+ ncatted -O -a coordinates,CO,d,, input.nc.tmp2
+ ncatted -O -a coordinates,NOx,d,, input.nc.tmp2
+ ncatted -O -a coordinates,NH3,d,, input.nc.tmp2
+ ncatted -O -a valid_range,SO2,d,, input.nc.tmp2
+ ncatted -O -a valid_range,PM2.5,d,, input.nc.tmp2
+ ncatted -O -a valid_range,OC,d,, input.nc.tmp2
+ ncatted -O -a valid_range,BC,d,, input.nc.tmp2
+ ncatted -O -a valid_range,CO,d,, input.nc.tmp2
+ ncatted -O -a valid_range,NOx,d,, input.nc.tmp2
+ ncatted -O -a valid_range,NH3,d,, input.nc.tmp2
+ ncatted -O -a add_offset,SO2,d,, input.nc.tmp2
+ ncatted -O -a add_offset,PM2.5,d,, input.nc.tmp2
+ ncatted -O -a add_offset,OC,d,, input.nc.tmp2
+ ncatted -O -a add_offset,BC,d,, input.nc.tmp2
+ ncatted -O -a add_offset,CO,d,, input.nc.tmp2
+ ncatted -O -a add_offset,NOx,d,, input.nc.tmp2
+ ncatted -O -a add_offset,NH3,d,, input.nc.tmp2
+ ncatted -O -a add_offset,MeanFRP,d,, input.nc.tmp2
+ ncatted -O -a valid_range,MeanFRP,d,, input.nc.tmp2
+ ncatted -O -a coordinates,MeanFRP,d,, input.nc.tmp2
+ nccopy -k 'netCDF-4 classic model' input.nc.tmp2 input.nc.tmp3
+ nccopy -d1 input.nc.tmp3 input.nc.tmp4
+ ERR=0
+ ECNT=0
+ '[' 0 -eq 0 ']'
+ /bin/mv input.nc.tmp4 /scratch1/BMC/gsd-fv3-dev/MAPP_2018/bhuang/JEDI-2020/JEDI-FV3/expCodes/PACEData/GBBEPx/Prep_GBBEPx_2024070100_2024093000/FixGBBEPx/GBBEPx_all01GRID.emissions_v004_20240729.nc
+ ERR=0
+ ECNT=0
+ '[' 0 -eq 0 ']'
+ echo 'Fix GBBEPx successflully at 20240729'
Fix GBBEPx successflully at 20240729
++ /scratch2/NCEPDEV/nwprod/NCEPLIBS/utils/prod_util.v1.1.0/exec/ndate 24 2024072900
+ IDATE=2024073000
+ '[' 2024073000 -le 2024093000 ']'
+ ECNT=0
+ /bin/rm -rf input.nc.tmp input.nc.tmp2 input.nc.tmp3 input.nc
+ IY=2024
+ IM=07
+ ID=30
+ IYMD=20240730
+ SRCFILE='/scratch1/BMC/gsd-fv3-dev/MAPP_2018/bhuang/JEDI-2020/JEDI-FV3/expCodes/PACEData/GBBEPx/Prep_GBBEPx_2024070100_2024093000/2024073000/*.nc'
+ OUTFILE=/scratch1/BMC/gsd-fv3-dev/MAPP_2018/bhuang/JEDI-2020/JEDI-FV3/expCodes/PACEData/GBBEPx/Prep_GBBEPx_2024070100_2024093000/FixGBBEPx/GBBEPx_all01GRID.emissions_v004_20240730.nc
++ wc -l
++ ls /scratch1/BMC/gsd-fv3-dev/MAPP_2018/bhuang/JEDI-2020/JEDI-FV3/expCodes/PACEData/GBBEPx/Prep_GBBEPx_2024070100_2024093000/2024073000/GBBEPx-all01GRID_v5r0_blend_s202407300000000_e202407302359590_c202407310141010.nc
+ NNC=1
+ '[' 1 -eq 1 ']'
++ ls /scratch1/BMC/gsd-fv3-dev/MAPP_2018/bhuang/JEDI-2020/JEDI-FV3/expCodes/PACEData/GBBEPx/Prep_GBBEPx_2024070100_2024093000/2024073000/GBBEPx-all01GRID_v5r0_blend_s202407300000000_e202407302359590_c202407310141010.nc
+ for FILE in $(ls ${SRCFILE})
+ /bin/cp /scratch1/BMC/gsd-fv3-dev/MAPP_2018/bhuang/JEDI-2020/JEDI-FV3/expCodes/PACEData/GBBEPx/Prep_GBBEPx_2024070100_2024093000/2024073000/GBBEPx-all01GRID_v5r0_blend_s202407300000000_e202407302359590_c202407310141010.nc input.nc
+ ERR=0
+ ECNT=0
+ /home/Bo.Huang/JEDI-2020/UFS-Aerosols_RETcyc/UFS-Aerosols-EP4_JEDI-AeroDA-Reanl/misc/PrepPACE/GBBEPx/fix_GBBEPx_Li.sh input.nc 20240730
+ '[' -z '' ']'
+ case "$-" in
+ __lmod_vx=x
+ '[' -n x ']'
+ set +x
Shell debugging temporarily silenced: export LMOD_SH_DBG_ON=1 for this output (/apps/lmod/lmod/init/bash)
Shell debugging restarted
+ unset __lmod_vx
+ input_file=input.nc
+ yyyymmdd=20240730
+ nccopy -k classic input.nc input.nc.tmp
+ ncks --mk_rec_dmn Time input.nc.tmp -O -o input.nc.tmp
+ ncatted -O -a units,Longitude,m,c,degrees_east input.nc.tmp
+ ncrename -v Time,time -d Time,time input.nc.tmp -O -o input.nc.tmp
+ ncrename -v Latitude,lat -d Latitude,lat input.nc.tmp -O -o input.nc.tmp
+ ncrename -v Longitude,lon -d Longitude,lon input.nc.tmp -O -o input.nc.tmp
+ ncap2 -O -s 'time[time]=0' input.nc.tmp -o input.nc.tmp
+ ncks -C -O -x -v Max_emission,Max_emission_col,Max_emission_row input.nc.tmp input.nc.tmp
+ ncks -C -O -x -v QCAll,CloudPerc,FirePerc,NumSensor input.nc.tmp input.nc.tmp
+ ncks -C -O -x -v TotalEmis_region_Africa input.nc.tmp input.nc.tmp
+ ncks -C -O -x -v TotalEmis_region_Asia input.nc.tmp input.nc.tmp
+ ncks -C -O -x -v TotalEmis_region_Australia input.nc.tmp input.nc.tmp
+ ncks -C -O -x -v TotalEmis_region_Europe input.nc.tmp input.nc.tmp
+ ncks -C -O -x -v TotalEmis_region_NorthAmerica input.nc.tmp input.nc.tmp
+ ncks -C -O -x -v TotalEmis_region_SouthAmerica input.nc.tmp input.nc.tmp
+ ncks -C -O -x -v quality_information input.nc.tmp input.nc.tmp
+ ncks -O -d lat,-89.5,89.5 input.nc.tmp input.nc.tmp2
++ date -d 20240730 +%Y-%m-%d
+ d=2024-07-30
+ dd='hours since 2024-07-30 12:00:00'
+ ncatted -O -a 'units,time,c,c,hours since 2024-07-30 12:00:00' input.nc.tmp2
+ ncatted -O -a long_name,time,c,c,Time input.nc.tmp2
+ ncatted -O -a calendar,time,c,c,gregorian input.nc.tmp2
+ ncatted -O -a axis,time,c,c,T input.nc.tmp2
+ ncatted -O -a long_name,lat,m,c,latitude input.nc.tmp2
+ ncatted -O -a long_name,lon,m,c,longitude input.nc.tmp2
+ ncatted -O -a axis,lon,d,, input.nc.tmp2
+ ncatted -O -a bounds,lon,d,, input.nc.tmp2
+ ncatted -O -a valid_range,lon,d,, input.nc.tmp2
+ ncatted -O -a scale_factor,lon,d,, input.nc.tmp2
+ ncatted -O -a add_offset,lon,d,, input.nc.tmp2
+ ncatted -O -a _FillValue,lon,d,, input.nc.tmp2
+ ncatted -O -a axis,lat,d,, input.nc.tmp2
+ ncatted -O -a bounds,lat,d,, input.nc.tmp2
+ ncatted -O -a valid_range,lat,d,, input.nc.tmp2
+ ncatted -O -a scale_factor,lat,d,, input.nc.tmp2
+ ncatted -O -a add_offset,lat,d,, input.nc.tmp2
+ ncatted -O -a _FillValue,lat,d,, input.nc.tmp2
+ ncatted -O -a coordinates,SO2,d,, input.nc.tmp2
+ ncatted -O -a coordinates,PM2.5,d,, input.nc.tmp2
+ ncatted -O -a coordinates,OC,d,, input.nc.tmp2
+ ncatted -O -a coordinates,BC,d,, input.nc.tmp2
+ ncatted -O -a coordinates,CO,d,, input.nc.tmp2
+ ncatted -O -a coordinates,NOx,d,, input.nc.tmp2
+ ncatted -O -a coordinates,NH3,d,, input.nc.tmp2
+ ncatted -O -a valid_range,SO2,d,, input.nc.tmp2
+ ncatted -O -a valid_range,PM2.5,d,, input.nc.tmp2
+ ncatted -O -a valid_range,OC,d,, input.nc.tmp2
+ ncatted -O -a valid_range,BC,d,, input.nc.tmp2
+ ncatted -O -a valid_range,CO,d,, input.nc.tmp2
+ ncatted -O -a valid_range,NOx,d,, input.nc.tmp2
+ ncatted -O -a valid_range,NH3,d,, input.nc.tmp2
+ ncatted -O -a add_offset,SO2,d,, input.nc.tmp2
+ ncatted -O -a add_offset,PM2.5,d,, input.nc.tmp2
+ ncatted -O -a add_offset,OC,d,, input.nc.tmp2
+ ncatted -O -a add_offset,BC,d,, input.nc.tmp2
+ ncatted -O -a add_offset,CO,d,, input.nc.tmp2
+ ncatted -O -a add_offset,NOx,d,, input.nc.tmp2
+ ncatted -O -a add_offset,NH3,d,, input.nc.tmp2
+ ncatted -O -a add_offset,MeanFRP,d,, input.nc.tmp2
+ ncatted -O -a valid_range,MeanFRP,d,, input.nc.tmp2
+ ncatted -O -a coordinates,MeanFRP,d,, input.nc.tmp2
+ nccopy -k 'netCDF-4 classic model' input.nc.tmp2 input.nc.tmp3
+ nccopy -d1 input.nc.tmp3 input.nc.tmp4
+ ERR=0
+ ECNT=0
+ '[' 0 -eq 0 ']'
+ /bin/mv input.nc.tmp4 /scratch1/BMC/gsd-fv3-dev/MAPP_2018/bhuang/JEDI-2020/JEDI-FV3/expCodes/PACEData/GBBEPx/Prep_GBBEPx_2024070100_2024093000/FixGBBEPx/GBBEPx_all01GRID.emissions_v004_20240730.nc
+ ERR=0
+ ECNT=0
+ '[' 0 -eq 0 ']'
+ echo 'Fix GBBEPx successflully at 20240730'
Fix GBBEPx successflully at 20240730
++ /scratch2/NCEPDEV/nwprod/NCEPLIBS/utils/prod_util.v1.1.0/exec/ndate 24 2024073000
+ IDATE=2024073100
+ '[' 2024073100 -le 2024093000 ']'
+ ECNT=0
+ /bin/rm -rf input.nc.tmp input.nc.tmp2 input.nc.tmp3 input.nc
+ IY=2024
+ IM=07
+ ID=31
+ IYMD=20240731
+ SRCFILE='/scratch1/BMC/gsd-fv3-dev/MAPP_2018/bhuang/JEDI-2020/JEDI-FV3/expCodes/PACEData/GBBEPx/Prep_GBBEPx_2024070100_2024093000/2024073100/*.nc'
+ OUTFILE=/scratch1/BMC/gsd-fv3-dev/MAPP_2018/bhuang/JEDI-2020/JEDI-FV3/expCodes/PACEData/GBBEPx/Prep_GBBEPx_2024070100_2024093000/FixGBBEPx/GBBEPx_all01GRID.emissions_v004_20240731.nc
++ wc -l
++ ls /scratch1/BMC/gsd-fv3-dev/MAPP_2018/bhuang/JEDI-2020/JEDI-FV3/expCodes/PACEData/GBBEPx/Prep_GBBEPx_2024070100_2024093000/2024073100/GBBEPx-all01GRID_v5r0_blend_s202407310000000_e202407312359590_c202408010124360.nc
+ NNC=1
+ '[' 1 -eq 1 ']'
++ ls /scratch1/BMC/gsd-fv3-dev/MAPP_2018/bhuang/JEDI-2020/JEDI-FV3/expCodes/PACEData/GBBEPx/Prep_GBBEPx_2024070100_2024093000/2024073100/GBBEPx-all01GRID_v5r0_blend_s202407310000000_e202407312359590_c202408010124360.nc
+ for FILE in $(ls ${SRCFILE})
+ /bin/cp /scratch1/BMC/gsd-fv3-dev/MAPP_2018/bhuang/JEDI-2020/JEDI-FV3/expCodes/PACEData/GBBEPx/Prep_GBBEPx_2024070100_2024093000/2024073100/GBBEPx-all01GRID_v5r0_blend_s202407310000000_e202407312359590_c202408010124360.nc input.nc
+ ERR=0
+ ECNT=0
+ /home/Bo.Huang/JEDI-2020/UFS-Aerosols_RETcyc/UFS-Aerosols-EP4_JEDI-AeroDA-Reanl/misc/PrepPACE/GBBEPx/fix_GBBEPx_Li.sh input.nc 20240731
+ '[' -z '' ']'
+ case "$-" in
+ __lmod_vx=x
+ '[' -n x ']'
+ set +x
Shell debugging temporarily silenced: export LMOD_SH_DBG_ON=1 for this output (/apps/lmod/lmod/init/bash)
Shell debugging restarted
+ unset __lmod_vx
+ input_file=input.nc
+ yyyymmdd=20240731
+ nccopy -k classic input.nc input.nc.tmp
+ ncks --mk_rec_dmn Time input.nc.tmp -O -o input.nc.tmp
+ ncatted -O -a units,Longitude,m,c,degrees_east input.nc.tmp
+ ncrename -v Time,time -d Time,time input.nc.tmp -O -o input.nc.tmp
+ ncrename -v Latitude,lat -d Latitude,lat input.nc.tmp -O -o input.nc.tmp
+ ncrename -v Longitude,lon -d Longitude,lon input.nc.tmp -O -o input.nc.tmp
+ ncap2 -O -s 'time[time]=0' input.nc.tmp -o input.nc.tmp
+ ncks -C -O -x -v Max_emission,Max_emission_col,Max_emission_row input.nc.tmp input.nc.tmp
+ ncks -C -O -x -v QCAll,CloudPerc,FirePerc,NumSensor input.nc.tmp input.nc.tmp
+ ncks -C -O -x -v TotalEmis_region_Africa input.nc.tmp input.nc.tmp
+ ncks -C -O -x -v TotalEmis_region_Asia input.nc.tmp input.nc.tmp
+ ncks -C -O -x -v TotalEmis_region_Australia input.nc.tmp input.nc.tmp
+ ncks -C -O -x -v TotalEmis_region_Europe input.nc.tmp input.nc.tmp
+ ncks -C -O -x -v TotalEmis_region_NorthAmerica input.nc.tmp input.nc.tmp
+ ncks -C -O -x -v TotalEmis_region_SouthAmerica input.nc.tmp input.nc.tmp
+ ncks -C -O -x -v quality_information input.nc.tmp input.nc.tmp
+ ncks -O -d lat,-89.5,89.5 input.nc.tmp input.nc.tmp2
++ date -d 20240731 +%Y-%m-%d
+ d=2024-07-31
+ dd='hours since 2024-07-31 12:00:00'
+ ncatted -O -a 'units,time,c,c,hours since 2024-07-31 12:00:00' input.nc.tmp2
+ ncatted -O -a long_name,time,c,c,Time input.nc.tmp2
+ ncatted -O -a calendar,time,c,c,gregorian input.nc.tmp2
+ ncatted -O -a axis,time,c,c,T input.nc.tmp2
+ ncatted -O -a long_name,lat,m,c,latitude input.nc.tmp2
+ ncatted -O -a long_name,lon,m,c,longitude input.nc.tmp2
+ ncatted -O -a axis,lon,d,, input.nc.tmp2
+ ncatted -O -a bounds,lon,d,, input.nc.tmp2
+ ncatted -O -a valid_range,lon,d,, input.nc.tmp2
+ ncatted -O -a scale_factor,lon,d,, input.nc.tmp2
+ ncatted -O -a add_offset,lon,d,, input.nc.tmp2
+ ncatted -O -a _FillValue,lon,d,, input.nc.tmp2
+ ncatted -O -a axis,lat,d,, input.nc.tmp2
+ ncatted -O -a bounds,lat,d,, input.nc.tmp2
+ ncatted -O -a valid_range,lat,d,, input.nc.tmp2
+ ncatted -O -a scale_factor,lat,d,, input.nc.tmp2
+ ncatted -O -a add_offset,lat,d,, input.nc.tmp2
+ ncatted -O -a _FillValue,lat,d,, input.nc.tmp2
+ ncatted -O -a coordinates,SO2,d,, input.nc.tmp2
+ ncatted -O -a coordinates,PM2.5,d,, input.nc.tmp2
+ ncatted -O -a coordinates,OC,d,, input.nc.tmp2
+ ncatted -O -a coordinates,BC,d,, input.nc.tmp2
+ ncatted -O -a coordinates,CO,d,, input.nc.tmp2
+ ncatted -O -a coordinates,NOx,d,, input.nc.tmp2
+ ncatted -O -a coordinates,NH3,d,, input.nc.tmp2
+ ncatted -O -a valid_range,SO2,d,, input.nc.tmp2
+ ncatted -O -a valid_range,PM2.5,d,, input.nc.tmp2
+ ncatted -O -a valid_range,OC,d,, input.nc.tmp2
+ ncatted -O -a valid_range,BC,d,, input.nc.tmp2
+ ncatted -O -a valid_range,CO,d,, input.nc.tmp2
+ ncatted -O -a valid_range,NOx,d,, input.nc.tmp2
+ ncatted -O -a valid_range,NH3,d,, input.nc.tmp2
+ ncatted -O -a add_offset,SO2,d,, input.nc.tmp2
+ ncatted -O -a add_offset,PM2.5,d,, input.nc.tmp2
+ ncatted -O -a add_offset,OC,d,, input.nc.tmp2
+ ncatted -O -a add_offset,BC,d,, input.nc.tmp2
+ ncatted -O -a add_offset,CO,d,, input.nc.tmp2
+ ncatted -O -a add_offset,NOx,d,, input.nc.tmp2
+ ncatted -O -a add_offset,NH3,d,, input.nc.tmp2
+ ncatted -O -a add_offset,MeanFRP,d,, input.nc.tmp2
+ ncatted -O -a valid_range,MeanFRP,d,, input.nc.tmp2
+ ncatted -O -a coordinates,MeanFRP,d,, input.nc.tmp2
+ nccopy -k 'netCDF-4 classic model' input.nc.tmp2 input.nc.tmp3
+ nccopy -d1 input.nc.tmp3 input.nc.tmp4
+ ERR=0
+ ECNT=0
+ '[' 0 -eq 0 ']'
+ /bin/mv input.nc.tmp4 /scratch1/BMC/gsd-fv3-dev/MAPP_2018/bhuang/JEDI-2020/JEDI-FV3/expCodes/PACEData/GBBEPx/Prep_GBBEPx_2024070100_2024093000/FixGBBEPx/GBBEPx_all01GRID.emissions_v004_20240731.nc
+ ERR=0
+ ECNT=0
+ '[' 0 -eq 0 ']'
+ echo 'Fix GBBEPx successflully at 20240731'
Fix GBBEPx successflully at 20240731
++ /scratch2/NCEPDEV/nwprod/NCEPLIBS/utils/prod_util.v1.1.0/exec/ndate 24 2024073100
+ IDATE=2024080100
+ '[' 2024080100 -le 2024093000 ']'
+ ECNT=0
+ /bin/rm -rf input.nc.tmp input.nc.tmp2 input.nc.tmp3 input.nc
+ IY=2024
+ IM=08
+ ID=01
+ IYMD=20240801
+ SRCFILE='/scratch1/BMC/gsd-fv3-dev/MAPP_2018/bhuang/JEDI-2020/JEDI-FV3/expCodes/PACEData/GBBEPx/Prep_GBBEPx_2024070100_2024093000/2024080100/*.nc'
+ OUTFILE=/scratch1/BMC/gsd-fv3-dev/MAPP_2018/bhuang/JEDI-2020/JEDI-FV3/expCodes/PACEData/GBBEPx/Prep_GBBEPx_2024070100_2024093000/FixGBBEPx/GBBEPx_all01GRID.emissions_v004_20240801.nc
++ wc -l
++ ls /scratch1/BMC/gsd-fv3-dev/MAPP_2018/bhuang/JEDI-2020/JEDI-FV3/expCodes/PACEData/GBBEPx/Prep_GBBEPx_2024070100_2024093000/2024080100/GBBEPx-all01GRID_v5r0_blend_s202408010000000_e202408012359590_c202408020117410.nc
+ NNC=1
+ '[' 1 -eq 1 ']'
++ ls /scratch1/BMC/gsd-fv3-dev/MAPP_2018/bhuang/JEDI-2020/JEDI-FV3/expCodes/PACEData/GBBEPx/Prep_GBBEPx_2024070100_2024093000/2024080100/GBBEPx-all01GRID_v5r0_blend_s202408010000000_e202408012359590_c202408020117410.nc
+ for FILE in $(ls ${SRCFILE})
+ /bin/cp /scratch1/BMC/gsd-fv3-dev/MAPP_2018/bhuang/JEDI-2020/JEDI-FV3/expCodes/PACEData/GBBEPx/Prep_GBBEPx_2024070100_2024093000/2024080100/GBBEPx-all01GRID_v5r0_blend_s202408010000000_e202408012359590_c202408020117410.nc input.nc
+ ERR=0
+ ECNT=0
+ /home/Bo.Huang/JEDI-2020/UFS-Aerosols_RETcyc/UFS-Aerosols-EP4_JEDI-AeroDA-Reanl/misc/PrepPACE/GBBEPx/fix_GBBEPx_Li.sh input.nc 20240801
+ '[' -z '' ']'
+ case "$-" in
+ __lmod_vx=x
+ '[' -n x ']'
+ set +x
Shell debugging temporarily silenced: export LMOD_SH_DBG_ON=1 for this output (/apps/lmod/lmod/init/bash)
Shell debugging restarted
+ unset __lmod_vx
+ input_file=input.nc
+ yyyymmdd=20240801
+ nccopy -k classic input.nc input.nc.tmp
+ ncks --mk_rec_dmn Time input.nc.tmp -O -o input.nc.tmp
+ ncatted -O -a units,Longitude,m,c,degrees_east input.nc.tmp
+ ncrename -v Time,time -d Time,time input.nc.tmp -O -o input.nc.tmp
+ ncrename -v Latitude,lat -d Latitude,lat input.nc.tmp -O -o input.nc.tmp
+ ncrename -v Longitude,lon -d Longitude,lon input.nc.tmp -O -o input.nc.tmp
+ ncap2 -O -s 'time[time]=0' input.nc.tmp -o input.nc.tmp
+ ncks -C -O -x -v Max_emission,Max_emission_col,Max_emission_row input.nc.tmp input.nc.tmp
+ ncks -C -O -x -v QCAll,CloudPerc,FirePerc,NumSensor input.nc.tmp input.nc.tmp
+ ncks -C -O -x -v TotalEmis_region_Africa input.nc.tmp input.nc.tmp
+ ncks -C -O -x -v TotalEmis_region_Asia input.nc.tmp input.nc.tmp
+ ncks -C -O -x -v TotalEmis_region_Australia input.nc.tmp input.nc.tmp
+ ncks -C -O -x -v TotalEmis_region_Europe input.nc.tmp input.nc.tmp
+ ncks -C -O -x -v TotalEmis_region_NorthAmerica input.nc.tmp input.nc.tmp
+ ncks -C -O -x -v TotalEmis_region_SouthAmerica input.nc.tmp input.nc.tmp
+ ncks -C -O -x -v quality_information input.nc.tmp input.nc.tmp
+ ncks -O -d lat,-89.5,89.5 input.nc.tmp input.nc.tmp2
++ date -d 20240801 +%Y-%m-%d
+ d=2024-08-01
+ dd='hours since 2024-08-01 12:00:00'
+ ncatted -O -a 'units,time,c,c,hours since 2024-08-01 12:00:00' input.nc.tmp2
+ ncatted -O -a long_name,time,c,c,Time input.nc.tmp2
+ ncatted -O -a calendar,time,c,c,gregorian input.nc.tmp2
+ ncatted -O -a axis,time,c,c,T input.nc.tmp2
+ ncatted -O -a long_name,lat,m,c,latitude input.nc.tmp2
+ ncatted -O -a long_name,lon,m,c,longitude input.nc.tmp2
+ ncatted -O -a axis,lon,d,, input.nc.tmp2
+ ncatted -O -a bounds,lon,d,, input.nc.tmp2
+ ncatted -O -a valid_range,lon,d,, input.nc.tmp2
+ ncatted -O -a scale_factor,lon,d,, input.nc.tmp2
+ ncatted -O -a add_offset,lon,d,, input.nc.tmp2
+ ncatted -O -a _FillValue,lon,d,, input.nc.tmp2
+ ncatted -O -a axis,lat,d,, input.nc.tmp2
+ ncatted -O -a bounds,lat,d,, input.nc.tmp2
+ ncatted -O -a valid_range,lat,d,, input.nc.tmp2
+ ncatted -O -a scale_factor,lat,d,, input.nc.tmp2
+ ncatted -O -a add_offset,lat,d,, input.nc.tmp2
+ ncatted -O -a _FillValue,lat,d,, input.nc.tmp2
+ ncatted -O -a coordinates,SO2,d,, input.nc.tmp2
+ ncatted -O -a coordinates,PM2.5,d,, input.nc.tmp2
+ ncatted -O -a coordinates,OC,d,, input.nc.tmp2
+ ncatted -O -a coordinates,BC,d,, input.nc.tmp2
+ ncatted -O -a coordinates,CO,d,, input.nc.tmp2
+ ncatted -O -a coordinates,NOx,d,, input.nc.tmp2
+ ncatted -O -a coordinates,NH3,d,, input.nc.tmp2
+ ncatted -O -a valid_range,SO2,d,, input.nc.tmp2
+ ncatted -O -a valid_range,PM2.5,d,, input.nc.tmp2
+ ncatted -O -a valid_range,OC,d,, input.nc.tmp2
+ ncatted -O -a valid_range,BC,d,, input.nc.tmp2
+ ncatted -O -a valid_range,CO,d,, input.nc.tmp2
+ ncatted -O -a valid_range,NOx,d,, input.nc.tmp2
+ ncatted -O -a valid_range,NH3,d,, input.nc.tmp2
+ ncatted -O -a add_offset,SO2,d,, input.nc.tmp2
+ ncatted -O -a add_offset,PM2.5,d,, input.nc.tmp2
+ ncatted -O -a add_offset,OC,d,, input.nc.tmp2
+ ncatted -O -a add_offset,BC,d,, input.nc.tmp2
+ ncatted -O -a add_offset,CO,d,, input.nc.tmp2
+ ncatted -O -a add_offset,NOx,d,, input.nc.tmp2
+ ncatted -O -a add_offset,NH3,d,, input.nc.tmp2
+ ncatted -O -a add_offset,MeanFRP,d,, input.nc.tmp2
+ ncatted -O -a valid_range,MeanFRP,d,, input.nc.tmp2
+ ncatted -O -a coordinates,MeanFRP,d,, input.nc.tmp2
+ nccopy -k 'netCDF-4 classic model' input.nc.tmp2 input.nc.tmp3
+ nccopy -d1 input.nc.tmp3 input.nc.tmp4
+ ERR=0
+ ECNT=0
+ '[' 0 -eq 0 ']'
+ /bin/mv input.nc.tmp4 /scratch1/BMC/gsd-fv3-dev/MAPP_2018/bhuang/JEDI-2020/JEDI-FV3/expCodes/PACEData/GBBEPx/Prep_GBBEPx_2024070100_2024093000/FixGBBEPx/GBBEPx_all01GRID.emissions_v004_20240801.nc
+ ERR=0
+ ECNT=0
+ '[' 0 -eq 0 ']'
+ echo 'Fix GBBEPx successflully at 20240801'
Fix GBBEPx successflully at 20240801
++ /scratch2/NCEPDEV/nwprod/NCEPLIBS/utils/prod_util.v1.1.0/exec/ndate 24 2024080100
+ IDATE=2024080200
+ '[' 2024080200 -le 2024093000 ']'
+ ECNT=0
+ /bin/rm -rf input.nc.tmp input.nc.tmp2 input.nc.tmp3 input.nc
+ IY=2024
+ IM=08
+ ID=02
+ IYMD=20240802
+ SRCFILE='/scratch1/BMC/gsd-fv3-dev/MAPP_2018/bhuang/JEDI-2020/JEDI-FV3/expCodes/PACEData/GBBEPx/Prep_GBBEPx_2024070100_2024093000/2024080200/*.nc'
+ OUTFILE=/scratch1/BMC/gsd-fv3-dev/MAPP_2018/bhuang/JEDI-2020/JEDI-FV3/expCodes/PACEData/GBBEPx/Prep_GBBEPx_2024070100_2024093000/FixGBBEPx/GBBEPx_all01GRID.emissions_v004_20240802.nc
++ wc -l
++ ls /scratch1/BMC/gsd-fv3-dev/MAPP_2018/bhuang/JEDI-2020/JEDI-FV3/expCodes/PACEData/GBBEPx/Prep_GBBEPx_2024070100_2024093000/2024080200/GBBEPx-all01GRID_v5r0_blend_s202408020000000_e202408022359590_c202408030130340.nc
+ NNC=1
+ '[' 1 -eq 1 ']'
++ ls /scratch1/BMC/gsd-fv3-dev/MAPP_2018/bhuang/JEDI-2020/JEDI-FV3/expCodes/PACEData/GBBEPx/Prep_GBBEPx_2024070100_2024093000/2024080200/GBBEPx-all01GRID_v5r0_blend_s202408020000000_e202408022359590_c202408030130340.nc
+ for FILE in $(ls ${SRCFILE})
+ /bin/cp /scratch1/BMC/gsd-fv3-dev/MAPP_2018/bhuang/JEDI-2020/JEDI-FV3/expCodes/PACEData/GBBEPx/Prep_GBBEPx_2024070100_2024093000/2024080200/GBBEPx-all01GRID_v5r0_blend_s202408020000000_e202408022359590_c202408030130340.nc input.nc
+ ERR=0
+ ECNT=0
+ /home/Bo.Huang/JEDI-2020/UFS-Aerosols_RETcyc/UFS-Aerosols-EP4_JEDI-AeroDA-Reanl/misc/PrepPACE/GBBEPx/fix_GBBEPx_Li.sh input.nc 20240802
+ '[' -z '' ']'
+ case "$-" in
+ __lmod_vx=x
+ '[' -n x ']'
+ set +x
Shell debugging temporarily silenced: export LMOD_SH_DBG_ON=1 for this output (/apps/lmod/lmod/init/bash)
Shell debugging restarted
+ unset __lmod_vx
+ input_file=input.nc
+ yyyymmdd=20240802
+ nccopy -k classic input.nc input.nc.tmp
+ ncks --mk_rec_dmn Time input.nc.tmp -O -o input.nc.tmp
+ ncatted -O -a units,Longitude,m,c,degrees_east input.nc.tmp
+ ncrename -v Time,time -d Time,time input.nc.tmp -O -o input.nc.tmp
+ ncrename -v Latitude,lat -d Latitude,lat input.nc.tmp -O -o input.nc.tmp
+ ncrename -v Longitude,lon -d Longitude,lon input.nc.tmp -O -o input.nc.tmp
+ ncap2 -O -s 'time[time]=0' input.nc.tmp -o input.nc.tmp
+ ncks -C -O -x -v Max_emission,Max_emission_col,Max_emission_row input.nc.tmp input.nc.tmp
+ ncks -C -O -x -v QCAll,CloudPerc,FirePerc,NumSensor input.nc.tmp input.nc.tmp
+ ncks -C -O -x -v TotalEmis_region_Africa input.nc.tmp input.nc.tmp
+ ncks -C -O -x -v TotalEmis_region_Asia input.nc.tmp input.nc.tmp
+ ncks -C -O -x -v TotalEmis_region_Australia input.nc.tmp input.nc.tmp
+ ncks -C -O -x -v TotalEmis_region_Europe input.nc.tmp input.nc.tmp
+ ncks -C -O -x -v TotalEmis_region_NorthAmerica input.nc.tmp input.nc.tmp
+ ncks -C -O -x -v TotalEmis_region_SouthAmerica input.nc.tmp input.nc.tmp
+ ncks -C -O -x -v quality_information input.nc.tmp input.nc.tmp
+ ncks -O -d lat,-89.5,89.5 input.nc.tmp input.nc.tmp2
++ date -d 20240802 +%Y-%m-%d
+ d=2024-08-02
+ dd='hours since 2024-08-02 12:00:00'
+ ncatted -O -a 'units,time,c,c,hours since 2024-08-02 12:00:00' input.nc.tmp2
+ ncatted -O -a long_name,time,c,c,Time input.nc.tmp2
+ ncatted -O -a calendar,time,c,c,gregorian input.nc.tmp2
+ ncatted -O -a axis,time,c,c,T input.nc.tmp2
+ ncatted -O -a long_name,lat,m,c,latitude input.nc.tmp2
+ ncatted -O -a long_name,lon,m,c,longitude input.nc.tmp2
+ ncatted -O -a axis,lon,d,, input.nc.tmp2
+ ncatted -O -a bounds,lon,d,, input.nc.tmp2
+ ncatted -O -a valid_range,lon,d,, input.nc.tmp2
+ ncatted -O -a scale_factor,lon,d,, input.nc.tmp2
+ ncatted -O -a add_offset,lon,d,, input.nc.tmp2
+ ncatted -O -a _FillValue,lon,d,, input.nc.tmp2
+ ncatted -O -a axis,lat,d,, input.nc.tmp2
+ ncatted -O -a bounds,lat,d,, input.nc.tmp2
+ ncatted -O -a valid_range,lat,d,, input.nc.tmp2
+ ncatted -O -a scale_factor,lat,d,, input.nc.tmp2
+ ncatted -O -a add_offset,lat,d,, input.nc.tmp2
+ ncatted -O -a _FillValue,lat,d,, input.nc.tmp2
+ ncatted -O -a coordinates,SO2,d,, input.nc.tmp2
+ ncatted -O -a coordinates,PM2.5,d,, input.nc.tmp2
+ ncatted -O -a coordinates,OC,d,, input.nc.tmp2
+ ncatted -O -a coordinates,BC,d,, input.nc.tmp2
+ ncatted -O -a coordinates,CO,d,, input.nc.tmp2
+ ncatted -O -a coordinates,NOx,d,, input.nc.tmp2
+ ncatted -O -a coordinates,NH3,d,, input.nc.tmp2
+ ncatted -O -a valid_range,SO2,d,, input.nc.tmp2
+ ncatted -O -a valid_range,PM2.5,d,, input.nc.tmp2
+ ncatted -O -a valid_range,OC,d,, input.nc.tmp2
+ ncatted -O -a valid_range,BC,d,, input.nc.tmp2
+ ncatted -O -a valid_range,CO,d,, input.nc.tmp2
+ ncatted -O -a valid_range,NOx,d,, input.nc.tmp2
+ ncatted -O -a valid_range,NH3,d,, input.nc.tmp2
+ ncatted -O -a add_offset,SO2,d,, input.nc.tmp2
+ ncatted -O -a add_offset,PM2.5,d,, input.nc.tmp2
+ ncatted -O -a add_offset,OC,d,, input.nc.tmp2
+ ncatted -O -a add_offset,BC,d,, input.nc.tmp2
+ ncatted -O -a add_offset,CO,d,, input.nc.tmp2
+ ncatted -O -a add_offset,NOx,d,, input.nc.tmp2
+ ncatted -O -a add_offset,NH3,d,, input.nc.tmp2
+ ncatted -O -a add_offset,MeanFRP,d,, input.nc.tmp2
+ ncatted -O -a valid_range,MeanFRP,d,, input.nc.tmp2
+ ncatted -O -a coordinates,MeanFRP,d,, input.nc.tmp2
+ nccopy -k 'netCDF-4 classic model' input.nc.tmp2 input.nc.tmp3
+ nccopy -d1 input.nc.tmp3 input.nc.tmp4
+ ERR=0
+ ECNT=0
+ '[' 0 -eq 0 ']'
+ /bin/mv input.nc.tmp4 /scratch1/BMC/gsd-fv3-dev/MAPP_2018/bhuang/JEDI-2020/JEDI-FV3/expCodes/PACEData/GBBEPx/Prep_GBBEPx_2024070100_2024093000/FixGBBEPx/GBBEPx_all01GRID.emissions_v004_20240802.nc
+ ERR=0
+ ECNT=0
+ '[' 0 -eq 0 ']'
+ echo 'Fix GBBEPx successflully at 20240802'
Fix GBBEPx successflully at 20240802
++ /scratch2/NCEPDEV/nwprod/NCEPLIBS/utils/prod_util.v1.1.0/exec/ndate 24 2024080200
+ IDATE=2024080300
+ '[' 2024080300 -le 2024093000 ']'
+ ECNT=0
+ /bin/rm -rf input.nc.tmp input.nc.tmp2 input.nc.tmp3 input.nc
+ IY=2024
+ IM=08
+ ID=03
+ IYMD=20240803
+ SRCFILE='/scratch1/BMC/gsd-fv3-dev/MAPP_2018/bhuang/JEDI-2020/JEDI-FV3/expCodes/PACEData/GBBEPx/Prep_GBBEPx_2024070100_2024093000/2024080300/*.nc'
+ OUTFILE=/scratch1/BMC/gsd-fv3-dev/MAPP_2018/bhuang/JEDI-2020/JEDI-FV3/expCodes/PACEData/GBBEPx/Prep_GBBEPx_2024070100_2024093000/FixGBBEPx/GBBEPx_all01GRID.emissions_v004_20240803.nc
++ wc -l
++ ls /scratch1/BMC/gsd-fv3-dev/MAPP_2018/bhuang/JEDI-2020/JEDI-FV3/expCodes/PACEData/GBBEPx/Prep_GBBEPx_2024070100_2024093000/2024080300/GBBEPx-all01GRID_v5r0_blend_s202408030000000_e202408032359590_c202408040108550.nc
+ NNC=1
+ '[' 1 -eq 1 ']'
++ ls /scratch1/BMC/gsd-fv3-dev/MAPP_2018/bhuang/JEDI-2020/JEDI-FV3/expCodes/PACEData/GBBEPx/Prep_GBBEPx_2024070100_2024093000/2024080300/GBBEPx-all01GRID_v5r0_blend_s202408030000000_e202408032359590_c202408040108550.nc
+ for FILE in $(ls ${SRCFILE})
+ /bin/cp /scratch1/BMC/gsd-fv3-dev/MAPP_2018/bhuang/JEDI-2020/JEDI-FV3/expCodes/PACEData/GBBEPx/Prep_GBBEPx_2024070100_2024093000/2024080300/GBBEPx-all01GRID_v5r0_blend_s202408030000000_e202408032359590_c202408040108550.nc input.nc
+ ERR=0
+ ECNT=0
+ /home/Bo.Huang/JEDI-2020/UFS-Aerosols_RETcyc/UFS-Aerosols-EP4_JEDI-AeroDA-Reanl/misc/PrepPACE/GBBEPx/fix_GBBEPx_Li.sh input.nc 20240803
+ '[' -z '' ']'
+ case "$-" in
+ __lmod_vx=x
+ '[' -n x ']'
+ set +x
Shell debugging temporarily silenced: export LMOD_SH_DBG_ON=1 for this output (/apps/lmod/lmod/init/bash)
Shell debugging restarted
+ unset __lmod_vx
+ input_file=input.nc
+ yyyymmdd=20240803
+ nccopy -k classic input.nc input.nc.tmp
+ ncks --mk_rec_dmn Time input.nc.tmp -O -o input.nc.tmp
+ ncatted -O -a units,Longitude,m,c,degrees_east input.nc.tmp
+ ncrename -v Time,time -d Time,time input.nc.tmp -O -o input.nc.tmp
+ ncrename -v Latitude,lat -d Latitude,lat input.nc.tmp -O -o input.nc.tmp
+ ncrename -v Longitude,lon -d Longitude,lon input.nc.tmp -O -o input.nc.tmp
+ ncap2 -O -s 'time[time]=0' input.nc.tmp -o input.nc.tmp
+ ncks -C -O -x -v Max_emission,Max_emission_col,Max_emission_row input.nc.tmp input.nc.tmp
+ ncks -C -O -x -v QCAll,CloudPerc,FirePerc,NumSensor input.nc.tmp input.nc.tmp
+ ncks -C -O -x -v TotalEmis_region_Africa input.nc.tmp input.nc.tmp
+ ncks -C -O -x -v TotalEmis_region_Asia input.nc.tmp input.nc.tmp
+ ncks -C -O -x -v TotalEmis_region_Australia input.nc.tmp input.nc.tmp
+ ncks -C -O -x -v TotalEmis_region_Europe input.nc.tmp input.nc.tmp
+ ncks -C -O -x -v TotalEmis_region_NorthAmerica input.nc.tmp input.nc.tmp
+ ncks -C -O -x -v TotalEmis_region_SouthAmerica input.nc.tmp input.nc.tmp
+ ncks -C -O -x -v quality_information input.nc.tmp input.nc.tmp
+ ncks -O -d lat,-89.5,89.5 input.nc.tmp input.nc.tmp2
++ date -d 20240803 +%Y-%m-%d
+ d=2024-08-03
+ dd='hours since 2024-08-03 12:00:00'
+ ncatted -O -a 'units,time,c,c,hours since 2024-08-03 12:00:00' input.nc.tmp2
+ ncatted -O -a long_name,time,c,c,Time input.nc.tmp2
+ ncatted -O -a calendar,time,c,c,gregorian input.nc.tmp2
+ ncatted -O -a axis,time,c,c,T input.nc.tmp2
+ ncatted -O -a long_name,lat,m,c,latitude input.nc.tmp2
+ ncatted -O -a long_name,lon,m,c,longitude input.nc.tmp2
+ ncatted -O -a axis,lon,d,, input.nc.tmp2
+ ncatted -O -a bounds,lon,d,, input.nc.tmp2
+ ncatted -O -a valid_range,lon,d,, input.nc.tmp2
+ ncatted -O -a scale_factor,lon,d,, input.nc.tmp2
+ ncatted -O -a add_offset,lon,d,, input.nc.tmp2
+ ncatted -O -a _FillValue,lon,d,, input.nc.tmp2
+ ncatted -O -a axis,lat,d,, input.nc.tmp2
+ ncatted -O -a bounds,lat,d,, input.nc.tmp2
+ ncatted -O -a valid_range,lat,d,, input.nc.tmp2
+ ncatted -O -a scale_factor,lat,d,, input.nc.tmp2
+ ncatted -O -a add_offset,lat,d,, input.nc.tmp2
+ ncatted -O -a _FillValue,lat,d,, input.nc.tmp2
+ ncatted -O -a coordinates,SO2,d,, input.nc.tmp2
+ ncatted -O -a coordinates,PM2.5,d,, input.nc.tmp2
+ ncatted -O -a coordinates,OC,d,, input.nc.tmp2
+ ncatted -O -a coordinates,BC,d,, input.nc.tmp2
+ ncatted -O -a coordinates,CO,d,, input.nc.tmp2
+ ncatted -O -a coordinates,NOx,d,, input.nc.tmp2
+ ncatted -O -a coordinates,NH3,d,, input.nc.tmp2
+ ncatted -O -a valid_range,SO2,d,, input.nc.tmp2
+ ncatted -O -a valid_range,PM2.5,d,, input.nc.tmp2
+ ncatted -O -a valid_range,OC,d,, input.nc.tmp2
+ ncatted -O -a valid_range,BC,d,, input.nc.tmp2
+ ncatted -O -a valid_range,CO,d,, input.nc.tmp2
+ ncatted -O -a valid_range,NOx,d,, input.nc.tmp2
+ ncatted -O -a valid_range,NH3,d,, input.nc.tmp2
+ ncatted -O -a add_offset,SO2,d,, input.nc.tmp2
+ ncatted -O -a add_offset,PM2.5,d,, input.nc.tmp2
+ ncatted -O -a add_offset,OC,d,, input.nc.tmp2
+ ncatted -O -a add_offset,BC,d,, input.nc.tmp2
+ ncatted -O -a add_offset,CO,d,, input.nc.tmp2
+ ncatted -O -a add_offset,NOx,d,, input.nc.tmp2
+ ncatted -O -a add_offset,NH3,d,, input.nc.tmp2
+ ncatted -O -a add_offset,MeanFRP,d,, input.nc.tmp2
+ ncatted -O -a valid_range,MeanFRP,d,, input.nc.tmp2
+ ncatted -O -a coordinates,MeanFRP,d,, input.nc.tmp2
+ nccopy -k 'netCDF-4 classic model' input.nc.tmp2 input.nc.tmp3
+ nccopy -d1 input.nc.tmp3 input.nc.tmp4
+ ERR=0
+ ECNT=0
+ '[' 0 -eq 0 ']'
+ /bin/mv input.nc.tmp4 /scratch1/BMC/gsd-fv3-dev/MAPP_2018/bhuang/JEDI-2020/JEDI-FV3/expCodes/PACEData/GBBEPx/Prep_GBBEPx_2024070100_2024093000/FixGBBEPx/GBBEPx_all01GRID.emissions_v004_20240803.nc
+ ERR=0
+ ECNT=0
+ '[' 0 -eq 0 ']'
+ echo 'Fix GBBEPx successflully at 20240803'
Fix GBBEPx successflully at 20240803
++ /scratch2/NCEPDEV/nwprod/NCEPLIBS/utils/prod_util.v1.1.0/exec/ndate 24 2024080300
+ IDATE=2024080400
+ '[' 2024080400 -le 2024093000 ']'
+ ECNT=0
+ /bin/rm -rf input.nc.tmp input.nc.tmp2 input.nc.tmp3 input.nc
+ IY=2024
+ IM=08
+ ID=04
+ IYMD=20240804
+ SRCFILE='/scratch1/BMC/gsd-fv3-dev/MAPP_2018/bhuang/JEDI-2020/JEDI-FV3/expCodes/PACEData/GBBEPx/Prep_GBBEPx_2024070100_2024093000/2024080400/*.nc'
+ OUTFILE=/scratch1/BMC/gsd-fv3-dev/MAPP_2018/bhuang/JEDI-2020/JEDI-FV3/expCodes/PACEData/GBBEPx/Prep_GBBEPx_2024070100_2024093000/FixGBBEPx/GBBEPx_all01GRID.emissions_v004_20240804.nc
++ wc -l
++ ls /scratch1/BMC/gsd-fv3-dev/MAPP_2018/bhuang/JEDI-2020/JEDI-FV3/expCodes/PACEData/GBBEPx/Prep_GBBEPx_2024070100_2024093000/2024080400/GBBEPx-all01GRID_v5r0_blend_s202408040000000_e202408042359590_c202408050133410.nc
+ NNC=1
+ '[' 1 -eq 1 ']'
++ ls /scratch1/BMC/gsd-fv3-dev/MAPP_2018/bhuang/JEDI-2020/JEDI-FV3/expCodes/PACEData/GBBEPx/Prep_GBBEPx_2024070100_2024093000/2024080400/GBBEPx-all01GRID_v5r0_blend_s202408040000000_e202408042359590_c202408050133410.nc
+ for FILE in $(ls ${SRCFILE})
+ /bin/cp /scratch1/BMC/gsd-fv3-dev/MAPP_2018/bhuang/JEDI-2020/JEDI-FV3/expCodes/PACEData/GBBEPx/Prep_GBBEPx_2024070100_2024093000/2024080400/GBBEPx-all01GRID_v5r0_blend_s202408040000000_e202408042359590_c202408050133410.nc input.nc
+ ERR=0
+ ECNT=0
+ /home/Bo.Huang/JEDI-2020/UFS-Aerosols_RETcyc/UFS-Aerosols-EP4_JEDI-AeroDA-Reanl/misc/PrepPACE/GBBEPx/fix_GBBEPx_Li.sh input.nc 20240804
+ '[' -z '' ']'
+ case "$-" in
+ __lmod_vx=x
+ '[' -n x ']'
+ set +x
Shell debugging temporarily silenced: export LMOD_SH_DBG_ON=1 for this output (/apps/lmod/lmod/init/bash)
Shell debugging restarted
+ unset __lmod_vx
+ input_file=input.nc
+ yyyymmdd=20240804
+ nccopy -k classic input.nc input.nc.tmp
+ ncks --mk_rec_dmn Time input.nc.tmp -O -o input.nc.tmp
+ ncatted -O -a units,Longitude,m,c,degrees_east input.nc.tmp
+ ncrename -v Time,time -d Time,time input.nc.tmp -O -o input.nc.tmp
+ ncrename -v Latitude,lat -d Latitude,lat input.nc.tmp -O -o input.nc.tmp
+ ncrename -v Longitude,lon -d Longitude,lon input.nc.tmp -O -o input.nc.tmp
+ ncap2 -O -s 'time[time]=0' input.nc.tmp -o input.nc.tmp
+ ncks -C -O -x -v Max_emission,Max_emission_col,Max_emission_row input.nc.tmp input.nc.tmp
+ ncks -C -O -x -v QCAll,CloudPerc,FirePerc,NumSensor input.nc.tmp input.nc.tmp
+ ncks -C -O -x -v TotalEmis_region_Africa input.nc.tmp input.nc.tmp
+ ncks -C -O -x -v TotalEmis_region_Asia input.nc.tmp input.nc.tmp
+ ncks -C -O -x -v TotalEmis_region_Australia input.nc.tmp input.nc.tmp
+ ncks -C -O -x -v TotalEmis_region_Europe input.nc.tmp input.nc.tmp
+ ncks -C -O -x -v TotalEmis_region_NorthAmerica input.nc.tmp input.nc.tmp
+ ncks -C -O -x -v TotalEmis_region_SouthAmerica input.nc.tmp input.nc.tmp
+ ncks -C -O -x -v quality_information input.nc.tmp input.nc.tmp
+ ncks -O -d lat,-89.5,89.5 input.nc.tmp input.nc.tmp2
++ date -d 20240804 +%Y-%m-%d
+ d=2024-08-04
+ dd='hours since 2024-08-04 12:00:00'
+ ncatted -O -a 'units,time,c,c,hours since 2024-08-04 12:00:00' input.nc.tmp2
+ ncatted -O -a long_name,time,c,c,Time input.nc.tmp2
+ ncatted -O -a calendar,time,c,c,gregorian input.nc.tmp2
+ ncatted -O -a axis,time,c,c,T input.nc.tmp2
+ ncatted -O -a long_name,lat,m,c,latitude input.nc.tmp2
+ ncatted -O -a long_name,lon,m,c,longitude input.nc.tmp2
+ ncatted -O -a axis,lon,d,, input.nc.tmp2
+ ncatted -O -a bounds,lon,d,, input.nc.tmp2
+ ncatted -O -a valid_range,lon,d,, input.nc.tmp2
+ ncatted -O -a scale_factor,lon,d,, input.nc.tmp2
+ ncatted -O -a add_offset,lon,d,, input.nc.tmp2
+ ncatted -O -a _FillValue,lon,d,, input.nc.tmp2
+ ncatted -O -a axis,lat,d,, input.nc.tmp2
+ ncatted -O -a bounds,lat,d,, input.nc.tmp2
+ ncatted -O -a valid_range,lat,d,, input.nc.tmp2
+ ncatted -O -a scale_factor,lat,d,, input.nc.tmp2
+ ncatted -O -a add_offset,lat,d,, input.nc.tmp2
+ ncatted -O -a _FillValue,lat,d,, input.nc.tmp2
+ ncatted -O -a coordinates,SO2,d,, input.nc.tmp2
+ ncatted -O -a coordinates,PM2.5,d,, input.nc.tmp2
+ ncatted -O -a coordinates,OC,d,, input.nc.tmp2
+ ncatted -O -a coordinates,BC,d,, input.nc.tmp2
+ ncatted -O -a coordinates,CO,d,, input.nc.tmp2
+ ncatted -O -a coordinates,NOx,d,, input.nc.tmp2
+ ncatted -O -a coordinates,NH3,d,, input.nc.tmp2
+ ncatted -O -a valid_range,SO2,d,, input.nc.tmp2
+ ncatted -O -a valid_range,PM2.5,d,, input.nc.tmp2
+ ncatted -O -a valid_range,OC,d,, input.nc.tmp2
+ ncatted -O -a valid_range,BC,d,, input.nc.tmp2
+ ncatted -O -a valid_range,CO,d,, input.nc.tmp2
+ ncatted -O -a valid_range,NOx,d,, input.nc.tmp2
+ ncatted -O -a valid_range,NH3,d,, input.nc.tmp2
+ ncatted -O -a add_offset,SO2,d,, input.nc.tmp2
+ ncatted -O -a add_offset,PM2.5,d,, input.nc.tmp2
+ ncatted -O -a add_offset,OC,d,, input.nc.tmp2
+ ncatted -O -a add_offset,BC,d,, input.nc.tmp2
+ ncatted -O -a add_offset,CO,d,, input.nc.tmp2
+ ncatted -O -a add_offset,NOx,d,, input.nc.tmp2
+ ncatted -O -a add_offset,NH3,d,, input.nc.tmp2
+ ncatted -O -a add_offset,MeanFRP,d,, input.nc.tmp2
+ ncatted -O -a valid_range,MeanFRP,d,, input.nc.tmp2
+ ncatted -O -a coordinates,MeanFRP,d,, input.nc.tmp2
+ nccopy -k 'netCDF-4 classic model' input.nc.tmp2 input.nc.tmp3
+ nccopy -d1 input.nc.tmp3 input.nc.tmp4
+ ERR=0
+ ECNT=0
+ '[' 0 -eq 0 ']'
+ /bin/mv input.nc.tmp4 /scratch1/BMC/gsd-fv3-dev/MAPP_2018/bhuang/JEDI-2020/JEDI-FV3/expCodes/PACEData/GBBEPx/Prep_GBBEPx_2024070100_2024093000/FixGBBEPx/GBBEPx_all01GRID.emissions_v004_20240804.nc
+ ERR=0
+ ECNT=0
+ '[' 0 -eq 0 ']'
+ echo 'Fix GBBEPx successflully at 20240804'
Fix GBBEPx successflully at 20240804
++ /scratch2/NCEPDEV/nwprod/NCEPLIBS/utils/prod_util.v1.1.0/exec/ndate 24 2024080400
+ IDATE=2024080500
+ '[' 2024080500 -le 2024093000 ']'
+ ECNT=0
+ /bin/rm -rf input.nc.tmp input.nc.tmp2 input.nc.tmp3 input.nc
+ IY=2024
+ IM=08
+ ID=05
+ IYMD=20240805
+ SRCFILE='/scratch1/BMC/gsd-fv3-dev/MAPP_2018/bhuang/JEDI-2020/JEDI-FV3/expCodes/PACEData/GBBEPx/Prep_GBBEPx_2024070100_2024093000/2024080500/*.nc'
+ OUTFILE=/scratch1/BMC/gsd-fv3-dev/MAPP_2018/bhuang/JEDI-2020/JEDI-FV3/expCodes/PACEData/GBBEPx/Prep_GBBEPx_2024070100_2024093000/FixGBBEPx/GBBEPx_all01GRID.emissions_v004_20240805.nc
++ wc -l
++ ls /scratch1/BMC/gsd-fv3-dev/MAPP_2018/bhuang/JEDI-2020/JEDI-FV3/expCodes/PACEData/GBBEPx/Prep_GBBEPx_2024070100_2024093000/2024080500/GBBEPx-all01GRID_v5r0_blend_s202408050000000_e202408052359590_c202408060201470.nc
+ NNC=1
+ '[' 1 -eq 1 ']'
++ ls /scratch1/BMC/gsd-fv3-dev/MAPP_2018/bhuang/JEDI-2020/JEDI-FV3/expCodes/PACEData/GBBEPx/Prep_GBBEPx_2024070100_2024093000/2024080500/GBBEPx-all01GRID_v5r0_blend_s202408050000000_e202408052359590_c202408060201470.nc
+ for FILE in $(ls ${SRCFILE})
+ /bin/cp /scratch1/BMC/gsd-fv3-dev/MAPP_2018/bhuang/JEDI-2020/JEDI-FV3/expCodes/PACEData/GBBEPx/Prep_GBBEPx_2024070100_2024093000/2024080500/GBBEPx-all01GRID_v5r0_blend_s202408050000000_e202408052359590_c202408060201470.nc input.nc
+ ERR=0
+ ECNT=0
+ /home/Bo.Huang/JEDI-2020/UFS-Aerosols_RETcyc/UFS-Aerosols-EP4_JEDI-AeroDA-Reanl/misc/PrepPACE/GBBEPx/fix_GBBEPx_Li.sh input.nc 20240805
+ '[' -z '' ']'
+ case "$-" in
+ __lmod_vx=x
+ '[' -n x ']'
+ set +x
Shell debugging temporarily silenced: export LMOD_SH_DBG_ON=1 for this output (/apps/lmod/lmod/init/bash)
Shell debugging restarted
+ unset __lmod_vx
+ input_file=input.nc
+ yyyymmdd=20240805
+ nccopy -k classic input.nc input.nc.tmp
+ ncks --mk_rec_dmn Time input.nc.tmp -O -o input.nc.tmp
+ ncatted -O -a units,Longitude,m,c,degrees_east input.nc.tmp
+ ncrename -v Time,time -d Time,time input.nc.tmp -O -o input.nc.tmp
+ ncrename -v Latitude,lat -d Latitude,lat input.nc.tmp -O -o input.nc.tmp
+ ncrename -v Longitude,lon -d Longitude,lon input.nc.tmp -O -o input.nc.tmp
+ ncap2 -O -s 'time[time]=0' input.nc.tmp -o input.nc.tmp
+ ncks -C -O -x -v Max_emission,Max_emission_col,Max_emission_row input.nc.tmp input.nc.tmp
+ ncks -C -O -x -v QCAll,CloudPerc,FirePerc,NumSensor input.nc.tmp input.nc.tmp
+ ncks -C -O -x -v TotalEmis_region_Africa input.nc.tmp input.nc.tmp
+ ncks -C -O -x -v TotalEmis_region_Asia input.nc.tmp input.nc.tmp
+ ncks -C -O -x -v TotalEmis_region_Australia input.nc.tmp input.nc.tmp
+ ncks -C -O -x -v TotalEmis_region_Europe input.nc.tmp input.nc.tmp
+ ncks -C -O -x -v TotalEmis_region_NorthAmerica input.nc.tmp input.nc.tmp
+ ncks -C -O -x -v TotalEmis_region_SouthAmerica input.nc.tmp input.nc.tmp
+ ncks -C -O -x -v quality_information input.nc.tmp input.nc.tmp
+ ncks -O -d lat,-89.5,89.5 input.nc.tmp input.nc.tmp2
++ date -d 20240805 +%Y-%m-%d
+ d=2024-08-05
+ dd='hours since 2024-08-05 12:00:00'
+ ncatted -O -a 'units,time,c,c,hours since 2024-08-05 12:00:00' input.nc.tmp2
+ ncatted -O -a long_name,time,c,c,Time input.nc.tmp2
+ ncatted -O -a calendar,time,c,c,gregorian input.nc.tmp2
+ ncatted -O -a axis,time,c,c,T input.nc.tmp2
+ ncatted -O -a long_name,lat,m,c,latitude input.nc.tmp2
+ ncatted -O -a long_name,lon,m,c,longitude input.nc.tmp2
+ ncatted -O -a axis,lon,d,, input.nc.tmp2
+ ncatted -O -a bounds,lon,d,, input.nc.tmp2
+ ncatted -O -a valid_range,lon,d,, input.nc.tmp2
+ ncatted -O -a scale_factor,lon,d,, input.nc.tmp2
+ ncatted -O -a add_offset,lon,d,, input.nc.tmp2
+ ncatted -O -a _FillValue,lon,d,, input.nc.tmp2
+ ncatted -O -a axis,lat,d,, input.nc.tmp2
+ ncatted -O -a bounds,lat,d,, input.nc.tmp2
+ ncatted -O -a valid_range,lat,d,, input.nc.tmp2
+ ncatted -O -a scale_factor,lat,d,, input.nc.tmp2
+ ncatted -O -a add_offset,lat,d,, input.nc.tmp2
+ ncatted -O -a _FillValue,lat,d,, input.nc.tmp2
+ ncatted -O -a coordinates,SO2,d,, input.nc.tmp2
+ ncatted -O -a coordinates,PM2.5,d,, input.nc.tmp2
+ ncatted -O -a coordinates,OC,d,, input.nc.tmp2
+ ncatted -O -a coordinates,BC,d,, input.nc.tmp2
+ ncatted -O -a coordinates,CO,d,, input.nc.tmp2
+ ncatted -O -a coordinates,NOx,d,, input.nc.tmp2
+ ncatted -O -a coordinates,NH3,d,, input.nc.tmp2
+ ncatted -O -a valid_range,SO2,d,, input.nc.tmp2
+ ncatted -O -a valid_range,PM2.5,d,, input.nc.tmp2
+ ncatted -O -a valid_range,OC,d,, input.nc.tmp2
+ ncatted -O -a valid_range,BC,d,, input.nc.tmp2
+ ncatted -O -a valid_range,CO,d,, input.nc.tmp2
+ ncatted -O -a valid_range,NOx,d,, input.nc.tmp2
+ ncatted -O -a valid_range,NH3,d,, input.nc.tmp2
+ ncatted -O -a add_offset,SO2,d,, input.nc.tmp2
+ ncatted -O -a add_offset,PM2.5,d,, input.nc.tmp2
+ ncatted -O -a add_offset,OC,d,, input.nc.tmp2
+ ncatted -O -a add_offset,BC,d,, input.nc.tmp2
+ ncatted -O -a add_offset,CO,d,, input.nc.tmp2
+ ncatted -O -a add_offset,NOx,d,, input.nc.tmp2
+ ncatted -O -a add_offset,NH3,d,, input.nc.tmp2
+ ncatted -O -a add_offset,MeanFRP,d,, input.nc.tmp2
+ ncatted -O -a valid_range,MeanFRP,d,, input.nc.tmp2
+ ncatted -O -a coordinates,MeanFRP,d,, input.nc.tmp2
+ nccopy -k 'netCDF-4 classic model' input.nc.tmp2 input.nc.tmp3
+ nccopy -d1 input.nc.tmp3 input.nc.tmp4
+ ERR=0
+ ECNT=0
+ '[' 0 -eq 0 ']'
+ /bin/mv input.nc.tmp4 /scratch1/BMC/gsd-fv3-dev/MAPP_2018/bhuang/JEDI-2020/JEDI-FV3/expCodes/PACEData/GBBEPx/Prep_GBBEPx_2024070100_2024093000/FixGBBEPx/GBBEPx_all01GRID.emissions_v004_20240805.nc
+ ERR=0
+ ECNT=0
+ '[' 0 -eq 0 ']'
+ echo 'Fix GBBEPx successflully at 20240805'
Fix GBBEPx successflully at 20240805
++ /scratch2/NCEPDEV/nwprod/NCEPLIBS/utils/prod_util.v1.1.0/exec/ndate 24 2024080500
+ IDATE=2024080600
+ '[' 2024080600 -le 2024093000 ']'
+ ECNT=0
+ /bin/rm -rf input.nc.tmp input.nc.tmp2 input.nc.tmp3 input.nc
+ IY=2024
+ IM=08
+ ID=06
+ IYMD=20240806
+ SRCFILE='/scratch1/BMC/gsd-fv3-dev/MAPP_2018/bhuang/JEDI-2020/JEDI-FV3/expCodes/PACEData/GBBEPx/Prep_GBBEPx_2024070100_2024093000/2024080600/*.nc'
+ OUTFILE=/scratch1/BMC/gsd-fv3-dev/MAPP_2018/bhuang/JEDI-2020/JEDI-FV3/expCodes/PACEData/GBBEPx/Prep_GBBEPx_2024070100_2024093000/FixGBBEPx/GBBEPx_all01GRID.emissions_v004_20240806.nc
++ wc -l
++ ls /scratch1/BMC/gsd-fv3-dev/MAPP_2018/bhuang/JEDI-2020/JEDI-FV3/expCodes/PACEData/GBBEPx/Prep_GBBEPx_2024070100_2024093000/2024080600/GBBEPx-all01GRID_v5r0_blend_s202408060000000_e202408062359590_c202408070118540.nc
+ NNC=1
+ '[' 1 -eq 1 ']'
++ ls /scratch1/BMC/gsd-fv3-dev/MAPP_2018/bhuang/JEDI-2020/JEDI-FV3/expCodes/PACEData/GBBEPx/Prep_GBBEPx_2024070100_2024093000/2024080600/GBBEPx-all01GRID_v5r0_blend_s202408060000000_e202408062359590_c202408070118540.nc
+ for FILE in $(ls ${SRCFILE})
+ /bin/cp /scratch1/BMC/gsd-fv3-dev/MAPP_2018/bhuang/JEDI-2020/JEDI-FV3/expCodes/PACEData/GBBEPx/Prep_GBBEPx_2024070100_2024093000/2024080600/GBBEPx-all01GRID_v5r0_blend_s202408060000000_e202408062359590_c202408070118540.nc input.nc
+ ERR=0
+ ECNT=0
+ /home/Bo.Huang/JEDI-2020/UFS-Aerosols_RETcyc/UFS-Aerosols-EP4_JEDI-AeroDA-Reanl/misc/PrepPACE/GBBEPx/fix_GBBEPx_Li.sh input.nc 20240806
+ '[' -z '' ']'
+ case "$-" in
+ __lmod_vx=x
+ '[' -n x ']'
+ set +x
Shell debugging temporarily silenced: export LMOD_SH_DBG_ON=1 for this output (/apps/lmod/lmod/init/bash)
Shell debugging restarted
+ unset __lmod_vx
+ input_file=input.nc
+ yyyymmdd=20240806
+ nccopy -k classic input.nc input.nc.tmp
+ ncks --mk_rec_dmn Time input.nc.tmp -O -o input.nc.tmp
+ ncatted -O -a units,Longitude,m,c,degrees_east input.nc.tmp
+ ncrename -v Time,time -d Time,time input.nc.tmp -O -o input.nc.tmp
+ ncrename -v Latitude,lat -d Latitude,lat input.nc.tmp -O -o input.nc.tmp
+ ncrename -v Longitude,lon -d Longitude,lon input.nc.tmp -O -o input.nc.tmp
+ ncap2 -O -s 'time[time]=0' input.nc.tmp -o input.nc.tmp
+ ncks -C -O -x -v Max_emission,Max_emission_col,Max_emission_row input.nc.tmp input.nc.tmp
+ ncks -C -O -x -v QCAll,CloudPerc,FirePerc,NumSensor input.nc.tmp input.nc.tmp
+ ncks -C -O -x -v TotalEmis_region_Africa input.nc.tmp input.nc.tmp
+ ncks -C -O -x -v TotalEmis_region_Asia input.nc.tmp input.nc.tmp
+ ncks -C -O -x -v TotalEmis_region_Australia input.nc.tmp input.nc.tmp
+ ncks -C -O -x -v TotalEmis_region_Europe input.nc.tmp input.nc.tmp
+ ncks -C -O -x -v TotalEmis_region_NorthAmerica input.nc.tmp input.nc.tmp
+ ncks -C -O -x -v TotalEmis_region_SouthAmerica input.nc.tmp input.nc.tmp
+ ncks -C -O -x -v quality_information input.nc.tmp input.nc.tmp
+ ncks -O -d lat,-89.5,89.5 input.nc.tmp input.nc.tmp2
++ date -d 20240806 +%Y-%m-%d
+ d=2024-08-06
+ dd='hours since 2024-08-06 12:00:00'
+ ncatted -O -a 'units,time,c,c,hours since 2024-08-06 12:00:00' input.nc.tmp2
+ ncatted -O -a long_name,time,c,c,Time input.nc.tmp2
+ ncatted -O -a calendar,time,c,c,gregorian input.nc.tmp2
+ ncatted -O -a axis,time,c,c,T input.nc.tmp2
+ ncatted -O -a long_name,lat,m,c,latitude input.nc.tmp2
+ ncatted -O -a long_name,lon,m,c,longitude input.nc.tmp2
+ ncatted -O -a axis,lon,d,, input.nc.tmp2
+ ncatted -O -a bounds,lon,d,, input.nc.tmp2
+ ncatted -O -a valid_range,lon,d,, input.nc.tmp2
+ ncatted -O -a scale_factor,lon,d,, input.nc.tmp2
+ ncatted -O -a add_offset,lon,d,, input.nc.tmp2
+ ncatted -O -a _FillValue,lon,d,, input.nc.tmp2
+ ncatted -O -a axis,lat,d,, input.nc.tmp2
+ ncatted -O -a bounds,lat,d,, input.nc.tmp2
+ ncatted -O -a valid_range,lat,d,, input.nc.tmp2
+ ncatted -O -a scale_factor,lat,d,, input.nc.tmp2
+ ncatted -O -a add_offset,lat,d,, input.nc.tmp2
+ ncatted -O -a _FillValue,lat,d,, input.nc.tmp2
+ ncatted -O -a coordinates,SO2,d,, input.nc.tmp2
+ ncatted -O -a coordinates,PM2.5,d,, input.nc.tmp2
+ ncatted -O -a coordinates,OC,d,, input.nc.tmp2
+ ncatted -O -a coordinates,BC,d,, input.nc.tmp2
+ ncatted -O -a coordinates,CO,d,, input.nc.tmp2
+ ncatted -O -a coordinates,NOx,d,, input.nc.tmp2
+ ncatted -O -a coordinates,NH3,d,, input.nc.tmp2
+ ncatted -O -a valid_range,SO2,d,, input.nc.tmp2
+ ncatted -O -a valid_range,PM2.5,d,, input.nc.tmp2
+ ncatted -O -a valid_range,OC,d,, input.nc.tmp2
+ ncatted -O -a valid_range,BC,d,, input.nc.tmp2
+ ncatted -O -a valid_range,CO,d,, input.nc.tmp2
+ ncatted -O -a valid_range,NOx,d,, input.nc.tmp2
+ ncatted -O -a valid_range,NH3,d,, input.nc.tmp2
+ ncatted -O -a add_offset,SO2,d,, input.nc.tmp2
+ ncatted -O -a add_offset,PM2.5,d,, input.nc.tmp2
+ ncatted -O -a add_offset,OC,d,, input.nc.tmp2
+ ncatted -O -a add_offset,BC,d,, input.nc.tmp2
+ ncatted -O -a add_offset,CO,d,, input.nc.tmp2
+ ncatted -O -a add_offset,NOx,d,, input.nc.tmp2
+ ncatted -O -a add_offset,NH3,d,, input.nc.tmp2
+ ncatted -O -a add_offset,MeanFRP,d,, input.nc.tmp2
+ ncatted -O -a valid_range,MeanFRP,d,, input.nc.tmp2
+ ncatted -O -a coordinates,MeanFRP,d,, input.nc.tmp2
+ nccopy -k 'netCDF-4 classic model' input.nc.tmp2 input.nc.tmp3
+ nccopy -d1 input.nc.tmp3 input.nc.tmp4
+ ERR=0
+ ECNT=0
+ '[' 0 -eq 0 ']'
+ /bin/mv input.nc.tmp4 /scratch1/BMC/gsd-fv3-dev/MAPP_2018/bhuang/JEDI-2020/JEDI-FV3/expCodes/PACEData/GBBEPx/Prep_GBBEPx_2024070100_2024093000/FixGBBEPx/GBBEPx_all01GRID.emissions_v004_20240806.nc
+ ERR=0
+ ECNT=0
+ '[' 0 -eq 0 ']'
+ echo 'Fix GBBEPx successflully at 20240806'
Fix GBBEPx successflully at 20240806
++ /scratch2/NCEPDEV/nwprod/NCEPLIBS/utils/prod_util.v1.1.0/exec/ndate 24 2024080600
+ IDATE=2024080700
+ '[' 2024080700 -le 2024093000 ']'
+ ECNT=0
+ /bin/rm -rf input.nc.tmp input.nc.tmp2 input.nc.tmp3 input.nc
+ IY=2024
+ IM=08
+ ID=07
+ IYMD=20240807
+ SRCFILE='/scratch1/BMC/gsd-fv3-dev/MAPP_2018/bhuang/JEDI-2020/JEDI-FV3/expCodes/PACEData/GBBEPx/Prep_GBBEPx_2024070100_2024093000/2024080700/*.nc'
+ OUTFILE=/scratch1/BMC/gsd-fv3-dev/MAPP_2018/bhuang/JEDI-2020/JEDI-FV3/expCodes/PACEData/GBBEPx/Prep_GBBEPx_2024070100_2024093000/FixGBBEPx/GBBEPx_all01GRID.emissions_v004_20240807.nc
++ wc -l
++ ls /scratch1/BMC/gsd-fv3-dev/MAPP_2018/bhuang/JEDI-2020/JEDI-FV3/expCodes/PACEData/GBBEPx/Prep_GBBEPx_2024070100_2024093000/2024080700/GBBEPx-all01GRID_v5r0_blend_s202408070000000_e202408072359590_c202408080138450.nc
+ NNC=1
+ '[' 1 -eq 1 ']'
++ ls /scratch1/BMC/gsd-fv3-dev/MAPP_2018/bhuang/JEDI-2020/JEDI-FV3/expCodes/PACEData/GBBEPx/Prep_GBBEPx_2024070100_2024093000/2024080700/GBBEPx-all01GRID_v5r0_blend_s202408070000000_e202408072359590_c202408080138450.nc
+ for FILE in $(ls ${SRCFILE})
+ /bin/cp /scratch1/BMC/gsd-fv3-dev/MAPP_2018/bhuang/JEDI-2020/JEDI-FV3/expCodes/PACEData/GBBEPx/Prep_GBBEPx_2024070100_2024093000/2024080700/GBBEPx-all01GRID_v5r0_blend_s202408070000000_e202408072359590_c202408080138450.nc input.nc
+ ERR=0
+ ECNT=0
+ /home/Bo.Huang/JEDI-2020/UFS-Aerosols_RETcyc/UFS-Aerosols-EP4_JEDI-AeroDA-Reanl/misc/PrepPACE/GBBEPx/fix_GBBEPx_Li.sh input.nc 20240807
+ '[' -z '' ']'
+ case "$-" in
+ __lmod_vx=x
+ '[' -n x ']'
+ set +x
Shell debugging temporarily silenced: export LMOD_SH_DBG_ON=1 for this output (/apps/lmod/lmod/init/bash)
Shell debugging restarted
+ unset __lmod_vx
+ input_file=input.nc
+ yyyymmdd=20240807
+ nccopy -k classic input.nc input.nc.tmp
+ ncks --mk_rec_dmn Time input.nc.tmp -O -o input.nc.tmp
+ ncatted -O -a units,Longitude,m,c,degrees_east input.nc.tmp
+ ncrename -v Time,time -d Time,time input.nc.tmp -O -o input.nc.tmp
+ ncrename -v Latitude,lat -d Latitude,lat input.nc.tmp -O -o input.nc.tmp
+ ncrename -v Longitude,lon -d Longitude,lon input.nc.tmp -O -o input.nc.tmp
+ ncap2 -O -s 'time[time]=0' input.nc.tmp -o input.nc.tmp
+ ncks -C -O -x -v Max_emission,Max_emission_col,Max_emission_row input.nc.tmp input.nc.tmp
+ ncks -C -O -x -v QCAll,CloudPerc,FirePerc,NumSensor input.nc.tmp input.nc.tmp
+ ncks -C -O -x -v TotalEmis_region_Africa input.nc.tmp input.nc.tmp
+ ncks -C -O -x -v TotalEmis_region_Asia input.nc.tmp input.nc.tmp
+ ncks -C -O -x -v TotalEmis_region_Australia input.nc.tmp input.nc.tmp
+ ncks -C -O -x -v TotalEmis_region_Europe input.nc.tmp input.nc.tmp
+ ncks -C -O -x -v TotalEmis_region_NorthAmerica input.nc.tmp input.nc.tmp
+ ncks -C -O -x -v TotalEmis_region_SouthAmerica input.nc.tmp input.nc.tmp
+ ncks -C -O -x -v quality_information input.nc.tmp input.nc.tmp
+ ncks -O -d lat,-89.5,89.5 input.nc.tmp input.nc.tmp2
++ date -d 20240807 +%Y-%m-%d
+ d=2024-08-07
+ dd='hours since 2024-08-07 12:00:00'
+ ncatted -O -a 'units,time,c,c,hours since 2024-08-07 12:00:00' input.nc.tmp2
+ ncatted -O -a long_name,time,c,c,Time input.nc.tmp2
+ ncatted -O -a calendar,time,c,c,gregorian input.nc.tmp2
+ ncatted -O -a axis,time,c,c,T input.nc.tmp2
+ ncatted -O -a long_name,lat,m,c,latitude input.nc.tmp2
+ ncatted -O -a long_name,lon,m,c,longitude input.nc.tmp2
+ ncatted -O -a axis,lon,d,, input.nc.tmp2
+ ncatted -O -a bounds,lon,d,, input.nc.tmp2
+ ncatted -O -a valid_range,lon,d,, input.nc.tmp2
+ ncatted -O -a scale_factor,lon,d,, input.nc.tmp2
+ ncatted -O -a add_offset,lon,d,, input.nc.tmp2
+ ncatted -O -a _FillValue,lon,d,, input.nc.tmp2
+ ncatted -O -a axis,lat,d,, input.nc.tmp2
+ ncatted -O -a bounds,lat,d,, input.nc.tmp2
+ ncatted -O -a valid_range,lat,d,, input.nc.tmp2
+ ncatted -O -a scale_factor,lat,d,, input.nc.tmp2
+ ncatted -O -a add_offset,lat,d,, input.nc.tmp2
+ ncatted -O -a _FillValue,lat,d,, input.nc.tmp2
+ ncatted -O -a coordinates,SO2,d,, input.nc.tmp2
+ ncatted -O -a coordinates,PM2.5,d,, input.nc.tmp2
+ ncatted -O -a coordinates,OC,d,, input.nc.tmp2
+ ncatted -O -a coordinates,BC,d,, input.nc.tmp2
+ ncatted -O -a coordinates,CO,d,, input.nc.tmp2
+ ncatted -O -a coordinates,NOx,d,, input.nc.tmp2
+ ncatted -O -a coordinates,NH3,d,, input.nc.tmp2
+ ncatted -O -a valid_range,SO2,d,, input.nc.tmp2
+ ncatted -O -a valid_range,PM2.5,d,, input.nc.tmp2
+ ncatted -O -a valid_range,OC,d,, input.nc.tmp2
+ ncatted -O -a valid_range,BC,d,, input.nc.tmp2
+ ncatted -O -a valid_range,CO,d,, input.nc.tmp2
+ ncatted -O -a valid_range,NOx,d,, input.nc.tmp2
+ ncatted -O -a valid_range,NH3,d,, input.nc.tmp2
+ ncatted -O -a add_offset,SO2,d,, input.nc.tmp2
+ ncatted -O -a add_offset,PM2.5,d,, input.nc.tmp2
+ ncatted -O -a add_offset,OC,d,, input.nc.tmp2
+ ncatted -O -a add_offset,BC,d,, input.nc.tmp2
+ ncatted -O -a add_offset,CO,d,, input.nc.tmp2
+ ncatted -O -a add_offset,NOx,d,, input.nc.tmp2
+ ncatted -O -a add_offset,NH3,d,, input.nc.tmp2
+ ncatted -O -a add_offset,MeanFRP,d,, input.nc.tmp2
+ ncatted -O -a valid_range,MeanFRP,d,, input.nc.tmp2
+ ncatted -O -a coordinates,MeanFRP,d,, input.nc.tmp2
+ nccopy -k 'netCDF-4 classic model' input.nc.tmp2 input.nc.tmp3
+ nccopy -d1 input.nc.tmp3 input.nc.tmp4
+ ERR=0
+ ECNT=0
+ '[' 0 -eq 0 ']'
+ /bin/mv input.nc.tmp4 /scratch1/BMC/gsd-fv3-dev/MAPP_2018/bhuang/JEDI-2020/JEDI-FV3/expCodes/PACEData/GBBEPx/Prep_GBBEPx_2024070100_2024093000/FixGBBEPx/GBBEPx_all01GRID.emissions_v004_20240807.nc
+ ERR=0
+ ECNT=0
+ '[' 0 -eq 0 ']'
+ echo 'Fix GBBEPx successflully at 20240807'
Fix GBBEPx successflully at 20240807
++ /scratch2/NCEPDEV/nwprod/NCEPLIBS/utils/prod_util.v1.1.0/exec/ndate 24 2024080700
+ IDATE=2024080800
+ '[' 2024080800 -le 2024093000 ']'
+ ECNT=0
+ /bin/rm -rf input.nc.tmp input.nc.tmp2 input.nc.tmp3 input.nc
+ IY=2024
+ IM=08
+ ID=08
+ IYMD=20240808
+ SRCFILE='/scratch1/BMC/gsd-fv3-dev/MAPP_2018/bhuang/JEDI-2020/JEDI-FV3/expCodes/PACEData/GBBEPx/Prep_GBBEPx_2024070100_2024093000/2024080800/*.nc'
+ OUTFILE=/scratch1/BMC/gsd-fv3-dev/MAPP_2018/bhuang/JEDI-2020/JEDI-FV3/expCodes/PACEData/GBBEPx/Prep_GBBEPx_2024070100_2024093000/FixGBBEPx/GBBEPx_all01GRID.emissions_v004_20240808.nc
++ wc -l
++ ls /scratch1/BMC/gsd-fv3-dev/MAPP_2018/bhuang/JEDI-2020/JEDI-FV3/expCodes/PACEData/GBBEPx/Prep_GBBEPx_2024070100_2024093000/2024080800/GBBEPx-all01GRID_v5r0_blend_s202408080000000_e202408082359590_c202408090120220.nc
+ NNC=1
+ '[' 1 -eq 1 ']'
++ ls /scratch1/BMC/gsd-fv3-dev/MAPP_2018/bhuang/JEDI-2020/JEDI-FV3/expCodes/PACEData/GBBEPx/Prep_GBBEPx_2024070100_2024093000/2024080800/GBBEPx-all01GRID_v5r0_blend_s202408080000000_e202408082359590_c202408090120220.nc
+ for FILE in $(ls ${SRCFILE})
+ /bin/cp /scratch1/BMC/gsd-fv3-dev/MAPP_2018/bhuang/JEDI-2020/JEDI-FV3/expCodes/PACEData/GBBEPx/Prep_GBBEPx_2024070100_2024093000/2024080800/GBBEPx-all01GRID_v5r0_blend_s202408080000000_e202408082359590_c202408090120220.nc input.nc
+ ERR=0
+ ECNT=0
+ /home/Bo.Huang/JEDI-2020/UFS-Aerosols_RETcyc/UFS-Aerosols-EP4_JEDI-AeroDA-Reanl/misc/PrepPACE/GBBEPx/fix_GBBEPx_Li.sh input.nc 20240808
+ '[' -z '' ']'
+ case "$-" in
+ __lmod_vx=x
+ '[' -n x ']'
+ set +x
Shell debugging temporarily silenced: export LMOD_SH_DBG_ON=1 for this output (/apps/lmod/lmod/init/bash)
Shell debugging restarted
+ unset __lmod_vx
+ input_file=input.nc
+ yyyymmdd=20240808
+ nccopy -k classic input.nc input.nc.tmp
+ ncks --mk_rec_dmn Time input.nc.tmp -O -o input.nc.tmp
+ ncatted -O -a units,Longitude,m,c,degrees_east input.nc.tmp
+ ncrename -v Time,time -d Time,time input.nc.tmp -O -o input.nc.tmp
+ ncrename -v Latitude,lat -d Latitude,lat input.nc.tmp -O -o input.nc.tmp
+ ncrename -v Longitude,lon -d Longitude,lon input.nc.tmp -O -o input.nc.tmp
+ ncap2 -O -s 'time[time]=0' input.nc.tmp -o input.nc.tmp
+ ncks -C -O -x -v Max_emission,Max_emission_col,Max_emission_row input.nc.tmp input.nc.tmp
+ ncks -C -O -x -v QCAll,CloudPerc,FirePerc,NumSensor input.nc.tmp input.nc.tmp
+ ncks -C -O -x -v TotalEmis_region_Africa input.nc.tmp input.nc.tmp
+ ncks -C -O -x -v TotalEmis_region_Asia input.nc.tmp input.nc.tmp
+ ncks -C -O -x -v TotalEmis_region_Australia input.nc.tmp input.nc.tmp
+ ncks -C -O -x -v TotalEmis_region_Europe input.nc.tmp input.nc.tmp
+ ncks -C -O -x -v TotalEmis_region_NorthAmerica input.nc.tmp input.nc.tmp
+ ncks -C -O -x -v TotalEmis_region_SouthAmerica input.nc.tmp input.nc.tmp
+ ncks -C -O -x -v quality_information input.nc.tmp input.nc.tmp
+ ncks -O -d lat,-89.5,89.5 input.nc.tmp input.nc.tmp2
++ date -d 20240808 +%Y-%m-%d
+ d=2024-08-08
+ dd='hours since 2024-08-08 12:00:00'
+ ncatted -O -a 'units,time,c,c,hours since 2024-08-08 12:00:00' input.nc.tmp2
+ ncatted -O -a long_name,time,c,c,Time input.nc.tmp2
+ ncatted -O -a calendar,time,c,c,gregorian input.nc.tmp2
+ ncatted -O -a axis,time,c,c,T input.nc.tmp2
+ ncatted -O -a long_name,lat,m,c,latitude input.nc.tmp2
+ ncatted -O -a long_name,lon,m,c,longitude input.nc.tmp2
+ ncatted -O -a axis,lon,d,, input.nc.tmp2
+ ncatted -O -a bounds,lon,d,, input.nc.tmp2
+ ncatted -O -a valid_range,lon,d,, input.nc.tmp2
+ ncatted -O -a scale_factor,lon,d,, input.nc.tmp2
+ ncatted -O -a add_offset,lon,d,, input.nc.tmp2
+ ncatted -O -a _FillValue,lon,d,, input.nc.tmp2
+ ncatted -O -a axis,lat,d,, input.nc.tmp2
+ ncatted -O -a bounds,lat,d,, input.nc.tmp2
+ ncatted -O -a valid_range,lat,d,, input.nc.tmp2
+ ncatted -O -a scale_factor,lat,d,, input.nc.tmp2
+ ncatted -O -a add_offset,lat,d,, input.nc.tmp2
+ ncatted -O -a _FillValue,lat,d,, input.nc.tmp2
+ ncatted -O -a coordinates,SO2,d,, input.nc.tmp2
+ ncatted -O -a coordinates,PM2.5,d,, input.nc.tmp2
+ ncatted -O -a coordinates,OC,d,, input.nc.tmp2
+ ncatted -O -a coordinates,BC,d,, input.nc.tmp2
+ ncatted -O -a coordinates,CO,d,, input.nc.tmp2
+ ncatted -O -a coordinates,NOx,d,, input.nc.tmp2
+ ncatted -O -a coordinates,NH3,d,, input.nc.tmp2
+ ncatted -O -a valid_range,SO2,d,, input.nc.tmp2
+ ncatted -O -a valid_range,PM2.5,d,, input.nc.tmp2
+ ncatted -O -a valid_range,OC,d,, input.nc.tmp2
+ ncatted -O -a valid_range,BC,d,, input.nc.tmp2
+ ncatted -O -a valid_range,CO,d,, input.nc.tmp2
+ ncatted -O -a valid_range,NOx,d,, input.nc.tmp2
+ ncatted -O -a valid_range,NH3,d,, input.nc.tmp2
+ ncatted -O -a add_offset,SO2,d,, input.nc.tmp2
+ ncatted -O -a add_offset,PM2.5,d,, input.nc.tmp2
+ ncatted -O -a add_offset,OC,d,, input.nc.tmp2
+ ncatted -O -a add_offset,BC,d,, input.nc.tmp2
+ ncatted -O -a add_offset,CO,d,, input.nc.tmp2
+ ncatted -O -a add_offset,NOx,d,, input.nc.tmp2
+ ncatted -O -a add_offset,NH3,d,, input.nc.tmp2
+ ncatted -O -a add_offset,MeanFRP,d,, input.nc.tmp2
+ ncatted -O -a valid_range,MeanFRP,d,, input.nc.tmp2
+ ncatted -O -a coordinates,MeanFRP,d,, input.nc.tmp2
+ nccopy -k 'netCDF-4 classic model' input.nc.tmp2 input.nc.tmp3
+ nccopy -d1 input.nc.tmp3 input.nc.tmp4
+ ERR=0
+ ECNT=0
+ '[' 0 -eq 0 ']'
+ /bin/mv input.nc.tmp4 /scratch1/BMC/gsd-fv3-dev/MAPP_2018/bhuang/JEDI-2020/JEDI-FV3/expCodes/PACEData/GBBEPx/Prep_GBBEPx_2024070100_2024093000/FixGBBEPx/GBBEPx_all01GRID.emissions_v004_20240808.nc
+ ERR=0
+ ECNT=0
+ '[' 0 -eq 0 ']'
+ echo 'Fix GBBEPx successflully at 20240808'
Fix GBBEPx successflully at 20240808
++ /scratch2/NCEPDEV/nwprod/NCEPLIBS/utils/prod_util.v1.1.0/exec/ndate 24 2024080800
+ IDATE=2024080900
+ '[' 2024080900 -le 2024093000 ']'
+ ECNT=0
+ /bin/rm -rf input.nc.tmp input.nc.tmp2 input.nc.tmp3 input.nc
+ IY=2024
+ IM=08
+ ID=09
+ IYMD=20240809
+ SRCFILE='/scratch1/BMC/gsd-fv3-dev/MAPP_2018/bhuang/JEDI-2020/JEDI-FV3/expCodes/PACEData/GBBEPx/Prep_GBBEPx_2024070100_2024093000/2024080900/*.nc'
+ OUTFILE=/scratch1/BMC/gsd-fv3-dev/MAPP_2018/bhuang/JEDI-2020/JEDI-FV3/expCodes/PACEData/GBBEPx/Prep_GBBEPx_2024070100_2024093000/FixGBBEPx/GBBEPx_all01GRID.emissions_v004_20240809.nc
++ wc -l
++ ls /scratch1/BMC/gsd-fv3-dev/MAPP_2018/bhuang/JEDI-2020/JEDI-FV3/expCodes/PACEData/GBBEPx/Prep_GBBEPx_2024070100_2024093000/2024080900/GBBEPx-all01GRID_v5r0_blend_s202408090000000_e202408092359590_c202408100116210.nc
+ NNC=1
+ '[' 1 -eq 1 ']'
++ ls /scratch1/BMC/gsd-fv3-dev/MAPP_2018/bhuang/JEDI-2020/JEDI-FV3/expCodes/PACEData/GBBEPx/Prep_GBBEPx_2024070100_2024093000/2024080900/GBBEPx-all01GRID_v5r0_blend_s202408090000000_e202408092359590_c202408100116210.nc
+ for FILE in $(ls ${SRCFILE})
+ /bin/cp /scratch1/BMC/gsd-fv3-dev/MAPP_2018/bhuang/JEDI-2020/JEDI-FV3/expCodes/PACEData/GBBEPx/Prep_GBBEPx_2024070100_2024093000/2024080900/GBBEPx-all01GRID_v5r0_blend_s202408090000000_e202408092359590_c202408100116210.nc input.nc
+ ERR=0
+ ECNT=0
+ /home/Bo.Huang/JEDI-2020/UFS-Aerosols_RETcyc/UFS-Aerosols-EP4_JEDI-AeroDA-Reanl/misc/PrepPACE/GBBEPx/fix_GBBEPx_Li.sh input.nc 20240809
+ '[' -z '' ']'
+ case "$-" in
+ __lmod_vx=x
+ '[' -n x ']'
+ set +x
Shell debugging temporarily silenced: export LMOD_SH_DBG_ON=1 for this output (/apps/lmod/lmod/init/bash)
Shell debugging restarted
+ unset __lmod_vx
+ input_file=input.nc
+ yyyymmdd=20240809
+ nccopy -k classic input.nc input.nc.tmp
+ ncks --mk_rec_dmn Time input.nc.tmp -O -o input.nc.tmp
+ ncatted -O -a units,Longitude,m,c,degrees_east input.nc.tmp
+ ncrename -v Time,time -d Time,time input.nc.tmp -O -o input.nc.tmp
+ ncrename -v Latitude,lat -d Latitude,lat input.nc.tmp -O -o input.nc.tmp
+ ncrename -v Longitude,lon -d Longitude,lon input.nc.tmp -O -o input.nc.tmp
+ ncap2 -O -s 'time[time]=0' input.nc.tmp -o input.nc.tmp
+ ncks -C -O -x -v Max_emission,Max_emission_col,Max_emission_row input.nc.tmp input.nc.tmp
+ ncks -C -O -x -v QCAll,CloudPerc,FirePerc,NumSensor input.nc.tmp input.nc.tmp
+ ncks -C -O -x -v TotalEmis_region_Africa input.nc.tmp input.nc.tmp
+ ncks -C -O -x -v TotalEmis_region_Asia input.nc.tmp input.nc.tmp
+ ncks -C -O -x -v TotalEmis_region_Australia input.nc.tmp input.nc.tmp
+ ncks -C -O -x -v TotalEmis_region_Europe input.nc.tmp input.nc.tmp
+ ncks -C -O -x -v TotalEmis_region_NorthAmerica input.nc.tmp input.nc.tmp
+ ncks -C -O -x -v TotalEmis_region_SouthAmerica input.nc.tmp input.nc.tmp
+ ncks -C -O -x -v quality_information input.nc.tmp input.nc.tmp
+ ncks -O -d lat,-89.5,89.5 input.nc.tmp input.nc.tmp2
++ date -d 20240809 +%Y-%m-%d
+ d=2024-08-09
+ dd='hours since 2024-08-09 12:00:00'
+ ncatted -O -a 'units,time,c,c,hours since 2024-08-09 12:00:00' input.nc.tmp2
+ ncatted -O -a long_name,time,c,c,Time input.nc.tmp2
+ ncatted -O -a calendar,time,c,c,gregorian input.nc.tmp2
+ ncatted -O -a axis,time,c,c,T input.nc.tmp2
+ ncatted -O -a long_name,lat,m,c,latitude input.nc.tmp2
+ ncatted -O -a long_name,lon,m,c,longitude input.nc.tmp2
+ ncatted -O -a axis,lon,d,, input.nc.tmp2
+ ncatted -O -a bounds,lon,d,, input.nc.tmp2
+ ncatted -O -a valid_range,lon,d,, input.nc.tmp2
+ ncatted -O -a scale_factor,lon,d,, input.nc.tmp2
+ ncatted -O -a add_offset,lon,d,, input.nc.tmp2
+ ncatted -O -a _FillValue,lon,d,, input.nc.tmp2
+ ncatted -O -a axis,lat,d,, input.nc.tmp2
+ ncatted -O -a bounds,lat,d,, input.nc.tmp2
+ ncatted -O -a valid_range,lat,d,, input.nc.tmp2
+ ncatted -O -a scale_factor,lat,d,, input.nc.tmp2
+ ncatted -O -a add_offset,lat,d,, input.nc.tmp2
+ ncatted -O -a _FillValue,lat,d,, input.nc.tmp2
+ ncatted -O -a coordinates,SO2,d,, input.nc.tmp2
+ ncatted -O -a coordinates,PM2.5,d,, input.nc.tmp2
+ ncatted -O -a coordinates,OC,d,, input.nc.tmp2
+ ncatted -O -a coordinates,BC,d,, input.nc.tmp2
+ ncatted -O -a coordinates,CO,d,, input.nc.tmp2
+ ncatted -O -a coordinates,NOx,d,, input.nc.tmp2
+ ncatted -O -a coordinates,NH3,d,, input.nc.tmp2
+ ncatted -O -a valid_range,SO2,d,, input.nc.tmp2
+ ncatted -O -a valid_range,PM2.5,d,, input.nc.tmp2
+ ncatted -O -a valid_range,OC,d,, input.nc.tmp2
+ ncatted -O -a valid_range,BC,d,, input.nc.tmp2
+ ncatted -O -a valid_range,CO,d,, input.nc.tmp2
+ ncatted -O -a valid_range,NOx,d,, input.nc.tmp2
+ ncatted -O -a valid_range,NH3,d,, input.nc.tmp2
+ ncatted -O -a add_offset,SO2,d,, input.nc.tmp2
+ ncatted -O -a add_offset,PM2.5,d,, input.nc.tmp2
+ ncatted -O -a add_offset,OC,d,, input.nc.tmp2
+ ncatted -O -a add_offset,BC,d,, input.nc.tmp2
+ ncatted -O -a add_offset,CO,d,, input.nc.tmp2
+ ncatted -O -a add_offset,NOx,d,, input.nc.tmp2
+ ncatted -O -a add_offset,NH3,d,, input.nc.tmp2
+ ncatted -O -a add_offset,MeanFRP,d,, input.nc.tmp2
+ ncatted -O -a valid_range,MeanFRP,d,, input.nc.tmp2
+ ncatted -O -a coordinates,MeanFRP,d,, input.nc.tmp2
+ nccopy -k 'netCDF-4 classic model' input.nc.tmp2 input.nc.tmp3
+ nccopy -d1 input.nc.tmp3 input.nc.tmp4
+ ERR=0
+ ECNT=0
+ '[' 0 -eq 0 ']'
+ /bin/mv input.nc.tmp4 /scratch1/BMC/gsd-fv3-dev/MAPP_2018/bhuang/JEDI-2020/JEDI-FV3/expCodes/PACEData/GBBEPx/Prep_GBBEPx_2024070100_2024093000/FixGBBEPx/GBBEPx_all01GRID.emissions_v004_20240809.nc
+ ERR=0
+ ECNT=0
+ '[' 0 -eq 0 ']'
+ echo 'Fix GBBEPx successflully at 20240809'
Fix GBBEPx successflully at 20240809
++ /scratch2/NCEPDEV/nwprod/NCEPLIBS/utils/prod_util.v1.1.0/exec/ndate 24 2024080900
+ IDATE=2024081000
+ '[' 2024081000 -le 2024093000 ']'
+ ECNT=0
+ /bin/rm -rf input.nc.tmp input.nc.tmp2 input.nc.tmp3 input.nc
+ IY=2024
+ IM=08
+ ID=10
+ IYMD=20240810
+ SRCFILE='/scratch1/BMC/gsd-fv3-dev/MAPP_2018/bhuang/JEDI-2020/JEDI-FV3/expCodes/PACEData/GBBEPx/Prep_GBBEPx_2024070100_2024093000/2024081000/*.nc'
+ OUTFILE=/scratch1/BMC/gsd-fv3-dev/MAPP_2018/bhuang/JEDI-2020/JEDI-FV3/expCodes/PACEData/GBBEPx/Prep_GBBEPx_2024070100_2024093000/FixGBBEPx/GBBEPx_all01GRID.emissions_v004_20240810.nc
++ wc -l
++ ls /scratch1/BMC/gsd-fv3-dev/MAPP_2018/bhuang/JEDI-2020/JEDI-FV3/expCodes/PACEData/GBBEPx/Prep_GBBEPx_2024070100_2024093000/2024081000/GBBEPx-all01GRID_v5r0_blend_s202408100000000_e202408102359590_c202408110129430.nc
+ NNC=1
+ '[' 1 -eq 1 ']'
++ ls /scratch1/BMC/gsd-fv3-dev/MAPP_2018/bhuang/JEDI-2020/JEDI-FV3/expCodes/PACEData/GBBEPx/Prep_GBBEPx_2024070100_2024093000/2024081000/GBBEPx-all01GRID_v5r0_blend_s202408100000000_e202408102359590_c202408110129430.nc
+ for FILE in $(ls ${SRCFILE})
+ /bin/cp /scratch1/BMC/gsd-fv3-dev/MAPP_2018/bhuang/JEDI-2020/JEDI-FV3/expCodes/PACEData/GBBEPx/Prep_GBBEPx_2024070100_2024093000/2024081000/GBBEPx-all01GRID_v5r0_blend_s202408100000000_e202408102359590_c202408110129430.nc input.nc
+ ERR=0
+ ECNT=0
+ /home/Bo.Huang/JEDI-2020/UFS-Aerosols_RETcyc/UFS-Aerosols-EP4_JEDI-AeroDA-Reanl/misc/PrepPACE/GBBEPx/fix_GBBEPx_Li.sh input.nc 20240810
+ '[' -z '' ']'
+ case "$-" in
+ __lmod_vx=x
+ '[' -n x ']'
+ set +x
Shell debugging temporarily silenced: export LMOD_SH_DBG_ON=1 for this output (/apps/lmod/lmod/init/bash)
Shell debugging restarted
+ unset __lmod_vx
+ input_file=input.nc
+ yyyymmdd=20240810
+ nccopy -k classic input.nc input.nc.tmp
+ ncks --mk_rec_dmn Time input.nc.tmp -O -o input.nc.tmp
+ ncatted -O -a units,Longitude,m,c,degrees_east input.nc.tmp
+ ncrename -v Time,time -d Time,time input.nc.tmp -O -o input.nc.tmp
+ ncrename -v Latitude,lat -d Latitude,lat input.nc.tmp -O -o input.nc.tmp
+ ncrename -v Longitude,lon -d Longitude,lon input.nc.tmp -O -o input.nc.tmp
+ ncap2 -O -s 'time[time]=0' input.nc.tmp -o input.nc.tmp
+ ncks -C -O -x -v Max_emission,Max_emission_col,Max_emission_row input.nc.tmp input.nc.tmp
+ ncks -C -O -x -v QCAll,CloudPerc,FirePerc,NumSensor input.nc.tmp input.nc.tmp
+ ncks -C -O -x -v TotalEmis_region_Africa input.nc.tmp input.nc.tmp
+ ncks -C -O -x -v TotalEmis_region_Asia input.nc.tmp input.nc.tmp
+ ncks -C -O -x -v TotalEmis_region_Australia input.nc.tmp input.nc.tmp
+ ncks -C -O -x -v TotalEmis_region_Europe input.nc.tmp input.nc.tmp
+ ncks -C -O -x -v TotalEmis_region_NorthAmerica input.nc.tmp input.nc.tmp
+ ncks -C -O -x -v TotalEmis_region_SouthAmerica input.nc.tmp input.nc.tmp
+ ncks -C -O -x -v quality_information input.nc.tmp input.nc.tmp
+ ncks -O -d lat,-89.5,89.5 input.nc.tmp input.nc.tmp2
++ date -d 20240810 +%Y-%m-%d
+ d=2024-08-10
+ dd='hours since 2024-08-10 12:00:00'
+ ncatted -O -a 'units,time,c,c,hours since 2024-08-10 12:00:00' input.nc.tmp2
+ ncatted -O -a long_name,time,c,c,Time input.nc.tmp2
+ ncatted -O -a calendar,time,c,c,gregorian input.nc.tmp2
+ ncatted -O -a axis,time,c,c,T input.nc.tmp2
+ ncatted -O -a long_name,lat,m,c,latitude input.nc.tmp2
+ ncatted -O -a long_name,lon,m,c,longitude input.nc.tmp2
+ ncatted -O -a axis,lon,d,, input.nc.tmp2
+ ncatted -O -a bounds,lon,d,, input.nc.tmp2
+ ncatted -O -a valid_range,lon,d,, input.nc.tmp2
+ ncatted -O -a scale_factor,lon,d,, input.nc.tmp2
+ ncatted -O -a add_offset,lon,d,, input.nc.tmp2
+ ncatted -O -a _FillValue,lon,d,, input.nc.tmp2
+ ncatted -O -a axis,lat,d,, input.nc.tmp2
+ ncatted -O -a bounds,lat,d,, input.nc.tmp2
+ ncatted -O -a valid_range,lat,d,, input.nc.tmp2
+ ncatted -O -a scale_factor,lat,d,, input.nc.tmp2
+ ncatted -O -a add_offset,lat,d,, input.nc.tmp2
+ ncatted -O -a _FillValue,lat,d,, input.nc.tmp2
+ ncatted -O -a coordinates,SO2,d,, input.nc.tmp2
+ ncatted -O -a coordinates,PM2.5,d,, input.nc.tmp2
+ ncatted -O -a coordinates,OC,d,, input.nc.tmp2
+ ncatted -O -a coordinates,BC,d,, input.nc.tmp2
+ ncatted -O -a coordinates,CO,d,, input.nc.tmp2
+ ncatted -O -a coordinates,NOx,d,, input.nc.tmp2
+ ncatted -O -a coordinates,NH3,d,, input.nc.tmp2
+ ncatted -O -a valid_range,SO2,d,, input.nc.tmp2
+ ncatted -O -a valid_range,PM2.5,d,, input.nc.tmp2
+ ncatted -O -a valid_range,OC,d,, input.nc.tmp2
+ ncatted -O -a valid_range,BC,d,, input.nc.tmp2
+ ncatted -O -a valid_range,CO,d,, input.nc.tmp2
+ ncatted -O -a valid_range,NOx,d,, input.nc.tmp2
+ ncatted -O -a valid_range,NH3,d,, input.nc.tmp2
+ ncatted -O -a add_offset,SO2,d,, input.nc.tmp2
+ ncatted -O -a add_offset,PM2.5,d,, input.nc.tmp2
+ ncatted -O -a add_offset,OC,d,, input.nc.tmp2
+ ncatted -O -a add_offset,BC,d,, input.nc.tmp2
+ ncatted -O -a add_offset,CO,d,, input.nc.tmp2
+ ncatted -O -a add_offset,NOx,d,, input.nc.tmp2
+ ncatted -O -a add_offset,NH3,d,, input.nc.tmp2
+ ncatted -O -a add_offset,MeanFRP,d,, input.nc.tmp2
+ ncatted -O -a valid_range,MeanFRP,d,, input.nc.tmp2
+ ncatted -O -a coordinates,MeanFRP,d,, input.nc.tmp2
+ nccopy -k 'netCDF-4 classic model' input.nc.tmp2 input.nc.tmp3
+ nccopy -d1 input.nc.tmp3 input.nc.tmp4
+ ERR=0
+ ECNT=0
+ '[' 0 -eq 0 ']'
+ /bin/mv input.nc.tmp4 /scratch1/BMC/gsd-fv3-dev/MAPP_2018/bhuang/JEDI-2020/JEDI-FV3/expCodes/PACEData/GBBEPx/Prep_GBBEPx_2024070100_2024093000/FixGBBEPx/GBBEPx_all01GRID.emissions_v004_20240810.nc
+ ERR=0
+ ECNT=0
+ '[' 0 -eq 0 ']'
+ echo 'Fix GBBEPx successflully at 20240810'
Fix GBBEPx successflully at 20240810
++ /scratch2/NCEPDEV/nwprod/NCEPLIBS/utils/prod_util.v1.1.0/exec/ndate 24 2024081000
+ IDATE=2024081100
+ '[' 2024081100 -le 2024093000 ']'
+ ECNT=0
+ /bin/rm -rf input.nc.tmp input.nc.tmp2 input.nc.tmp3 input.nc
+ IY=2024
+ IM=08
+ ID=11
+ IYMD=20240811
+ SRCFILE='/scratch1/BMC/gsd-fv3-dev/MAPP_2018/bhuang/JEDI-2020/JEDI-FV3/expCodes/PACEData/GBBEPx/Prep_GBBEPx_2024070100_2024093000/2024081100/*.nc'
+ OUTFILE=/scratch1/BMC/gsd-fv3-dev/MAPP_2018/bhuang/JEDI-2020/JEDI-FV3/expCodes/PACEData/GBBEPx/Prep_GBBEPx_2024070100_2024093000/FixGBBEPx/GBBEPx_all01GRID.emissions_v004_20240811.nc
++ wc -l
++ ls /scratch1/BMC/gsd-fv3-dev/MAPP_2018/bhuang/JEDI-2020/JEDI-FV3/expCodes/PACEData/GBBEPx/Prep_GBBEPx_2024070100_2024093000/2024081100/GBBEPx-all01GRID_v5r0_blend_s202408110000000_e202408112359590_c202408120113370.nc
+ NNC=1
+ '[' 1 -eq 1 ']'
++ ls /scratch1/BMC/gsd-fv3-dev/MAPP_2018/bhuang/JEDI-2020/JEDI-FV3/expCodes/PACEData/GBBEPx/Prep_GBBEPx_2024070100_2024093000/2024081100/GBBEPx-all01GRID_v5r0_blend_s202408110000000_e202408112359590_c202408120113370.nc
+ for FILE in $(ls ${SRCFILE})
+ /bin/cp /scratch1/BMC/gsd-fv3-dev/MAPP_2018/bhuang/JEDI-2020/JEDI-FV3/expCodes/PACEData/GBBEPx/Prep_GBBEPx_2024070100_2024093000/2024081100/GBBEPx-all01GRID_v5r0_blend_s202408110000000_e202408112359590_c202408120113370.nc input.nc
+ ERR=0
+ ECNT=0
+ /home/Bo.Huang/JEDI-2020/UFS-Aerosols_RETcyc/UFS-Aerosols-EP4_JEDI-AeroDA-Reanl/misc/PrepPACE/GBBEPx/fix_GBBEPx_Li.sh input.nc 20240811
+ '[' -z '' ']'
+ case "$-" in
+ __lmod_vx=x
+ '[' -n x ']'
+ set +x
Shell debugging temporarily silenced: export LMOD_SH_DBG_ON=1 for this output (/apps/lmod/lmod/init/bash)
Shell debugging restarted
+ unset __lmod_vx
+ input_file=input.nc
+ yyyymmdd=20240811
+ nccopy -k classic input.nc input.nc.tmp
+ ncks --mk_rec_dmn Time input.nc.tmp -O -o input.nc.tmp
+ ncatted -O -a units,Longitude,m,c,degrees_east input.nc.tmp
+ ncrename -v Time,time -d Time,time input.nc.tmp -O -o input.nc.tmp
+ ncrename -v Latitude,lat -d Latitude,lat input.nc.tmp -O -o input.nc.tmp
+ ncrename -v Longitude,lon -d Longitude,lon input.nc.tmp -O -o input.nc.tmp
+ ncap2 -O -s 'time[time]=0' input.nc.tmp -o input.nc.tmp
+ ncks -C -O -x -v Max_emission,Max_emission_col,Max_emission_row input.nc.tmp input.nc.tmp
+ ncks -C -O -x -v QCAll,CloudPerc,FirePerc,NumSensor input.nc.tmp input.nc.tmp
+ ncks -C -O -x -v TotalEmis_region_Africa input.nc.tmp input.nc.tmp
+ ncks -C -O -x -v TotalEmis_region_Asia input.nc.tmp input.nc.tmp
+ ncks -C -O -x -v TotalEmis_region_Australia input.nc.tmp input.nc.tmp
+ ncks -C -O -x -v TotalEmis_region_Europe input.nc.tmp input.nc.tmp
+ ncks -C -O -x -v TotalEmis_region_NorthAmerica input.nc.tmp input.nc.tmp
+ ncks -C -O -x -v TotalEmis_region_SouthAmerica input.nc.tmp input.nc.tmp
+ ncks -C -O -x -v quality_information input.nc.tmp input.nc.tmp
+ ncks -O -d lat,-89.5,89.5 input.nc.tmp input.nc.tmp2
++ date -d 20240811 +%Y-%m-%d
+ d=2024-08-11
+ dd='hours since 2024-08-11 12:00:00'
+ ncatted -O -a 'units,time,c,c,hours since 2024-08-11 12:00:00' input.nc.tmp2
+ ncatted -O -a long_name,time,c,c,Time input.nc.tmp2
+ ncatted -O -a calendar,time,c,c,gregorian input.nc.tmp2
+ ncatted -O -a axis,time,c,c,T input.nc.tmp2
+ ncatted -O -a long_name,lat,m,c,latitude input.nc.tmp2
+ ncatted -O -a long_name,lon,m,c,longitude input.nc.tmp2
+ ncatted -O -a axis,lon,d,, input.nc.tmp2
+ ncatted -O -a bounds,lon,d,, input.nc.tmp2
+ ncatted -O -a valid_range,lon,d,, input.nc.tmp2
+ ncatted -O -a scale_factor,lon,d,, input.nc.tmp2
+ ncatted -O -a add_offset,lon,d,, input.nc.tmp2
+ ncatted -O -a _FillValue,lon,d,, input.nc.tmp2
+ ncatted -O -a axis,lat,d,, input.nc.tmp2
+ ncatted -O -a bounds,lat,d,, input.nc.tmp2
+ ncatted -O -a valid_range,lat,d,, input.nc.tmp2
+ ncatted -O -a scale_factor,lat,d,, input.nc.tmp2
+ ncatted -O -a add_offset,lat,d,, input.nc.tmp2
+ ncatted -O -a _FillValue,lat,d,, input.nc.tmp2
+ ncatted -O -a coordinates,SO2,d,, input.nc.tmp2
+ ncatted -O -a coordinates,PM2.5,d,, input.nc.tmp2
+ ncatted -O -a coordinates,OC,d,, input.nc.tmp2
+ ncatted -O -a coordinates,BC,d,, input.nc.tmp2
+ ncatted -O -a coordinates,CO,d,, input.nc.tmp2
+ ncatted -O -a coordinates,NOx,d,, input.nc.tmp2
+ ncatted -O -a coordinates,NH3,d,, input.nc.tmp2
+ ncatted -O -a valid_range,SO2,d,, input.nc.tmp2
+ ncatted -O -a valid_range,PM2.5,d,, input.nc.tmp2
+ ncatted -O -a valid_range,OC,d,, input.nc.tmp2
+ ncatted -O -a valid_range,BC,d,, input.nc.tmp2
+ ncatted -O -a valid_range,CO,d,, input.nc.tmp2
+ ncatted -O -a valid_range,NOx,d,, input.nc.tmp2
+ ncatted -O -a valid_range,NH3,d,, input.nc.tmp2
+ ncatted -O -a add_offset,SO2,d,, input.nc.tmp2
+ ncatted -O -a add_offset,PM2.5,d,, input.nc.tmp2
+ ncatted -O -a add_offset,OC,d,, input.nc.tmp2
+ ncatted -O -a add_offset,BC,d,, input.nc.tmp2
+ ncatted -O -a add_offset,CO,d,, input.nc.tmp2
+ ncatted -O -a add_offset,NOx,d,, input.nc.tmp2
+ ncatted -O -a add_offset,NH3,d,, input.nc.tmp2
+ ncatted -O -a add_offset,MeanFRP,d,, input.nc.tmp2
+ ncatted -O -a valid_range,MeanFRP,d,, input.nc.tmp2
+ ncatted -O -a coordinates,MeanFRP,d,, input.nc.tmp2
+ nccopy -k 'netCDF-4 classic model' input.nc.tmp2 input.nc.tmp3
+ nccopy -d1 input.nc.tmp3 input.nc.tmp4
+ ERR=0
+ ECNT=0
+ '[' 0 -eq 0 ']'
+ /bin/mv input.nc.tmp4 /scratch1/BMC/gsd-fv3-dev/MAPP_2018/bhuang/JEDI-2020/JEDI-FV3/expCodes/PACEData/GBBEPx/Prep_GBBEPx_2024070100_2024093000/FixGBBEPx/GBBEPx_all01GRID.emissions_v004_20240811.nc
+ ERR=0
+ ECNT=0
+ '[' 0 -eq 0 ']'
+ echo 'Fix GBBEPx successflully at 20240811'
Fix GBBEPx successflully at 20240811
++ /scratch2/NCEPDEV/nwprod/NCEPLIBS/utils/prod_util.v1.1.0/exec/ndate 24 2024081100
+ IDATE=2024081200
+ '[' 2024081200 -le 2024093000 ']'
+ ECNT=0
+ /bin/rm -rf input.nc.tmp input.nc.tmp2 input.nc.tmp3 input.nc
+ IY=2024
+ IM=08
+ ID=12
+ IYMD=20240812
+ SRCFILE='/scratch1/BMC/gsd-fv3-dev/MAPP_2018/bhuang/JEDI-2020/JEDI-FV3/expCodes/PACEData/GBBEPx/Prep_GBBEPx_2024070100_2024093000/2024081200/*.nc'
+ OUTFILE=/scratch1/BMC/gsd-fv3-dev/MAPP_2018/bhuang/JEDI-2020/JEDI-FV3/expCodes/PACEData/GBBEPx/Prep_GBBEPx_2024070100_2024093000/FixGBBEPx/GBBEPx_all01GRID.emissions_v004_20240812.nc
++ wc -l
++ ls /scratch1/BMC/gsd-fv3-dev/MAPP_2018/bhuang/JEDI-2020/JEDI-FV3/expCodes/PACEData/GBBEPx/Prep_GBBEPx_2024070100_2024093000/2024081200/GBBEPx-all01GRID_v5r0_blend_s202408120000000_e202408122359590_c202408130140510.nc
+ NNC=1
+ '[' 1 -eq 1 ']'
++ ls /scratch1/BMC/gsd-fv3-dev/MAPP_2018/bhuang/JEDI-2020/JEDI-FV3/expCodes/PACEData/GBBEPx/Prep_GBBEPx_2024070100_2024093000/2024081200/GBBEPx-all01GRID_v5r0_blend_s202408120000000_e202408122359590_c202408130140510.nc
+ for FILE in $(ls ${SRCFILE})
+ /bin/cp /scratch1/BMC/gsd-fv3-dev/MAPP_2018/bhuang/JEDI-2020/JEDI-FV3/expCodes/PACEData/GBBEPx/Prep_GBBEPx_2024070100_2024093000/2024081200/GBBEPx-all01GRID_v5r0_blend_s202408120000000_e202408122359590_c202408130140510.nc input.nc
+ ERR=0
+ ECNT=0
+ /home/Bo.Huang/JEDI-2020/UFS-Aerosols_RETcyc/UFS-Aerosols-EP4_JEDI-AeroDA-Reanl/misc/PrepPACE/GBBEPx/fix_GBBEPx_Li.sh input.nc 20240812
+ '[' -z '' ']'
+ case "$-" in
+ __lmod_vx=x
+ '[' -n x ']'
+ set +x
Shell debugging temporarily silenced: export LMOD_SH_DBG_ON=1 for this output (/apps/lmod/lmod/init/bash)
Shell debugging restarted
+ unset __lmod_vx
+ input_file=input.nc
+ yyyymmdd=20240812
+ nccopy -k classic input.nc input.nc.tmp
+ ncks --mk_rec_dmn Time input.nc.tmp -O -o input.nc.tmp
+ ncatted -O -a units,Longitude,m,c,degrees_east input.nc.tmp
+ ncrename -v Time,time -d Time,time input.nc.tmp -O -o input.nc.tmp
+ ncrename -v Latitude,lat -d Latitude,lat input.nc.tmp -O -o input.nc.tmp
+ ncrename -v Longitude,lon -d Longitude,lon input.nc.tmp -O -o input.nc.tmp
+ ncap2 -O -s 'time[time]=0' input.nc.tmp -o input.nc.tmp
+ ncks -C -O -x -v Max_emission,Max_emission_col,Max_emission_row input.nc.tmp input.nc.tmp
+ ncks -C -O -x -v QCAll,CloudPerc,FirePerc,NumSensor input.nc.tmp input.nc.tmp
+ ncks -C -O -x -v TotalEmis_region_Africa input.nc.tmp input.nc.tmp
+ ncks -C -O -x -v TotalEmis_region_Asia input.nc.tmp input.nc.tmp
+ ncks -C -O -x -v TotalEmis_region_Australia input.nc.tmp input.nc.tmp
+ ncks -C -O -x -v TotalEmis_region_Europe input.nc.tmp input.nc.tmp
+ ncks -C -O -x -v TotalEmis_region_NorthAmerica input.nc.tmp input.nc.tmp
+ ncks -C -O -x -v TotalEmis_region_SouthAmerica input.nc.tmp input.nc.tmp
+ ncks -C -O -x -v quality_information input.nc.tmp input.nc.tmp
+ ncks -O -d lat,-89.5,89.5 input.nc.tmp input.nc.tmp2
++ date -d 20240812 +%Y-%m-%d
+ d=2024-08-12
+ dd='hours since 2024-08-12 12:00:00'
+ ncatted -O -a 'units,time,c,c,hours since 2024-08-12 12:00:00' input.nc.tmp2
+ ncatted -O -a long_name,time,c,c,Time input.nc.tmp2
+ ncatted -O -a calendar,time,c,c,gregorian input.nc.tmp2
+ ncatted -O -a axis,time,c,c,T input.nc.tmp2
+ ncatted -O -a long_name,lat,m,c,latitude input.nc.tmp2
+ ncatted -O -a long_name,lon,m,c,longitude input.nc.tmp2
+ ncatted -O -a axis,lon,d,, input.nc.tmp2
+ ncatted -O -a bounds,lon,d,, input.nc.tmp2
+ ncatted -O -a valid_range,lon,d,, input.nc.tmp2
+ ncatted -O -a scale_factor,lon,d,, input.nc.tmp2
+ ncatted -O -a add_offset,lon,d,, input.nc.tmp2
+ ncatted -O -a _FillValue,lon,d,, input.nc.tmp2
+ ncatted -O -a axis,lat,d,, input.nc.tmp2
+ ncatted -O -a bounds,lat,d,, input.nc.tmp2
+ ncatted -O -a valid_range,lat,d,, input.nc.tmp2
+ ncatted -O -a scale_factor,lat,d,, input.nc.tmp2
+ ncatted -O -a add_offset,lat,d,, input.nc.tmp2
+ ncatted -O -a _FillValue,lat,d,, input.nc.tmp2
+ ncatted -O -a coordinates,SO2,d,, input.nc.tmp2
+ ncatted -O -a coordinates,PM2.5,d,, input.nc.tmp2
+ ncatted -O -a coordinates,OC,d,, input.nc.tmp2
+ ncatted -O -a coordinates,BC,d,, input.nc.tmp2
+ ncatted -O -a coordinates,CO,d,, input.nc.tmp2
+ ncatted -O -a coordinates,NOx,d,, input.nc.tmp2
+ ncatted -O -a coordinates,NH3,d,, input.nc.tmp2
+ ncatted -O -a valid_range,SO2,d,, input.nc.tmp2
+ ncatted -O -a valid_range,PM2.5,d,, input.nc.tmp2
+ ncatted -O -a valid_range,OC,d,, input.nc.tmp2
+ ncatted -O -a valid_range,BC,d,, input.nc.tmp2
+ ncatted -O -a valid_range,CO,d,, input.nc.tmp2
+ ncatted -O -a valid_range,NOx,d,, input.nc.tmp2
+ ncatted -O -a valid_range,NH3,d,, input.nc.tmp2
+ ncatted -O -a add_offset,SO2,d,, input.nc.tmp2
+ ncatted -O -a add_offset,PM2.5,d,, input.nc.tmp2
+ ncatted -O -a add_offset,OC,d,, input.nc.tmp2
+ ncatted -O -a add_offset,BC,d,, input.nc.tmp2
+ ncatted -O -a add_offset,CO,d,, input.nc.tmp2
+ ncatted -O -a add_offset,NOx,d,, input.nc.tmp2
+ ncatted -O -a add_offset,NH3,d,, input.nc.tmp2
+ ncatted -O -a add_offset,MeanFRP,d,, input.nc.tmp2
+ ncatted -O -a valid_range,MeanFRP,d,, input.nc.tmp2
+ ncatted -O -a coordinates,MeanFRP,d,, input.nc.tmp2
+ nccopy -k 'netCDF-4 classic model' input.nc.tmp2 input.nc.tmp3
+ nccopy -d1 input.nc.tmp3 input.nc.tmp4
+ ERR=0
+ ECNT=0
+ '[' 0 -eq 0 ']'
+ /bin/mv input.nc.tmp4 /scratch1/BMC/gsd-fv3-dev/MAPP_2018/bhuang/JEDI-2020/JEDI-FV3/expCodes/PACEData/GBBEPx/Prep_GBBEPx_2024070100_2024093000/FixGBBEPx/GBBEPx_all01GRID.emissions_v004_20240812.nc
+ ERR=0
+ ECNT=0
+ '[' 0 -eq 0 ']'
+ echo 'Fix GBBEPx successflully at 20240812'
Fix GBBEPx successflully at 20240812
++ /scratch2/NCEPDEV/nwprod/NCEPLIBS/utils/prod_util.v1.1.0/exec/ndate 24 2024081200
+ IDATE=2024081300
+ '[' 2024081300 -le 2024093000 ']'
+ ECNT=0
+ /bin/rm -rf input.nc.tmp input.nc.tmp2 input.nc.tmp3 input.nc
+ IY=2024
+ IM=08
+ ID=13
+ IYMD=20240813
+ SRCFILE='/scratch1/BMC/gsd-fv3-dev/MAPP_2018/bhuang/JEDI-2020/JEDI-FV3/expCodes/PACEData/GBBEPx/Prep_GBBEPx_2024070100_2024093000/2024081300/*.nc'
+ OUTFILE=/scratch1/BMC/gsd-fv3-dev/MAPP_2018/bhuang/JEDI-2020/JEDI-FV3/expCodes/PACEData/GBBEPx/Prep_GBBEPx_2024070100_2024093000/FixGBBEPx/GBBEPx_all01GRID.emissions_v004_20240813.nc
++ wc -l
++ ls /scratch1/BMC/gsd-fv3-dev/MAPP_2018/bhuang/JEDI-2020/JEDI-FV3/expCodes/PACEData/GBBEPx/Prep_GBBEPx_2024070100_2024093000/2024081300/GBBEPx-all01GRID_v5r0_blend_s202408130000000_e202408132359590_c202408140126350.nc
+ NNC=1
+ '[' 1 -eq 1 ']'
++ ls /scratch1/BMC/gsd-fv3-dev/MAPP_2018/bhuang/JEDI-2020/JEDI-FV3/expCodes/PACEData/GBBEPx/Prep_GBBEPx_2024070100_2024093000/2024081300/GBBEPx-all01GRID_v5r0_blend_s202408130000000_e202408132359590_c202408140126350.nc
+ for FILE in $(ls ${SRCFILE})
+ /bin/cp /scratch1/BMC/gsd-fv3-dev/MAPP_2018/bhuang/JEDI-2020/JEDI-FV3/expCodes/PACEData/GBBEPx/Prep_GBBEPx_2024070100_2024093000/2024081300/GBBEPx-all01GRID_v5r0_blend_s202408130000000_e202408132359590_c202408140126350.nc input.nc
+ ERR=0
+ ECNT=0
+ /home/Bo.Huang/JEDI-2020/UFS-Aerosols_RETcyc/UFS-Aerosols-EP4_JEDI-AeroDA-Reanl/misc/PrepPACE/GBBEPx/fix_GBBEPx_Li.sh input.nc 20240813
+ '[' -z '' ']'
+ case "$-" in
+ __lmod_vx=x
+ '[' -n x ']'
+ set +x
Shell debugging temporarily silenced: export LMOD_SH_DBG_ON=1 for this output (/apps/lmod/lmod/init/bash)
Shell debugging restarted
+ unset __lmod_vx
+ input_file=input.nc
+ yyyymmdd=20240813
+ nccopy -k classic input.nc input.nc.tmp
+ ncks --mk_rec_dmn Time input.nc.tmp -O -o input.nc.tmp
+ ncatted -O -a units,Longitude,m,c,degrees_east input.nc.tmp
+ ncrename -v Time,time -d Time,time input.nc.tmp -O -o input.nc.tmp
+ ncrename -v Latitude,lat -d Latitude,lat input.nc.tmp -O -o input.nc.tmp
+ ncrename -v Longitude,lon -d Longitude,lon input.nc.tmp -O -o input.nc.tmp
+ ncap2 -O -s 'time[time]=0' input.nc.tmp -o input.nc.tmp
+ ncks -C -O -x -v Max_emission,Max_emission_col,Max_emission_row input.nc.tmp input.nc.tmp
+ ncks -C -O -x -v QCAll,CloudPerc,FirePerc,NumSensor input.nc.tmp input.nc.tmp
+ ncks -C -O -x -v TotalEmis_region_Africa input.nc.tmp input.nc.tmp
+ ncks -C -O -x -v TotalEmis_region_Asia input.nc.tmp input.nc.tmp
+ ncks -C -O -x -v TotalEmis_region_Australia input.nc.tmp input.nc.tmp
+ ncks -C -O -x -v TotalEmis_region_Europe input.nc.tmp input.nc.tmp
+ ncks -C -O -x -v TotalEmis_region_NorthAmerica input.nc.tmp input.nc.tmp
+ ncks -C -O -x -v TotalEmis_region_SouthAmerica input.nc.tmp input.nc.tmp
+ ncks -C -O -x -v quality_information input.nc.tmp input.nc.tmp
+ ncks -O -d lat,-89.5,89.5 input.nc.tmp input.nc.tmp2
++ date -d 20240813 +%Y-%m-%d
+ d=2024-08-13
+ dd='hours since 2024-08-13 12:00:00'
+ ncatted -O -a 'units,time,c,c,hours since 2024-08-13 12:00:00' input.nc.tmp2
+ ncatted -O -a long_name,time,c,c,Time input.nc.tmp2
+ ncatted -O -a calendar,time,c,c,gregorian input.nc.tmp2
+ ncatted -O -a axis,time,c,c,T input.nc.tmp2
+ ncatted -O -a long_name,lat,m,c,latitude input.nc.tmp2
+ ncatted -O -a long_name,lon,m,c,longitude input.nc.tmp2
+ ncatted -O -a axis,lon,d,, input.nc.tmp2
+ ncatted -O -a bounds,lon,d,, input.nc.tmp2
+ ncatted -O -a valid_range,lon,d,, input.nc.tmp2
+ ncatted -O -a scale_factor,lon,d,, input.nc.tmp2
+ ncatted -O -a add_offset,lon,d,, input.nc.tmp2
+ ncatted -O -a _FillValue,lon,d,, input.nc.tmp2
+ ncatted -O -a axis,lat,d,, input.nc.tmp2
+ ncatted -O -a bounds,lat,d,, input.nc.tmp2
+ ncatted -O -a valid_range,lat,d,, input.nc.tmp2
+ ncatted -O -a scale_factor,lat,d,, input.nc.tmp2
+ ncatted -O -a add_offset,lat,d,, input.nc.tmp2
+ ncatted -O -a _FillValue,lat,d,, input.nc.tmp2
+ ncatted -O -a coordinates,SO2,d,, input.nc.tmp2
+ ncatted -O -a coordinates,PM2.5,d,, input.nc.tmp2
+ ncatted -O -a coordinates,OC,d,, input.nc.tmp2
+ ncatted -O -a coordinates,BC,d,, input.nc.tmp2
+ ncatted -O -a coordinates,CO,d,, input.nc.tmp2
+ ncatted -O -a coordinates,NOx,d,, input.nc.tmp2
+ ncatted -O -a coordinates,NH3,d,, input.nc.tmp2
+ ncatted -O -a valid_range,SO2,d,, input.nc.tmp2
+ ncatted -O -a valid_range,PM2.5,d,, input.nc.tmp2
+ ncatted -O -a valid_range,OC,d,, input.nc.tmp2
+ ncatted -O -a valid_range,BC,d,, input.nc.tmp2
+ ncatted -O -a valid_range,CO,d,, input.nc.tmp2
+ ncatted -O -a valid_range,NOx,d,, input.nc.tmp2
+ ncatted -O -a valid_range,NH3,d,, input.nc.tmp2
+ ncatted -O -a add_offset,SO2,d,, input.nc.tmp2
+ ncatted -O -a add_offset,PM2.5,d,, input.nc.tmp2
+ ncatted -O -a add_offset,OC,d,, input.nc.tmp2
+ ncatted -O -a add_offset,BC,d,, input.nc.tmp2
+ ncatted -O -a add_offset,CO,d,, input.nc.tmp2
+ ncatted -O -a add_offset,NOx,d,, input.nc.tmp2
+ ncatted -O -a add_offset,NH3,d,, input.nc.tmp2
+ ncatted -O -a add_offset,MeanFRP,d,, input.nc.tmp2
+ ncatted -O -a valid_range,MeanFRP,d,, input.nc.tmp2
+ ncatted -O -a coordinates,MeanFRP,d,, input.nc.tmp2
+ nccopy -k 'netCDF-4 classic model' input.nc.tmp2 input.nc.tmp3
+ nccopy -d1 input.nc.tmp3 input.nc.tmp4
+ ERR=0
+ ECNT=0
+ '[' 0 -eq 0 ']'
+ /bin/mv input.nc.tmp4 /scratch1/BMC/gsd-fv3-dev/MAPP_2018/bhuang/JEDI-2020/JEDI-FV3/expCodes/PACEData/GBBEPx/Prep_GBBEPx_2024070100_2024093000/FixGBBEPx/GBBEPx_all01GRID.emissions_v004_20240813.nc
+ ERR=0
+ ECNT=0
+ '[' 0 -eq 0 ']'
+ echo 'Fix GBBEPx successflully at 20240813'
Fix GBBEPx successflully at 20240813
++ /scratch2/NCEPDEV/nwprod/NCEPLIBS/utils/prod_util.v1.1.0/exec/ndate 24 2024081300
+ IDATE=2024081400
+ '[' 2024081400 -le 2024093000 ']'
+ ECNT=0
+ /bin/rm -rf input.nc.tmp input.nc.tmp2 input.nc.tmp3 input.nc
+ IY=2024
+ IM=08
+ ID=14
+ IYMD=20240814
+ SRCFILE='/scratch1/BMC/gsd-fv3-dev/MAPP_2018/bhuang/JEDI-2020/JEDI-FV3/expCodes/PACEData/GBBEPx/Prep_GBBEPx_2024070100_2024093000/2024081400/*.nc'
+ OUTFILE=/scratch1/BMC/gsd-fv3-dev/MAPP_2018/bhuang/JEDI-2020/JEDI-FV3/expCodes/PACEData/GBBEPx/Prep_GBBEPx_2024070100_2024093000/FixGBBEPx/GBBEPx_all01GRID.emissions_v004_20240814.nc
++ wc -l
++ ls /scratch1/BMC/gsd-fv3-dev/MAPP_2018/bhuang/JEDI-2020/JEDI-FV3/expCodes/PACEData/GBBEPx/Prep_GBBEPx_2024070100_2024093000/2024081400/GBBEPx-all01GRID_v5r0_blend_s202408140000000_e202408142359590_c202408150115420.nc
+ NNC=1
+ '[' 1 -eq 1 ']'
++ ls /scratch1/BMC/gsd-fv3-dev/MAPP_2018/bhuang/JEDI-2020/JEDI-FV3/expCodes/PACEData/GBBEPx/Prep_GBBEPx_2024070100_2024093000/2024081400/GBBEPx-all01GRID_v5r0_blend_s202408140000000_e202408142359590_c202408150115420.nc
+ for FILE in $(ls ${SRCFILE})
+ /bin/cp /scratch1/BMC/gsd-fv3-dev/MAPP_2018/bhuang/JEDI-2020/JEDI-FV3/expCodes/PACEData/GBBEPx/Prep_GBBEPx_2024070100_2024093000/2024081400/GBBEPx-all01GRID_v5r0_blend_s202408140000000_e202408142359590_c202408150115420.nc input.nc
+ ERR=0
+ ECNT=0
+ /home/Bo.Huang/JEDI-2020/UFS-Aerosols_RETcyc/UFS-Aerosols-EP4_JEDI-AeroDA-Reanl/misc/PrepPACE/GBBEPx/fix_GBBEPx_Li.sh input.nc 20240814
+ '[' -z '' ']'
+ case "$-" in
+ __lmod_vx=x
+ '[' -n x ']'
+ set +x
Shell debugging temporarily silenced: export LMOD_SH_DBG_ON=1 for this output (/apps/lmod/lmod/init/bash)
Shell debugging restarted
+ unset __lmod_vx
+ input_file=input.nc
+ yyyymmdd=20240814
+ nccopy -k classic input.nc input.nc.tmp
+ ncks --mk_rec_dmn Time input.nc.tmp -O -o input.nc.tmp
+ ncatted -O -a units,Longitude,m,c,degrees_east input.nc.tmp
+ ncrename -v Time,time -d Time,time input.nc.tmp -O -o input.nc.tmp
+ ncrename -v Latitude,lat -d Latitude,lat input.nc.tmp -O -o input.nc.tmp
+ ncrename -v Longitude,lon -d Longitude,lon input.nc.tmp -O -o input.nc.tmp
+ ncap2 -O -s 'time[time]=0' input.nc.tmp -o input.nc.tmp
+ ncks -C -O -x -v Max_emission,Max_emission_col,Max_emission_row input.nc.tmp input.nc.tmp
+ ncks -C -O -x -v QCAll,CloudPerc,FirePerc,NumSensor input.nc.tmp input.nc.tmp
+ ncks -C -O -x -v TotalEmis_region_Africa input.nc.tmp input.nc.tmp
+ ncks -C -O -x -v TotalEmis_region_Asia input.nc.tmp input.nc.tmp
+ ncks -C -O -x -v TotalEmis_region_Australia input.nc.tmp input.nc.tmp
+ ncks -C -O -x -v TotalEmis_region_Europe input.nc.tmp input.nc.tmp
+ ncks -C -O -x -v TotalEmis_region_NorthAmerica input.nc.tmp input.nc.tmp
+ ncks -C -O -x -v TotalEmis_region_SouthAmerica input.nc.tmp input.nc.tmp
+ ncks -C -O -x -v quality_information input.nc.tmp input.nc.tmp
+ ncks -O -d lat,-89.5,89.5 input.nc.tmp input.nc.tmp2
++ date -d 20240814 +%Y-%m-%d
+ d=2024-08-14
+ dd='hours since 2024-08-14 12:00:00'
+ ncatted -O -a 'units,time,c,c,hours since 2024-08-14 12:00:00' input.nc.tmp2
+ ncatted -O -a long_name,time,c,c,Time input.nc.tmp2
+ ncatted -O -a calendar,time,c,c,gregorian input.nc.tmp2
+ ncatted -O -a axis,time,c,c,T input.nc.tmp2
+ ncatted -O -a long_name,lat,m,c,latitude input.nc.tmp2
+ ncatted -O -a long_name,lon,m,c,longitude input.nc.tmp2
+ ncatted -O -a axis,lon,d,, input.nc.tmp2
+ ncatted -O -a bounds,lon,d,, input.nc.tmp2
+ ncatted -O -a valid_range,lon,d,, input.nc.tmp2
+ ncatted -O -a scale_factor,lon,d,, input.nc.tmp2
+ ncatted -O -a add_offset,lon,d,, input.nc.tmp2
+ ncatted -O -a _FillValue,lon,d,, input.nc.tmp2
+ ncatted -O -a axis,lat,d,, input.nc.tmp2
+ ncatted -O -a bounds,lat,d,, input.nc.tmp2
+ ncatted -O -a valid_range,lat,d,, input.nc.tmp2
+ ncatted -O -a scale_factor,lat,d,, input.nc.tmp2
+ ncatted -O -a add_offset,lat,d,, input.nc.tmp2
+ ncatted -O -a _FillValue,lat,d,, input.nc.tmp2
+ ncatted -O -a coordinates,SO2,d,, input.nc.tmp2
+ ncatted -O -a coordinates,PM2.5,d,, input.nc.tmp2
+ ncatted -O -a coordinates,OC,d,, input.nc.tmp2
+ ncatted -O -a coordinates,BC,d,, input.nc.tmp2
+ ncatted -O -a coordinates,CO,d,, input.nc.tmp2
+ ncatted -O -a coordinates,NOx,d,, input.nc.tmp2
+ ncatted -O -a coordinates,NH3,d,, input.nc.tmp2
+ ncatted -O -a valid_range,SO2,d,, input.nc.tmp2
+ ncatted -O -a valid_range,PM2.5,d,, input.nc.tmp2
+ ncatted -O -a valid_range,OC,d,, input.nc.tmp2
+ ncatted -O -a valid_range,BC,d,, input.nc.tmp2
+ ncatted -O -a valid_range,CO,d,, input.nc.tmp2
+ ncatted -O -a valid_range,NOx,d,, input.nc.tmp2
+ ncatted -O -a valid_range,NH3,d,, input.nc.tmp2
+ ncatted -O -a add_offset,SO2,d,, input.nc.tmp2
+ ncatted -O -a add_offset,PM2.5,d,, input.nc.tmp2
+ ncatted -O -a add_offset,OC,d,, input.nc.tmp2
+ ncatted -O -a add_offset,BC,d,, input.nc.tmp2
+ ncatted -O -a add_offset,CO,d,, input.nc.tmp2
+ ncatted -O -a add_offset,NOx,d,, input.nc.tmp2
+ ncatted -O -a add_offset,NH3,d,, input.nc.tmp2
+ ncatted -O -a add_offset,MeanFRP,d,, input.nc.tmp2
+ ncatted -O -a valid_range,MeanFRP,d,, input.nc.tmp2
+ ncatted -O -a coordinates,MeanFRP,d,, input.nc.tmp2
+ nccopy -k 'netCDF-4 classic model' input.nc.tmp2 input.nc.tmp3
+ nccopy -d1 input.nc.tmp3 input.nc.tmp4
+ ERR=0
+ ECNT=0
+ '[' 0 -eq 0 ']'
+ /bin/mv input.nc.tmp4 /scratch1/BMC/gsd-fv3-dev/MAPP_2018/bhuang/JEDI-2020/JEDI-FV3/expCodes/PACEData/GBBEPx/Prep_GBBEPx_2024070100_2024093000/FixGBBEPx/GBBEPx_all01GRID.emissions_v004_20240814.nc
+ ERR=0
+ ECNT=0
+ '[' 0 -eq 0 ']'
+ echo 'Fix GBBEPx successflully at 20240814'
Fix GBBEPx successflully at 20240814
++ /scratch2/NCEPDEV/nwprod/NCEPLIBS/utils/prod_util.v1.1.0/exec/ndate 24 2024081400
+ IDATE=2024081500
+ '[' 2024081500 -le 2024093000 ']'
+ ECNT=0
+ /bin/rm -rf input.nc.tmp input.nc.tmp2 input.nc.tmp3 input.nc
+ IY=2024
+ IM=08
+ ID=15
+ IYMD=20240815
+ SRCFILE='/scratch1/BMC/gsd-fv3-dev/MAPP_2018/bhuang/JEDI-2020/JEDI-FV3/expCodes/PACEData/GBBEPx/Prep_GBBEPx_2024070100_2024093000/2024081500/*.nc'
+ OUTFILE=/scratch1/BMC/gsd-fv3-dev/MAPP_2018/bhuang/JEDI-2020/JEDI-FV3/expCodes/PACEData/GBBEPx/Prep_GBBEPx_2024070100_2024093000/FixGBBEPx/GBBEPx_all01GRID.emissions_v004_20240815.nc
++ wc -l
++ ls /scratch1/BMC/gsd-fv3-dev/MAPP_2018/bhuang/JEDI-2020/JEDI-FV3/expCodes/PACEData/GBBEPx/Prep_GBBEPx_2024070100_2024093000/2024081500/GBBEPx-all01GRID_v5r0_blend_s202408150000000_e202408152359590_c202408160344580.nc
+ NNC=1
+ '[' 1 -eq 1 ']'
++ ls /scratch1/BMC/gsd-fv3-dev/MAPP_2018/bhuang/JEDI-2020/JEDI-FV3/expCodes/PACEData/GBBEPx/Prep_GBBEPx_2024070100_2024093000/2024081500/GBBEPx-all01GRID_v5r0_blend_s202408150000000_e202408152359590_c202408160344580.nc
+ for FILE in $(ls ${SRCFILE})
+ /bin/cp /scratch1/BMC/gsd-fv3-dev/MAPP_2018/bhuang/JEDI-2020/JEDI-FV3/expCodes/PACEData/GBBEPx/Prep_GBBEPx_2024070100_2024093000/2024081500/GBBEPx-all01GRID_v5r0_blend_s202408150000000_e202408152359590_c202408160344580.nc input.nc
+ ERR=0
+ ECNT=0
+ /home/Bo.Huang/JEDI-2020/UFS-Aerosols_RETcyc/UFS-Aerosols-EP4_JEDI-AeroDA-Reanl/misc/PrepPACE/GBBEPx/fix_GBBEPx_Li.sh input.nc 20240815
+ '[' -z '' ']'
+ case "$-" in
+ __lmod_vx=x
+ '[' -n x ']'
+ set +x
Shell debugging temporarily silenced: export LMOD_SH_DBG_ON=1 for this output (/apps/lmod/lmod/init/bash)
Shell debugging restarted
+ unset __lmod_vx
+ input_file=input.nc
+ yyyymmdd=20240815
+ nccopy -k classic input.nc input.nc.tmp
+ ncks --mk_rec_dmn Time input.nc.tmp -O -o input.nc.tmp
+ ncatted -O -a units,Longitude,m,c,degrees_east input.nc.tmp
+ ncrename -v Time,time -d Time,time input.nc.tmp -O -o input.nc.tmp
+ ncrename -v Latitude,lat -d Latitude,lat input.nc.tmp -O -o input.nc.tmp
+ ncrename -v Longitude,lon -d Longitude,lon input.nc.tmp -O -o input.nc.tmp
+ ncap2 -O -s 'time[time]=0' input.nc.tmp -o input.nc.tmp
+ ncks -C -O -x -v Max_emission,Max_emission_col,Max_emission_row input.nc.tmp input.nc.tmp
+ ncks -C -O -x -v QCAll,CloudPerc,FirePerc,NumSensor input.nc.tmp input.nc.tmp
+ ncks -C -O -x -v TotalEmis_region_Africa input.nc.tmp input.nc.tmp
+ ncks -C -O -x -v TotalEmis_region_Asia input.nc.tmp input.nc.tmp
+ ncks -C -O -x -v TotalEmis_region_Australia input.nc.tmp input.nc.tmp
+ ncks -C -O -x -v TotalEmis_region_Europe input.nc.tmp input.nc.tmp
+ ncks -C -O -x -v TotalEmis_region_NorthAmerica input.nc.tmp input.nc.tmp
+ ncks -C -O -x -v TotalEmis_region_SouthAmerica input.nc.tmp input.nc.tmp
+ ncks -C -O -x -v quality_information input.nc.tmp input.nc.tmp
+ ncks -O -d lat,-89.5,89.5 input.nc.tmp input.nc.tmp2
++ date -d 20240815 +%Y-%m-%d
+ d=2024-08-15
+ dd='hours since 2024-08-15 12:00:00'
+ ncatted -O -a 'units,time,c,c,hours since 2024-08-15 12:00:00' input.nc.tmp2
+ ncatted -O -a long_name,time,c,c,Time input.nc.tmp2
+ ncatted -O -a calendar,time,c,c,gregorian input.nc.tmp2
+ ncatted -O -a axis,time,c,c,T input.nc.tmp2
+ ncatted -O -a long_name,lat,m,c,latitude input.nc.tmp2
+ ncatted -O -a long_name,lon,m,c,longitude input.nc.tmp2
+ ncatted -O -a axis,lon,d,, input.nc.tmp2
+ ncatted -O -a bounds,lon,d,, input.nc.tmp2
+ ncatted -O -a valid_range,lon,d,, input.nc.tmp2
+ ncatted -O -a scale_factor,lon,d,, input.nc.tmp2
+ ncatted -O -a add_offset,lon,d,, input.nc.tmp2
+ ncatted -O -a _FillValue,lon,d,, input.nc.tmp2
+ ncatted -O -a axis,lat,d,, input.nc.tmp2
+ ncatted -O -a bounds,lat,d,, input.nc.tmp2
+ ncatted -O -a valid_range,lat,d,, input.nc.tmp2
+ ncatted -O -a scale_factor,lat,d,, input.nc.tmp2
+ ncatted -O -a add_offset,lat,d,, input.nc.tmp2
+ ncatted -O -a _FillValue,lat,d,, input.nc.tmp2
+ ncatted -O -a coordinates,SO2,d,, input.nc.tmp2
+ ncatted -O -a coordinates,PM2.5,d,, input.nc.tmp2
+ ncatted -O -a coordinates,OC,d,, input.nc.tmp2
+ ncatted -O -a coordinates,BC,d,, input.nc.tmp2
+ ncatted -O -a coordinates,CO,d,, input.nc.tmp2
+ ncatted -O -a coordinates,NOx,d,, input.nc.tmp2
+ ncatted -O -a coordinates,NH3,d,, input.nc.tmp2
+ ncatted -O -a valid_range,SO2,d,, input.nc.tmp2
+ ncatted -O -a valid_range,PM2.5,d,, input.nc.tmp2
+ ncatted -O -a valid_range,OC,d,, input.nc.tmp2
+ ncatted -O -a valid_range,BC,d,, input.nc.tmp2
+ ncatted -O -a valid_range,CO,d,, input.nc.tmp2
+ ncatted -O -a valid_range,NOx,d,, input.nc.tmp2
+ ncatted -O -a valid_range,NH3,d,, input.nc.tmp2
+ ncatted -O -a add_offset,SO2,d,, input.nc.tmp2
+ ncatted -O -a add_offset,PM2.5,d,, input.nc.tmp2
+ ncatted -O -a add_offset,OC,d,, input.nc.tmp2
+ ncatted -O -a add_offset,BC,d,, input.nc.tmp2
+ ncatted -O -a add_offset,CO,d,, input.nc.tmp2
+ ncatted -O -a add_offset,NOx,d,, input.nc.tmp2
+ ncatted -O -a add_offset,NH3,d,, input.nc.tmp2
+ ncatted -O -a add_offset,MeanFRP,d,, input.nc.tmp2
+ ncatted -O -a valid_range,MeanFRP,d,, input.nc.tmp2
+ ncatted -O -a coordinates,MeanFRP,d,, input.nc.tmp2
+ nccopy -k 'netCDF-4 classic model' input.nc.tmp2 input.nc.tmp3
+ nccopy -d1 input.nc.tmp3 input.nc.tmp4
+ ERR=0
+ ECNT=0
+ '[' 0 -eq 0 ']'
+ /bin/mv input.nc.tmp4 /scratch1/BMC/gsd-fv3-dev/MAPP_2018/bhuang/JEDI-2020/JEDI-FV3/expCodes/PACEData/GBBEPx/Prep_GBBEPx_2024070100_2024093000/FixGBBEPx/GBBEPx_all01GRID.emissions_v004_20240815.nc
+ ERR=0
+ ECNT=0
+ '[' 0 -eq 0 ']'
+ echo 'Fix GBBEPx successflully at 20240815'
Fix GBBEPx successflully at 20240815
++ /scratch2/NCEPDEV/nwprod/NCEPLIBS/utils/prod_util.v1.1.0/exec/ndate 24 2024081500
+ IDATE=2024081600
+ '[' 2024081600 -le 2024093000 ']'
+ ECNT=0
+ /bin/rm -rf input.nc.tmp input.nc.tmp2 input.nc.tmp3 input.nc
+ IY=2024
+ IM=08
+ ID=16
+ IYMD=20240816
+ SRCFILE='/scratch1/BMC/gsd-fv3-dev/MAPP_2018/bhuang/JEDI-2020/JEDI-FV3/expCodes/PACEData/GBBEPx/Prep_GBBEPx_2024070100_2024093000/2024081600/*.nc'
+ OUTFILE=/scratch1/BMC/gsd-fv3-dev/MAPP_2018/bhuang/JEDI-2020/JEDI-FV3/expCodes/PACEData/GBBEPx/Prep_GBBEPx_2024070100_2024093000/FixGBBEPx/GBBEPx_all01GRID.emissions_v004_20240816.nc
++ wc -l
++ ls /scratch1/BMC/gsd-fv3-dev/MAPP_2018/bhuang/JEDI-2020/JEDI-FV3/expCodes/PACEData/GBBEPx/Prep_GBBEPx_2024070100_2024093000/2024081600/GBBEPx-all01GRID_v5r0_blend_s202408160000000_e202408162359590_c202408170339090.nc
+ NNC=1
+ '[' 1 -eq 1 ']'
++ ls /scratch1/BMC/gsd-fv3-dev/MAPP_2018/bhuang/JEDI-2020/JEDI-FV3/expCodes/PACEData/GBBEPx/Prep_GBBEPx_2024070100_2024093000/2024081600/GBBEPx-all01GRID_v5r0_blend_s202408160000000_e202408162359590_c202408170339090.nc
+ for FILE in $(ls ${SRCFILE})
+ /bin/cp /scratch1/BMC/gsd-fv3-dev/MAPP_2018/bhuang/JEDI-2020/JEDI-FV3/expCodes/PACEData/GBBEPx/Prep_GBBEPx_2024070100_2024093000/2024081600/GBBEPx-all01GRID_v5r0_blend_s202408160000000_e202408162359590_c202408170339090.nc input.nc
+ ERR=0
+ ECNT=0
+ /home/Bo.Huang/JEDI-2020/UFS-Aerosols_RETcyc/UFS-Aerosols-EP4_JEDI-AeroDA-Reanl/misc/PrepPACE/GBBEPx/fix_GBBEPx_Li.sh input.nc 20240816
+ '[' -z '' ']'
+ case "$-" in
+ __lmod_vx=x
+ '[' -n x ']'
+ set +x
Shell debugging temporarily silenced: export LMOD_SH_DBG_ON=1 for this output (/apps/lmod/lmod/init/bash)
Shell debugging restarted
+ unset __lmod_vx
+ input_file=input.nc
+ yyyymmdd=20240816
+ nccopy -k classic input.nc input.nc.tmp
+ ncks --mk_rec_dmn Time input.nc.tmp -O -o input.nc.tmp
+ ncatted -O -a units,Longitude,m,c,degrees_east input.nc.tmp
+ ncrename -v Time,time -d Time,time input.nc.tmp -O -o input.nc.tmp
+ ncrename -v Latitude,lat -d Latitude,lat input.nc.tmp -O -o input.nc.tmp
+ ncrename -v Longitude,lon -d Longitude,lon input.nc.tmp -O -o input.nc.tmp
+ ncap2 -O -s 'time[time]=0' input.nc.tmp -o input.nc.tmp
+ ncks -C -O -x -v Max_emission,Max_emission_col,Max_emission_row input.nc.tmp input.nc.tmp
+ ncks -C -O -x -v QCAll,CloudPerc,FirePerc,NumSensor input.nc.tmp input.nc.tmp
+ ncks -C -O -x -v TotalEmis_region_Africa input.nc.tmp input.nc.tmp
+ ncks -C -O -x -v TotalEmis_region_Asia input.nc.tmp input.nc.tmp
+ ncks -C -O -x -v TotalEmis_region_Australia input.nc.tmp input.nc.tmp
+ ncks -C -O -x -v TotalEmis_region_Europe input.nc.tmp input.nc.tmp
+ ncks -C -O -x -v TotalEmis_region_NorthAmerica input.nc.tmp input.nc.tmp
+ ncks -C -O -x -v TotalEmis_region_SouthAmerica input.nc.tmp input.nc.tmp
+ ncks -C -O -x -v quality_information input.nc.tmp input.nc.tmp
+ ncks -O -d lat,-89.5,89.5 input.nc.tmp input.nc.tmp2
++ date -d 20240816 +%Y-%m-%d
+ d=2024-08-16
+ dd='hours since 2024-08-16 12:00:00'
+ ncatted -O -a 'units,time,c,c,hours since 2024-08-16 12:00:00' input.nc.tmp2
+ ncatted -O -a long_name,time,c,c,Time input.nc.tmp2
+ ncatted -O -a calendar,time,c,c,gregorian input.nc.tmp2
+ ncatted -O -a axis,time,c,c,T input.nc.tmp2
+ ncatted -O -a long_name,lat,m,c,latitude input.nc.tmp2
+ ncatted -O -a long_name,lon,m,c,longitude input.nc.tmp2
+ ncatted -O -a axis,lon,d,, input.nc.tmp2
+ ncatted -O -a bounds,lon,d,, input.nc.tmp2
+ ncatted -O -a valid_range,lon,d,, input.nc.tmp2
+ ncatted -O -a scale_factor,lon,d,, input.nc.tmp2
+ ncatted -O -a add_offset,lon,d,, input.nc.tmp2
+ ncatted -O -a _FillValue,lon,d,, input.nc.tmp2
+ ncatted -O -a axis,lat,d,, input.nc.tmp2
+ ncatted -O -a bounds,lat,d,, input.nc.tmp2
+ ncatted -O -a valid_range,lat,d,, input.nc.tmp2
+ ncatted -O -a scale_factor,lat,d,, input.nc.tmp2
+ ncatted -O -a add_offset,lat,d,, input.nc.tmp2
+ ncatted -O -a _FillValue,lat,d,, input.nc.tmp2
+ ncatted -O -a coordinates,SO2,d,, input.nc.tmp2
+ ncatted -O -a coordinates,PM2.5,d,, input.nc.tmp2
+ ncatted -O -a coordinates,OC,d,, input.nc.tmp2
+ ncatted -O -a coordinates,BC,d,, input.nc.tmp2
+ ncatted -O -a coordinates,CO,d,, input.nc.tmp2
+ ncatted -O -a coordinates,NOx,d,, input.nc.tmp2
+ ncatted -O -a coordinates,NH3,d,, input.nc.tmp2
+ ncatted -O -a valid_range,SO2,d,, input.nc.tmp2
+ ncatted -O -a valid_range,PM2.5,d,, input.nc.tmp2
+ ncatted -O -a valid_range,OC,d,, input.nc.tmp2
+ ncatted -O -a valid_range,BC,d,, input.nc.tmp2
+ ncatted -O -a valid_range,CO,d,, input.nc.tmp2
+ ncatted -O -a valid_range,NOx,d,, input.nc.tmp2
+ ncatted -O -a valid_range,NH3,d,, input.nc.tmp2
+ ncatted -O -a add_offset,SO2,d,, input.nc.tmp2
+ ncatted -O -a add_offset,PM2.5,d,, input.nc.tmp2
+ ncatted -O -a add_offset,OC,d,, input.nc.tmp2
+ ncatted -O -a add_offset,BC,d,, input.nc.tmp2
+ ncatted -O -a add_offset,CO,d,, input.nc.tmp2
+ ncatted -O -a add_offset,NOx,d,, input.nc.tmp2
+ ncatted -O -a add_offset,NH3,d,, input.nc.tmp2
+ ncatted -O -a add_offset,MeanFRP,d,, input.nc.tmp2
+ ncatted -O -a valid_range,MeanFRP,d,, input.nc.tmp2
+ ncatted -O -a coordinates,MeanFRP,d,, input.nc.tmp2
+ nccopy -k 'netCDF-4 classic model' input.nc.tmp2 input.nc.tmp3
+ nccopy -d1 input.nc.tmp3 input.nc.tmp4
+ ERR=0
+ ECNT=0
+ '[' 0 -eq 0 ']'
+ /bin/mv input.nc.tmp4 /scratch1/BMC/gsd-fv3-dev/MAPP_2018/bhuang/JEDI-2020/JEDI-FV3/expCodes/PACEData/GBBEPx/Prep_GBBEPx_2024070100_2024093000/FixGBBEPx/GBBEPx_all01GRID.emissions_v004_20240816.nc
+ ERR=0
+ ECNT=0
+ '[' 0 -eq 0 ']'
+ echo 'Fix GBBEPx successflully at 20240816'
Fix GBBEPx successflully at 20240816
++ /scratch2/NCEPDEV/nwprod/NCEPLIBS/utils/prod_util.v1.1.0/exec/ndate 24 2024081600
+ IDATE=2024081700
+ '[' 2024081700 -le 2024093000 ']'
+ ECNT=0
+ /bin/rm -rf input.nc.tmp input.nc.tmp2 input.nc.tmp3 input.nc
+ IY=2024
+ IM=08
+ ID=17
+ IYMD=20240817
+ SRCFILE='/scratch1/BMC/gsd-fv3-dev/MAPP_2018/bhuang/JEDI-2020/JEDI-FV3/expCodes/PACEData/GBBEPx/Prep_GBBEPx_2024070100_2024093000/2024081700/*.nc'
+ OUTFILE=/scratch1/BMC/gsd-fv3-dev/MAPP_2018/bhuang/JEDI-2020/JEDI-FV3/expCodes/PACEData/GBBEPx/Prep_GBBEPx_2024070100_2024093000/FixGBBEPx/GBBEPx_all01GRID.emissions_v004_20240817.nc
++ wc -l
++ ls /scratch1/BMC/gsd-fv3-dev/MAPP_2018/bhuang/JEDI-2020/JEDI-FV3/expCodes/PACEData/GBBEPx/Prep_GBBEPx_2024070100_2024093000/2024081700/GBBEPx-all01GRID_v5r0_blend_s202408170000000_e202408172359590_c202408180342340.nc
+ NNC=1
+ '[' 1 -eq 1 ']'
++ ls /scratch1/BMC/gsd-fv3-dev/MAPP_2018/bhuang/JEDI-2020/JEDI-FV3/expCodes/PACEData/GBBEPx/Prep_GBBEPx_2024070100_2024093000/2024081700/GBBEPx-all01GRID_v5r0_blend_s202408170000000_e202408172359590_c202408180342340.nc
+ for FILE in $(ls ${SRCFILE})
+ /bin/cp /scratch1/BMC/gsd-fv3-dev/MAPP_2018/bhuang/JEDI-2020/JEDI-FV3/expCodes/PACEData/GBBEPx/Prep_GBBEPx_2024070100_2024093000/2024081700/GBBEPx-all01GRID_v5r0_blend_s202408170000000_e202408172359590_c202408180342340.nc input.nc
+ ERR=0
+ ECNT=0
+ /home/Bo.Huang/JEDI-2020/UFS-Aerosols_RETcyc/UFS-Aerosols-EP4_JEDI-AeroDA-Reanl/misc/PrepPACE/GBBEPx/fix_GBBEPx_Li.sh input.nc 20240817
+ '[' -z '' ']'
+ case "$-" in
+ __lmod_vx=x
+ '[' -n x ']'
+ set +x
Shell debugging temporarily silenced: export LMOD_SH_DBG_ON=1 for this output (/apps/lmod/lmod/init/bash)
Shell debugging restarted
+ unset __lmod_vx
+ input_file=input.nc
+ yyyymmdd=20240817
+ nccopy -k classic input.nc input.nc.tmp
+ ncks --mk_rec_dmn Time input.nc.tmp -O -o input.nc.tmp
+ ncatted -O -a units,Longitude,m,c,degrees_east input.nc.tmp
+ ncrename -v Time,time -d Time,time input.nc.tmp -O -o input.nc.tmp
+ ncrename -v Latitude,lat -d Latitude,lat input.nc.tmp -O -o input.nc.tmp
+ ncrename -v Longitude,lon -d Longitude,lon input.nc.tmp -O -o input.nc.tmp
+ ncap2 -O -s 'time[time]=0' input.nc.tmp -o input.nc.tmp
+ ncks -C -O -x -v Max_emission,Max_emission_col,Max_emission_row input.nc.tmp input.nc.tmp
+ ncks -C -O -x -v QCAll,CloudPerc,FirePerc,NumSensor input.nc.tmp input.nc.tmp
+ ncks -C -O -x -v TotalEmis_region_Africa input.nc.tmp input.nc.tmp
+ ncks -C -O -x -v TotalEmis_region_Asia input.nc.tmp input.nc.tmp
+ ncks -C -O -x -v TotalEmis_region_Australia input.nc.tmp input.nc.tmp
+ ncks -C -O -x -v TotalEmis_region_Europe input.nc.tmp input.nc.tmp
+ ncks -C -O -x -v TotalEmis_region_NorthAmerica input.nc.tmp input.nc.tmp
+ ncks -C -O -x -v TotalEmis_region_SouthAmerica input.nc.tmp input.nc.tmp
+ ncks -C -O -x -v quality_information input.nc.tmp input.nc.tmp
+ ncks -O -d lat,-89.5,89.5 input.nc.tmp input.nc.tmp2
++ date -d 20240817 +%Y-%m-%d
+ d=2024-08-17
+ dd='hours since 2024-08-17 12:00:00'
+ ncatted -O -a 'units,time,c,c,hours since 2024-08-17 12:00:00' input.nc.tmp2
+ ncatted -O -a long_name,time,c,c,Time input.nc.tmp2
+ ncatted -O -a calendar,time,c,c,gregorian input.nc.tmp2
+ ncatted -O -a axis,time,c,c,T input.nc.tmp2
+ ncatted -O -a long_name,lat,m,c,latitude input.nc.tmp2
+ ncatted -O -a long_name,lon,m,c,longitude input.nc.tmp2
+ ncatted -O -a axis,lon,d,, input.nc.tmp2
+ ncatted -O -a bounds,lon,d,, input.nc.tmp2
+ ncatted -O -a valid_range,lon,d,, input.nc.tmp2
+ ncatted -O -a scale_factor,lon,d,, input.nc.tmp2
+ ncatted -O -a add_offset,lon,d,, input.nc.tmp2
+ ncatted -O -a _FillValue,lon,d,, input.nc.tmp2
+ ncatted -O -a axis,lat,d,, input.nc.tmp2
+ ncatted -O -a bounds,lat,d,, input.nc.tmp2
+ ncatted -O -a valid_range,lat,d,, input.nc.tmp2
+ ncatted -O -a scale_factor,lat,d,, input.nc.tmp2
+ ncatted -O -a add_offset,lat,d,, input.nc.tmp2
+ ncatted -O -a _FillValue,lat,d,, input.nc.tmp2
+ ncatted -O -a coordinates,SO2,d,, input.nc.tmp2
+ ncatted -O -a coordinates,PM2.5,d,, input.nc.tmp2
+ ncatted -O -a coordinates,OC,d,, input.nc.tmp2
+ ncatted -O -a coordinates,BC,d,, input.nc.tmp2
+ ncatted -O -a coordinates,CO,d,, input.nc.tmp2
+ ncatted -O -a coordinates,NOx,d,, input.nc.tmp2
+ ncatted -O -a coordinates,NH3,d,, input.nc.tmp2
+ ncatted -O -a valid_range,SO2,d,, input.nc.tmp2
+ ncatted -O -a valid_range,PM2.5,d,, input.nc.tmp2
+ ncatted -O -a valid_range,OC,d,, input.nc.tmp2
+ ncatted -O -a valid_range,BC,d,, input.nc.tmp2
+ ncatted -O -a valid_range,CO,d,, input.nc.tmp2
+ ncatted -O -a valid_range,NOx,d,, input.nc.tmp2
+ ncatted -O -a valid_range,NH3,d,, input.nc.tmp2
+ ncatted -O -a add_offset,SO2,d,, input.nc.tmp2
+ ncatted -O -a add_offset,PM2.5,d,, input.nc.tmp2
+ ncatted -O -a add_offset,OC,d,, input.nc.tmp2
+ ncatted -O -a add_offset,BC,d,, input.nc.tmp2
+ ncatted -O -a add_offset,CO,d,, input.nc.tmp2
+ ncatted -O -a add_offset,NOx,d,, input.nc.tmp2
+ ncatted -O -a add_offset,NH3,d,, input.nc.tmp2
+ ncatted -O -a add_offset,MeanFRP,d,, input.nc.tmp2
+ ncatted -O -a valid_range,MeanFRP,d,, input.nc.tmp2
+ ncatted -O -a coordinates,MeanFRP,d,, input.nc.tmp2
+ nccopy -k 'netCDF-4 classic model' input.nc.tmp2 input.nc.tmp3
+ nccopy -d1 input.nc.tmp3 input.nc.tmp4
+ ERR=0
+ ECNT=0
+ '[' 0 -eq 0 ']'
+ /bin/mv input.nc.tmp4 /scratch1/BMC/gsd-fv3-dev/MAPP_2018/bhuang/JEDI-2020/JEDI-FV3/expCodes/PACEData/GBBEPx/Prep_GBBEPx_2024070100_2024093000/FixGBBEPx/GBBEPx_all01GRID.emissions_v004_20240817.nc
+ ERR=0
+ ECNT=0
+ '[' 0 -eq 0 ']'
+ echo 'Fix GBBEPx successflully at 20240817'
Fix GBBEPx successflully at 20240817
++ /scratch2/NCEPDEV/nwprod/NCEPLIBS/utils/prod_util.v1.1.0/exec/ndate 24 2024081700
+ IDATE=2024081800
+ '[' 2024081800 -le 2024093000 ']'
+ ECNT=0
+ /bin/rm -rf input.nc.tmp input.nc.tmp2 input.nc.tmp3 input.nc
+ IY=2024
+ IM=08
+ ID=18
+ IYMD=20240818
+ SRCFILE='/scratch1/BMC/gsd-fv3-dev/MAPP_2018/bhuang/JEDI-2020/JEDI-FV3/expCodes/PACEData/GBBEPx/Prep_GBBEPx_2024070100_2024093000/2024081800/*.nc'
+ OUTFILE=/scratch1/BMC/gsd-fv3-dev/MAPP_2018/bhuang/JEDI-2020/JEDI-FV3/expCodes/PACEData/GBBEPx/Prep_GBBEPx_2024070100_2024093000/FixGBBEPx/GBBEPx_all01GRID.emissions_v004_20240818.nc
++ wc -l
++ ls /scratch1/BMC/gsd-fv3-dev/MAPP_2018/bhuang/JEDI-2020/JEDI-FV3/expCodes/PACEData/GBBEPx/Prep_GBBEPx_2024070100_2024093000/2024081800/GBBEPx-all01GRID_v5r0_blend_s202408180000000_e202408182359590_c202408190129000.nc
+ NNC=1
+ '[' 1 -eq 1 ']'
++ ls /scratch1/BMC/gsd-fv3-dev/MAPP_2018/bhuang/JEDI-2020/JEDI-FV3/expCodes/PACEData/GBBEPx/Prep_GBBEPx_2024070100_2024093000/2024081800/GBBEPx-all01GRID_v5r0_blend_s202408180000000_e202408182359590_c202408190129000.nc
+ for FILE in $(ls ${SRCFILE})
+ /bin/cp /scratch1/BMC/gsd-fv3-dev/MAPP_2018/bhuang/JEDI-2020/JEDI-FV3/expCodes/PACEData/GBBEPx/Prep_GBBEPx_2024070100_2024093000/2024081800/GBBEPx-all01GRID_v5r0_blend_s202408180000000_e202408182359590_c202408190129000.nc input.nc
+ ERR=0
+ ECNT=0
+ /home/Bo.Huang/JEDI-2020/UFS-Aerosols_RETcyc/UFS-Aerosols-EP4_JEDI-AeroDA-Reanl/misc/PrepPACE/GBBEPx/fix_GBBEPx_Li.sh input.nc 20240818
+ '[' -z '' ']'
+ case "$-" in
+ __lmod_vx=x
+ '[' -n x ']'
+ set +x
Shell debugging temporarily silenced: export LMOD_SH_DBG_ON=1 for this output (/apps/lmod/lmod/init/bash)
Shell debugging restarted
+ unset __lmod_vx
+ input_file=input.nc
+ yyyymmdd=20240818
+ nccopy -k classic input.nc input.nc.tmp
+ ncks --mk_rec_dmn Time input.nc.tmp -O -o input.nc.tmp
+ ncatted -O -a units,Longitude,m,c,degrees_east input.nc.tmp
+ ncrename -v Time,time -d Time,time input.nc.tmp -O -o input.nc.tmp
+ ncrename -v Latitude,lat -d Latitude,lat input.nc.tmp -O -o input.nc.tmp
+ ncrename -v Longitude,lon -d Longitude,lon input.nc.tmp -O -o input.nc.tmp
+ ncap2 -O -s 'time[time]=0' input.nc.tmp -o input.nc.tmp
+ ncks -C -O -x -v Max_emission,Max_emission_col,Max_emission_row input.nc.tmp input.nc.tmp
+ ncks -C -O -x -v QCAll,CloudPerc,FirePerc,NumSensor input.nc.tmp input.nc.tmp
+ ncks -C -O -x -v TotalEmis_region_Africa input.nc.tmp input.nc.tmp
+ ncks -C -O -x -v TotalEmis_region_Asia input.nc.tmp input.nc.tmp
+ ncks -C -O -x -v TotalEmis_region_Australia input.nc.tmp input.nc.tmp
+ ncks -C -O -x -v TotalEmis_region_Europe input.nc.tmp input.nc.tmp
+ ncks -C -O -x -v TotalEmis_region_NorthAmerica input.nc.tmp input.nc.tmp
+ ncks -C -O -x -v TotalEmis_region_SouthAmerica input.nc.tmp input.nc.tmp
+ ncks -C -O -x -v quality_information input.nc.tmp input.nc.tmp
+ ncks -O -d lat,-89.5,89.5 input.nc.tmp input.nc.tmp2
++ date -d 20240818 +%Y-%m-%d
+ d=2024-08-18
+ dd='hours since 2024-08-18 12:00:00'
+ ncatted -O -a 'units,time,c,c,hours since 2024-08-18 12:00:00' input.nc.tmp2
+ ncatted -O -a long_name,time,c,c,Time input.nc.tmp2
+ ncatted -O -a calendar,time,c,c,gregorian input.nc.tmp2
+ ncatted -O -a axis,time,c,c,T input.nc.tmp2
+ ncatted -O -a long_name,lat,m,c,latitude input.nc.tmp2
+ ncatted -O -a long_name,lon,m,c,longitude input.nc.tmp2
+ ncatted -O -a axis,lon,d,, input.nc.tmp2
+ ncatted -O -a bounds,lon,d,, input.nc.tmp2
+ ncatted -O -a valid_range,lon,d,, input.nc.tmp2
+ ncatted -O -a scale_factor,lon,d,, input.nc.tmp2
+ ncatted -O -a add_offset,lon,d,, input.nc.tmp2
+ ncatted -O -a _FillValue,lon,d,, input.nc.tmp2
+ ncatted -O -a axis,lat,d,, input.nc.tmp2
+ ncatted -O -a bounds,lat,d,, input.nc.tmp2
+ ncatted -O -a valid_range,lat,d,, input.nc.tmp2
+ ncatted -O -a scale_factor,lat,d,, input.nc.tmp2
+ ncatted -O -a add_offset,lat,d,, input.nc.tmp2
+ ncatted -O -a _FillValue,lat,d,, input.nc.tmp2
+ ncatted -O -a coordinates,SO2,d,, input.nc.tmp2
+ ncatted -O -a coordinates,PM2.5,d,, input.nc.tmp2
+ ncatted -O -a coordinates,OC,d,, input.nc.tmp2
+ ncatted -O -a coordinates,BC,d,, input.nc.tmp2
+ ncatted -O -a coordinates,CO,d,, input.nc.tmp2
+ ncatted -O -a coordinates,NOx,d,, input.nc.tmp2
+ ncatted -O -a coordinates,NH3,d,, input.nc.tmp2
+ ncatted -O -a valid_range,SO2,d,, input.nc.tmp2
+ ncatted -O -a valid_range,PM2.5,d,, input.nc.tmp2
+ ncatted -O -a valid_range,OC,d,, input.nc.tmp2
+ ncatted -O -a valid_range,BC,d,, input.nc.tmp2
+ ncatted -O -a valid_range,CO,d,, input.nc.tmp2
+ ncatted -O -a valid_range,NOx,d,, input.nc.tmp2
+ ncatted -O -a valid_range,NH3,d,, input.nc.tmp2
+ ncatted -O -a add_offset,SO2,d,, input.nc.tmp2
+ ncatted -O -a add_offset,PM2.5,d,, input.nc.tmp2
+ ncatted -O -a add_offset,OC,d,, input.nc.tmp2
+ ncatted -O -a add_offset,BC,d,, input.nc.tmp2
+ ncatted -O -a add_offset,CO,d,, input.nc.tmp2
+ ncatted -O -a add_offset,NOx,d,, input.nc.tmp2
+ ncatted -O -a add_offset,NH3,d,, input.nc.tmp2
+ ncatted -O -a add_offset,MeanFRP,d,, input.nc.tmp2
+ ncatted -O -a valid_range,MeanFRP,d,, input.nc.tmp2
+ ncatted -O -a coordinates,MeanFRP,d,, input.nc.tmp2
+ nccopy -k 'netCDF-4 classic model' input.nc.tmp2 input.nc.tmp3
+ nccopy -d1 input.nc.tmp3 input.nc.tmp4
+ ERR=0
+ ECNT=0
+ '[' 0 -eq 0 ']'
+ /bin/mv input.nc.tmp4 /scratch1/BMC/gsd-fv3-dev/MAPP_2018/bhuang/JEDI-2020/JEDI-FV3/expCodes/PACEData/GBBEPx/Prep_GBBEPx_2024070100_2024093000/FixGBBEPx/GBBEPx_all01GRID.emissions_v004_20240818.nc
+ ERR=0
+ ECNT=0
+ '[' 0 -eq 0 ']'
+ echo 'Fix GBBEPx successflully at 20240818'
Fix GBBEPx successflully at 20240818
++ /scratch2/NCEPDEV/nwprod/NCEPLIBS/utils/prod_util.v1.1.0/exec/ndate 24 2024081800
+ IDATE=2024081900
+ '[' 2024081900 -le 2024093000 ']'
+ ECNT=0
+ /bin/rm -rf input.nc.tmp input.nc.tmp2 input.nc.tmp3 input.nc
+ IY=2024
+ IM=08
+ ID=19
+ IYMD=20240819
+ SRCFILE='/scratch1/BMC/gsd-fv3-dev/MAPP_2018/bhuang/JEDI-2020/JEDI-FV3/expCodes/PACEData/GBBEPx/Prep_GBBEPx_2024070100_2024093000/2024081900/*.nc'
+ OUTFILE=/scratch1/BMC/gsd-fv3-dev/MAPP_2018/bhuang/JEDI-2020/JEDI-FV3/expCodes/PACEData/GBBEPx/Prep_GBBEPx_2024070100_2024093000/FixGBBEPx/GBBEPx_all01GRID.emissions_v004_20240819.nc
++ wc -l
++ ls /scratch1/BMC/gsd-fv3-dev/MAPP_2018/bhuang/JEDI-2020/JEDI-FV3/expCodes/PACEData/GBBEPx/Prep_GBBEPx_2024070100_2024093000/2024081900/GBBEPx-all01GRID_v5r0_blend_s202408190000000_e202408192359590_c202408200348340.nc
+ NNC=1
+ '[' 1 -eq 1 ']'
++ ls /scratch1/BMC/gsd-fv3-dev/MAPP_2018/bhuang/JEDI-2020/JEDI-FV3/expCodes/PACEData/GBBEPx/Prep_GBBEPx_2024070100_2024093000/2024081900/GBBEPx-all01GRID_v5r0_blend_s202408190000000_e202408192359590_c202408200348340.nc
+ for FILE in $(ls ${SRCFILE})
+ /bin/cp /scratch1/BMC/gsd-fv3-dev/MAPP_2018/bhuang/JEDI-2020/JEDI-FV3/expCodes/PACEData/GBBEPx/Prep_GBBEPx_2024070100_2024093000/2024081900/GBBEPx-all01GRID_v5r0_blend_s202408190000000_e202408192359590_c202408200348340.nc input.nc
+ ERR=0
+ ECNT=0
+ /home/Bo.Huang/JEDI-2020/UFS-Aerosols_RETcyc/UFS-Aerosols-EP4_JEDI-AeroDA-Reanl/misc/PrepPACE/GBBEPx/fix_GBBEPx_Li.sh input.nc 20240819
+ '[' -z '' ']'
+ case "$-" in
+ __lmod_vx=x
+ '[' -n x ']'
+ set +x
Shell debugging temporarily silenced: export LMOD_SH_DBG_ON=1 for this output (/apps/lmod/lmod/init/bash)
Shell debugging restarted
+ unset __lmod_vx
+ input_file=input.nc
+ yyyymmdd=20240819
+ nccopy -k classic input.nc input.nc.tmp
+ ncks --mk_rec_dmn Time input.nc.tmp -O -o input.nc.tmp
+ ncatted -O -a units,Longitude,m,c,degrees_east input.nc.tmp
+ ncrename -v Time,time -d Time,time input.nc.tmp -O -o input.nc.tmp
+ ncrename -v Latitude,lat -d Latitude,lat input.nc.tmp -O -o input.nc.tmp
+ ncrename -v Longitude,lon -d Longitude,lon input.nc.tmp -O -o input.nc.tmp
+ ncap2 -O -s 'time[time]=0' input.nc.tmp -o input.nc.tmp
+ ncks -C -O -x -v Max_emission,Max_emission_col,Max_emission_row input.nc.tmp input.nc.tmp
+ ncks -C -O -x -v QCAll,CloudPerc,FirePerc,NumSensor input.nc.tmp input.nc.tmp
+ ncks -C -O -x -v TotalEmis_region_Africa input.nc.tmp input.nc.tmp
+ ncks -C -O -x -v TotalEmis_region_Asia input.nc.tmp input.nc.tmp
+ ncks -C -O -x -v TotalEmis_region_Australia input.nc.tmp input.nc.tmp
+ ncks -C -O -x -v TotalEmis_region_Europe input.nc.tmp input.nc.tmp
+ ncks -C -O -x -v TotalEmis_region_NorthAmerica input.nc.tmp input.nc.tmp
+ ncks -C -O -x -v TotalEmis_region_SouthAmerica input.nc.tmp input.nc.tmp
+ ncks -C -O -x -v quality_information input.nc.tmp input.nc.tmp
+ ncks -O -d lat,-89.5,89.5 input.nc.tmp input.nc.tmp2
++ date -d 20240819 +%Y-%m-%d
+ d=2024-08-19
+ dd='hours since 2024-08-19 12:00:00'
+ ncatted -O -a 'units,time,c,c,hours since 2024-08-19 12:00:00' input.nc.tmp2
+ ncatted -O -a long_name,time,c,c,Time input.nc.tmp2
+ ncatted -O -a calendar,time,c,c,gregorian input.nc.tmp2
+ ncatted -O -a axis,time,c,c,T input.nc.tmp2
+ ncatted -O -a long_name,lat,m,c,latitude input.nc.tmp2
+ ncatted -O -a long_name,lon,m,c,longitude input.nc.tmp2
+ ncatted -O -a axis,lon,d,, input.nc.tmp2
+ ncatted -O -a bounds,lon,d,, input.nc.tmp2
+ ncatted -O -a valid_range,lon,d,, input.nc.tmp2
+ ncatted -O -a scale_factor,lon,d,, input.nc.tmp2
+ ncatted -O -a add_offset,lon,d,, input.nc.tmp2
+ ncatted -O -a _FillValue,lon,d,, input.nc.tmp2
+ ncatted -O -a axis,lat,d,, input.nc.tmp2
+ ncatted -O -a bounds,lat,d,, input.nc.tmp2
+ ncatted -O -a valid_range,lat,d,, input.nc.tmp2
+ ncatted -O -a scale_factor,lat,d,, input.nc.tmp2
+ ncatted -O -a add_offset,lat,d,, input.nc.tmp2
+ ncatted -O -a _FillValue,lat,d,, input.nc.tmp2
+ ncatted -O -a coordinates,SO2,d,, input.nc.tmp2
+ ncatted -O -a coordinates,PM2.5,d,, input.nc.tmp2
+ ncatted -O -a coordinates,OC,d,, input.nc.tmp2
+ ncatted -O -a coordinates,BC,d,, input.nc.tmp2
+ ncatted -O -a coordinates,CO,d,, input.nc.tmp2
+ ncatted -O -a coordinates,NOx,d,, input.nc.tmp2
+ ncatted -O -a coordinates,NH3,d,, input.nc.tmp2
+ ncatted -O -a valid_range,SO2,d,, input.nc.tmp2
+ ncatted -O -a valid_range,PM2.5,d,, input.nc.tmp2
+ ncatted -O -a valid_range,OC,d,, input.nc.tmp2
+ ncatted -O -a valid_range,BC,d,, input.nc.tmp2
+ ncatted -O -a valid_range,CO,d,, input.nc.tmp2
+ ncatted -O -a valid_range,NOx,d,, input.nc.tmp2
+ ncatted -O -a valid_range,NH3,d,, input.nc.tmp2
+ ncatted -O -a add_offset,SO2,d,, input.nc.tmp2
+ ncatted -O -a add_offset,PM2.5,d,, input.nc.tmp2
+ ncatted -O -a add_offset,OC,d,, input.nc.tmp2
+ ncatted -O -a add_offset,BC,d,, input.nc.tmp2
+ ncatted -O -a add_offset,CO,d,, input.nc.tmp2
+ ncatted -O -a add_offset,NOx,d,, input.nc.tmp2
+ ncatted -O -a add_offset,NH3,d,, input.nc.tmp2
+ ncatted -O -a add_offset,MeanFRP,d,, input.nc.tmp2
+ ncatted -O -a valid_range,MeanFRP,d,, input.nc.tmp2
+ ncatted -O -a coordinates,MeanFRP,d,, input.nc.tmp2
+ nccopy -k 'netCDF-4 classic model' input.nc.tmp2 input.nc.tmp3
+ nccopy -d1 input.nc.tmp3 input.nc.tmp4
+ ERR=0
+ ECNT=0
+ '[' 0 -eq 0 ']'
+ /bin/mv input.nc.tmp4 /scratch1/BMC/gsd-fv3-dev/MAPP_2018/bhuang/JEDI-2020/JEDI-FV3/expCodes/PACEData/GBBEPx/Prep_GBBEPx_2024070100_2024093000/FixGBBEPx/GBBEPx_all01GRID.emissions_v004_20240819.nc
+ ERR=0
+ ECNT=0
+ '[' 0 -eq 0 ']'
+ echo 'Fix GBBEPx successflully at 20240819'
Fix GBBEPx successflully at 20240819
++ /scratch2/NCEPDEV/nwprod/NCEPLIBS/utils/prod_util.v1.1.0/exec/ndate 24 2024081900
+ IDATE=2024082000
+ '[' 2024082000 -le 2024093000 ']'
+ ECNT=0
+ /bin/rm -rf input.nc.tmp input.nc.tmp2 input.nc.tmp3 input.nc
+ IY=2024
+ IM=08
+ ID=20
+ IYMD=20240820
+ SRCFILE='/scratch1/BMC/gsd-fv3-dev/MAPP_2018/bhuang/JEDI-2020/JEDI-FV3/expCodes/PACEData/GBBEPx/Prep_GBBEPx_2024070100_2024093000/2024082000/*.nc'
+ OUTFILE=/scratch1/BMC/gsd-fv3-dev/MAPP_2018/bhuang/JEDI-2020/JEDI-FV3/expCodes/PACEData/GBBEPx/Prep_GBBEPx_2024070100_2024093000/FixGBBEPx/GBBEPx_all01GRID.emissions_v004_20240820.nc
++ wc -l
++ ls /scratch1/BMC/gsd-fv3-dev/MAPP_2018/bhuang/JEDI-2020/JEDI-FV3/expCodes/PACEData/GBBEPx/Prep_GBBEPx_2024070100_2024093000/2024082000/GBBEPx-all01GRID_v5r0_blend_s202408200000000_e202408202359590_c202408210146520.nc
+ NNC=1
+ '[' 1 -eq 1 ']'
++ ls /scratch1/BMC/gsd-fv3-dev/MAPP_2018/bhuang/JEDI-2020/JEDI-FV3/expCodes/PACEData/GBBEPx/Prep_GBBEPx_2024070100_2024093000/2024082000/GBBEPx-all01GRID_v5r0_blend_s202408200000000_e202408202359590_c202408210146520.nc
+ for FILE in $(ls ${SRCFILE})
+ /bin/cp /scratch1/BMC/gsd-fv3-dev/MAPP_2018/bhuang/JEDI-2020/JEDI-FV3/expCodes/PACEData/GBBEPx/Prep_GBBEPx_2024070100_2024093000/2024082000/GBBEPx-all01GRID_v5r0_blend_s202408200000000_e202408202359590_c202408210146520.nc input.nc
+ ERR=0
+ ECNT=0
+ /home/Bo.Huang/JEDI-2020/UFS-Aerosols_RETcyc/UFS-Aerosols-EP4_JEDI-AeroDA-Reanl/misc/PrepPACE/GBBEPx/fix_GBBEPx_Li.sh input.nc 20240820
+ '[' -z '' ']'
+ case "$-" in
+ __lmod_vx=x
+ '[' -n x ']'
+ set +x
Shell debugging temporarily silenced: export LMOD_SH_DBG_ON=1 for this output (/apps/lmod/lmod/init/bash)
Shell debugging restarted
+ unset __lmod_vx
+ input_file=input.nc
+ yyyymmdd=20240820
+ nccopy -k classic input.nc input.nc.tmp
+ ncks --mk_rec_dmn Time input.nc.tmp -O -o input.nc.tmp
+ ncatted -O -a units,Longitude,m,c,degrees_east input.nc.tmp
+ ncrename -v Time,time -d Time,time input.nc.tmp -O -o input.nc.tmp
+ ncrename -v Latitude,lat -d Latitude,lat input.nc.tmp -O -o input.nc.tmp
+ ncrename -v Longitude,lon -d Longitude,lon input.nc.tmp -O -o input.nc.tmp
+ ncap2 -O -s 'time[time]=0' input.nc.tmp -o input.nc.tmp
+ ncks -C -O -x -v Max_emission,Max_emission_col,Max_emission_row input.nc.tmp input.nc.tmp
+ ncks -C -O -x -v QCAll,CloudPerc,FirePerc,NumSensor input.nc.tmp input.nc.tmp
+ ncks -C -O -x -v TotalEmis_region_Africa input.nc.tmp input.nc.tmp
+ ncks -C -O -x -v TotalEmis_region_Asia input.nc.tmp input.nc.tmp
+ ncks -C -O -x -v TotalEmis_region_Australia input.nc.tmp input.nc.tmp
+ ncks -C -O -x -v TotalEmis_region_Europe input.nc.tmp input.nc.tmp
+ ncks -C -O -x -v TotalEmis_region_NorthAmerica input.nc.tmp input.nc.tmp
+ ncks -C -O -x -v TotalEmis_region_SouthAmerica input.nc.tmp input.nc.tmp
+ ncks -C -O -x -v quality_information input.nc.tmp input.nc.tmp
+ ncks -O -d lat,-89.5,89.5 input.nc.tmp input.nc.tmp2
++ date -d 20240820 +%Y-%m-%d
+ d=2024-08-20
+ dd='hours since 2024-08-20 12:00:00'
+ ncatted -O -a 'units,time,c,c,hours since 2024-08-20 12:00:00' input.nc.tmp2
+ ncatted -O -a long_name,time,c,c,Time input.nc.tmp2
+ ncatted -O -a calendar,time,c,c,gregorian input.nc.tmp2
+ ncatted -O -a axis,time,c,c,T input.nc.tmp2
+ ncatted -O -a long_name,lat,m,c,latitude input.nc.tmp2
+ ncatted -O -a long_name,lon,m,c,longitude input.nc.tmp2
+ ncatted -O -a axis,lon,d,, input.nc.tmp2
+ ncatted -O -a bounds,lon,d,, input.nc.tmp2
+ ncatted -O -a valid_range,lon,d,, input.nc.tmp2
+ ncatted -O -a scale_factor,lon,d,, input.nc.tmp2
+ ncatted -O -a add_offset,lon,d,, input.nc.tmp2
+ ncatted -O -a _FillValue,lon,d,, input.nc.tmp2
+ ncatted -O -a axis,lat,d,, input.nc.tmp2
+ ncatted -O -a bounds,lat,d,, input.nc.tmp2
+ ncatted -O -a valid_range,lat,d,, input.nc.tmp2
+ ncatted -O -a scale_factor,lat,d,, input.nc.tmp2
+ ncatted -O -a add_offset,lat,d,, input.nc.tmp2
+ ncatted -O -a _FillValue,lat,d,, input.nc.tmp2
+ ncatted -O -a coordinates,SO2,d,, input.nc.tmp2
+ ncatted -O -a coordinates,PM2.5,d,, input.nc.tmp2
+ ncatted -O -a coordinates,OC,d,, input.nc.tmp2
+ ncatted -O -a coordinates,BC,d,, input.nc.tmp2
+ ncatted -O -a coordinates,CO,d,, input.nc.tmp2
+ ncatted -O -a coordinates,NOx,d,, input.nc.tmp2
+ ncatted -O -a coordinates,NH3,d,, input.nc.tmp2
+ ncatted -O -a valid_range,SO2,d,, input.nc.tmp2
+ ncatted -O -a valid_range,PM2.5,d,, input.nc.tmp2
+ ncatted -O -a valid_range,OC,d,, input.nc.tmp2
+ ncatted -O -a valid_range,BC,d,, input.nc.tmp2
+ ncatted -O -a valid_range,CO,d,, input.nc.tmp2
+ ncatted -O -a valid_range,NOx,d,, input.nc.tmp2
+ ncatted -O -a valid_range,NH3,d,, input.nc.tmp2
+ ncatted -O -a add_offset,SO2,d,, input.nc.tmp2
+ ncatted -O -a add_offset,PM2.5,d,, input.nc.tmp2
+ ncatted -O -a add_offset,OC,d,, input.nc.tmp2
+ ncatted -O -a add_offset,BC,d,, input.nc.tmp2
+ ncatted -O -a add_offset,CO,d,, input.nc.tmp2
+ ncatted -O -a add_offset,NOx,d,, input.nc.tmp2
+ ncatted -O -a add_offset,NH3,d,, input.nc.tmp2
+ ncatted -O -a add_offset,MeanFRP,d,, input.nc.tmp2
+ ncatted -O -a valid_range,MeanFRP,d,, input.nc.tmp2
+ ncatted -O -a coordinates,MeanFRP,d,, input.nc.tmp2
+ nccopy -k 'netCDF-4 classic model' input.nc.tmp2 input.nc.tmp3
+ nccopy -d1 input.nc.tmp3 input.nc.tmp4
+ ERR=0
+ ECNT=0
+ '[' 0 -eq 0 ']'
+ /bin/mv input.nc.tmp4 /scratch1/BMC/gsd-fv3-dev/MAPP_2018/bhuang/JEDI-2020/JEDI-FV3/expCodes/PACEData/GBBEPx/Prep_GBBEPx_2024070100_2024093000/FixGBBEPx/GBBEPx_all01GRID.emissions_v004_20240820.nc
+ ERR=0
+ ECNT=0
+ '[' 0 -eq 0 ']'
+ echo 'Fix GBBEPx successflully at 20240820'
Fix GBBEPx successflully at 20240820
++ /scratch2/NCEPDEV/nwprod/NCEPLIBS/utils/prod_util.v1.1.0/exec/ndate 24 2024082000
+ IDATE=2024082100
+ '[' 2024082100 -le 2024093000 ']'
+ ECNT=0
+ /bin/rm -rf input.nc.tmp input.nc.tmp2 input.nc.tmp3 input.nc
+ IY=2024
+ IM=08
+ ID=21
+ IYMD=20240821
+ SRCFILE='/scratch1/BMC/gsd-fv3-dev/MAPP_2018/bhuang/JEDI-2020/JEDI-FV3/expCodes/PACEData/GBBEPx/Prep_GBBEPx_2024070100_2024093000/2024082100/*.nc'
+ OUTFILE=/scratch1/BMC/gsd-fv3-dev/MAPP_2018/bhuang/JEDI-2020/JEDI-FV3/expCodes/PACEData/GBBEPx/Prep_GBBEPx_2024070100_2024093000/FixGBBEPx/GBBEPx_all01GRID.emissions_v004_20240821.nc
++ wc -l
++ ls /scratch1/BMC/gsd-fv3-dev/MAPP_2018/bhuang/JEDI-2020/JEDI-FV3/expCodes/PACEData/GBBEPx/Prep_GBBEPx_2024070100_2024093000/2024082100/GBBEPx-all01GRID_v5r0_blend_s202408210000000_e202408212359590_c202408220136310.nc
+ NNC=1
+ '[' 1 -eq 1 ']'
++ ls /scratch1/BMC/gsd-fv3-dev/MAPP_2018/bhuang/JEDI-2020/JEDI-FV3/expCodes/PACEData/GBBEPx/Prep_GBBEPx_2024070100_2024093000/2024082100/GBBEPx-all01GRID_v5r0_blend_s202408210000000_e202408212359590_c202408220136310.nc
+ for FILE in $(ls ${SRCFILE})
+ /bin/cp /scratch1/BMC/gsd-fv3-dev/MAPP_2018/bhuang/JEDI-2020/JEDI-FV3/expCodes/PACEData/GBBEPx/Prep_GBBEPx_2024070100_2024093000/2024082100/GBBEPx-all01GRID_v5r0_blend_s202408210000000_e202408212359590_c202408220136310.nc input.nc
+ ERR=0
+ ECNT=0
+ /home/Bo.Huang/JEDI-2020/UFS-Aerosols_RETcyc/UFS-Aerosols-EP4_JEDI-AeroDA-Reanl/misc/PrepPACE/GBBEPx/fix_GBBEPx_Li.sh input.nc 20240821
+ '[' -z '' ']'
+ case "$-" in
+ __lmod_vx=x
+ '[' -n x ']'
+ set +x
Shell debugging temporarily silenced: export LMOD_SH_DBG_ON=1 for this output (/apps/lmod/lmod/init/bash)
Shell debugging restarted
+ unset __lmod_vx
+ input_file=input.nc
+ yyyymmdd=20240821
+ nccopy -k classic input.nc input.nc.tmp
+ ncks --mk_rec_dmn Time input.nc.tmp -O -o input.nc.tmp
+ ncatted -O -a units,Longitude,m,c,degrees_east input.nc.tmp
+ ncrename -v Time,time -d Time,time input.nc.tmp -O -o input.nc.tmp
+ ncrename -v Latitude,lat -d Latitude,lat input.nc.tmp -O -o input.nc.tmp
+ ncrename -v Longitude,lon -d Longitude,lon input.nc.tmp -O -o input.nc.tmp
+ ncap2 -O -s 'time[time]=0' input.nc.tmp -o input.nc.tmp
+ ncks -C -O -x -v Max_emission,Max_emission_col,Max_emission_row input.nc.tmp input.nc.tmp
+ ncks -C -O -x -v QCAll,CloudPerc,FirePerc,NumSensor input.nc.tmp input.nc.tmp
+ ncks -C -O -x -v TotalEmis_region_Africa input.nc.tmp input.nc.tmp
+ ncks -C -O -x -v TotalEmis_region_Asia input.nc.tmp input.nc.tmp
+ ncks -C -O -x -v TotalEmis_region_Australia input.nc.tmp input.nc.tmp
+ ncks -C -O -x -v TotalEmis_region_Europe input.nc.tmp input.nc.tmp
+ ncks -C -O -x -v TotalEmis_region_NorthAmerica input.nc.tmp input.nc.tmp
+ ncks -C -O -x -v TotalEmis_region_SouthAmerica input.nc.tmp input.nc.tmp
+ ncks -C -O -x -v quality_information input.nc.tmp input.nc.tmp
+ ncks -O -d lat,-89.5,89.5 input.nc.tmp input.nc.tmp2
++ date -d 20240821 +%Y-%m-%d
+ d=2024-08-21
+ dd='hours since 2024-08-21 12:00:00'
+ ncatted -O -a 'units,time,c,c,hours since 2024-08-21 12:00:00' input.nc.tmp2
+ ncatted -O -a long_name,time,c,c,Time input.nc.tmp2
+ ncatted -O -a calendar,time,c,c,gregorian input.nc.tmp2
+ ncatted -O -a axis,time,c,c,T input.nc.tmp2
+ ncatted -O -a long_name,lat,m,c,latitude input.nc.tmp2
+ ncatted -O -a long_name,lon,m,c,longitude input.nc.tmp2
+ ncatted -O -a axis,lon,d,, input.nc.tmp2
+ ncatted -O -a bounds,lon,d,, input.nc.tmp2
+ ncatted -O -a valid_range,lon,d,, input.nc.tmp2
+ ncatted -O -a scale_factor,lon,d,, input.nc.tmp2
+ ncatted -O -a add_offset,lon,d,, input.nc.tmp2
+ ncatted -O -a _FillValue,lon,d,, input.nc.tmp2
+ ncatted -O -a axis,lat,d,, input.nc.tmp2
+ ncatted -O -a bounds,lat,d,, input.nc.tmp2
+ ncatted -O -a valid_range,lat,d,, input.nc.tmp2
+ ncatted -O -a scale_factor,lat,d,, input.nc.tmp2
+ ncatted -O -a add_offset,lat,d,, input.nc.tmp2
+ ncatted -O -a _FillValue,lat,d,, input.nc.tmp2
+ ncatted -O -a coordinates,SO2,d,, input.nc.tmp2
+ ncatted -O -a coordinates,PM2.5,d,, input.nc.tmp2
+ ncatted -O -a coordinates,OC,d,, input.nc.tmp2
+ ncatted -O -a coordinates,BC,d,, input.nc.tmp2
+ ncatted -O -a coordinates,CO,d,, input.nc.tmp2
+ ncatted -O -a coordinates,NOx,d,, input.nc.tmp2
+ ncatted -O -a coordinates,NH3,d,, input.nc.tmp2
+ ncatted -O -a valid_range,SO2,d,, input.nc.tmp2
+ ncatted -O -a valid_range,PM2.5,d,, input.nc.tmp2
+ ncatted -O -a valid_range,OC,d,, input.nc.tmp2
+ ncatted -O -a valid_range,BC,d,, input.nc.tmp2
+ ncatted -O -a valid_range,CO,d,, input.nc.tmp2
+ ncatted -O -a valid_range,NOx,d,, input.nc.tmp2
+ ncatted -O -a valid_range,NH3,d,, input.nc.tmp2
+ ncatted -O -a add_offset,SO2,d,, input.nc.tmp2
+ ncatted -O -a add_offset,PM2.5,d,, input.nc.tmp2
+ ncatted -O -a add_offset,OC,d,, input.nc.tmp2
+ ncatted -O -a add_offset,BC,d,, input.nc.tmp2
+ ncatted -O -a add_offset,CO,d,, input.nc.tmp2
+ ncatted -O -a add_offset,NOx,d,, input.nc.tmp2
+ ncatted -O -a add_offset,NH3,d,, input.nc.tmp2
+ ncatted -O -a add_offset,MeanFRP,d,, input.nc.tmp2
+ ncatted -O -a valid_range,MeanFRP,d,, input.nc.tmp2
+ ncatted -O -a coordinates,MeanFRP,d,, input.nc.tmp2
+ nccopy -k 'netCDF-4 classic model' input.nc.tmp2 input.nc.tmp3
+ nccopy -d1 input.nc.tmp3 input.nc.tmp4
+ ERR=0
+ ECNT=0
+ '[' 0 -eq 0 ']'
+ /bin/mv input.nc.tmp4 /scratch1/BMC/gsd-fv3-dev/MAPP_2018/bhuang/JEDI-2020/JEDI-FV3/expCodes/PACEData/GBBEPx/Prep_GBBEPx_2024070100_2024093000/FixGBBEPx/GBBEPx_all01GRID.emissions_v004_20240821.nc
+ ERR=0
+ ECNT=0
+ '[' 0 -eq 0 ']'
+ echo 'Fix GBBEPx successflully at 20240821'
Fix GBBEPx successflully at 20240821
++ /scratch2/NCEPDEV/nwprod/NCEPLIBS/utils/prod_util.v1.1.0/exec/ndate 24 2024082100
+ IDATE=2024082200
+ '[' 2024082200 -le 2024093000 ']'
+ ECNT=0
+ /bin/rm -rf input.nc.tmp input.nc.tmp2 input.nc.tmp3 input.nc
+ IY=2024
+ IM=08
+ ID=22
+ IYMD=20240822
+ SRCFILE='/scratch1/BMC/gsd-fv3-dev/MAPP_2018/bhuang/JEDI-2020/JEDI-FV3/expCodes/PACEData/GBBEPx/Prep_GBBEPx_2024070100_2024093000/2024082200/*.nc'
+ OUTFILE=/scratch1/BMC/gsd-fv3-dev/MAPP_2018/bhuang/JEDI-2020/JEDI-FV3/expCodes/PACEData/GBBEPx/Prep_GBBEPx_2024070100_2024093000/FixGBBEPx/GBBEPx_all01GRID.emissions_v004_20240822.nc
++ wc -l
++ ls /scratch1/BMC/gsd-fv3-dev/MAPP_2018/bhuang/JEDI-2020/JEDI-FV3/expCodes/PACEData/GBBEPx/Prep_GBBEPx_2024070100_2024093000/2024082200/GBBEPx-all01GRID_v5r0_blend_s202408220000000_e202408222359590_c202408230113480.nc
+ NNC=1
+ '[' 1 -eq 1 ']'
++ ls /scratch1/BMC/gsd-fv3-dev/MAPP_2018/bhuang/JEDI-2020/JEDI-FV3/expCodes/PACEData/GBBEPx/Prep_GBBEPx_2024070100_2024093000/2024082200/GBBEPx-all01GRID_v5r0_blend_s202408220000000_e202408222359590_c202408230113480.nc
+ for FILE in $(ls ${SRCFILE})
+ /bin/cp /scratch1/BMC/gsd-fv3-dev/MAPP_2018/bhuang/JEDI-2020/JEDI-FV3/expCodes/PACEData/GBBEPx/Prep_GBBEPx_2024070100_2024093000/2024082200/GBBEPx-all01GRID_v5r0_blend_s202408220000000_e202408222359590_c202408230113480.nc input.nc
+ ERR=0
+ ECNT=0
+ /home/Bo.Huang/JEDI-2020/UFS-Aerosols_RETcyc/UFS-Aerosols-EP4_JEDI-AeroDA-Reanl/misc/PrepPACE/GBBEPx/fix_GBBEPx_Li.sh input.nc 20240822
+ '[' -z '' ']'
+ case "$-" in
+ __lmod_vx=x
+ '[' -n x ']'
+ set +x
Shell debugging temporarily silenced: export LMOD_SH_DBG_ON=1 for this output (/apps/lmod/lmod/init/bash)
Shell debugging restarted
+ unset __lmod_vx
+ input_file=input.nc
+ yyyymmdd=20240822
+ nccopy -k classic input.nc input.nc.tmp
+ ncks --mk_rec_dmn Time input.nc.tmp -O -o input.nc.tmp
+ ncatted -O -a units,Longitude,m,c,degrees_east input.nc.tmp
+ ncrename -v Time,time -d Time,time input.nc.tmp -O -o input.nc.tmp
+ ncrename -v Latitude,lat -d Latitude,lat input.nc.tmp -O -o input.nc.tmp
+ ncrename -v Longitude,lon -d Longitude,lon input.nc.tmp -O -o input.nc.tmp
+ ncap2 -O -s 'time[time]=0' input.nc.tmp -o input.nc.tmp
+ ncks -C -O -x -v Max_emission,Max_emission_col,Max_emission_row input.nc.tmp input.nc.tmp
+ ncks -C -O -x -v QCAll,CloudPerc,FirePerc,NumSensor input.nc.tmp input.nc.tmp
+ ncks -C -O -x -v TotalEmis_region_Africa input.nc.tmp input.nc.tmp
+ ncks -C -O -x -v TotalEmis_region_Asia input.nc.tmp input.nc.tmp
+ ncks -C -O -x -v TotalEmis_region_Australia input.nc.tmp input.nc.tmp
+ ncks -C -O -x -v TotalEmis_region_Europe input.nc.tmp input.nc.tmp
+ ncks -C -O -x -v TotalEmis_region_NorthAmerica input.nc.tmp input.nc.tmp
+ ncks -C -O -x -v TotalEmis_region_SouthAmerica input.nc.tmp input.nc.tmp
+ ncks -C -O -x -v quality_information input.nc.tmp input.nc.tmp
+ ncks -O -d lat,-89.5,89.5 input.nc.tmp input.nc.tmp2
++ date -d 20240822 +%Y-%m-%d
+ d=2024-08-22
+ dd='hours since 2024-08-22 12:00:00'
+ ncatted -O -a 'units,time,c,c,hours since 2024-08-22 12:00:00' input.nc.tmp2
+ ncatted -O -a long_name,time,c,c,Time input.nc.tmp2
+ ncatted -O -a calendar,time,c,c,gregorian input.nc.tmp2
+ ncatted -O -a axis,time,c,c,T input.nc.tmp2
+ ncatted -O -a long_name,lat,m,c,latitude input.nc.tmp2
+ ncatted -O -a long_name,lon,m,c,longitude input.nc.tmp2
+ ncatted -O -a axis,lon,d,, input.nc.tmp2
+ ncatted -O -a bounds,lon,d,, input.nc.tmp2
+ ncatted -O -a valid_range,lon,d,, input.nc.tmp2
+ ncatted -O -a scale_factor,lon,d,, input.nc.tmp2
+ ncatted -O -a add_offset,lon,d,, input.nc.tmp2
+ ncatted -O -a _FillValue,lon,d,, input.nc.tmp2
+ ncatted -O -a axis,lat,d,, input.nc.tmp2
+ ncatted -O -a bounds,lat,d,, input.nc.tmp2
+ ncatted -O -a valid_range,lat,d,, input.nc.tmp2
+ ncatted -O -a scale_factor,lat,d,, input.nc.tmp2
+ ncatted -O -a add_offset,lat,d,, input.nc.tmp2
+ ncatted -O -a _FillValue,lat,d,, input.nc.tmp2
+ ncatted -O -a coordinates,SO2,d,, input.nc.tmp2
+ ncatted -O -a coordinates,PM2.5,d,, input.nc.tmp2
+ ncatted -O -a coordinates,OC,d,, input.nc.tmp2
+ ncatted -O -a coordinates,BC,d,, input.nc.tmp2
+ ncatted -O -a coordinates,CO,d,, input.nc.tmp2
+ ncatted -O -a coordinates,NOx,d,, input.nc.tmp2
+ ncatted -O -a coordinates,NH3,d,, input.nc.tmp2
+ ncatted -O -a valid_range,SO2,d,, input.nc.tmp2
+ ncatted -O -a valid_range,PM2.5,d,, input.nc.tmp2
+ ncatted -O -a valid_range,OC,d,, input.nc.tmp2
+ ncatted -O -a valid_range,BC,d,, input.nc.tmp2
+ ncatted -O -a valid_range,CO,d,, input.nc.tmp2
+ ncatted -O -a valid_range,NOx,d,, input.nc.tmp2
+ ncatted -O -a valid_range,NH3,d,, input.nc.tmp2
+ ncatted -O -a add_offset,SO2,d,, input.nc.tmp2
+ ncatted -O -a add_offset,PM2.5,d,, input.nc.tmp2
+ ncatted -O -a add_offset,OC,d,, input.nc.tmp2
+ ncatted -O -a add_offset,BC,d,, input.nc.tmp2
+ ncatted -O -a add_offset,CO,d,, input.nc.tmp2
+ ncatted -O -a add_offset,NOx,d,, input.nc.tmp2
+ ncatted -O -a add_offset,NH3,d,, input.nc.tmp2
+ ncatted -O -a add_offset,MeanFRP,d,, input.nc.tmp2
+ ncatted -O -a valid_range,MeanFRP,d,, input.nc.tmp2
+ ncatted -O -a coordinates,MeanFRP,d,, input.nc.tmp2
+ nccopy -k 'netCDF-4 classic model' input.nc.tmp2 input.nc.tmp3
+ nccopy -d1 input.nc.tmp3 input.nc.tmp4
+ ERR=0
+ ECNT=0
+ '[' 0 -eq 0 ']'
+ /bin/mv input.nc.tmp4 /scratch1/BMC/gsd-fv3-dev/MAPP_2018/bhuang/JEDI-2020/JEDI-FV3/expCodes/PACEData/GBBEPx/Prep_GBBEPx_2024070100_2024093000/FixGBBEPx/GBBEPx_all01GRID.emissions_v004_20240822.nc
+ ERR=0
+ ECNT=0
+ '[' 0 -eq 0 ']'
+ echo 'Fix GBBEPx successflully at 20240822'
Fix GBBEPx successflully at 20240822
++ /scratch2/NCEPDEV/nwprod/NCEPLIBS/utils/prod_util.v1.1.0/exec/ndate 24 2024082200
+ IDATE=2024082300
+ '[' 2024082300 -le 2024093000 ']'
+ ECNT=0
+ /bin/rm -rf input.nc.tmp input.nc.tmp2 input.nc.tmp3 input.nc
+ IY=2024
+ IM=08
+ ID=23
+ IYMD=20240823
+ SRCFILE='/scratch1/BMC/gsd-fv3-dev/MAPP_2018/bhuang/JEDI-2020/JEDI-FV3/expCodes/PACEData/GBBEPx/Prep_GBBEPx_2024070100_2024093000/2024082300/*.nc'
+ OUTFILE=/scratch1/BMC/gsd-fv3-dev/MAPP_2018/bhuang/JEDI-2020/JEDI-FV3/expCodes/PACEData/GBBEPx/Prep_GBBEPx_2024070100_2024093000/FixGBBEPx/GBBEPx_all01GRID.emissions_v004_20240823.nc
++ wc -l
++ ls /scratch1/BMC/gsd-fv3-dev/MAPP_2018/bhuang/JEDI-2020/JEDI-FV3/expCodes/PACEData/GBBEPx/Prep_GBBEPx_2024070100_2024093000/2024082300/GBBEPx-all01GRID_v5r0_blend_s202408230000000_e202408232359590_c202408240132120.nc
+ NNC=1
+ '[' 1 -eq 1 ']'
++ ls /scratch1/BMC/gsd-fv3-dev/MAPP_2018/bhuang/JEDI-2020/JEDI-FV3/expCodes/PACEData/GBBEPx/Prep_GBBEPx_2024070100_2024093000/2024082300/GBBEPx-all01GRID_v5r0_blend_s202408230000000_e202408232359590_c202408240132120.nc
+ for FILE in $(ls ${SRCFILE})
+ /bin/cp /scratch1/BMC/gsd-fv3-dev/MAPP_2018/bhuang/JEDI-2020/JEDI-FV3/expCodes/PACEData/GBBEPx/Prep_GBBEPx_2024070100_2024093000/2024082300/GBBEPx-all01GRID_v5r0_blend_s202408230000000_e202408232359590_c202408240132120.nc input.nc
+ ERR=0
+ ECNT=0
+ /home/Bo.Huang/JEDI-2020/UFS-Aerosols_RETcyc/UFS-Aerosols-EP4_JEDI-AeroDA-Reanl/misc/PrepPACE/GBBEPx/fix_GBBEPx_Li.sh input.nc 20240823
+ '[' -z '' ']'
+ case "$-" in
+ __lmod_vx=x
+ '[' -n x ']'
+ set +x
Shell debugging temporarily silenced: export LMOD_SH_DBG_ON=1 for this output (/apps/lmod/lmod/init/bash)
Shell debugging restarted
+ unset __lmod_vx
+ input_file=input.nc
+ yyyymmdd=20240823
+ nccopy -k classic input.nc input.nc.tmp
+ ncks --mk_rec_dmn Time input.nc.tmp -O -o input.nc.tmp
+ ncatted -O -a units,Longitude,m,c,degrees_east input.nc.tmp
+ ncrename -v Time,time -d Time,time input.nc.tmp -O -o input.nc.tmp
+ ncrename -v Latitude,lat -d Latitude,lat input.nc.tmp -O -o input.nc.tmp
+ ncrename -v Longitude,lon -d Longitude,lon input.nc.tmp -O -o input.nc.tmp
+ ncap2 -O -s 'time[time]=0' input.nc.tmp -o input.nc.tmp
+ ncks -C -O -x -v Max_emission,Max_emission_col,Max_emission_row input.nc.tmp input.nc.tmp
+ ncks -C -O -x -v QCAll,CloudPerc,FirePerc,NumSensor input.nc.tmp input.nc.tmp
+ ncks -C -O -x -v TotalEmis_region_Africa input.nc.tmp input.nc.tmp
+ ncks -C -O -x -v TotalEmis_region_Asia input.nc.tmp input.nc.tmp
+ ncks -C -O -x -v TotalEmis_region_Australia input.nc.tmp input.nc.tmp
+ ncks -C -O -x -v TotalEmis_region_Europe input.nc.tmp input.nc.tmp
+ ncks -C -O -x -v TotalEmis_region_NorthAmerica input.nc.tmp input.nc.tmp
+ ncks -C -O -x -v TotalEmis_region_SouthAmerica input.nc.tmp input.nc.tmp
+ ncks -C -O -x -v quality_information input.nc.tmp input.nc.tmp
+ ncks -O -d lat,-89.5,89.5 input.nc.tmp input.nc.tmp2
++ date -d 20240823 +%Y-%m-%d
+ d=2024-08-23
+ dd='hours since 2024-08-23 12:00:00'
+ ncatted -O -a 'units,time,c,c,hours since 2024-08-23 12:00:00' input.nc.tmp2
+ ncatted -O -a long_name,time,c,c,Time input.nc.tmp2
+ ncatted -O -a calendar,time,c,c,gregorian input.nc.tmp2
+ ncatted -O -a axis,time,c,c,T input.nc.tmp2
+ ncatted -O -a long_name,lat,m,c,latitude input.nc.tmp2
+ ncatted -O -a long_name,lon,m,c,longitude input.nc.tmp2
+ ncatted -O -a axis,lon,d,, input.nc.tmp2
+ ncatted -O -a bounds,lon,d,, input.nc.tmp2
+ ncatted -O -a valid_range,lon,d,, input.nc.tmp2
+ ncatted -O -a scale_factor,lon,d,, input.nc.tmp2
+ ncatted -O -a add_offset,lon,d,, input.nc.tmp2
+ ncatted -O -a _FillValue,lon,d,, input.nc.tmp2
+ ncatted -O -a axis,lat,d,, input.nc.tmp2
+ ncatted -O -a bounds,lat,d,, input.nc.tmp2
+ ncatted -O -a valid_range,lat,d,, input.nc.tmp2
+ ncatted -O -a scale_factor,lat,d,, input.nc.tmp2
+ ncatted -O -a add_offset,lat,d,, input.nc.tmp2
+ ncatted -O -a _FillValue,lat,d,, input.nc.tmp2
+ ncatted -O -a coordinates,SO2,d,, input.nc.tmp2
+ ncatted -O -a coordinates,PM2.5,d,, input.nc.tmp2
+ ncatted -O -a coordinates,OC,d,, input.nc.tmp2
+ ncatted -O -a coordinates,BC,d,, input.nc.tmp2
+ ncatted -O -a coordinates,CO,d,, input.nc.tmp2
+ ncatted -O -a coordinates,NOx,d,, input.nc.tmp2
+ ncatted -O -a coordinates,NH3,d,, input.nc.tmp2
+ ncatted -O -a valid_range,SO2,d,, input.nc.tmp2
+ ncatted -O -a valid_range,PM2.5,d,, input.nc.tmp2
+ ncatted -O -a valid_range,OC,d,, input.nc.tmp2
+ ncatted -O -a valid_range,BC,d,, input.nc.tmp2
+ ncatted -O -a valid_range,CO,d,, input.nc.tmp2
+ ncatted -O -a valid_range,NOx,d,, input.nc.tmp2
+ ncatted -O -a valid_range,NH3,d,, input.nc.tmp2
+ ncatted -O -a add_offset,SO2,d,, input.nc.tmp2
+ ncatted -O -a add_offset,PM2.5,d,, input.nc.tmp2
+ ncatted -O -a add_offset,OC,d,, input.nc.tmp2
+ ncatted -O -a add_offset,BC,d,, input.nc.tmp2
+ ncatted -O -a add_offset,CO,d,, input.nc.tmp2
+ ncatted -O -a add_offset,NOx,d,, input.nc.tmp2
+ ncatted -O -a add_offset,NH3,d,, input.nc.tmp2
+ ncatted -O -a add_offset,MeanFRP,d,, input.nc.tmp2
+ ncatted -O -a valid_range,MeanFRP,d,, input.nc.tmp2
+ ncatted -O -a coordinates,MeanFRP,d,, input.nc.tmp2
+ nccopy -k 'netCDF-4 classic model' input.nc.tmp2 input.nc.tmp3
+ nccopy -d1 input.nc.tmp3 input.nc.tmp4
+ ERR=0
+ ECNT=0
+ '[' 0 -eq 0 ']'
+ /bin/mv input.nc.tmp4 /scratch1/BMC/gsd-fv3-dev/MAPP_2018/bhuang/JEDI-2020/JEDI-FV3/expCodes/PACEData/GBBEPx/Prep_GBBEPx_2024070100_2024093000/FixGBBEPx/GBBEPx_all01GRID.emissions_v004_20240823.nc
+ ERR=0
+ ECNT=0
+ '[' 0 -eq 0 ']'
+ echo 'Fix GBBEPx successflully at 20240823'
Fix GBBEPx successflully at 20240823
++ /scratch2/NCEPDEV/nwprod/NCEPLIBS/utils/prod_util.v1.1.0/exec/ndate 24 2024082300
+ IDATE=2024082400
+ '[' 2024082400 -le 2024093000 ']'
+ ECNT=0
+ /bin/rm -rf input.nc.tmp input.nc.tmp2 input.nc.tmp3 input.nc
+ IY=2024
+ IM=08
+ ID=24
+ IYMD=20240824
+ SRCFILE='/scratch1/BMC/gsd-fv3-dev/MAPP_2018/bhuang/JEDI-2020/JEDI-FV3/expCodes/PACEData/GBBEPx/Prep_GBBEPx_2024070100_2024093000/2024082400/*.nc'
+ OUTFILE=/scratch1/BMC/gsd-fv3-dev/MAPP_2018/bhuang/JEDI-2020/JEDI-FV3/expCodes/PACEData/GBBEPx/Prep_GBBEPx_2024070100_2024093000/FixGBBEPx/GBBEPx_all01GRID.emissions_v004_20240824.nc
++ wc -l
++ ls /scratch1/BMC/gsd-fv3-dev/MAPP_2018/bhuang/JEDI-2020/JEDI-FV3/expCodes/PACEData/GBBEPx/Prep_GBBEPx_2024070100_2024093000/2024082400/GBBEPx-all01GRID_v5r0_blend_s202408240000000_e202408242359590_c202408250345140.nc
+ NNC=1
+ '[' 1 -eq 1 ']'
++ ls /scratch1/BMC/gsd-fv3-dev/MAPP_2018/bhuang/JEDI-2020/JEDI-FV3/expCodes/PACEData/GBBEPx/Prep_GBBEPx_2024070100_2024093000/2024082400/GBBEPx-all01GRID_v5r0_blend_s202408240000000_e202408242359590_c202408250345140.nc
+ for FILE in $(ls ${SRCFILE})
+ /bin/cp /scratch1/BMC/gsd-fv3-dev/MAPP_2018/bhuang/JEDI-2020/JEDI-FV3/expCodes/PACEData/GBBEPx/Prep_GBBEPx_2024070100_2024093000/2024082400/GBBEPx-all01GRID_v5r0_blend_s202408240000000_e202408242359590_c202408250345140.nc input.nc
+ ERR=0
+ ECNT=0
+ /home/Bo.Huang/JEDI-2020/UFS-Aerosols_RETcyc/UFS-Aerosols-EP4_JEDI-AeroDA-Reanl/misc/PrepPACE/GBBEPx/fix_GBBEPx_Li.sh input.nc 20240824
+ '[' -z '' ']'
+ case "$-" in
+ __lmod_vx=x
+ '[' -n x ']'
+ set +x
Shell debugging temporarily silenced: export LMOD_SH_DBG_ON=1 for this output (/apps/lmod/lmod/init/bash)
Shell debugging restarted
+ unset __lmod_vx
+ input_file=input.nc
+ yyyymmdd=20240824
+ nccopy -k classic input.nc input.nc.tmp
+ ncks --mk_rec_dmn Time input.nc.tmp -O -o input.nc.tmp
+ ncatted -O -a units,Longitude,m,c,degrees_east input.nc.tmp
+ ncrename -v Time,time -d Time,time input.nc.tmp -O -o input.nc.tmp
+ ncrename -v Latitude,lat -d Latitude,lat input.nc.tmp -O -o input.nc.tmp
+ ncrename -v Longitude,lon -d Longitude,lon input.nc.tmp -O -o input.nc.tmp
+ ncap2 -O -s 'time[time]=0' input.nc.tmp -o input.nc.tmp
+ ncks -C -O -x -v Max_emission,Max_emission_col,Max_emission_row input.nc.tmp input.nc.tmp
+ ncks -C -O -x -v QCAll,CloudPerc,FirePerc,NumSensor input.nc.tmp input.nc.tmp
+ ncks -C -O -x -v TotalEmis_region_Africa input.nc.tmp input.nc.tmp
+ ncks -C -O -x -v TotalEmis_region_Asia input.nc.tmp input.nc.tmp
+ ncks -C -O -x -v TotalEmis_region_Australia input.nc.tmp input.nc.tmp
+ ncks -C -O -x -v TotalEmis_region_Europe input.nc.tmp input.nc.tmp
+ ncks -C -O -x -v TotalEmis_region_NorthAmerica input.nc.tmp input.nc.tmp
+ ncks -C -O -x -v TotalEmis_region_SouthAmerica input.nc.tmp input.nc.tmp
+ ncks -C -O -x -v quality_information input.nc.tmp input.nc.tmp
+ ncks -O -d lat,-89.5,89.5 input.nc.tmp input.nc.tmp2
++ date -d 20240824 +%Y-%m-%d
+ d=2024-08-24
+ dd='hours since 2024-08-24 12:00:00'
+ ncatted -O -a 'units,time,c,c,hours since 2024-08-24 12:00:00' input.nc.tmp2
+ ncatted -O -a long_name,time,c,c,Time input.nc.tmp2
+ ncatted -O -a calendar,time,c,c,gregorian input.nc.tmp2
+ ncatted -O -a axis,time,c,c,T input.nc.tmp2
+ ncatted -O -a long_name,lat,m,c,latitude input.nc.tmp2
+ ncatted -O -a long_name,lon,m,c,longitude input.nc.tmp2
+ ncatted -O -a axis,lon,d,, input.nc.tmp2
+ ncatted -O -a bounds,lon,d,, input.nc.tmp2
+ ncatted -O -a valid_range,lon,d,, input.nc.tmp2
+ ncatted -O -a scale_factor,lon,d,, input.nc.tmp2
+ ncatted -O -a add_offset,lon,d,, input.nc.tmp2
+ ncatted -O -a _FillValue,lon,d,, input.nc.tmp2
+ ncatted -O -a axis,lat,d,, input.nc.tmp2
+ ncatted -O -a bounds,lat,d,, input.nc.tmp2
+ ncatted -O -a valid_range,lat,d,, input.nc.tmp2
+ ncatted -O -a scale_factor,lat,d,, input.nc.tmp2
+ ncatted -O -a add_offset,lat,d,, input.nc.tmp2
+ ncatted -O -a _FillValue,lat,d,, input.nc.tmp2
+ ncatted -O -a coordinates,SO2,d,, input.nc.tmp2
+ ncatted -O -a coordinates,PM2.5,d,, input.nc.tmp2
+ ncatted -O -a coordinates,OC,d,, input.nc.tmp2
+ ncatted -O -a coordinates,BC,d,, input.nc.tmp2
+ ncatted -O -a coordinates,CO,d,, input.nc.tmp2
+ ncatted -O -a coordinates,NOx,d,, input.nc.tmp2
+ ncatted -O -a coordinates,NH3,d,, input.nc.tmp2
+ ncatted -O -a valid_range,SO2,d,, input.nc.tmp2
+ ncatted -O -a valid_range,PM2.5,d,, input.nc.tmp2
+ ncatted -O -a valid_range,OC,d,, input.nc.tmp2
+ ncatted -O -a valid_range,BC,d,, input.nc.tmp2
+ ncatted -O -a valid_range,CO,d,, input.nc.tmp2
+ ncatted -O -a valid_range,NOx,d,, input.nc.tmp2
+ ncatted -O -a valid_range,NH3,d,, input.nc.tmp2
+ ncatted -O -a add_offset,SO2,d,, input.nc.tmp2
+ ncatted -O -a add_offset,PM2.5,d,, input.nc.tmp2
+ ncatted -O -a add_offset,OC,d,, input.nc.tmp2
+ ncatted -O -a add_offset,BC,d,, input.nc.tmp2
+ ncatted -O -a add_offset,CO,d,, input.nc.tmp2
+ ncatted -O -a add_offset,NOx,d,, input.nc.tmp2
+ ncatted -O -a add_offset,NH3,d,, input.nc.tmp2
+ ncatted -O -a add_offset,MeanFRP,d,, input.nc.tmp2
+ ncatted -O -a valid_range,MeanFRP,d,, input.nc.tmp2
+ ncatted -O -a coordinates,MeanFRP,d,, input.nc.tmp2
+ nccopy -k 'netCDF-4 classic model' input.nc.tmp2 input.nc.tmp3
+ nccopy -d1 input.nc.tmp3 input.nc.tmp4
+ ERR=0
+ ECNT=0
+ '[' 0 -eq 0 ']'
+ /bin/mv input.nc.tmp4 /scratch1/BMC/gsd-fv3-dev/MAPP_2018/bhuang/JEDI-2020/JEDI-FV3/expCodes/PACEData/GBBEPx/Prep_GBBEPx_2024070100_2024093000/FixGBBEPx/GBBEPx_all01GRID.emissions_v004_20240824.nc
+ ERR=0
+ ECNT=0
+ '[' 0 -eq 0 ']'
+ echo 'Fix GBBEPx successflully at 20240824'
Fix GBBEPx successflully at 20240824
++ /scratch2/NCEPDEV/nwprod/NCEPLIBS/utils/prod_util.v1.1.0/exec/ndate 24 2024082400
+ IDATE=2024082500
+ '[' 2024082500 -le 2024093000 ']'
+ ECNT=0
+ /bin/rm -rf input.nc.tmp input.nc.tmp2 input.nc.tmp3 input.nc
+ IY=2024
+ IM=08
+ ID=25
+ IYMD=20240825
+ SRCFILE='/scratch1/BMC/gsd-fv3-dev/MAPP_2018/bhuang/JEDI-2020/JEDI-FV3/expCodes/PACEData/GBBEPx/Prep_GBBEPx_2024070100_2024093000/2024082500/*.nc'
+ OUTFILE=/scratch1/BMC/gsd-fv3-dev/MAPP_2018/bhuang/JEDI-2020/JEDI-FV3/expCodes/PACEData/GBBEPx/Prep_GBBEPx_2024070100_2024093000/FixGBBEPx/GBBEPx_all01GRID.emissions_v004_20240825.nc
++ wc -l
++ ls /scratch1/BMC/gsd-fv3-dev/MAPP_2018/bhuang/JEDI-2020/JEDI-FV3/expCodes/PACEData/GBBEPx/Prep_GBBEPx_2024070100_2024093000/2024082500/GBBEPx-all01GRID_v5r0_blend_s202408250000000_e202408252359590_c202408260345540.nc
+ NNC=1
+ '[' 1 -eq 1 ']'
++ ls /scratch1/BMC/gsd-fv3-dev/MAPP_2018/bhuang/JEDI-2020/JEDI-FV3/expCodes/PACEData/GBBEPx/Prep_GBBEPx_2024070100_2024093000/2024082500/GBBEPx-all01GRID_v5r0_blend_s202408250000000_e202408252359590_c202408260345540.nc
+ for FILE in $(ls ${SRCFILE})
+ /bin/cp /scratch1/BMC/gsd-fv3-dev/MAPP_2018/bhuang/JEDI-2020/JEDI-FV3/expCodes/PACEData/GBBEPx/Prep_GBBEPx_2024070100_2024093000/2024082500/GBBEPx-all01GRID_v5r0_blend_s202408250000000_e202408252359590_c202408260345540.nc input.nc
+ ERR=0
+ ECNT=0
+ /home/Bo.Huang/JEDI-2020/UFS-Aerosols_RETcyc/UFS-Aerosols-EP4_JEDI-AeroDA-Reanl/misc/PrepPACE/GBBEPx/fix_GBBEPx_Li.sh input.nc 20240825
+ '[' -z '' ']'
+ case "$-" in
+ __lmod_vx=x
+ '[' -n x ']'
+ set +x
Shell debugging temporarily silenced: export LMOD_SH_DBG_ON=1 for this output (/apps/lmod/lmod/init/bash)
Shell debugging restarted
+ unset __lmod_vx
+ input_file=input.nc
+ yyyymmdd=20240825
+ nccopy -k classic input.nc input.nc.tmp
+ ncks --mk_rec_dmn Time input.nc.tmp -O -o input.nc.tmp
+ ncatted -O -a units,Longitude,m,c,degrees_east input.nc.tmp
+ ncrename -v Time,time -d Time,time input.nc.tmp -O -o input.nc.tmp
+ ncrename -v Latitude,lat -d Latitude,lat input.nc.tmp -O -o input.nc.tmp
+ ncrename -v Longitude,lon -d Longitude,lon input.nc.tmp -O -o input.nc.tmp
+ ncap2 -O -s 'time[time]=0' input.nc.tmp -o input.nc.tmp
+ ncks -C -O -x -v Max_emission,Max_emission_col,Max_emission_row input.nc.tmp input.nc.tmp
+ ncks -C -O -x -v QCAll,CloudPerc,FirePerc,NumSensor input.nc.tmp input.nc.tmp
+ ncks -C -O -x -v TotalEmis_region_Africa input.nc.tmp input.nc.tmp
+ ncks -C -O -x -v TotalEmis_region_Asia input.nc.tmp input.nc.tmp
+ ncks -C -O -x -v TotalEmis_region_Australia input.nc.tmp input.nc.tmp
+ ncks -C -O -x -v TotalEmis_region_Europe input.nc.tmp input.nc.tmp
+ ncks -C -O -x -v TotalEmis_region_NorthAmerica input.nc.tmp input.nc.tmp
+ ncks -C -O -x -v TotalEmis_region_SouthAmerica input.nc.tmp input.nc.tmp
+ ncks -C -O -x -v quality_information input.nc.tmp input.nc.tmp
+ ncks -O -d lat,-89.5,89.5 input.nc.tmp input.nc.tmp2
++ date -d 20240825 +%Y-%m-%d
+ d=2024-08-25
+ dd='hours since 2024-08-25 12:00:00'
+ ncatted -O -a 'units,time,c,c,hours since 2024-08-25 12:00:00' input.nc.tmp2
+ ncatted -O -a long_name,time,c,c,Time input.nc.tmp2
+ ncatted -O -a calendar,time,c,c,gregorian input.nc.tmp2
+ ncatted -O -a axis,time,c,c,T input.nc.tmp2
+ ncatted -O -a long_name,lat,m,c,latitude input.nc.tmp2
+ ncatted -O -a long_name,lon,m,c,longitude input.nc.tmp2
+ ncatted -O -a axis,lon,d,, input.nc.tmp2
+ ncatted -O -a bounds,lon,d,, input.nc.tmp2
+ ncatted -O -a valid_range,lon,d,, input.nc.tmp2
+ ncatted -O -a scale_factor,lon,d,, input.nc.tmp2
+ ncatted -O -a add_offset,lon,d,, input.nc.tmp2
+ ncatted -O -a _FillValue,lon,d,, input.nc.tmp2
+ ncatted -O -a axis,lat,d,, input.nc.tmp2
+ ncatted -O -a bounds,lat,d,, input.nc.tmp2
+ ncatted -O -a valid_range,lat,d,, input.nc.tmp2
+ ncatted -O -a scale_factor,lat,d,, input.nc.tmp2
+ ncatted -O -a add_offset,lat,d,, input.nc.tmp2
+ ncatted -O -a _FillValue,lat,d,, input.nc.tmp2
+ ncatted -O -a coordinates,SO2,d,, input.nc.tmp2
+ ncatted -O -a coordinates,PM2.5,d,, input.nc.tmp2
+ ncatted -O -a coordinates,OC,d,, input.nc.tmp2
+ ncatted -O -a coordinates,BC,d,, input.nc.tmp2
+ ncatted -O -a coordinates,CO,d,, input.nc.tmp2
+ ncatted -O -a coordinates,NOx,d,, input.nc.tmp2
+ ncatted -O -a coordinates,NH3,d,, input.nc.tmp2
+ ncatted -O -a valid_range,SO2,d,, input.nc.tmp2
+ ncatted -O -a valid_range,PM2.5,d,, input.nc.tmp2
+ ncatted -O -a valid_range,OC,d,, input.nc.tmp2
+ ncatted -O -a valid_range,BC,d,, input.nc.tmp2
+ ncatted -O -a valid_range,CO,d,, input.nc.tmp2
+ ncatted -O -a valid_range,NOx,d,, input.nc.tmp2
+ ncatted -O -a valid_range,NH3,d,, input.nc.tmp2
+ ncatted -O -a add_offset,SO2,d,, input.nc.tmp2
+ ncatted -O -a add_offset,PM2.5,d,, input.nc.tmp2
+ ncatted -O -a add_offset,OC,d,, input.nc.tmp2
+ ncatted -O -a add_offset,BC,d,, input.nc.tmp2
+ ncatted -O -a add_offset,CO,d,, input.nc.tmp2
+ ncatted -O -a add_offset,NOx,d,, input.nc.tmp2
+ ncatted -O -a add_offset,NH3,d,, input.nc.tmp2
+ ncatted -O -a add_offset,MeanFRP,d,, input.nc.tmp2
+ ncatted -O -a valid_range,MeanFRP,d,, input.nc.tmp2
+ ncatted -O -a coordinates,MeanFRP,d,, input.nc.tmp2
+ nccopy -k 'netCDF-4 classic model' input.nc.tmp2 input.nc.tmp3
+ nccopy -d1 input.nc.tmp3 input.nc.tmp4
+ ERR=0
+ ECNT=0
+ '[' 0 -eq 0 ']'
+ /bin/mv input.nc.tmp4 /scratch1/BMC/gsd-fv3-dev/MAPP_2018/bhuang/JEDI-2020/JEDI-FV3/expCodes/PACEData/GBBEPx/Prep_GBBEPx_2024070100_2024093000/FixGBBEPx/GBBEPx_all01GRID.emissions_v004_20240825.nc
+ ERR=0
+ ECNT=0
+ '[' 0 -eq 0 ']'
+ echo 'Fix GBBEPx successflully at 20240825'
Fix GBBEPx successflully at 20240825
++ /scratch2/NCEPDEV/nwprod/NCEPLIBS/utils/prod_util.v1.1.0/exec/ndate 24 2024082500
+ IDATE=2024082600
+ '[' 2024082600 -le 2024093000 ']'
+ ECNT=0
+ /bin/rm -rf input.nc.tmp input.nc.tmp2 input.nc.tmp3 input.nc
+ IY=2024
+ IM=08
+ ID=26
+ IYMD=20240826
+ SRCFILE='/scratch1/BMC/gsd-fv3-dev/MAPP_2018/bhuang/JEDI-2020/JEDI-FV3/expCodes/PACEData/GBBEPx/Prep_GBBEPx_2024070100_2024093000/2024082600/*.nc'
+ OUTFILE=/scratch1/BMC/gsd-fv3-dev/MAPP_2018/bhuang/JEDI-2020/JEDI-FV3/expCodes/PACEData/GBBEPx/Prep_GBBEPx_2024070100_2024093000/FixGBBEPx/GBBEPx_all01GRID.emissions_v004_20240826.nc
++ wc -l
++ ls /scratch1/BMC/gsd-fv3-dev/MAPP_2018/bhuang/JEDI-2020/JEDI-FV3/expCodes/PACEData/GBBEPx/Prep_GBBEPx_2024070100_2024093000/2024082600/GBBEPx-all01GRID_v5r0_blend_s202408260000000_e202408262359590_c202408270349320.nc
+ NNC=1
+ '[' 1 -eq 1 ']'
++ ls /scratch1/BMC/gsd-fv3-dev/MAPP_2018/bhuang/JEDI-2020/JEDI-FV3/expCodes/PACEData/GBBEPx/Prep_GBBEPx_2024070100_2024093000/2024082600/GBBEPx-all01GRID_v5r0_blend_s202408260000000_e202408262359590_c202408270349320.nc
+ for FILE in $(ls ${SRCFILE})
+ /bin/cp /scratch1/BMC/gsd-fv3-dev/MAPP_2018/bhuang/JEDI-2020/JEDI-FV3/expCodes/PACEData/GBBEPx/Prep_GBBEPx_2024070100_2024093000/2024082600/GBBEPx-all01GRID_v5r0_blend_s202408260000000_e202408262359590_c202408270349320.nc input.nc
+ ERR=0
+ ECNT=0
+ /home/Bo.Huang/JEDI-2020/UFS-Aerosols_RETcyc/UFS-Aerosols-EP4_JEDI-AeroDA-Reanl/misc/PrepPACE/GBBEPx/fix_GBBEPx_Li.sh input.nc 20240826
+ '[' -z '' ']'
+ case "$-" in
+ __lmod_vx=x
+ '[' -n x ']'
+ set +x
Shell debugging temporarily silenced: export LMOD_SH_DBG_ON=1 for this output (/apps/lmod/lmod/init/bash)
Shell debugging restarted
+ unset __lmod_vx
+ input_file=input.nc
+ yyyymmdd=20240826
+ nccopy -k classic input.nc input.nc.tmp
+ ncks --mk_rec_dmn Time input.nc.tmp -O -o input.nc.tmp
+ ncatted -O -a units,Longitude,m,c,degrees_east input.nc.tmp
+ ncrename -v Time,time -d Time,time input.nc.tmp -O -o input.nc.tmp
+ ncrename -v Latitude,lat -d Latitude,lat input.nc.tmp -O -o input.nc.tmp
+ ncrename -v Longitude,lon -d Longitude,lon input.nc.tmp -O -o input.nc.tmp
+ ncap2 -O -s 'time[time]=0' input.nc.tmp -o input.nc.tmp
+ ncks -C -O -x -v Max_emission,Max_emission_col,Max_emission_row input.nc.tmp input.nc.tmp
+ ncks -C -O -x -v QCAll,CloudPerc,FirePerc,NumSensor input.nc.tmp input.nc.tmp
+ ncks -C -O -x -v TotalEmis_region_Africa input.nc.tmp input.nc.tmp
+ ncks -C -O -x -v TotalEmis_region_Asia input.nc.tmp input.nc.tmp
+ ncks -C -O -x -v TotalEmis_region_Australia input.nc.tmp input.nc.tmp
+ ncks -C -O -x -v TotalEmis_region_Europe input.nc.tmp input.nc.tmp
+ ncks -C -O -x -v TotalEmis_region_NorthAmerica input.nc.tmp input.nc.tmp
+ ncks -C -O -x -v TotalEmis_region_SouthAmerica input.nc.tmp input.nc.tmp
+ ncks -C -O -x -v quality_information input.nc.tmp input.nc.tmp
+ ncks -O -d lat,-89.5,89.5 input.nc.tmp input.nc.tmp2
++ date -d 20240826 +%Y-%m-%d
+ d=2024-08-26
+ dd='hours since 2024-08-26 12:00:00'
+ ncatted -O -a 'units,time,c,c,hours since 2024-08-26 12:00:00' input.nc.tmp2
+ ncatted -O -a long_name,time,c,c,Time input.nc.tmp2
+ ncatted -O -a calendar,time,c,c,gregorian input.nc.tmp2
+ ncatted -O -a axis,time,c,c,T input.nc.tmp2
+ ncatted -O -a long_name,lat,m,c,latitude input.nc.tmp2
+ ncatted -O -a long_name,lon,m,c,longitude input.nc.tmp2
+ ncatted -O -a axis,lon,d,, input.nc.tmp2
+ ncatted -O -a bounds,lon,d,, input.nc.tmp2
+ ncatted -O -a valid_range,lon,d,, input.nc.tmp2
+ ncatted -O -a scale_factor,lon,d,, input.nc.tmp2
+ ncatted -O -a add_offset,lon,d,, input.nc.tmp2
+ ncatted -O -a _FillValue,lon,d,, input.nc.tmp2
+ ncatted -O -a axis,lat,d,, input.nc.tmp2
+ ncatted -O -a bounds,lat,d,, input.nc.tmp2
+ ncatted -O -a valid_range,lat,d,, input.nc.tmp2
+ ncatted -O -a scale_factor,lat,d,, input.nc.tmp2
+ ncatted -O -a add_offset,lat,d,, input.nc.tmp2
+ ncatted -O -a _FillValue,lat,d,, input.nc.tmp2
+ ncatted -O -a coordinates,SO2,d,, input.nc.tmp2
+ ncatted -O -a coordinates,PM2.5,d,, input.nc.tmp2
+ ncatted -O -a coordinates,OC,d,, input.nc.tmp2
+ ncatted -O -a coordinates,BC,d,, input.nc.tmp2
+ ncatted -O -a coordinates,CO,d,, input.nc.tmp2
+ ncatted -O -a coordinates,NOx,d,, input.nc.tmp2
+ ncatted -O -a coordinates,NH3,d,, input.nc.tmp2
+ ncatted -O -a valid_range,SO2,d,, input.nc.tmp2
+ ncatted -O -a valid_range,PM2.5,d,, input.nc.tmp2
+ ncatted -O -a valid_range,OC,d,, input.nc.tmp2
+ ncatted -O -a valid_range,BC,d,, input.nc.tmp2
+ ncatted -O -a valid_range,CO,d,, input.nc.tmp2
+ ncatted -O -a valid_range,NOx,d,, input.nc.tmp2
+ ncatted -O -a valid_range,NH3,d,, input.nc.tmp2
+ ncatted -O -a add_offset,SO2,d,, input.nc.tmp2
+ ncatted -O -a add_offset,PM2.5,d,, input.nc.tmp2
+ ncatted -O -a add_offset,OC,d,, input.nc.tmp2
+ ncatted -O -a add_offset,BC,d,, input.nc.tmp2
+ ncatted -O -a add_offset,CO,d,, input.nc.tmp2
+ ncatted -O -a add_offset,NOx,d,, input.nc.tmp2
+ ncatted -O -a add_offset,NH3,d,, input.nc.tmp2
+ ncatted -O -a add_offset,MeanFRP,d,, input.nc.tmp2
+ ncatted -O -a valid_range,MeanFRP,d,, input.nc.tmp2
+ ncatted -O -a coordinates,MeanFRP,d,, input.nc.tmp2
+ nccopy -k 'netCDF-4 classic model' input.nc.tmp2 input.nc.tmp3
+ nccopy -d1 input.nc.tmp3 input.nc.tmp4
+ ERR=0
+ ECNT=0
+ '[' 0 -eq 0 ']'
+ /bin/mv input.nc.tmp4 /scratch1/BMC/gsd-fv3-dev/MAPP_2018/bhuang/JEDI-2020/JEDI-FV3/expCodes/PACEData/GBBEPx/Prep_GBBEPx_2024070100_2024093000/FixGBBEPx/GBBEPx_all01GRID.emissions_v004_20240826.nc
+ ERR=0
+ ECNT=0
+ '[' 0 -eq 0 ']'
+ echo 'Fix GBBEPx successflully at 20240826'
Fix GBBEPx successflully at 20240826
++ /scratch2/NCEPDEV/nwprod/NCEPLIBS/utils/prod_util.v1.1.0/exec/ndate 24 2024082600
+ IDATE=2024082700
+ '[' 2024082700 -le 2024093000 ']'
+ ECNT=0
+ /bin/rm -rf input.nc.tmp input.nc.tmp2 input.nc.tmp3 input.nc
+ IY=2024
+ IM=08
+ ID=27
+ IYMD=20240827
+ SRCFILE='/scratch1/BMC/gsd-fv3-dev/MAPP_2018/bhuang/JEDI-2020/JEDI-FV3/expCodes/PACEData/GBBEPx/Prep_GBBEPx_2024070100_2024093000/2024082700/*.nc'
+ OUTFILE=/scratch1/BMC/gsd-fv3-dev/MAPP_2018/bhuang/JEDI-2020/JEDI-FV3/expCodes/PACEData/GBBEPx/Prep_GBBEPx_2024070100_2024093000/FixGBBEPx/GBBEPx_all01GRID.emissions_v004_20240827.nc
++ wc -l
++ ls /scratch1/BMC/gsd-fv3-dev/MAPP_2018/bhuang/JEDI-2020/JEDI-FV3/expCodes/PACEData/GBBEPx/Prep_GBBEPx_2024070100_2024093000/2024082700/GBBEPx-all01GRID_v5r0_blend_s202408270000000_e202408272359590_c202408280124150.nc
+ NNC=1
+ '[' 1 -eq 1 ']'
++ ls /scratch1/BMC/gsd-fv3-dev/MAPP_2018/bhuang/JEDI-2020/JEDI-FV3/expCodes/PACEData/GBBEPx/Prep_GBBEPx_2024070100_2024093000/2024082700/GBBEPx-all01GRID_v5r0_blend_s202408270000000_e202408272359590_c202408280124150.nc
+ for FILE in $(ls ${SRCFILE})
+ /bin/cp /scratch1/BMC/gsd-fv3-dev/MAPP_2018/bhuang/JEDI-2020/JEDI-FV3/expCodes/PACEData/GBBEPx/Prep_GBBEPx_2024070100_2024093000/2024082700/GBBEPx-all01GRID_v5r0_blend_s202408270000000_e202408272359590_c202408280124150.nc input.nc
+ ERR=0
+ ECNT=0
+ /home/Bo.Huang/JEDI-2020/UFS-Aerosols_RETcyc/UFS-Aerosols-EP4_JEDI-AeroDA-Reanl/misc/PrepPACE/GBBEPx/fix_GBBEPx_Li.sh input.nc 20240827
+ '[' -z '' ']'
+ case "$-" in
+ __lmod_vx=x
+ '[' -n x ']'
+ set +x
Shell debugging temporarily silenced: export LMOD_SH_DBG_ON=1 for this output (/apps/lmod/lmod/init/bash)
Shell debugging restarted
+ unset __lmod_vx
+ input_file=input.nc
+ yyyymmdd=20240827
+ nccopy -k classic input.nc input.nc.tmp
+ ncks --mk_rec_dmn Time input.nc.tmp -O -o input.nc.tmp
+ ncatted -O -a units,Longitude,m,c,degrees_east input.nc.tmp
+ ncrename -v Time,time -d Time,time input.nc.tmp -O -o input.nc.tmp
+ ncrename -v Latitude,lat -d Latitude,lat input.nc.tmp -O -o input.nc.tmp
+ ncrename -v Longitude,lon -d Longitude,lon input.nc.tmp -O -o input.nc.tmp
+ ncap2 -O -s 'time[time]=0' input.nc.tmp -o input.nc.tmp
+ ncks -C -O -x -v Max_emission,Max_emission_col,Max_emission_row input.nc.tmp input.nc.tmp
+ ncks -C -O -x -v QCAll,CloudPerc,FirePerc,NumSensor input.nc.tmp input.nc.tmp
+ ncks -C -O -x -v TotalEmis_region_Africa input.nc.tmp input.nc.tmp
+ ncks -C -O -x -v TotalEmis_region_Asia input.nc.tmp input.nc.tmp
+ ncks -C -O -x -v TotalEmis_region_Australia input.nc.tmp input.nc.tmp
+ ncks -C -O -x -v TotalEmis_region_Europe input.nc.tmp input.nc.tmp
+ ncks -C -O -x -v TotalEmis_region_NorthAmerica input.nc.tmp input.nc.tmp
+ ncks -C -O -x -v TotalEmis_region_SouthAmerica input.nc.tmp input.nc.tmp
+ ncks -C -O -x -v quality_information input.nc.tmp input.nc.tmp
+ ncks -O -d lat,-89.5,89.5 input.nc.tmp input.nc.tmp2
++ date -d 20240827 +%Y-%m-%d
+ d=2024-08-27
+ dd='hours since 2024-08-27 12:00:00'
+ ncatted -O -a 'units,time,c,c,hours since 2024-08-27 12:00:00' input.nc.tmp2
+ ncatted -O -a long_name,time,c,c,Time input.nc.tmp2
+ ncatted -O -a calendar,time,c,c,gregorian input.nc.tmp2
+ ncatted -O -a axis,time,c,c,T input.nc.tmp2
+ ncatted -O -a long_name,lat,m,c,latitude input.nc.tmp2
+ ncatted -O -a long_name,lon,m,c,longitude input.nc.tmp2
+ ncatted -O -a axis,lon,d,, input.nc.tmp2
+ ncatted -O -a bounds,lon,d,, input.nc.tmp2
+ ncatted -O -a valid_range,lon,d,, input.nc.tmp2
+ ncatted -O -a scale_factor,lon,d,, input.nc.tmp2
+ ncatted -O -a add_offset,lon,d,, input.nc.tmp2
+ ncatted -O -a _FillValue,lon,d,, input.nc.tmp2
+ ncatted -O -a axis,lat,d,, input.nc.tmp2
+ ncatted -O -a bounds,lat,d,, input.nc.tmp2
+ ncatted -O -a valid_range,lat,d,, input.nc.tmp2
+ ncatted -O -a scale_factor,lat,d,, input.nc.tmp2
+ ncatted -O -a add_offset,lat,d,, input.nc.tmp2
+ ncatted -O -a _FillValue,lat,d,, input.nc.tmp2
+ ncatted -O -a coordinates,SO2,d,, input.nc.tmp2
+ ncatted -O -a coordinates,PM2.5,d,, input.nc.tmp2
+ ncatted -O -a coordinates,OC,d,, input.nc.tmp2
+ ncatted -O -a coordinates,BC,d,, input.nc.tmp2
+ ncatted -O -a coordinates,CO,d,, input.nc.tmp2
+ ncatted -O -a coordinates,NOx,d,, input.nc.tmp2
+ ncatted -O -a coordinates,NH3,d,, input.nc.tmp2
+ ncatted -O -a valid_range,SO2,d,, input.nc.tmp2
+ ncatted -O -a valid_range,PM2.5,d,, input.nc.tmp2
+ ncatted -O -a valid_range,OC,d,, input.nc.tmp2
+ ncatted -O -a valid_range,BC,d,, input.nc.tmp2
+ ncatted -O -a valid_range,CO,d,, input.nc.tmp2
+ ncatted -O -a valid_range,NOx,d,, input.nc.tmp2
+ ncatted -O -a valid_range,NH3,d,, input.nc.tmp2
+ ncatted -O -a add_offset,SO2,d,, input.nc.tmp2
+ ncatted -O -a add_offset,PM2.5,d,, input.nc.tmp2
+ ncatted -O -a add_offset,OC,d,, input.nc.tmp2
+ ncatted -O -a add_offset,BC,d,, input.nc.tmp2
+ ncatted -O -a add_offset,CO,d,, input.nc.tmp2
+ ncatted -O -a add_offset,NOx,d,, input.nc.tmp2
+ ncatted -O -a add_offset,NH3,d,, input.nc.tmp2
+ ncatted -O -a add_offset,MeanFRP,d,, input.nc.tmp2
+ ncatted -O -a valid_range,MeanFRP,d,, input.nc.tmp2
+ ncatted -O -a coordinates,MeanFRP,d,, input.nc.tmp2
+ nccopy -k 'netCDF-4 classic model' input.nc.tmp2 input.nc.tmp3
+ nccopy -d1 input.nc.tmp3 input.nc.tmp4
+ ERR=0
+ ECNT=0
+ '[' 0 -eq 0 ']'
+ /bin/mv input.nc.tmp4 /scratch1/BMC/gsd-fv3-dev/MAPP_2018/bhuang/JEDI-2020/JEDI-FV3/expCodes/PACEData/GBBEPx/Prep_GBBEPx_2024070100_2024093000/FixGBBEPx/GBBEPx_all01GRID.emissions_v004_20240827.nc
+ ERR=0
+ ECNT=0
+ '[' 0 -eq 0 ']'
+ echo 'Fix GBBEPx successflully at 20240827'
Fix GBBEPx successflully at 20240827
++ /scratch2/NCEPDEV/nwprod/NCEPLIBS/utils/prod_util.v1.1.0/exec/ndate 24 2024082700
+ IDATE=2024082800
+ '[' 2024082800 -le 2024093000 ']'
+ ECNT=0
+ /bin/rm -rf input.nc.tmp input.nc.tmp2 input.nc.tmp3 input.nc
+ IY=2024
+ IM=08
+ ID=28
+ IYMD=20240828
+ SRCFILE='/scratch1/BMC/gsd-fv3-dev/MAPP_2018/bhuang/JEDI-2020/JEDI-FV3/expCodes/PACEData/GBBEPx/Prep_GBBEPx_2024070100_2024093000/2024082800/*.nc'
+ OUTFILE=/scratch1/BMC/gsd-fv3-dev/MAPP_2018/bhuang/JEDI-2020/JEDI-FV3/expCodes/PACEData/GBBEPx/Prep_GBBEPx_2024070100_2024093000/FixGBBEPx/GBBEPx_all01GRID.emissions_v004_20240828.nc
++ wc -l
++ ls /scratch1/BMC/gsd-fv3-dev/MAPP_2018/bhuang/JEDI-2020/JEDI-FV3/expCodes/PACEData/GBBEPx/Prep_GBBEPx_2024070100_2024093000/2024082800/GBBEPx-all01GRID_v5r0_blend_s202408280000000_e202408282359590_c202408290209310.nc
+ NNC=1
+ '[' 1 -eq 1 ']'
++ ls /scratch1/BMC/gsd-fv3-dev/MAPP_2018/bhuang/JEDI-2020/JEDI-FV3/expCodes/PACEData/GBBEPx/Prep_GBBEPx_2024070100_2024093000/2024082800/GBBEPx-all01GRID_v5r0_blend_s202408280000000_e202408282359590_c202408290209310.nc
+ for FILE in $(ls ${SRCFILE})
+ /bin/cp /scratch1/BMC/gsd-fv3-dev/MAPP_2018/bhuang/JEDI-2020/JEDI-FV3/expCodes/PACEData/GBBEPx/Prep_GBBEPx_2024070100_2024093000/2024082800/GBBEPx-all01GRID_v5r0_blend_s202408280000000_e202408282359590_c202408290209310.nc input.nc
+ ERR=0
+ ECNT=0
+ /home/Bo.Huang/JEDI-2020/UFS-Aerosols_RETcyc/UFS-Aerosols-EP4_JEDI-AeroDA-Reanl/misc/PrepPACE/GBBEPx/fix_GBBEPx_Li.sh input.nc 20240828
+ '[' -z '' ']'
+ case "$-" in
+ __lmod_vx=x
+ '[' -n x ']'
+ set +x
Shell debugging temporarily silenced: export LMOD_SH_DBG_ON=1 for this output (/apps/lmod/lmod/init/bash)
Shell debugging restarted
+ unset __lmod_vx
+ input_file=input.nc
+ yyyymmdd=20240828
+ nccopy -k classic input.nc input.nc.tmp
+ ncks --mk_rec_dmn Time input.nc.tmp -O -o input.nc.tmp
+ ncatted -O -a units,Longitude,m,c,degrees_east input.nc.tmp
+ ncrename -v Time,time -d Time,time input.nc.tmp -O -o input.nc.tmp
+ ncrename -v Latitude,lat -d Latitude,lat input.nc.tmp -O -o input.nc.tmp
+ ncrename -v Longitude,lon -d Longitude,lon input.nc.tmp -O -o input.nc.tmp
+ ncap2 -O -s 'time[time]=0' input.nc.tmp -o input.nc.tmp
+ ncks -C -O -x -v Max_emission,Max_emission_col,Max_emission_row input.nc.tmp input.nc.tmp
+ ncks -C -O -x -v QCAll,CloudPerc,FirePerc,NumSensor input.nc.tmp input.nc.tmp
+ ncks -C -O -x -v TotalEmis_region_Africa input.nc.tmp input.nc.tmp
+ ncks -C -O -x -v TotalEmis_region_Asia input.nc.tmp input.nc.tmp
+ ncks -C -O -x -v TotalEmis_region_Australia input.nc.tmp input.nc.tmp
+ ncks -C -O -x -v TotalEmis_region_Europe input.nc.tmp input.nc.tmp
+ ncks -C -O -x -v TotalEmis_region_NorthAmerica input.nc.tmp input.nc.tmp
+ ncks -C -O -x -v TotalEmis_region_SouthAmerica input.nc.tmp input.nc.tmp
+ ncks -C -O -x -v quality_information input.nc.tmp input.nc.tmp
+ ncks -O -d lat,-89.5,89.5 input.nc.tmp input.nc.tmp2
++ date -d 20240828 +%Y-%m-%d
+ d=2024-08-28
+ dd='hours since 2024-08-28 12:00:00'
+ ncatted -O -a 'units,time,c,c,hours since 2024-08-28 12:00:00' input.nc.tmp2
+ ncatted -O -a long_name,time,c,c,Time input.nc.tmp2
+ ncatted -O -a calendar,time,c,c,gregorian input.nc.tmp2
+ ncatted -O -a axis,time,c,c,T input.nc.tmp2
+ ncatted -O -a long_name,lat,m,c,latitude input.nc.tmp2
+ ncatted -O -a long_name,lon,m,c,longitude input.nc.tmp2
+ ncatted -O -a axis,lon,d,, input.nc.tmp2
+ ncatted -O -a bounds,lon,d,, input.nc.tmp2
+ ncatted -O -a valid_range,lon,d,, input.nc.tmp2
+ ncatted -O -a scale_factor,lon,d,, input.nc.tmp2
+ ncatted -O -a add_offset,lon,d,, input.nc.tmp2
+ ncatted -O -a _FillValue,lon,d,, input.nc.tmp2
+ ncatted -O -a axis,lat,d,, input.nc.tmp2
+ ncatted -O -a bounds,lat,d,, input.nc.tmp2
+ ncatted -O -a valid_range,lat,d,, input.nc.tmp2
+ ncatted -O -a scale_factor,lat,d,, input.nc.tmp2
+ ncatted -O -a add_offset,lat,d,, input.nc.tmp2
+ ncatted -O -a _FillValue,lat,d,, input.nc.tmp2
+ ncatted -O -a coordinates,SO2,d,, input.nc.tmp2
+ ncatted -O -a coordinates,PM2.5,d,, input.nc.tmp2
+ ncatted -O -a coordinates,OC,d,, input.nc.tmp2
+ ncatted -O -a coordinates,BC,d,, input.nc.tmp2
+ ncatted -O -a coordinates,CO,d,, input.nc.tmp2
+ ncatted -O -a coordinates,NOx,d,, input.nc.tmp2
+ ncatted -O -a coordinates,NH3,d,, input.nc.tmp2
+ ncatted -O -a valid_range,SO2,d,, input.nc.tmp2
+ ncatted -O -a valid_range,PM2.5,d,, input.nc.tmp2
+ ncatted -O -a valid_range,OC,d,, input.nc.tmp2
+ ncatted -O -a valid_range,BC,d,, input.nc.tmp2
+ ncatted -O -a valid_range,CO,d,, input.nc.tmp2
+ ncatted -O -a valid_range,NOx,d,, input.nc.tmp2
+ ncatted -O -a valid_range,NH3,d,, input.nc.tmp2
+ ncatted -O -a add_offset,SO2,d,, input.nc.tmp2
+ ncatted -O -a add_offset,PM2.5,d,, input.nc.tmp2
+ ncatted -O -a add_offset,OC,d,, input.nc.tmp2
+ ncatted -O -a add_offset,BC,d,, input.nc.tmp2
+ ncatted -O -a add_offset,CO,d,, input.nc.tmp2
+ ncatted -O -a add_offset,NOx,d,, input.nc.tmp2
+ ncatted -O -a add_offset,NH3,d,, input.nc.tmp2
+ ncatted -O -a add_offset,MeanFRP,d,, input.nc.tmp2
+ ncatted -O -a valid_range,MeanFRP,d,, input.nc.tmp2
+ ncatted -O -a coordinates,MeanFRP,d,, input.nc.tmp2
+ nccopy -k 'netCDF-4 classic model' input.nc.tmp2 input.nc.tmp3
+ nccopy -d1 input.nc.tmp3 input.nc.tmp4
+ ERR=0
+ ECNT=0
+ '[' 0 -eq 0 ']'
+ /bin/mv input.nc.tmp4 /scratch1/BMC/gsd-fv3-dev/MAPP_2018/bhuang/JEDI-2020/JEDI-FV3/expCodes/PACEData/GBBEPx/Prep_GBBEPx_2024070100_2024093000/FixGBBEPx/GBBEPx_all01GRID.emissions_v004_20240828.nc
+ ERR=0
+ ECNT=0
+ '[' 0 -eq 0 ']'
+ echo 'Fix GBBEPx successflully at 20240828'
Fix GBBEPx successflully at 20240828
++ /scratch2/NCEPDEV/nwprod/NCEPLIBS/utils/prod_util.v1.1.0/exec/ndate 24 2024082800
+ IDATE=2024082900
+ '[' 2024082900 -le 2024093000 ']'
+ ECNT=0
+ /bin/rm -rf input.nc.tmp input.nc.tmp2 input.nc.tmp3 input.nc
+ IY=2024
+ IM=08
+ ID=29
+ IYMD=20240829
+ SRCFILE='/scratch1/BMC/gsd-fv3-dev/MAPP_2018/bhuang/JEDI-2020/JEDI-FV3/expCodes/PACEData/GBBEPx/Prep_GBBEPx_2024070100_2024093000/2024082900/*.nc'
+ OUTFILE=/scratch1/BMC/gsd-fv3-dev/MAPP_2018/bhuang/JEDI-2020/JEDI-FV3/expCodes/PACEData/GBBEPx/Prep_GBBEPx_2024070100_2024093000/FixGBBEPx/GBBEPx_all01GRID.emissions_v004_20240829.nc
++ wc -l
++ ls /scratch1/BMC/gsd-fv3-dev/MAPP_2018/bhuang/JEDI-2020/JEDI-FV3/expCodes/PACEData/GBBEPx/Prep_GBBEPx_2024070100_2024093000/2024082900/GBBEPx-all01GRID_v5r0_blend_s202408290000000_e202408292359590_c202408300127060.nc
+ NNC=1
+ '[' 1 -eq 1 ']'
++ ls /scratch1/BMC/gsd-fv3-dev/MAPP_2018/bhuang/JEDI-2020/JEDI-FV3/expCodes/PACEData/GBBEPx/Prep_GBBEPx_2024070100_2024093000/2024082900/GBBEPx-all01GRID_v5r0_blend_s202408290000000_e202408292359590_c202408300127060.nc
+ for FILE in $(ls ${SRCFILE})
+ /bin/cp /scratch1/BMC/gsd-fv3-dev/MAPP_2018/bhuang/JEDI-2020/JEDI-FV3/expCodes/PACEData/GBBEPx/Prep_GBBEPx_2024070100_2024093000/2024082900/GBBEPx-all01GRID_v5r0_blend_s202408290000000_e202408292359590_c202408300127060.nc input.nc
+ ERR=0
+ ECNT=0
+ /home/Bo.Huang/JEDI-2020/UFS-Aerosols_RETcyc/UFS-Aerosols-EP4_JEDI-AeroDA-Reanl/misc/PrepPACE/GBBEPx/fix_GBBEPx_Li.sh input.nc 20240829
+ '[' -z '' ']'
+ case "$-" in
+ __lmod_vx=x
+ '[' -n x ']'
+ set +x
Shell debugging temporarily silenced: export LMOD_SH_DBG_ON=1 for this output (/apps/lmod/lmod/init/bash)
Shell debugging restarted
+ unset __lmod_vx
+ input_file=input.nc
+ yyyymmdd=20240829
+ nccopy -k classic input.nc input.nc.tmp
+ ncks --mk_rec_dmn Time input.nc.tmp -O -o input.nc.tmp
+ ncatted -O -a units,Longitude,m,c,degrees_east input.nc.tmp
+ ncrename -v Time,time -d Time,time input.nc.tmp -O -o input.nc.tmp
+ ncrename -v Latitude,lat -d Latitude,lat input.nc.tmp -O -o input.nc.tmp
+ ncrename -v Longitude,lon -d Longitude,lon input.nc.tmp -O -o input.nc.tmp
+ ncap2 -O -s 'time[time]=0' input.nc.tmp -o input.nc.tmp
+ ncks -C -O -x -v Max_emission,Max_emission_col,Max_emission_row input.nc.tmp input.nc.tmp
+ ncks -C -O -x -v QCAll,CloudPerc,FirePerc,NumSensor input.nc.tmp input.nc.tmp
+ ncks -C -O -x -v TotalEmis_region_Africa input.nc.tmp input.nc.tmp
+ ncks -C -O -x -v TotalEmis_region_Asia input.nc.tmp input.nc.tmp
+ ncks -C -O -x -v TotalEmis_region_Australia input.nc.tmp input.nc.tmp
+ ncks -C -O -x -v TotalEmis_region_Europe input.nc.tmp input.nc.tmp
+ ncks -C -O -x -v TotalEmis_region_NorthAmerica input.nc.tmp input.nc.tmp
+ ncks -C -O -x -v TotalEmis_region_SouthAmerica input.nc.tmp input.nc.tmp
+ ncks -C -O -x -v quality_information input.nc.tmp input.nc.tmp
+ ncks -O -d lat,-89.5,89.5 input.nc.tmp input.nc.tmp2
++ date -d 20240829 +%Y-%m-%d
+ d=2024-08-29
+ dd='hours since 2024-08-29 12:00:00'
+ ncatted -O -a 'units,time,c,c,hours since 2024-08-29 12:00:00' input.nc.tmp2
+ ncatted -O -a long_name,time,c,c,Time input.nc.tmp2
+ ncatted -O -a calendar,time,c,c,gregorian input.nc.tmp2
+ ncatted -O -a axis,time,c,c,T input.nc.tmp2
+ ncatted -O -a long_name,lat,m,c,latitude input.nc.tmp2
+ ncatted -O -a long_name,lon,m,c,longitude input.nc.tmp2
+ ncatted -O -a axis,lon,d,, input.nc.tmp2
+ ncatted -O -a bounds,lon,d,, input.nc.tmp2
+ ncatted -O -a valid_range,lon,d,, input.nc.tmp2
+ ncatted -O -a scale_factor,lon,d,, input.nc.tmp2
+ ncatted -O -a add_offset,lon,d,, input.nc.tmp2
+ ncatted -O -a _FillValue,lon,d,, input.nc.tmp2
+ ncatted -O -a axis,lat,d,, input.nc.tmp2
+ ncatted -O -a bounds,lat,d,, input.nc.tmp2
+ ncatted -O -a valid_range,lat,d,, input.nc.tmp2
+ ncatted -O -a scale_factor,lat,d,, input.nc.tmp2
+ ncatted -O -a add_offset,lat,d,, input.nc.tmp2
+ ncatted -O -a _FillValue,lat,d,, input.nc.tmp2
+ ncatted -O -a coordinates,SO2,d,, input.nc.tmp2
+ ncatted -O -a coordinates,PM2.5,d,, input.nc.tmp2
+ ncatted -O -a coordinates,OC,d,, input.nc.tmp2
+ ncatted -O -a coordinates,BC,d,, input.nc.tmp2
+ ncatted -O -a coordinates,CO,d,, input.nc.tmp2
+ ncatted -O -a coordinates,NOx,d,, input.nc.tmp2
+ ncatted -O -a coordinates,NH3,d,, input.nc.tmp2
+ ncatted -O -a valid_range,SO2,d,, input.nc.tmp2
+ ncatted -O -a valid_range,PM2.5,d,, input.nc.tmp2
+ ncatted -O -a valid_range,OC,d,, input.nc.tmp2
+ ncatted -O -a valid_range,BC,d,, input.nc.tmp2
+ ncatted -O -a valid_range,CO,d,, input.nc.tmp2
+ ncatted -O -a valid_range,NOx,d,, input.nc.tmp2
+ ncatted -O -a valid_range,NH3,d,, input.nc.tmp2
+ ncatted -O -a add_offset,SO2,d,, input.nc.tmp2
+ ncatted -O -a add_offset,PM2.5,d,, input.nc.tmp2
+ ncatted -O -a add_offset,OC,d,, input.nc.tmp2
+ ncatted -O -a add_offset,BC,d,, input.nc.tmp2
+ ncatted -O -a add_offset,CO,d,, input.nc.tmp2
+ ncatted -O -a add_offset,NOx,d,, input.nc.tmp2
+ ncatted -O -a add_offset,NH3,d,, input.nc.tmp2
+ ncatted -O -a add_offset,MeanFRP,d,, input.nc.tmp2
+ ncatted -O -a valid_range,MeanFRP,d,, input.nc.tmp2
+ ncatted -O -a coordinates,MeanFRP,d,, input.nc.tmp2
+ nccopy -k 'netCDF-4 classic model' input.nc.tmp2 input.nc.tmp3
+ nccopy -d1 input.nc.tmp3 input.nc.tmp4
+ ERR=0
+ ECNT=0
+ '[' 0 -eq 0 ']'
+ /bin/mv input.nc.tmp4 /scratch1/BMC/gsd-fv3-dev/MAPP_2018/bhuang/JEDI-2020/JEDI-FV3/expCodes/PACEData/GBBEPx/Prep_GBBEPx_2024070100_2024093000/FixGBBEPx/GBBEPx_all01GRID.emissions_v004_20240829.nc
+ ERR=0
+ ECNT=0
+ '[' 0 -eq 0 ']'
+ echo 'Fix GBBEPx successflully at 20240829'
Fix GBBEPx successflully at 20240829
++ /scratch2/NCEPDEV/nwprod/NCEPLIBS/utils/prod_util.v1.1.0/exec/ndate 24 2024082900
+ IDATE=2024083000
+ '[' 2024083000 -le 2024093000 ']'
+ ECNT=0
+ /bin/rm -rf input.nc.tmp input.nc.tmp2 input.nc.tmp3 input.nc
+ IY=2024
+ IM=08
+ ID=30
+ IYMD=20240830
+ SRCFILE='/scratch1/BMC/gsd-fv3-dev/MAPP_2018/bhuang/JEDI-2020/JEDI-FV3/expCodes/PACEData/GBBEPx/Prep_GBBEPx_2024070100_2024093000/2024083000/*.nc'
+ OUTFILE=/scratch1/BMC/gsd-fv3-dev/MAPP_2018/bhuang/JEDI-2020/JEDI-FV3/expCodes/PACEData/GBBEPx/Prep_GBBEPx_2024070100_2024093000/FixGBBEPx/GBBEPx_all01GRID.emissions_v004_20240830.nc
++ wc -l
++ ls /scratch1/BMC/gsd-fv3-dev/MAPP_2018/bhuang/JEDI-2020/JEDI-FV3/expCodes/PACEData/GBBEPx/Prep_GBBEPx_2024070100_2024093000/2024083000/GBBEPx-all01GRID_v5r0_blend_s202408300000000_e202408302359590_c202408310349340.nc
+ NNC=1
+ '[' 1 -eq 1 ']'
++ ls /scratch1/BMC/gsd-fv3-dev/MAPP_2018/bhuang/JEDI-2020/JEDI-FV3/expCodes/PACEData/GBBEPx/Prep_GBBEPx_2024070100_2024093000/2024083000/GBBEPx-all01GRID_v5r0_blend_s202408300000000_e202408302359590_c202408310349340.nc
+ for FILE in $(ls ${SRCFILE})
+ /bin/cp /scratch1/BMC/gsd-fv3-dev/MAPP_2018/bhuang/JEDI-2020/JEDI-FV3/expCodes/PACEData/GBBEPx/Prep_GBBEPx_2024070100_2024093000/2024083000/GBBEPx-all01GRID_v5r0_blend_s202408300000000_e202408302359590_c202408310349340.nc input.nc
+ ERR=0
+ ECNT=0
+ /home/Bo.Huang/JEDI-2020/UFS-Aerosols_RETcyc/UFS-Aerosols-EP4_JEDI-AeroDA-Reanl/misc/PrepPACE/GBBEPx/fix_GBBEPx_Li.sh input.nc 20240830
+ '[' -z '' ']'
+ case "$-" in
+ __lmod_vx=x
+ '[' -n x ']'
+ set +x
Shell debugging temporarily silenced: export LMOD_SH_DBG_ON=1 for this output (/apps/lmod/lmod/init/bash)
Shell debugging restarted
+ unset __lmod_vx
+ input_file=input.nc
+ yyyymmdd=20240830
+ nccopy -k classic input.nc input.nc.tmp
+ ncks --mk_rec_dmn Time input.nc.tmp -O -o input.nc.tmp
+ ncatted -O -a units,Longitude,m,c,degrees_east input.nc.tmp
+ ncrename -v Time,time -d Time,time input.nc.tmp -O -o input.nc.tmp
+ ncrename -v Latitude,lat -d Latitude,lat input.nc.tmp -O -o input.nc.tmp
+ ncrename -v Longitude,lon -d Longitude,lon input.nc.tmp -O -o input.nc.tmp
+ ncap2 -O -s 'time[time]=0' input.nc.tmp -o input.nc.tmp
+ ncks -C -O -x -v Max_emission,Max_emission_col,Max_emission_row input.nc.tmp input.nc.tmp
+ ncks -C -O -x -v QCAll,CloudPerc,FirePerc,NumSensor input.nc.tmp input.nc.tmp
+ ncks -C -O -x -v TotalEmis_region_Africa input.nc.tmp input.nc.tmp
+ ncks -C -O -x -v TotalEmis_region_Asia input.nc.tmp input.nc.tmp
+ ncks -C -O -x -v TotalEmis_region_Australia input.nc.tmp input.nc.tmp
+ ncks -C -O -x -v TotalEmis_region_Europe input.nc.tmp input.nc.tmp
+ ncks -C -O -x -v TotalEmis_region_NorthAmerica input.nc.tmp input.nc.tmp
+ ncks -C -O -x -v TotalEmis_region_SouthAmerica input.nc.tmp input.nc.tmp
+ ncks -C -O -x -v quality_information input.nc.tmp input.nc.tmp
+ ncks -O -d lat,-89.5,89.5 input.nc.tmp input.nc.tmp2
++ date -d 20240830 +%Y-%m-%d
+ d=2024-08-30
+ dd='hours since 2024-08-30 12:00:00'
+ ncatted -O -a 'units,time,c,c,hours since 2024-08-30 12:00:00' input.nc.tmp2
+ ncatted -O -a long_name,time,c,c,Time input.nc.tmp2
+ ncatted -O -a calendar,time,c,c,gregorian input.nc.tmp2
+ ncatted -O -a axis,time,c,c,T input.nc.tmp2
+ ncatted -O -a long_name,lat,m,c,latitude input.nc.tmp2
+ ncatted -O -a long_name,lon,m,c,longitude input.nc.tmp2
+ ncatted -O -a axis,lon,d,, input.nc.tmp2
+ ncatted -O -a bounds,lon,d,, input.nc.tmp2
+ ncatted -O -a valid_range,lon,d,, input.nc.tmp2
+ ncatted -O -a scale_factor,lon,d,, input.nc.tmp2
+ ncatted -O -a add_offset,lon,d,, input.nc.tmp2
+ ncatted -O -a _FillValue,lon,d,, input.nc.tmp2
+ ncatted -O -a axis,lat,d,, input.nc.tmp2
+ ncatted -O -a bounds,lat,d,, input.nc.tmp2
+ ncatted -O -a valid_range,lat,d,, input.nc.tmp2
+ ncatted -O -a scale_factor,lat,d,, input.nc.tmp2
+ ncatted -O -a add_offset,lat,d,, input.nc.tmp2
+ ncatted -O -a _FillValue,lat,d,, input.nc.tmp2
+ ncatted -O -a coordinates,SO2,d,, input.nc.tmp2
+ ncatted -O -a coordinates,PM2.5,d,, input.nc.tmp2
+ ncatted -O -a coordinates,OC,d,, input.nc.tmp2
+ ncatted -O -a coordinates,BC,d,, input.nc.tmp2
+ ncatted -O -a coordinates,CO,d,, input.nc.tmp2
+ ncatted -O -a coordinates,NOx,d,, input.nc.tmp2
+ ncatted -O -a coordinates,NH3,d,, input.nc.tmp2
+ ncatted -O -a valid_range,SO2,d,, input.nc.tmp2
+ ncatted -O -a valid_range,PM2.5,d,, input.nc.tmp2
+ ncatted -O -a valid_range,OC,d,, input.nc.tmp2
+ ncatted -O -a valid_range,BC,d,, input.nc.tmp2
+ ncatted -O -a valid_range,CO,d,, input.nc.tmp2
+ ncatted -O -a valid_range,NOx,d,, input.nc.tmp2
+ ncatted -O -a valid_range,NH3,d,, input.nc.tmp2
+ ncatted -O -a add_offset,SO2,d,, input.nc.tmp2
+ ncatted -O -a add_offset,PM2.5,d,, input.nc.tmp2
+ ncatted -O -a add_offset,OC,d,, input.nc.tmp2
+ ncatted -O -a add_offset,BC,d,, input.nc.tmp2
+ ncatted -O -a add_offset,CO,d,, input.nc.tmp2
+ ncatted -O -a add_offset,NOx,d,, input.nc.tmp2
+ ncatted -O -a add_offset,NH3,d,, input.nc.tmp2
+ ncatted -O -a add_offset,MeanFRP,d,, input.nc.tmp2
+ ncatted -O -a valid_range,MeanFRP,d,, input.nc.tmp2
+ ncatted -O -a coordinates,MeanFRP,d,, input.nc.tmp2
+ nccopy -k 'netCDF-4 classic model' input.nc.tmp2 input.nc.tmp3
+ nccopy -d1 input.nc.tmp3 input.nc.tmp4
+ ERR=0
+ ECNT=0
+ '[' 0 -eq 0 ']'
+ /bin/mv input.nc.tmp4 /scratch1/BMC/gsd-fv3-dev/MAPP_2018/bhuang/JEDI-2020/JEDI-FV3/expCodes/PACEData/GBBEPx/Prep_GBBEPx_2024070100_2024093000/FixGBBEPx/GBBEPx_all01GRID.emissions_v004_20240830.nc
+ ERR=0
+ ECNT=0
+ '[' 0 -eq 0 ']'
+ echo 'Fix GBBEPx successflully at 20240830'
Fix GBBEPx successflully at 20240830
++ /scratch2/NCEPDEV/nwprod/NCEPLIBS/utils/prod_util.v1.1.0/exec/ndate 24 2024083000
+ IDATE=2024083100
+ '[' 2024083100 -le 2024093000 ']'
+ ECNT=0
+ /bin/rm -rf input.nc.tmp input.nc.tmp2 input.nc.tmp3 input.nc
+ IY=2024
+ IM=08
+ ID=31
+ IYMD=20240831
+ SRCFILE='/scratch1/BMC/gsd-fv3-dev/MAPP_2018/bhuang/JEDI-2020/JEDI-FV3/expCodes/PACEData/GBBEPx/Prep_GBBEPx_2024070100_2024093000/2024083100/*.nc'
+ OUTFILE=/scratch1/BMC/gsd-fv3-dev/MAPP_2018/bhuang/JEDI-2020/JEDI-FV3/expCodes/PACEData/GBBEPx/Prep_GBBEPx_2024070100_2024093000/FixGBBEPx/GBBEPx_all01GRID.emissions_v004_20240831.nc
++ wc -l
++ ls /scratch1/BMC/gsd-fv3-dev/MAPP_2018/bhuang/JEDI-2020/JEDI-FV3/expCodes/PACEData/GBBEPx/Prep_GBBEPx_2024070100_2024093000/2024083100/GBBEPx-all01GRID_v5r0_blend_s202408310000000_e202408312359590_c202409010139090.nc
+ NNC=1
+ '[' 1 -eq 1 ']'
++ ls /scratch1/BMC/gsd-fv3-dev/MAPP_2018/bhuang/JEDI-2020/JEDI-FV3/expCodes/PACEData/GBBEPx/Prep_GBBEPx_2024070100_2024093000/2024083100/GBBEPx-all01GRID_v5r0_blend_s202408310000000_e202408312359590_c202409010139090.nc
+ for FILE in $(ls ${SRCFILE})
+ /bin/cp /scratch1/BMC/gsd-fv3-dev/MAPP_2018/bhuang/JEDI-2020/JEDI-FV3/expCodes/PACEData/GBBEPx/Prep_GBBEPx_2024070100_2024093000/2024083100/GBBEPx-all01GRID_v5r0_blend_s202408310000000_e202408312359590_c202409010139090.nc input.nc
+ ERR=0
+ ECNT=0
+ /home/Bo.Huang/JEDI-2020/UFS-Aerosols_RETcyc/UFS-Aerosols-EP4_JEDI-AeroDA-Reanl/misc/PrepPACE/GBBEPx/fix_GBBEPx_Li.sh input.nc 20240831
+ '[' -z '' ']'
+ case "$-" in
+ __lmod_vx=x
+ '[' -n x ']'
+ set +x
Shell debugging temporarily silenced: export LMOD_SH_DBG_ON=1 for this output (/apps/lmod/lmod/init/bash)
Shell debugging restarted
+ unset __lmod_vx
+ input_file=input.nc
+ yyyymmdd=20240831
+ nccopy -k classic input.nc input.nc.tmp
+ ncks --mk_rec_dmn Time input.nc.tmp -O -o input.nc.tmp
+ ncatted -O -a units,Longitude,m,c,degrees_east input.nc.tmp
+ ncrename -v Time,time -d Time,time input.nc.tmp -O -o input.nc.tmp
+ ncrename -v Latitude,lat -d Latitude,lat input.nc.tmp -O -o input.nc.tmp
+ ncrename -v Longitude,lon -d Longitude,lon input.nc.tmp -O -o input.nc.tmp
+ ncap2 -O -s 'time[time]=0' input.nc.tmp -o input.nc.tmp
+ ncks -C -O -x -v Max_emission,Max_emission_col,Max_emission_row input.nc.tmp input.nc.tmp
+ ncks -C -O -x -v QCAll,CloudPerc,FirePerc,NumSensor input.nc.tmp input.nc.tmp
+ ncks -C -O -x -v TotalEmis_region_Africa input.nc.tmp input.nc.tmp
+ ncks -C -O -x -v TotalEmis_region_Asia input.nc.tmp input.nc.tmp
+ ncks -C -O -x -v TotalEmis_region_Australia input.nc.tmp input.nc.tmp
+ ncks -C -O -x -v TotalEmis_region_Europe input.nc.tmp input.nc.tmp
+ ncks -C -O -x -v TotalEmis_region_NorthAmerica input.nc.tmp input.nc.tmp
+ ncks -C -O -x -v TotalEmis_region_SouthAmerica input.nc.tmp input.nc.tmp
+ ncks -C -O -x -v quality_information input.nc.tmp input.nc.tmp
+ ncks -O -d lat,-89.5,89.5 input.nc.tmp input.nc.tmp2
++ date -d 20240831 +%Y-%m-%d
+ d=2024-08-31
+ dd='hours since 2024-08-31 12:00:00'
+ ncatted -O -a 'units,time,c,c,hours since 2024-08-31 12:00:00' input.nc.tmp2
+ ncatted -O -a long_name,time,c,c,Time input.nc.tmp2
+ ncatted -O -a calendar,time,c,c,gregorian input.nc.tmp2
+ ncatted -O -a axis,time,c,c,T input.nc.tmp2
+ ncatted -O -a long_name,lat,m,c,latitude input.nc.tmp2
+ ncatted -O -a long_name,lon,m,c,longitude input.nc.tmp2
+ ncatted -O -a axis,lon,d,, input.nc.tmp2
+ ncatted -O -a bounds,lon,d,, input.nc.tmp2
+ ncatted -O -a valid_range,lon,d,, input.nc.tmp2
+ ncatted -O -a scale_factor,lon,d,, input.nc.tmp2
+ ncatted -O -a add_offset,lon,d,, input.nc.tmp2
+ ncatted -O -a _FillValue,lon,d,, input.nc.tmp2
+ ncatted -O -a axis,lat,d,, input.nc.tmp2
+ ncatted -O -a bounds,lat,d,, input.nc.tmp2
+ ncatted -O -a valid_range,lat,d,, input.nc.tmp2
+ ncatted -O -a scale_factor,lat,d,, input.nc.tmp2
+ ncatted -O -a add_offset,lat,d,, input.nc.tmp2
+ ncatted -O -a _FillValue,lat,d,, input.nc.tmp2
+ ncatted -O -a coordinates,SO2,d,, input.nc.tmp2
+ ncatted -O -a coordinates,PM2.5,d,, input.nc.tmp2
+ ncatted -O -a coordinates,OC,d,, input.nc.tmp2
+ ncatted -O -a coordinates,BC,d,, input.nc.tmp2
+ ncatted -O -a coordinates,CO,d,, input.nc.tmp2
+ ncatted -O -a coordinates,NOx,d,, input.nc.tmp2
+ ncatted -O -a coordinates,NH3,d,, input.nc.tmp2
+ ncatted -O -a valid_range,SO2,d,, input.nc.tmp2
+ ncatted -O -a valid_range,PM2.5,d,, input.nc.tmp2
+ ncatted -O -a valid_range,OC,d,, input.nc.tmp2
+ ncatted -O -a valid_range,BC,d,, input.nc.tmp2
+ ncatted -O -a valid_range,CO,d,, input.nc.tmp2
+ ncatted -O -a valid_range,NOx,d,, input.nc.tmp2
+ ncatted -O -a valid_range,NH3,d,, input.nc.tmp2
+ ncatted -O -a add_offset,SO2,d,, input.nc.tmp2
+ ncatted -O -a add_offset,PM2.5,d,, input.nc.tmp2
+ ncatted -O -a add_offset,OC,d,, input.nc.tmp2
+ ncatted -O -a add_offset,BC,d,, input.nc.tmp2
+ ncatted -O -a add_offset,CO,d,, input.nc.tmp2
+ ncatted -O -a add_offset,NOx,d,, input.nc.tmp2
+ ncatted -O -a add_offset,NH3,d,, input.nc.tmp2
+ ncatted -O -a add_offset,MeanFRP,d,, input.nc.tmp2
+ ncatted -O -a valid_range,MeanFRP,d,, input.nc.tmp2
+ ncatted -O -a coordinates,MeanFRP,d,, input.nc.tmp2
+ nccopy -k 'netCDF-4 classic model' input.nc.tmp2 input.nc.tmp3
+ nccopy -d1 input.nc.tmp3 input.nc.tmp4
+ ERR=0
+ ECNT=0
+ '[' 0 -eq 0 ']'
+ /bin/mv input.nc.tmp4 /scratch1/BMC/gsd-fv3-dev/MAPP_2018/bhuang/JEDI-2020/JEDI-FV3/expCodes/PACEData/GBBEPx/Prep_GBBEPx_2024070100_2024093000/FixGBBEPx/GBBEPx_all01GRID.emissions_v004_20240831.nc
+ ERR=0
+ ECNT=0
+ '[' 0 -eq 0 ']'
+ echo 'Fix GBBEPx successflully at 20240831'
Fix GBBEPx successflully at 20240831
++ /scratch2/NCEPDEV/nwprod/NCEPLIBS/utils/prod_util.v1.1.0/exec/ndate 24 2024083100
+ IDATE=2024090100
+ '[' 2024090100 -le 2024093000 ']'
+ ECNT=0
+ /bin/rm -rf input.nc.tmp input.nc.tmp2 input.nc.tmp3 input.nc
+ IY=2024
+ IM=09
+ ID=01
+ IYMD=20240901
+ SRCFILE='/scratch1/BMC/gsd-fv3-dev/MAPP_2018/bhuang/JEDI-2020/JEDI-FV3/expCodes/PACEData/GBBEPx/Prep_GBBEPx_2024070100_2024093000/2024090100/*.nc'
+ OUTFILE=/scratch1/BMC/gsd-fv3-dev/MAPP_2018/bhuang/JEDI-2020/JEDI-FV3/expCodes/PACEData/GBBEPx/Prep_GBBEPx_2024070100_2024093000/FixGBBEPx/GBBEPx_all01GRID.emissions_v004_20240901.nc
++ wc -l
++ ls /scratch1/BMC/gsd-fv3-dev/MAPP_2018/bhuang/JEDI-2020/JEDI-FV3/expCodes/PACEData/GBBEPx/Prep_GBBEPx_2024070100_2024093000/2024090100/GBBEPx-all01GRID_v5r0_blend_s202409010000000_e202409012359590_c202409020121530.nc
+ NNC=1
+ '[' 1 -eq 1 ']'
++ ls /scratch1/BMC/gsd-fv3-dev/MAPP_2018/bhuang/JEDI-2020/JEDI-FV3/expCodes/PACEData/GBBEPx/Prep_GBBEPx_2024070100_2024093000/2024090100/GBBEPx-all01GRID_v5r0_blend_s202409010000000_e202409012359590_c202409020121530.nc
+ for FILE in $(ls ${SRCFILE})
+ /bin/cp /scratch1/BMC/gsd-fv3-dev/MAPP_2018/bhuang/JEDI-2020/JEDI-FV3/expCodes/PACEData/GBBEPx/Prep_GBBEPx_2024070100_2024093000/2024090100/GBBEPx-all01GRID_v5r0_blend_s202409010000000_e202409012359590_c202409020121530.nc input.nc
+ ERR=0
+ ECNT=0
+ /home/Bo.Huang/JEDI-2020/UFS-Aerosols_RETcyc/UFS-Aerosols-EP4_JEDI-AeroDA-Reanl/misc/PrepPACE/GBBEPx/fix_GBBEPx_Li.sh input.nc 20240901
+ '[' -z '' ']'
+ case "$-" in
+ __lmod_vx=x
+ '[' -n x ']'
+ set +x
Shell debugging temporarily silenced: export LMOD_SH_DBG_ON=1 for this output (/apps/lmod/lmod/init/bash)
Shell debugging restarted
+ unset __lmod_vx
+ input_file=input.nc
+ yyyymmdd=20240901
+ nccopy -k classic input.nc input.nc.tmp
+ ncks --mk_rec_dmn Time input.nc.tmp -O -o input.nc.tmp
+ ncatted -O -a units,Longitude,m,c,degrees_east input.nc.tmp
+ ncrename -v Time,time -d Time,time input.nc.tmp -O -o input.nc.tmp
+ ncrename -v Latitude,lat -d Latitude,lat input.nc.tmp -O -o input.nc.tmp
+ ncrename -v Longitude,lon -d Longitude,lon input.nc.tmp -O -o input.nc.tmp
+ ncap2 -O -s 'time[time]=0' input.nc.tmp -o input.nc.tmp
+ ncks -C -O -x -v Max_emission,Max_emission_col,Max_emission_row input.nc.tmp input.nc.tmp
+ ncks -C -O -x -v QCAll,CloudPerc,FirePerc,NumSensor input.nc.tmp input.nc.tmp
+ ncks -C -O -x -v TotalEmis_region_Africa input.nc.tmp input.nc.tmp
+ ncks -C -O -x -v TotalEmis_region_Asia input.nc.tmp input.nc.tmp
+ ncks -C -O -x -v TotalEmis_region_Australia input.nc.tmp input.nc.tmp
+ ncks -C -O -x -v TotalEmis_region_Europe input.nc.tmp input.nc.tmp
+ ncks -C -O -x -v TotalEmis_region_NorthAmerica input.nc.tmp input.nc.tmp
+ ncks -C -O -x -v TotalEmis_region_SouthAmerica input.nc.tmp input.nc.tmp
+ ncks -C -O -x -v quality_information input.nc.tmp input.nc.tmp
+ ncks -O -d lat,-89.5,89.5 input.nc.tmp input.nc.tmp2
++ date -d 20240901 +%Y-%m-%d
+ d=2024-09-01
+ dd='hours since 2024-09-01 12:00:00'
+ ncatted -O -a 'units,time,c,c,hours since 2024-09-01 12:00:00' input.nc.tmp2
+ ncatted -O -a long_name,time,c,c,Time input.nc.tmp2
+ ncatted -O -a calendar,time,c,c,gregorian input.nc.tmp2
+ ncatted -O -a axis,time,c,c,T input.nc.tmp2
+ ncatted -O -a long_name,lat,m,c,latitude input.nc.tmp2
+ ncatted -O -a long_name,lon,m,c,longitude input.nc.tmp2
+ ncatted -O -a axis,lon,d,, input.nc.tmp2
+ ncatted -O -a bounds,lon,d,, input.nc.tmp2
+ ncatted -O -a valid_range,lon,d,, input.nc.tmp2
+ ncatted -O -a scale_factor,lon,d,, input.nc.tmp2
+ ncatted -O -a add_offset,lon,d,, input.nc.tmp2
+ ncatted -O -a _FillValue,lon,d,, input.nc.tmp2
+ ncatted -O -a axis,lat,d,, input.nc.tmp2
+ ncatted -O -a bounds,lat,d,, input.nc.tmp2
+ ncatted -O -a valid_range,lat,d,, input.nc.tmp2
+ ncatted -O -a scale_factor,lat,d,, input.nc.tmp2
+ ncatted -O -a add_offset,lat,d,, input.nc.tmp2
+ ncatted -O -a _FillValue,lat,d,, input.nc.tmp2
+ ncatted -O -a coordinates,SO2,d,, input.nc.tmp2
+ ncatted -O -a coordinates,PM2.5,d,, input.nc.tmp2
+ ncatted -O -a coordinates,OC,d,, input.nc.tmp2
+ ncatted -O -a coordinates,BC,d,, input.nc.tmp2
+ ncatted -O -a coordinates,CO,d,, input.nc.tmp2
+ ncatted -O -a coordinates,NOx,d,, input.nc.tmp2
+ ncatted -O -a coordinates,NH3,d,, input.nc.tmp2
+ ncatted -O -a valid_range,SO2,d,, input.nc.tmp2
+ ncatted -O -a valid_range,PM2.5,d,, input.nc.tmp2
+ ncatted -O -a valid_range,OC,d,, input.nc.tmp2
+ ncatted -O -a valid_range,BC,d,, input.nc.tmp2
+ ncatted -O -a valid_range,CO,d,, input.nc.tmp2
+ ncatted -O -a valid_range,NOx,d,, input.nc.tmp2
+ ncatted -O -a valid_range,NH3,d,, input.nc.tmp2
+ ncatted -O -a add_offset,SO2,d,, input.nc.tmp2
+ ncatted -O -a add_offset,PM2.5,d,, input.nc.tmp2
+ ncatted -O -a add_offset,OC,d,, input.nc.tmp2
+ ncatted -O -a add_offset,BC,d,, input.nc.tmp2
+ ncatted -O -a add_offset,CO,d,, input.nc.tmp2
+ ncatted -O -a add_offset,NOx,d,, input.nc.tmp2
+ ncatted -O -a add_offset,NH3,d,, input.nc.tmp2
+ ncatted -O -a add_offset,MeanFRP,d,, input.nc.tmp2
+ ncatted -O -a valid_range,MeanFRP,d,, input.nc.tmp2
+ ncatted -O -a coordinates,MeanFRP,d,, input.nc.tmp2
+ nccopy -k 'netCDF-4 classic model' input.nc.tmp2 input.nc.tmp3
+ nccopy -d1 input.nc.tmp3 input.nc.tmp4
+ ERR=0
+ ECNT=0
+ '[' 0 -eq 0 ']'
+ /bin/mv input.nc.tmp4 /scratch1/BMC/gsd-fv3-dev/MAPP_2018/bhuang/JEDI-2020/JEDI-FV3/expCodes/PACEData/GBBEPx/Prep_GBBEPx_2024070100_2024093000/FixGBBEPx/GBBEPx_all01GRID.emissions_v004_20240901.nc
+ ERR=0
+ ECNT=0
+ '[' 0 -eq 0 ']'
+ echo 'Fix GBBEPx successflully at 20240901'
Fix GBBEPx successflully at 20240901
++ /scratch2/NCEPDEV/nwprod/NCEPLIBS/utils/prod_util.v1.1.0/exec/ndate 24 2024090100
+ IDATE=2024090200
+ '[' 2024090200 -le 2024093000 ']'
+ ECNT=0
+ /bin/rm -rf input.nc.tmp input.nc.tmp2 input.nc.tmp3 input.nc
+ IY=2024
+ IM=09
+ ID=02
+ IYMD=20240902
+ SRCFILE='/scratch1/BMC/gsd-fv3-dev/MAPP_2018/bhuang/JEDI-2020/JEDI-FV3/expCodes/PACEData/GBBEPx/Prep_GBBEPx_2024070100_2024093000/2024090200/*.nc'
+ OUTFILE=/scratch1/BMC/gsd-fv3-dev/MAPP_2018/bhuang/JEDI-2020/JEDI-FV3/expCodes/PACEData/GBBEPx/Prep_GBBEPx_2024070100_2024093000/FixGBBEPx/GBBEPx_all01GRID.emissions_v004_20240902.nc
++ wc -l
++ ls /scratch1/BMC/gsd-fv3-dev/MAPP_2018/bhuang/JEDI-2020/JEDI-FV3/expCodes/PACEData/GBBEPx/Prep_GBBEPx_2024070100_2024093000/2024090200/GBBEPx-all01GRID_v5r0_blend_s202409020000000_e202409022359590_c202409030107580.nc
+ NNC=1
+ '[' 1 -eq 1 ']'
++ ls /scratch1/BMC/gsd-fv3-dev/MAPP_2018/bhuang/JEDI-2020/JEDI-FV3/expCodes/PACEData/GBBEPx/Prep_GBBEPx_2024070100_2024093000/2024090200/GBBEPx-all01GRID_v5r0_blend_s202409020000000_e202409022359590_c202409030107580.nc
+ for FILE in $(ls ${SRCFILE})
+ /bin/cp /scratch1/BMC/gsd-fv3-dev/MAPP_2018/bhuang/JEDI-2020/JEDI-FV3/expCodes/PACEData/GBBEPx/Prep_GBBEPx_2024070100_2024093000/2024090200/GBBEPx-all01GRID_v5r0_blend_s202409020000000_e202409022359590_c202409030107580.nc input.nc
+ ERR=0
+ ECNT=0
+ /home/Bo.Huang/JEDI-2020/UFS-Aerosols_RETcyc/UFS-Aerosols-EP4_JEDI-AeroDA-Reanl/misc/PrepPACE/GBBEPx/fix_GBBEPx_Li.sh input.nc 20240902
+ '[' -z '' ']'
+ case "$-" in
+ __lmod_vx=x
+ '[' -n x ']'
+ set +x
Shell debugging temporarily silenced: export LMOD_SH_DBG_ON=1 for this output (/apps/lmod/lmod/init/bash)
Shell debugging restarted
+ unset __lmod_vx
+ input_file=input.nc
+ yyyymmdd=20240902
+ nccopy -k classic input.nc input.nc.tmp
+ ncks --mk_rec_dmn Time input.nc.tmp -O -o input.nc.tmp
+ ncatted -O -a units,Longitude,m,c,degrees_east input.nc.tmp
+ ncrename -v Time,time -d Time,time input.nc.tmp -O -o input.nc.tmp
+ ncrename -v Latitude,lat -d Latitude,lat input.nc.tmp -O -o input.nc.tmp
+ ncrename -v Longitude,lon -d Longitude,lon input.nc.tmp -O -o input.nc.tmp
+ ncap2 -O -s 'time[time]=0' input.nc.tmp -o input.nc.tmp
+ ncks -C -O -x -v Max_emission,Max_emission_col,Max_emission_row input.nc.tmp input.nc.tmp
+ ncks -C -O -x -v QCAll,CloudPerc,FirePerc,NumSensor input.nc.tmp input.nc.tmp
+ ncks -C -O -x -v TotalEmis_region_Africa input.nc.tmp input.nc.tmp
+ ncks -C -O -x -v TotalEmis_region_Asia input.nc.tmp input.nc.tmp
+ ncks -C -O -x -v TotalEmis_region_Australia input.nc.tmp input.nc.tmp
+ ncks -C -O -x -v TotalEmis_region_Europe input.nc.tmp input.nc.tmp
+ ncks -C -O -x -v TotalEmis_region_NorthAmerica input.nc.tmp input.nc.tmp
+ ncks -C -O -x -v TotalEmis_region_SouthAmerica input.nc.tmp input.nc.tmp
+ ncks -C -O -x -v quality_information input.nc.tmp input.nc.tmp
+ ncks -O -d lat,-89.5,89.5 input.nc.tmp input.nc.tmp2
++ date -d 20240902 +%Y-%m-%d
+ d=2024-09-02
+ dd='hours since 2024-09-02 12:00:00'
+ ncatted -O -a 'units,time,c,c,hours since 2024-09-02 12:00:00' input.nc.tmp2
+ ncatted -O -a long_name,time,c,c,Time input.nc.tmp2
+ ncatted -O -a calendar,time,c,c,gregorian input.nc.tmp2
+ ncatted -O -a axis,time,c,c,T input.nc.tmp2
+ ncatted -O -a long_name,lat,m,c,latitude input.nc.tmp2
+ ncatted -O -a long_name,lon,m,c,longitude input.nc.tmp2
+ ncatted -O -a axis,lon,d,, input.nc.tmp2
+ ncatted -O -a bounds,lon,d,, input.nc.tmp2
+ ncatted -O -a valid_range,lon,d,, input.nc.tmp2
+ ncatted -O -a scale_factor,lon,d,, input.nc.tmp2
+ ncatted -O -a add_offset,lon,d,, input.nc.tmp2
+ ncatted -O -a _FillValue,lon,d,, input.nc.tmp2
+ ncatted -O -a axis,lat,d,, input.nc.tmp2
+ ncatted -O -a bounds,lat,d,, input.nc.tmp2
+ ncatted -O -a valid_range,lat,d,, input.nc.tmp2
+ ncatted -O -a scale_factor,lat,d,, input.nc.tmp2
+ ncatted -O -a add_offset,lat,d,, input.nc.tmp2
+ ncatted -O -a _FillValue,lat,d,, input.nc.tmp2
+ ncatted -O -a coordinates,SO2,d,, input.nc.tmp2
+ ncatted -O -a coordinates,PM2.5,d,, input.nc.tmp2
+ ncatted -O -a coordinates,OC,d,, input.nc.tmp2
+ ncatted -O -a coordinates,BC,d,, input.nc.tmp2
+ ncatted -O -a coordinates,CO,d,, input.nc.tmp2
+ ncatted -O -a coordinates,NOx,d,, input.nc.tmp2
+ ncatted -O -a coordinates,NH3,d,, input.nc.tmp2
+ ncatted -O -a valid_range,SO2,d,, input.nc.tmp2
+ ncatted -O -a valid_range,PM2.5,d,, input.nc.tmp2
+ ncatted -O -a valid_range,OC,d,, input.nc.tmp2
+ ncatted -O -a valid_range,BC,d,, input.nc.tmp2
+ ncatted -O -a valid_range,CO,d,, input.nc.tmp2
+ ncatted -O -a valid_range,NOx,d,, input.nc.tmp2
+ ncatted -O -a valid_range,NH3,d,, input.nc.tmp2
+ ncatted -O -a add_offset,SO2,d,, input.nc.tmp2
+ ncatted -O -a add_offset,PM2.5,d,, input.nc.tmp2
+ ncatted -O -a add_offset,OC,d,, input.nc.tmp2
+ ncatted -O -a add_offset,BC,d,, input.nc.tmp2
+ ncatted -O -a add_offset,CO,d,, input.nc.tmp2
+ ncatted -O -a add_offset,NOx,d,, input.nc.tmp2
+ ncatted -O -a add_offset,NH3,d,, input.nc.tmp2
+ ncatted -O -a add_offset,MeanFRP,d,, input.nc.tmp2
+ ncatted -O -a valid_range,MeanFRP,d,, input.nc.tmp2
+ ncatted -O -a coordinates,MeanFRP,d,, input.nc.tmp2
+ nccopy -k 'netCDF-4 classic model' input.nc.tmp2 input.nc.tmp3
+ nccopy -d1 input.nc.tmp3 input.nc.tmp4
+ ERR=0
+ ECNT=0
+ '[' 0 -eq 0 ']'
+ /bin/mv input.nc.tmp4 /scratch1/BMC/gsd-fv3-dev/MAPP_2018/bhuang/JEDI-2020/JEDI-FV3/expCodes/PACEData/GBBEPx/Prep_GBBEPx_2024070100_2024093000/FixGBBEPx/GBBEPx_all01GRID.emissions_v004_20240902.nc
+ ERR=0
+ ECNT=0
+ '[' 0 -eq 0 ']'
+ echo 'Fix GBBEPx successflully at 20240902'
Fix GBBEPx successflully at 20240902
++ /scratch2/NCEPDEV/nwprod/NCEPLIBS/utils/prod_util.v1.1.0/exec/ndate 24 2024090200
+ IDATE=2024090300
+ '[' 2024090300 -le 2024093000 ']'
+ ECNT=0
+ /bin/rm -rf input.nc.tmp input.nc.tmp2 input.nc.tmp3 input.nc
+ IY=2024
+ IM=09
+ ID=03
+ IYMD=20240903
+ SRCFILE='/scratch1/BMC/gsd-fv3-dev/MAPP_2018/bhuang/JEDI-2020/JEDI-FV3/expCodes/PACEData/GBBEPx/Prep_GBBEPx_2024070100_2024093000/2024090300/*.nc'
+ OUTFILE=/scratch1/BMC/gsd-fv3-dev/MAPP_2018/bhuang/JEDI-2020/JEDI-FV3/expCodes/PACEData/GBBEPx/Prep_GBBEPx_2024070100_2024093000/FixGBBEPx/GBBEPx_all01GRID.emissions_v004_20240903.nc
++ wc -l
++ ls /scratch1/BMC/gsd-fv3-dev/MAPP_2018/bhuang/JEDI-2020/JEDI-FV3/expCodes/PACEData/GBBEPx/Prep_GBBEPx_2024070100_2024093000/2024090300/GBBEPx-all01GRID_v5r0_blend_s202409030000000_e202409032359590_c202409040132550.nc
+ NNC=1
+ '[' 1 -eq 1 ']'
++ ls /scratch1/BMC/gsd-fv3-dev/MAPP_2018/bhuang/JEDI-2020/JEDI-FV3/expCodes/PACEData/GBBEPx/Prep_GBBEPx_2024070100_2024093000/2024090300/GBBEPx-all01GRID_v5r0_blend_s202409030000000_e202409032359590_c202409040132550.nc
+ for FILE in $(ls ${SRCFILE})
+ /bin/cp /scratch1/BMC/gsd-fv3-dev/MAPP_2018/bhuang/JEDI-2020/JEDI-FV3/expCodes/PACEData/GBBEPx/Prep_GBBEPx_2024070100_2024093000/2024090300/GBBEPx-all01GRID_v5r0_blend_s202409030000000_e202409032359590_c202409040132550.nc input.nc
+ ERR=0
+ ECNT=0
+ /home/Bo.Huang/JEDI-2020/UFS-Aerosols_RETcyc/UFS-Aerosols-EP4_JEDI-AeroDA-Reanl/misc/PrepPACE/GBBEPx/fix_GBBEPx_Li.sh input.nc 20240903
+ '[' -z '' ']'
+ case "$-" in
+ __lmod_vx=x
+ '[' -n x ']'
+ set +x
Shell debugging temporarily silenced: export LMOD_SH_DBG_ON=1 for this output (/apps/lmod/lmod/init/bash)
Shell debugging restarted
+ unset __lmod_vx
+ input_file=input.nc
+ yyyymmdd=20240903
+ nccopy -k classic input.nc input.nc.tmp
+ ncks --mk_rec_dmn Time input.nc.tmp -O -o input.nc.tmp
+ ncatted -O -a units,Longitude,m,c,degrees_east input.nc.tmp
+ ncrename -v Time,time -d Time,time input.nc.tmp -O -o input.nc.tmp
+ ncrename -v Latitude,lat -d Latitude,lat input.nc.tmp -O -o input.nc.tmp
+ ncrename -v Longitude,lon -d Longitude,lon input.nc.tmp -O -o input.nc.tmp
+ ncap2 -O -s 'time[time]=0' input.nc.tmp -o input.nc.tmp
+ ncks -C -O -x -v Max_emission,Max_emission_col,Max_emission_row input.nc.tmp input.nc.tmp
+ ncks -C -O -x -v QCAll,CloudPerc,FirePerc,NumSensor input.nc.tmp input.nc.tmp
+ ncks -C -O -x -v TotalEmis_region_Africa input.nc.tmp input.nc.tmp
+ ncks -C -O -x -v TotalEmis_region_Asia input.nc.tmp input.nc.tmp
+ ncks -C -O -x -v TotalEmis_region_Australia input.nc.tmp input.nc.tmp
+ ncks -C -O -x -v TotalEmis_region_Europe input.nc.tmp input.nc.tmp
+ ncks -C -O -x -v TotalEmis_region_NorthAmerica input.nc.tmp input.nc.tmp
+ ncks -C -O -x -v TotalEmis_region_SouthAmerica input.nc.tmp input.nc.tmp
+ ncks -C -O -x -v quality_information input.nc.tmp input.nc.tmp
+ ncks -O -d lat,-89.5,89.5 input.nc.tmp input.nc.tmp2
++ date -d 20240903 +%Y-%m-%d
+ d=2024-09-03
+ dd='hours since 2024-09-03 12:00:00'
+ ncatted -O -a 'units,time,c,c,hours since 2024-09-03 12:00:00' input.nc.tmp2
+ ncatted -O -a long_name,time,c,c,Time input.nc.tmp2
+ ncatted -O -a calendar,time,c,c,gregorian input.nc.tmp2
+ ncatted -O -a axis,time,c,c,T input.nc.tmp2
+ ncatted -O -a long_name,lat,m,c,latitude input.nc.tmp2
+ ncatted -O -a long_name,lon,m,c,longitude input.nc.tmp2
+ ncatted -O -a axis,lon,d,, input.nc.tmp2
+ ncatted -O -a bounds,lon,d,, input.nc.tmp2
+ ncatted -O -a valid_range,lon,d,, input.nc.tmp2
+ ncatted -O -a scale_factor,lon,d,, input.nc.tmp2
+ ncatted -O -a add_offset,lon,d,, input.nc.tmp2
+ ncatted -O -a _FillValue,lon,d,, input.nc.tmp2
+ ncatted -O -a axis,lat,d,, input.nc.tmp2
+ ncatted -O -a bounds,lat,d,, input.nc.tmp2
+ ncatted -O -a valid_range,lat,d,, input.nc.tmp2
+ ncatted -O -a scale_factor,lat,d,, input.nc.tmp2
+ ncatted -O -a add_offset,lat,d,, input.nc.tmp2
+ ncatted -O -a _FillValue,lat,d,, input.nc.tmp2
+ ncatted -O -a coordinates,SO2,d,, input.nc.tmp2
+ ncatted -O -a coordinates,PM2.5,d,, input.nc.tmp2
+ ncatted -O -a coordinates,OC,d,, input.nc.tmp2
+ ncatted -O -a coordinates,BC,d,, input.nc.tmp2
+ ncatted -O -a coordinates,CO,d,, input.nc.tmp2
+ ncatted -O -a coordinates,NOx,d,, input.nc.tmp2
+ ncatted -O -a coordinates,NH3,d,, input.nc.tmp2
+ ncatted -O -a valid_range,SO2,d,, input.nc.tmp2
+ ncatted -O -a valid_range,PM2.5,d,, input.nc.tmp2
+ ncatted -O -a valid_range,OC,d,, input.nc.tmp2
+ ncatted -O -a valid_range,BC,d,, input.nc.tmp2
+ ncatted -O -a valid_range,CO,d,, input.nc.tmp2
+ ncatted -O -a valid_range,NOx,d,, input.nc.tmp2
+ ncatted -O -a valid_range,NH3,d,, input.nc.tmp2
+ ncatted -O -a add_offset,SO2,d,, input.nc.tmp2
+ ncatted -O -a add_offset,PM2.5,d,, input.nc.tmp2
+ ncatted -O -a add_offset,OC,d,, input.nc.tmp2
+ ncatted -O -a add_offset,BC,d,, input.nc.tmp2
+ ncatted -O -a add_offset,CO,d,, input.nc.tmp2
+ ncatted -O -a add_offset,NOx,d,, input.nc.tmp2
+ ncatted -O -a add_offset,NH3,d,, input.nc.tmp2
+ ncatted -O -a add_offset,MeanFRP,d,, input.nc.tmp2
+ ncatted -O -a valid_range,MeanFRP,d,, input.nc.tmp2
+ ncatted -O -a coordinates,MeanFRP,d,, input.nc.tmp2
+ nccopy -k 'netCDF-4 classic model' input.nc.tmp2 input.nc.tmp3
+ nccopy -d1 input.nc.tmp3 input.nc.tmp4
+ ERR=0
+ ECNT=0
+ '[' 0 -eq 0 ']'
+ /bin/mv input.nc.tmp4 /scratch1/BMC/gsd-fv3-dev/MAPP_2018/bhuang/JEDI-2020/JEDI-FV3/expCodes/PACEData/GBBEPx/Prep_GBBEPx_2024070100_2024093000/FixGBBEPx/GBBEPx_all01GRID.emissions_v004_20240903.nc
+ ERR=0
+ ECNT=0
+ '[' 0 -eq 0 ']'
+ echo 'Fix GBBEPx successflully at 20240903'
Fix GBBEPx successflully at 20240903
++ /scratch2/NCEPDEV/nwprod/NCEPLIBS/utils/prod_util.v1.1.0/exec/ndate 24 2024090300
+ IDATE=2024090400
+ '[' 2024090400 -le 2024093000 ']'
+ ECNT=0
+ /bin/rm -rf input.nc.tmp input.nc.tmp2 input.nc.tmp3 input.nc
+ IY=2024
+ IM=09
+ ID=04
+ IYMD=20240904
+ SRCFILE='/scratch1/BMC/gsd-fv3-dev/MAPP_2018/bhuang/JEDI-2020/JEDI-FV3/expCodes/PACEData/GBBEPx/Prep_GBBEPx_2024070100_2024093000/2024090400/*.nc'
+ OUTFILE=/scratch1/BMC/gsd-fv3-dev/MAPP_2018/bhuang/JEDI-2020/JEDI-FV3/expCodes/PACEData/GBBEPx/Prep_GBBEPx_2024070100_2024093000/FixGBBEPx/GBBEPx_all01GRID.emissions_v004_20240904.nc
++ wc -l
++ ls /scratch1/BMC/gsd-fv3-dev/MAPP_2018/bhuang/JEDI-2020/JEDI-FV3/expCodes/PACEData/GBBEPx/Prep_GBBEPx_2024070100_2024093000/2024090400/GBBEPx-all01GRID_v5r0_blend_s202409040000000_e202409042359590_c202409050121190.nc
+ NNC=1
+ '[' 1 -eq 1 ']'
++ ls /scratch1/BMC/gsd-fv3-dev/MAPP_2018/bhuang/JEDI-2020/JEDI-FV3/expCodes/PACEData/GBBEPx/Prep_GBBEPx_2024070100_2024093000/2024090400/GBBEPx-all01GRID_v5r0_blend_s202409040000000_e202409042359590_c202409050121190.nc
+ for FILE in $(ls ${SRCFILE})
+ /bin/cp /scratch1/BMC/gsd-fv3-dev/MAPP_2018/bhuang/JEDI-2020/JEDI-FV3/expCodes/PACEData/GBBEPx/Prep_GBBEPx_2024070100_2024093000/2024090400/GBBEPx-all01GRID_v5r0_blend_s202409040000000_e202409042359590_c202409050121190.nc input.nc
+ ERR=0
+ ECNT=0
+ /home/Bo.Huang/JEDI-2020/UFS-Aerosols_RETcyc/UFS-Aerosols-EP4_JEDI-AeroDA-Reanl/misc/PrepPACE/GBBEPx/fix_GBBEPx_Li.sh input.nc 20240904
+ '[' -z '' ']'
+ case "$-" in
+ __lmod_vx=x
+ '[' -n x ']'
+ set +x
Shell debugging temporarily silenced: export LMOD_SH_DBG_ON=1 for this output (/apps/lmod/lmod/init/bash)
Shell debugging restarted
+ unset __lmod_vx
+ input_file=input.nc
+ yyyymmdd=20240904
+ nccopy -k classic input.nc input.nc.tmp
+ ncks --mk_rec_dmn Time input.nc.tmp -O -o input.nc.tmp
+ ncatted -O -a units,Longitude,m,c,degrees_east input.nc.tmp
+ ncrename -v Time,time -d Time,time input.nc.tmp -O -o input.nc.tmp
+ ncrename -v Latitude,lat -d Latitude,lat input.nc.tmp -O -o input.nc.tmp
+ ncrename -v Longitude,lon -d Longitude,lon input.nc.tmp -O -o input.nc.tmp
+ ncap2 -O -s 'time[time]=0' input.nc.tmp -o input.nc.tmp
+ ncks -C -O -x -v Max_emission,Max_emission_col,Max_emission_row input.nc.tmp input.nc.tmp
+ ncks -C -O -x -v QCAll,CloudPerc,FirePerc,NumSensor input.nc.tmp input.nc.tmp
+ ncks -C -O -x -v TotalEmis_region_Africa input.nc.tmp input.nc.tmp
+ ncks -C -O -x -v TotalEmis_region_Asia input.nc.tmp input.nc.tmp
+ ncks -C -O -x -v TotalEmis_region_Australia input.nc.tmp input.nc.tmp
+ ncks -C -O -x -v TotalEmis_region_Europe input.nc.tmp input.nc.tmp
+ ncks -C -O -x -v TotalEmis_region_NorthAmerica input.nc.tmp input.nc.tmp
+ ncks -C -O -x -v TotalEmis_region_SouthAmerica input.nc.tmp input.nc.tmp
+ ncks -C -O -x -v quality_information input.nc.tmp input.nc.tmp
+ ncks -O -d lat,-89.5,89.5 input.nc.tmp input.nc.tmp2
++ date -d 20240904 +%Y-%m-%d
+ d=2024-09-04
+ dd='hours since 2024-09-04 12:00:00'
+ ncatted -O -a 'units,time,c,c,hours since 2024-09-04 12:00:00' input.nc.tmp2
+ ncatted -O -a long_name,time,c,c,Time input.nc.tmp2
+ ncatted -O -a calendar,time,c,c,gregorian input.nc.tmp2
+ ncatted -O -a axis,time,c,c,T input.nc.tmp2
+ ncatted -O -a long_name,lat,m,c,latitude input.nc.tmp2
+ ncatted -O -a long_name,lon,m,c,longitude input.nc.tmp2
+ ncatted -O -a axis,lon,d,, input.nc.tmp2
+ ncatted -O -a bounds,lon,d,, input.nc.tmp2
+ ncatted -O -a valid_range,lon,d,, input.nc.tmp2
+ ncatted -O -a scale_factor,lon,d,, input.nc.tmp2
+ ncatted -O -a add_offset,lon,d,, input.nc.tmp2
+ ncatted -O -a _FillValue,lon,d,, input.nc.tmp2
+ ncatted -O -a axis,lat,d,, input.nc.tmp2
+ ncatted -O -a bounds,lat,d,, input.nc.tmp2
+ ncatted -O -a valid_range,lat,d,, input.nc.tmp2
+ ncatted -O -a scale_factor,lat,d,, input.nc.tmp2
+ ncatted -O -a add_offset,lat,d,, input.nc.tmp2
+ ncatted -O -a _FillValue,lat,d,, input.nc.tmp2
+ ncatted -O -a coordinates,SO2,d,, input.nc.tmp2
+ ncatted -O -a coordinates,PM2.5,d,, input.nc.tmp2
+ ncatted -O -a coordinates,OC,d,, input.nc.tmp2
+ ncatted -O -a coordinates,BC,d,, input.nc.tmp2
+ ncatted -O -a coordinates,CO,d,, input.nc.tmp2
+ ncatted -O -a coordinates,NOx,d,, input.nc.tmp2
+ ncatted -O -a coordinates,NH3,d,, input.nc.tmp2
+ ncatted -O -a valid_range,SO2,d,, input.nc.tmp2
+ ncatted -O -a valid_range,PM2.5,d,, input.nc.tmp2
+ ncatted -O -a valid_range,OC,d,, input.nc.tmp2
+ ncatted -O -a valid_range,BC,d,, input.nc.tmp2
+ ncatted -O -a valid_range,CO,d,, input.nc.tmp2
+ ncatted -O -a valid_range,NOx,d,, input.nc.tmp2
+ ncatted -O -a valid_range,NH3,d,, input.nc.tmp2
+ ncatted -O -a add_offset,SO2,d,, input.nc.tmp2
+ ncatted -O -a add_offset,PM2.5,d,, input.nc.tmp2
+ ncatted -O -a add_offset,OC,d,, input.nc.tmp2
+ ncatted -O -a add_offset,BC,d,, input.nc.tmp2
+ ncatted -O -a add_offset,CO,d,, input.nc.tmp2
+ ncatted -O -a add_offset,NOx,d,, input.nc.tmp2
+ ncatted -O -a add_offset,NH3,d,, input.nc.tmp2
+ ncatted -O -a add_offset,MeanFRP,d,, input.nc.tmp2
+ ncatted -O -a valid_range,MeanFRP,d,, input.nc.tmp2
+ ncatted -O -a coordinates,MeanFRP,d,, input.nc.tmp2
+ nccopy -k 'netCDF-4 classic model' input.nc.tmp2 input.nc.tmp3
+ nccopy -d1 input.nc.tmp3 input.nc.tmp4
+ ERR=0
+ ECNT=0
+ '[' 0 -eq 0 ']'
+ /bin/mv input.nc.tmp4 /scratch1/BMC/gsd-fv3-dev/MAPP_2018/bhuang/JEDI-2020/JEDI-FV3/expCodes/PACEData/GBBEPx/Prep_GBBEPx_2024070100_2024093000/FixGBBEPx/GBBEPx_all01GRID.emissions_v004_20240904.nc
+ ERR=0
+ ECNT=0
+ '[' 0 -eq 0 ']'
+ echo 'Fix GBBEPx successflully at 20240904'
Fix GBBEPx successflully at 20240904
++ /scratch2/NCEPDEV/nwprod/NCEPLIBS/utils/prod_util.v1.1.0/exec/ndate 24 2024090400
+ IDATE=2024090500
+ '[' 2024090500 -le 2024093000 ']'
+ ECNT=0
+ /bin/rm -rf input.nc.tmp input.nc.tmp2 input.nc.tmp3 input.nc
+ IY=2024
+ IM=09
+ ID=05
+ IYMD=20240905
+ SRCFILE='/scratch1/BMC/gsd-fv3-dev/MAPP_2018/bhuang/JEDI-2020/JEDI-FV3/expCodes/PACEData/GBBEPx/Prep_GBBEPx_2024070100_2024093000/2024090500/*.nc'
+ OUTFILE=/scratch1/BMC/gsd-fv3-dev/MAPP_2018/bhuang/JEDI-2020/JEDI-FV3/expCodes/PACEData/GBBEPx/Prep_GBBEPx_2024070100_2024093000/FixGBBEPx/GBBEPx_all01GRID.emissions_v004_20240905.nc
++ wc -l
++ ls /scratch1/BMC/gsd-fv3-dev/MAPP_2018/bhuang/JEDI-2020/JEDI-FV3/expCodes/PACEData/GBBEPx/Prep_GBBEPx_2024070100_2024093000/2024090500/GBBEPx-all01GRID_v5r0_blend_s202409050000000_e202409052359590_c202409060149440.nc
+ NNC=1
+ '[' 1 -eq 1 ']'
++ ls /scratch1/BMC/gsd-fv3-dev/MAPP_2018/bhuang/JEDI-2020/JEDI-FV3/expCodes/PACEData/GBBEPx/Prep_GBBEPx_2024070100_2024093000/2024090500/GBBEPx-all01GRID_v5r0_blend_s202409050000000_e202409052359590_c202409060149440.nc
+ for FILE in $(ls ${SRCFILE})
+ /bin/cp /scratch1/BMC/gsd-fv3-dev/MAPP_2018/bhuang/JEDI-2020/JEDI-FV3/expCodes/PACEData/GBBEPx/Prep_GBBEPx_2024070100_2024093000/2024090500/GBBEPx-all01GRID_v5r0_blend_s202409050000000_e202409052359590_c202409060149440.nc input.nc
+ ERR=0
+ ECNT=0
+ /home/Bo.Huang/JEDI-2020/UFS-Aerosols_RETcyc/UFS-Aerosols-EP4_JEDI-AeroDA-Reanl/misc/PrepPACE/GBBEPx/fix_GBBEPx_Li.sh input.nc 20240905
+ '[' -z '' ']'
+ case "$-" in
+ __lmod_vx=x
+ '[' -n x ']'
+ set +x
Shell debugging temporarily silenced: export LMOD_SH_DBG_ON=1 for this output (/apps/lmod/lmod/init/bash)
Shell debugging restarted
+ unset __lmod_vx
+ input_file=input.nc
+ yyyymmdd=20240905
+ nccopy -k classic input.nc input.nc.tmp
+ ncks --mk_rec_dmn Time input.nc.tmp -O -o input.nc.tmp
+ ncatted -O -a units,Longitude,m,c,degrees_east input.nc.tmp
+ ncrename -v Time,time -d Time,time input.nc.tmp -O -o input.nc.tmp
+ ncrename -v Latitude,lat -d Latitude,lat input.nc.tmp -O -o input.nc.tmp
+ ncrename -v Longitude,lon -d Longitude,lon input.nc.tmp -O -o input.nc.tmp
+ ncap2 -O -s 'time[time]=0' input.nc.tmp -o input.nc.tmp
+ ncks -C -O -x -v Max_emission,Max_emission_col,Max_emission_row input.nc.tmp input.nc.tmp
+ ncks -C -O -x -v QCAll,CloudPerc,FirePerc,NumSensor input.nc.tmp input.nc.tmp
+ ncks -C -O -x -v TotalEmis_region_Africa input.nc.tmp input.nc.tmp
+ ncks -C -O -x -v TotalEmis_region_Asia input.nc.tmp input.nc.tmp
+ ncks -C -O -x -v TotalEmis_region_Australia input.nc.tmp input.nc.tmp
+ ncks -C -O -x -v TotalEmis_region_Europe input.nc.tmp input.nc.tmp
+ ncks -C -O -x -v TotalEmis_region_NorthAmerica input.nc.tmp input.nc.tmp
+ ncks -C -O -x -v TotalEmis_region_SouthAmerica input.nc.tmp input.nc.tmp
+ ncks -C -O -x -v quality_information input.nc.tmp input.nc.tmp
+ ncks -O -d lat,-89.5,89.5 input.nc.tmp input.nc.tmp2
++ date -d 20240905 +%Y-%m-%d
+ d=2024-09-05
+ dd='hours since 2024-09-05 12:00:00'
+ ncatted -O -a 'units,time,c,c,hours since 2024-09-05 12:00:00' input.nc.tmp2
+ ncatted -O -a long_name,time,c,c,Time input.nc.tmp2
+ ncatted -O -a calendar,time,c,c,gregorian input.nc.tmp2
+ ncatted -O -a axis,time,c,c,T input.nc.tmp2
+ ncatted -O -a long_name,lat,m,c,latitude input.nc.tmp2
+ ncatted -O -a long_name,lon,m,c,longitude input.nc.tmp2
+ ncatted -O -a axis,lon,d,, input.nc.tmp2
+ ncatted -O -a bounds,lon,d,, input.nc.tmp2
+ ncatted -O -a valid_range,lon,d,, input.nc.tmp2
+ ncatted -O -a scale_factor,lon,d,, input.nc.tmp2
+ ncatted -O -a add_offset,lon,d,, input.nc.tmp2
+ ncatted -O -a _FillValue,lon,d,, input.nc.tmp2
+ ncatted -O -a axis,lat,d,, input.nc.tmp2
+ ncatted -O -a bounds,lat,d,, input.nc.tmp2
+ ncatted -O -a valid_range,lat,d,, input.nc.tmp2
+ ncatted -O -a scale_factor,lat,d,, input.nc.tmp2
+ ncatted -O -a add_offset,lat,d,, input.nc.tmp2
+ ncatted -O -a _FillValue,lat,d,, input.nc.tmp2
+ ncatted -O -a coordinates,SO2,d,, input.nc.tmp2
+ ncatted -O -a coordinates,PM2.5,d,, input.nc.tmp2
+ ncatted -O -a coordinates,OC,d,, input.nc.tmp2
+ ncatted -O -a coordinates,BC,d,, input.nc.tmp2
+ ncatted -O -a coordinates,CO,d,, input.nc.tmp2
+ ncatted -O -a coordinates,NOx,d,, input.nc.tmp2
+ ncatted -O -a coordinates,NH3,d,, input.nc.tmp2
+ ncatted -O -a valid_range,SO2,d,, input.nc.tmp2
+ ncatted -O -a valid_range,PM2.5,d,, input.nc.tmp2
+ ncatted -O -a valid_range,OC,d,, input.nc.tmp2
+ ncatted -O -a valid_range,BC,d,, input.nc.tmp2
+ ncatted -O -a valid_range,CO,d,, input.nc.tmp2
+ ncatted -O -a valid_range,NOx,d,, input.nc.tmp2
+ ncatted -O -a valid_range,NH3,d,, input.nc.tmp2
+ ncatted -O -a add_offset,SO2,d,, input.nc.tmp2
+ ncatted -O -a add_offset,PM2.5,d,, input.nc.tmp2
+ ncatted -O -a add_offset,OC,d,, input.nc.tmp2
+ ncatted -O -a add_offset,BC,d,, input.nc.tmp2
+ ncatted -O -a add_offset,CO,d,, input.nc.tmp2
+ ncatted -O -a add_offset,NOx,d,, input.nc.tmp2
+ ncatted -O -a add_offset,NH3,d,, input.nc.tmp2
+ ncatted -O -a add_offset,MeanFRP,d,, input.nc.tmp2
+ ncatted -O -a valid_range,MeanFRP,d,, input.nc.tmp2
+ ncatted -O -a coordinates,MeanFRP,d,, input.nc.tmp2
+ nccopy -k 'netCDF-4 classic model' input.nc.tmp2 input.nc.tmp3
+ nccopy -d1 input.nc.tmp3 input.nc.tmp4
+ ERR=0
+ ECNT=0
+ '[' 0 -eq 0 ']'
+ /bin/mv input.nc.tmp4 /scratch1/BMC/gsd-fv3-dev/MAPP_2018/bhuang/JEDI-2020/JEDI-FV3/expCodes/PACEData/GBBEPx/Prep_GBBEPx_2024070100_2024093000/FixGBBEPx/GBBEPx_all01GRID.emissions_v004_20240905.nc
+ ERR=0
+ ECNT=0
+ '[' 0 -eq 0 ']'
+ echo 'Fix GBBEPx successflully at 20240905'
Fix GBBEPx successflully at 20240905
++ /scratch2/NCEPDEV/nwprod/NCEPLIBS/utils/prod_util.v1.1.0/exec/ndate 24 2024090500
+ IDATE=2024090600
+ '[' 2024090600 -le 2024093000 ']'
+ ECNT=0
+ /bin/rm -rf input.nc.tmp input.nc.tmp2 input.nc.tmp3 input.nc
+ IY=2024
+ IM=09
+ ID=06
+ IYMD=20240906
+ SRCFILE='/scratch1/BMC/gsd-fv3-dev/MAPP_2018/bhuang/JEDI-2020/JEDI-FV3/expCodes/PACEData/GBBEPx/Prep_GBBEPx_2024070100_2024093000/2024090600/*.nc'
+ OUTFILE=/scratch1/BMC/gsd-fv3-dev/MAPP_2018/bhuang/JEDI-2020/JEDI-FV3/expCodes/PACEData/GBBEPx/Prep_GBBEPx_2024070100_2024093000/FixGBBEPx/GBBEPx_all01GRID.emissions_v004_20240906.nc
++ wc -l
++ ls /scratch1/BMC/gsd-fv3-dev/MAPP_2018/bhuang/JEDI-2020/JEDI-FV3/expCodes/PACEData/GBBEPx/Prep_GBBEPx_2024070100_2024093000/2024090600/GBBEPx-all01GRID_v5r0_blend_s202409060000000_e202409062359590_c202409070124590.nc
+ NNC=1
+ '[' 1 -eq 1 ']'
++ ls /scratch1/BMC/gsd-fv3-dev/MAPP_2018/bhuang/JEDI-2020/JEDI-FV3/expCodes/PACEData/GBBEPx/Prep_GBBEPx_2024070100_2024093000/2024090600/GBBEPx-all01GRID_v5r0_blend_s202409060000000_e202409062359590_c202409070124590.nc
+ for FILE in $(ls ${SRCFILE})
+ /bin/cp /scratch1/BMC/gsd-fv3-dev/MAPP_2018/bhuang/JEDI-2020/JEDI-FV3/expCodes/PACEData/GBBEPx/Prep_GBBEPx_2024070100_2024093000/2024090600/GBBEPx-all01GRID_v5r0_blend_s202409060000000_e202409062359590_c202409070124590.nc input.nc
+ ERR=0
+ ECNT=0
+ /home/Bo.Huang/JEDI-2020/UFS-Aerosols_RETcyc/UFS-Aerosols-EP4_JEDI-AeroDA-Reanl/misc/PrepPACE/GBBEPx/fix_GBBEPx_Li.sh input.nc 20240906
+ '[' -z '' ']'
+ case "$-" in
+ __lmod_vx=x
+ '[' -n x ']'
+ set +x
Shell debugging temporarily silenced: export LMOD_SH_DBG_ON=1 for this output (/apps/lmod/lmod/init/bash)
Shell debugging restarted
+ unset __lmod_vx
+ input_file=input.nc
+ yyyymmdd=20240906
+ nccopy -k classic input.nc input.nc.tmp
+ ncks --mk_rec_dmn Time input.nc.tmp -O -o input.nc.tmp
+ ncatted -O -a units,Longitude,m,c,degrees_east input.nc.tmp
+ ncrename -v Time,time -d Time,time input.nc.tmp -O -o input.nc.tmp
+ ncrename -v Latitude,lat -d Latitude,lat input.nc.tmp -O -o input.nc.tmp
+ ncrename -v Longitude,lon -d Longitude,lon input.nc.tmp -O -o input.nc.tmp
+ ncap2 -O -s 'time[time]=0' input.nc.tmp -o input.nc.tmp
+ ncks -C -O -x -v Max_emission,Max_emission_col,Max_emission_row input.nc.tmp input.nc.tmp
+ ncks -C -O -x -v QCAll,CloudPerc,FirePerc,NumSensor input.nc.tmp input.nc.tmp
+ ncks -C -O -x -v TotalEmis_region_Africa input.nc.tmp input.nc.tmp
+ ncks -C -O -x -v TotalEmis_region_Asia input.nc.tmp input.nc.tmp
+ ncks -C -O -x -v TotalEmis_region_Australia input.nc.tmp input.nc.tmp
+ ncks -C -O -x -v TotalEmis_region_Europe input.nc.tmp input.nc.tmp
+ ncks -C -O -x -v TotalEmis_region_NorthAmerica input.nc.tmp input.nc.tmp
+ ncks -C -O -x -v TotalEmis_region_SouthAmerica input.nc.tmp input.nc.tmp
+ ncks -C -O -x -v quality_information input.nc.tmp input.nc.tmp
+ ncks -O -d lat,-89.5,89.5 input.nc.tmp input.nc.tmp2
++ date -d 20240906 +%Y-%m-%d
+ d=2024-09-06
+ dd='hours since 2024-09-06 12:00:00'
+ ncatted -O -a 'units,time,c,c,hours since 2024-09-06 12:00:00' input.nc.tmp2
+ ncatted -O -a long_name,time,c,c,Time input.nc.tmp2
+ ncatted -O -a calendar,time,c,c,gregorian input.nc.tmp2
+ ncatted -O -a axis,time,c,c,T input.nc.tmp2
+ ncatted -O -a long_name,lat,m,c,latitude input.nc.tmp2
+ ncatted -O -a long_name,lon,m,c,longitude input.nc.tmp2
+ ncatted -O -a axis,lon,d,, input.nc.tmp2
+ ncatted -O -a bounds,lon,d,, input.nc.tmp2
+ ncatted -O -a valid_range,lon,d,, input.nc.tmp2
+ ncatted -O -a scale_factor,lon,d,, input.nc.tmp2
+ ncatted -O -a add_offset,lon,d,, input.nc.tmp2
+ ncatted -O -a _FillValue,lon,d,, input.nc.tmp2
+ ncatted -O -a axis,lat,d,, input.nc.tmp2
+ ncatted -O -a bounds,lat,d,, input.nc.tmp2
+ ncatted -O -a valid_range,lat,d,, input.nc.tmp2
+ ncatted -O -a scale_factor,lat,d,, input.nc.tmp2
+ ncatted -O -a add_offset,lat,d,, input.nc.tmp2
+ ncatted -O -a _FillValue,lat,d,, input.nc.tmp2
+ ncatted -O -a coordinates,SO2,d,, input.nc.tmp2
+ ncatted -O -a coordinates,PM2.5,d,, input.nc.tmp2
+ ncatted -O -a coordinates,OC,d,, input.nc.tmp2
+ ncatted -O -a coordinates,BC,d,, input.nc.tmp2
+ ncatted -O -a coordinates,CO,d,, input.nc.tmp2
+ ncatted -O -a coordinates,NOx,d,, input.nc.tmp2
+ ncatted -O -a coordinates,NH3,d,, input.nc.tmp2
+ ncatted -O -a valid_range,SO2,d,, input.nc.tmp2
+ ncatted -O -a valid_range,PM2.5,d,, input.nc.tmp2
+ ncatted -O -a valid_range,OC,d,, input.nc.tmp2
+ ncatted -O -a valid_range,BC,d,, input.nc.tmp2
+ ncatted -O -a valid_range,CO,d,, input.nc.tmp2
+ ncatted -O -a valid_range,NOx,d,, input.nc.tmp2
+ ncatted -O -a valid_range,NH3,d,, input.nc.tmp2
+ ncatted -O -a add_offset,SO2,d,, input.nc.tmp2
+ ncatted -O -a add_offset,PM2.5,d,, input.nc.tmp2
+ ncatted -O -a add_offset,OC,d,, input.nc.tmp2
+ ncatted -O -a add_offset,BC,d,, input.nc.tmp2
+ ncatted -O -a add_offset,CO,d,, input.nc.tmp2
+ ncatted -O -a add_offset,NOx,d,, input.nc.tmp2
+ ncatted -O -a add_offset,NH3,d,, input.nc.tmp2
+ ncatted -O -a add_offset,MeanFRP,d,, input.nc.tmp2
+ ncatted -O -a valid_range,MeanFRP,d,, input.nc.tmp2
+ ncatted -O -a coordinates,MeanFRP,d,, input.nc.tmp2
+ nccopy -k 'netCDF-4 classic model' input.nc.tmp2 input.nc.tmp3
+ nccopy -d1 input.nc.tmp3 input.nc.tmp4
+ ERR=0
+ ECNT=0
+ '[' 0 -eq 0 ']'
+ /bin/mv input.nc.tmp4 /scratch1/BMC/gsd-fv3-dev/MAPP_2018/bhuang/JEDI-2020/JEDI-FV3/expCodes/PACEData/GBBEPx/Prep_GBBEPx_2024070100_2024093000/FixGBBEPx/GBBEPx_all01GRID.emissions_v004_20240906.nc
+ ERR=0
+ ECNT=0
+ '[' 0 -eq 0 ']'
+ echo 'Fix GBBEPx successflully at 20240906'
Fix GBBEPx successflully at 20240906
++ /scratch2/NCEPDEV/nwprod/NCEPLIBS/utils/prod_util.v1.1.0/exec/ndate 24 2024090600
+ IDATE=2024090700
+ '[' 2024090700 -le 2024093000 ']'
+ ECNT=0
+ /bin/rm -rf input.nc.tmp input.nc.tmp2 input.nc.tmp3 input.nc
+ IY=2024
+ IM=09
+ ID=07
+ IYMD=20240907
+ SRCFILE='/scratch1/BMC/gsd-fv3-dev/MAPP_2018/bhuang/JEDI-2020/JEDI-FV3/expCodes/PACEData/GBBEPx/Prep_GBBEPx_2024070100_2024093000/2024090700/*.nc'
+ OUTFILE=/scratch1/BMC/gsd-fv3-dev/MAPP_2018/bhuang/JEDI-2020/JEDI-FV3/expCodes/PACEData/GBBEPx/Prep_GBBEPx_2024070100_2024093000/FixGBBEPx/GBBEPx_all01GRID.emissions_v004_20240907.nc
++ wc -l
++ ls /scratch1/BMC/gsd-fv3-dev/MAPP_2018/bhuang/JEDI-2020/JEDI-FV3/expCodes/PACEData/GBBEPx/Prep_GBBEPx_2024070100_2024093000/2024090700/GBBEPx-all01GRID_v5r0_blend_s202409070000000_e202409072359590_c202409080110160.nc
+ NNC=1
+ '[' 1 -eq 1 ']'
++ ls /scratch1/BMC/gsd-fv3-dev/MAPP_2018/bhuang/JEDI-2020/JEDI-FV3/expCodes/PACEData/GBBEPx/Prep_GBBEPx_2024070100_2024093000/2024090700/GBBEPx-all01GRID_v5r0_blend_s202409070000000_e202409072359590_c202409080110160.nc
+ for FILE in $(ls ${SRCFILE})
+ /bin/cp /scratch1/BMC/gsd-fv3-dev/MAPP_2018/bhuang/JEDI-2020/JEDI-FV3/expCodes/PACEData/GBBEPx/Prep_GBBEPx_2024070100_2024093000/2024090700/GBBEPx-all01GRID_v5r0_blend_s202409070000000_e202409072359590_c202409080110160.nc input.nc
+ ERR=0
+ ECNT=0
+ /home/Bo.Huang/JEDI-2020/UFS-Aerosols_RETcyc/UFS-Aerosols-EP4_JEDI-AeroDA-Reanl/misc/PrepPACE/GBBEPx/fix_GBBEPx_Li.sh input.nc 20240907
+ '[' -z '' ']'
+ case "$-" in
+ __lmod_vx=x
+ '[' -n x ']'
+ set +x
Shell debugging temporarily silenced: export LMOD_SH_DBG_ON=1 for this output (/apps/lmod/lmod/init/bash)
Shell debugging restarted
+ unset __lmod_vx
+ input_file=input.nc
+ yyyymmdd=20240907
+ nccopy -k classic input.nc input.nc.tmp
+ ncks --mk_rec_dmn Time input.nc.tmp -O -o input.nc.tmp
+ ncatted -O -a units,Longitude,m,c,degrees_east input.nc.tmp
+ ncrename -v Time,time -d Time,time input.nc.tmp -O -o input.nc.tmp
+ ncrename -v Latitude,lat -d Latitude,lat input.nc.tmp -O -o input.nc.tmp
+ ncrename -v Longitude,lon -d Longitude,lon input.nc.tmp -O -o input.nc.tmp
+ ncap2 -O -s 'time[time]=0' input.nc.tmp -o input.nc.tmp
+ ncks -C -O -x -v Max_emission,Max_emission_col,Max_emission_row input.nc.tmp input.nc.tmp
+ ncks -C -O -x -v QCAll,CloudPerc,FirePerc,NumSensor input.nc.tmp input.nc.tmp
+ ncks -C -O -x -v TotalEmis_region_Africa input.nc.tmp input.nc.tmp
+ ncks -C -O -x -v TotalEmis_region_Asia input.nc.tmp input.nc.tmp
+ ncks -C -O -x -v TotalEmis_region_Australia input.nc.tmp input.nc.tmp
+ ncks -C -O -x -v TotalEmis_region_Europe input.nc.tmp input.nc.tmp
+ ncks -C -O -x -v TotalEmis_region_NorthAmerica input.nc.tmp input.nc.tmp
+ ncks -C -O -x -v TotalEmis_region_SouthAmerica input.nc.tmp input.nc.tmp
+ ncks -C -O -x -v quality_information input.nc.tmp input.nc.tmp
+ ncks -O -d lat,-89.5,89.5 input.nc.tmp input.nc.tmp2
++ date -d 20240907 +%Y-%m-%d
+ d=2024-09-07
+ dd='hours since 2024-09-07 12:00:00'
+ ncatted -O -a 'units,time,c,c,hours since 2024-09-07 12:00:00' input.nc.tmp2
+ ncatted -O -a long_name,time,c,c,Time input.nc.tmp2
+ ncatted -O -a calendar,time,c,c,gregorian input.nc.tmp2
+ ncatted -O -a axis,time,c,c,T input.nc.tmp2
+ ncatted -O -a long_name,lat,m,c,latitude input.nc.tmp2
+ ncatted -O -a long_name,lon,m,c,longitude input.nc.tmp2
+ ncatted -O -a axis,lon,d,, input.nc.tmp2
+ ncatted -O -a bounds,lon,d,, input.nc.tmp2
+ ncatted -O -a valid_range,lon,d,, input.nc.tmp2
+ ncatted -O -a scale_factor,lon,d,, input.nc.tmp2
+ ncatted -O -a add_offset,lon,d,, input.nc.tmp2
+ ncatted -O -a _FillValue,lon,d,, input.nc.tmp2
+ ncatted -O -a axis,lat,d,, input.nc.tmp2
+ ncatted -O -a bounds,lat,d,, input.nc.tmp2
+ ncatted -O -a valid_range,lat,d,, input.nc.tmp2
+ ncatted -O -a scale_factor,lat,d,, input.nc.tmp2
+ ncatted -O -a add_offset,lat,d,, input.nc.tmp2
+ ncatted -O -a _FillValue,lat,d,, input.nc.tmp2
+ ncatted -O -a coordinates,SO2,d,, input.nc.tmp2
+ ncatted -O -a coordinates,PM2.5,d,, input.nc.tmp2
+ ncatted -O -a coordinates,OC,d,, input.nc.tmp2
+ ncatted -O -a coordinates,BC,d,, input.nc.tmp2
+ ncatted -O -a coordinates,CO,d,, input.nc.tmp2
+ ncatted -O -a coordinates,NOx,d,, input.nc.tmp2
+ ncatted -O -a coordinates,NH3,d,, input.nc.tmp2
+ ncatted -O -a valid_range,SO2,d,, input.nc.tmp2
+ ncatted -O -a valid_range,PM2.5,d,, input.nc.tmp2
+ ncatted -O -a valid_range,OC,d,, input.nc.tmp2
+ ncatted -O -a valid_range,BC,d,, input.nc.tmp2
+ ncatted -O -a valid_range,CO,d,, input.nc.tmp2
+ ncatted -O -a valid_range,NOx,d,, input.nc.tmp2
+ ncatted -O -a valid_range,NH3,d,, input.nc.tmp2
+ ncatted -O -a add_offset,SO2,d,, input.nc.tmp2
+ ncatted -O -a add_offset,PM2.5,d,, input.nc.tmp2
+ ncatted -O -a add_offset,OC,d,, input.nc.tmp2
+ ncatted -O -a add_offset,BC,d,, input.nc.tmp2
+ ncatted -O -a add_offset,CO,d,, input.nc.tmp2
+ ncatted -O -a add_offset,NOx,d,, input.nc.tmp2
+ ncatted -O -a add_offset,NH3,d,, input.nc.tmp2
+ ncatted -O -a add_offset,MeanFRP,d,, input.nc.tmp2
+ ncatted -O -a valid_range,MeanFRP,d,, input.nc.tmp2
+ ncatted -O -a coordinates,MeanFRP,d,, input.nc.tmp2
+ nccopy -k 'netCDF-4 classic model' input.nc.tmp2 input.nc.tmp3
+ nccopy -d1 input.nc.tmp3 input.nc.tmp4
+ ERR=0
+ ECNT=0
+ '[' 0 -eq 0 ']'
+ /bin/mv input.nc.tmp4 /scratch1/BMC/gsd-fv3-dev/MAPP_2018/bhuang/JEDI-2020/JEDI-FV3/expCodes/PACEData/GBBEPx/Prep_GBBEPx_2024070100_2024093000/FixGBBEPx/GBBEPx_all01GRID.emissions_v004_20240907.nc
+ ERR=0
+ ECNT=0
+ '[' 0 -eq 0 ']'
+ echo 'Fix GBBEPx successflully at 20240907'
Fix GBBEPx successflully at 20240907
++ /scratch2/NCEPDEV/nwprod/NCEPLIBS/utils/prod_util.v1.1.0/exec/ndate 24 2024090700
+ IDATE=2024090800
+ '[' 2024090800 -le 2024093000 ']'
+ ECNT=0
+ /bin/rm -rf input.nc.tmp input.nc.tmp2 input.nc.tmp3 input.nc
+ IY=2024
+ IM=09
+ ID=08
+ IYMD=20240908
+ SRCFILE='/scratch1/BMC/gsd-fv3-dev/MAPP_2018/bhuang/JEDI-2020/JEDI-FV3/expCodes/PACEData/GBBEPx/Prep_GBBEPx_2024070100_2024093000/2024090800/*.nc'
+ OUTFILE=/scratch1/BMC/gsd-fv3-dev/MAPP_2018/bhuang/JEDI-2020/JEDI-FV3/expCodes/PACEData/GBBEPx/Prep_GBBEPx_2024070100_2024093000/FixGBBEPx/GBBEPx_all01GRID.emissions_v004_20240908.nc
++ wc -l
++ ls /scratch1/BMC/gsd-fv3-dev/MAPP_2018/bhuang/JEDI-2020/JEDI-FV3/expCodes/PACEData/GBBEPx/Prep_GBBEPx_2024070100_2024093000/2024090800/GBBEPx-all01GRID_v5r0_blend_s202409080000000_e202409082359590_c202409090131350.nc
+ NNC=1
+ '[' 1 -eq 1 ']'
++ ls /scratch1/BMC/gsd-fv3-dev/MAPP_2018/bhuang/JEDI-2020/JEDI-FV3/expCodes/PACEData/GBBEPx/Prep_GBBEPx_2024070100_2024093000/2024090800/GBBEPx-all01GRID_v5r0_blend_s202409080000000_e202409082359590_c202409090131350.nc
+ for FILE in $(ls ${SRCFILE})
+ /bin/cp /scratch1/BMC/gsd-fv3-dev/MAPP_2018/bhuang/JEDI-2020/JEDI-FV3/expCodes/PACEData/GBBEPx/Prep_GBBEPx_2024070100_2024093000/2024090800/GBBEPx-all01GRID_v5r0_blend_s202409080000000_e202409082359590_c202409090131350.nc input.nc
+ ERR=0
+ ECNT=0
+ /home/Bo.Huang/JEDI-2020/UFS-Aerosols_RETcyc/UFS-Aerosols-EP4_JEDI-AeroDA-Reanl/misc/PrepPACE/GBBEPx/fix_GBBEPx_Li.sh input.nc 20240908
+ '[' -z '' ']'
+ case "$-" in
+ __lmod_vx=x
+ '[' -n x ']'
+ set +x
Shell debugging temporarily silenced: export LMOD_SH_DBG_ON=1 for this output (/apps/lmod/lmod/init/bash)
Shell debugging restarted
+ unset __lmod_vx
+ input_file=input.nc
+ yyyymmdd=20240908
+ nccopy -k classic input.nc input.nc.tmp
+ ncks --mk_rec_dmn Time input.nc.tmp -O -o input.nc.tmp
+ ncatted -O -a units,Longitude,m,c,degrees_east input.nc.tmp
+ ncrename -v Time,time -d Time,time input.nc.tmp -O -o input.nc.tmp
+ ncrename -v Latitude,lat -d Latitude,lat input.nc.tmp -O -o input.nc.tmp
+ ncrename -v Longitude,lon -d Longitude,lon input.nc.tmp -O -o input.nc.tmp
+ ncap2 -O -s 'time[time]=0' input.nc.tmp -o input.nc.tmp
+ ncks -C -O -x -v Max_emission,Max_emission_col,Max_emission_row input.nc.tmp input.nc.tmp
+ ncks -C -O -x -v QCAll,CloudPerc,FirePerc,NumSensor input.nc.tmp input.nc.tmp
+ ncks -C -O -x -v TotalEmis_region_Africa input.nc.tmp input.nc.tmp
+ ncks -C -O -x -v TotalEmis_region_Asia input.nc.tmp input.nc.tmp
+ ncks -C -O -x -v TotalEmis_region_Australia input.nc.tmp input.nc.tmp
+ ncks -C -O -x -v TotalEmis_region_Europe input.nc.tmp input.nc.tmp
+ ncks -C -O -x -v TotalEmis_region_NorthAmerica input.nc.tmp input.nc.tmp
+ ncks -C -O -x -v TotalEmis_region_SouthAmerica input.nc.tmp input.nc.tmp
+ ncks -C -O -x -v quality_information input.nc.tmp input.nc.tmp
+ ncks -O -d lat,-89.5,89.5 input.nc.tmp input.nc.tmp2
++ date -d 20240908 +%Y-%m-%d
+ d=2024-09-08
+ dd='hours since 2024-09-08 12:00:00'
+ ncatted -O -a 'units,time,c,c,hours since 2024-09-08 12:00:00' input.nc.tmp2
+ ncatted -O -a long_name,time,c,c,Time input.nc.tmp2
+ ncatted -O -a calendar,time,c,c,gregorian input.nc.tmp2
+ ncatted -O -a axis,time,c,c,T input.nc.tmp2
+ ncatted -O -a long_name,lat,m,c,latitude input.nc.tmp2
+ ncatted -O -a long_name,lon,m,c,longitude input.nc.tmp2
+ ncatted -O -a axis,lon,d,, input.nc.tmp2
+ ncatted -O -a bounds,lon,d,, input.nc.tmp2
+ ncatted -O -a valid_range,lon,d,, input.nc.tmp2
+ ncatted -O -a scale_factor,lon,d,, input.nc.tmp2
+ ncatted -O -a add_offset,lon,d,, input.nc.tmp2
+ ncatted -O -a _FillValue,lon,d,, input.nc.tmp2
+ ncatted -O -a axis,lat,d,, input.nc.tmp2
+ ncatted -O -a bounds,lat,d,, input.nc.tmp2
+ ncatted -O -a valid_range,lat,d,, input.nc.tmp2
+ ncatted -O -a scale_factor,lat,d,, input.nc.tmp2
+ ncatted -O -a add_offset,lat,d,, input.nc.tmp2
+ ncatted -O -a _FillValue,lat,d,, input.nc.tmp2
+ ncatted -O -a coordinates,SO2,d,, input.nc.tmp2
+ ncatted -O -a coordinates,PM2.5,d,, input.nc.tmp2
+ ncatted -O -a coordinates,OC,d,, input.nc.tmp2
+ ncatted -O -a coordinates,BC,d,, input.nc.tmp2
+ ncatted -O -a coordinates,CO,d,, input.nc.tmp2
+ ncatted -O -a coordinates,NOx,d,, input.nc.tmp2
+ ncatted -O -a coordinates,NH3,d,, input.nc.tmp2
+ ncatted -O -a valid_range,SO2,d,, input.nc.tmp2
+ ncatted -O -a valid_range,PM2.5,d,, input.nc.tmp2
+ ncatted -O -a valid_range,OC,d,, input.nc.tmp2
+ ncatted -O -a valid_range,BC,d,, input.nc.tmp2
+ ncatted -O -a valid_range,CO,d,, input.nc.tmp2
+ ncatted -O -a valid_range,NOx,d,, input.nc.tmp2
+ ncatted -O -a valid_range,NH3,d,, input.nc.tmp2
+ ncatted -O -a add_offset,SO2,d,, input.nc.tmp2
+ ncatted -O -a add_offset,PM2.5,d,, input.nc.tmp2
+ ncatted -O -a add_offset,OC,d,, input.nc.tmp2
+ ncatted -O -a add_offset,BC,d,, input.nc.tmp2
+ ncatted -O -a add_offset,CO,d,, input.nc.tmp2
+ ncatted -O -a add_offset,NOx,d,, input.nc.tmp2
+ ncatted -O -a add_offset,NH3,d,, input.nc.tmp2
+ ncatted -O -a add_offset,MeanFRP,d,, input.nc.tmp2
+ ncatted -O -a valid_range,MeanFRP,d,, input.nc.tmp2
+ ncatted -O -a coordinates,MeanFRP,d,, input.nc.tmp2
+ nccopy -k 'netCDF-4 classic model' input.nc.tmp2 input.nc.tmp3
+ nccopy -d1 input.nc.tmp3 input.nc.tmp4
+ ERR=0
+ ECNT=0
+ '[' 0 -eq 0 ']'
+ /bin/mv input.nc.tmp4 /scratch1/BMC/gsd-fv3-dev/MAPP_2018/bhuang/JEDI-2020/JEDI-FV3/expCodes/PACEData/GBBEPx/Prep_GBBEPx_2024070100_2024093000/FixGBBEPx/GBBEPx_all01GRID.emissions_v004_20240908.nc
+ ERR=0
+ ECNT=0
+ '[' 0 -eq 0 ']'
+ echo 'Fix GBBEPx successflully at 20240908'
Fix GBBEPx successflully at 20240908
++ /scratch2/NCEPDEV/nwprod/NCEPLIBS/utils/prod_util.v1.1.0/exec/ndate 24 2024090800
+ IDATE=2024090900
+ '[' 2024090900 -le 2024093000 ']'
+ ECNT=0
+ /bin/rm -rf input.nc.tmp input.nc.tmp2 input.nc.tmp3 input.nc
+ IY=2024
+ IM=09
+ ID=09
+ IYMD=20240909
+ SRCFILE='/scratch1/BMC/gsd-fv3-dev/MAPP_2018/bhuang/JEDI-2020/JEDI-FV3/expCodes/PACEData/GBBEPx/Prep_GBBEPx_2024070100_2024093000/2024090900/*.nc'
+ OUTFILE=/scratch1/BMC/gsd-fv3-dev/MAPP_2018/bhuang/JEDI-2020/JEDI-FV3/expCodes/PACEData/GBBEPx/Prep_GBBEPx_2024070100_2024093000/FixGBBEPx/GBBEPx_all01GRID.emissions_v004_20240909.nc
++ wc -l
++ ls /scratch1/BMC/gsd-fv3-dev/MAPP_2018/bhuang/JEDI-2020/JEDI-FV3/expCodes/PACEData/GBBEPx/Prep_GBBEPx_2024070100_2024093000/2024090900/GBBEPx-all01GRID_v5r0_blend_s202409090000000_e202409092359590_c202409100124200.nc
+ NNC=1
+ '[' 1 -eq 1 ']'
++ ls /scratch1/BMC/gsd-fv3-dev/MAPP_2018/bhuang/JEDI-2020/JEDI-FV3/expCodes/PACEData/GBBEPx/Prep_GBBEPx_2024070100_2024093000/2024090900/GBBEPx-all01GRID_v5r0_blend_s202409090000000_e202409092359590_c202409100124200.nc
+ for FILE in $(ls ${SRCFILE})
+ /bin/cp /scratch1/BMC/gsd-fv3-dev/MAPP_2018/bhuang/JEDI-2020/JEDI-FV3/expCodes/PACEData/GBBEPx/Prep_GBBEPx_2024070100_2024093000/2024090900/GBBEPx-all01GRID_v5r0_blend_s202409090000000_e202409092359590_c202409100124200.nc input.nc
+ ERR=0
+ ECNT=0
+ /home/Bo.Huang/JEDI-2020/UFS-Aerosols_RETcyc/UFS-Aerosols-EP4_JEDI-AeroDA-Reanl/misc/PrepPACE/GBBEPx/fix_GBBEPx_Li.sh input.nc 20240909
+ '[' -z '' ']'
+ case "$-" in
+ __lmod_vx=x
+ '[' -n x ']'
+ set +x
Shell debugging temporarily silenced: export LMOD_SH_DBG_ON=1 for this output (/apps/lmod/lmod/init/bash)
Shell debugging restarted
+ unset __lmod_vx
+ input_file=input.nc
+ yyyymmdd=20240909
+ nccopy -k classic input.nc input.nc.tmp
+ ncks --mk_rec_dmn Time input.nc.tmp -O -o input.nc.tmp
+ ncatted -O -a units,Longitude,m,c,degrees_east input.nc.tmp
+ ncrename -v Time,time -d Time,time input.nc.tmp -O -o input.nc.tmp
+ ncrename -v Latitude,lat -d Latitude,lat input.nc.tmp -O -o input.nc.tmp
+ ncrename -v Longitude,lon -d Longitude,lon input.nc.tmp -O -o input.nc.tmp
+ ncap2 -O -s 'time[time]=0' input.nc.tmp -o input.nc.tmp
+ ncks -C -O -x -v Max_emission,Max_emission_col,Max_emission_row input.nc.tmp input.nc.tmp
+ ncks -C -O -x -v QCAll,CloudPerc,FirePerc,NumSensor input.nc.tmp input.nc.tmp
+ ncks -C -O -x -v TotalEmis_region_Africa input.nc.tmp input.nc.tmp
+ ncks -C -O -x -v TotalEmis_region_Asia input.nc.tmp input.nc.tmp
+ ncks -C -O -x -v TotalEmis_region_Australia input.nc.tmp input.nc.tmp
+ ncks -C -O -x -v TotalEmis_region_Europe input.nc.tmp input.nc.tmp
+ ncks -C -O -x -v TotalEmis_region_NorthAmerica input.nc.tmp input.nc.tmp
+ ncks -C -O -x -v TotalEmis_region_SouthAmerica input.nc.tmp input.nc.tmp
+ ncks -C -O -x -v quality_information input.nc.tmp input.nc.tmp
+ ncks -O -d lat,-89.5,89.5 input.nc.tmp input.nc.tmp2
++ date -d 20240909 +%Y-%m-%d
+ d=2024-09-09
+ dd='hours since 2024-09-09 12:00:00'
+ ncatted -O -a 'units,time,c,c,hours since 2024-09-09 12:00:00' input.nc.tmp2
+ ncatted -O -a long_name,time,c,c,Time input.nc.tmp2
+ ncatted -O -a calendar,time,c,c,gregorian input.nc.tmp2
+ ncatted -O -a axis,time,c,c,T input.nc.tmp2
+ ncatted -O -a long_name,lat,m,c,latitude input.nc.tmp2
+ ncatted -O -a long_name,lon,m,c,longitude input.nc.tmp2
+ ncatted -O -a axis,lon,d,, input.nc.tmp2
+ ncatted -O -a bounds,lon,d,, input.nc.tmp2
+ ncatted -O -a valid_range,lon,d,, input.nc.tmp2
+ ncatted -O -a scale_factor,lon,d,, input.nc.tmp2
+ ncatted -O -a add_offset,lon,d,, input.nc.tmp2
+ ncatted -O -a _FillValue,lon,d,, input.nc.tmp2
+ ncatted -O -a axis,lat,d,, input.nc.tmp2
+ ncatted -O -a bounds,lat,d,, input.nc.tmp2
+ ncatted -O -a valid_range,lat,d,, input.nc.tmp2
+ ncatted -O -a scale_factor,lat,d,, input.nc.tmp2
+ ncatted -O -a add_offset,lat,d,, input.nc.tmp2
+ ncatted -O -a _FillValue,lat,d,, input.nc.tmp2
+ ncatted -O -a coordinates,SO2,d,, input.nc.tmp2
+ ncatted -O -a coordinates,PM2.5,d,, input.nc.tmp2
+ ncatted -O -a coordinates,OC,d,, input.nc.tmp2
+ ncatted -O -a coordinates,BC,d,, input.nc.tmp2
+ ncatted -O -a coordinates,CO,d,, input.nc.tmp2
+ ncatted -O -a coordinates,NOx,d,, input.nc.tmp2
+ ncatted -O -a coordinates,NH3,d,, input.nc.tmp2
+ ncatted -O -a valid_range,SO2,d,, input.nc.tmp2
+ ncatted -O -a valid_range,PM2.5,d,, input.nc.tmp2
+ ncatted -O -a valid_range,OC,d,, input.nc.tmp2
+ ncatted -O -a valid_range,BC,d,, input.nc.tmp2
+ ncatted -O -a valid_range,CO,d,, input.nc.tmp2
+ ncatted -O -a valid_range,NOx,d,, input.nc.tmp2
+ ncatted -O -a valid_range,NH3,d,, input.nc.tmp2
+ ncatted -O -a add_offset,SO2,d,, input.nc.tmp2
+ ncatted -O -a add_offset,PM2.5,d,, input.nc.tmp2
+ ncatted -O -a add_offset,OC,d,, input.nc.tmp2
+ ncatted -O -a add_offset,BC,d,, input.nc.tmp2
+ ncatted -O -a add_offset,CO,d,, input.nc.tmp2
+ ncatted -O -a add_offset,NOx,d,, input.nc.tmp2
+ ncatted -O -a add_offset,NH3,d,, input.nc.tmp2
+ ncatted -O -a add_offset,MeanFRP,d,, input.nc.tmp2
+ ncatted -O -a valid_range,MeanFRP,d,, input.nc.tmp2
+ ncatted -O -a coordinates,MeanFRP,d,, input.nc.tmp2
+ nccopy -k 'netCDF-4 classic model' input.nc.tmp2 input.nc.tmp3
+ nccopy -d1 input.nc.tmp3 input.nc.tmp4
+ ERR=0
+ ECNT=0
+ '[' 0 -eq 0 ']'
+ /bin/mv input.nc.tmp4 /scratch1/BMC/gsd-fv3-dev/MAPP_2018/bhuang/JEDI-2020/JEDI-FV3/expCodes/PACEData/GBBEPx/Prep_GBBEPx_2024070100_2024093000/FixGBBEPx/GBBEPx_all01GRID.emissions_v004_20240909.nc
+ ERR=0
+ ECNT=0
+ '[' 0 -eq 0 ']'
+ echo 'Fix GBBEPx successflully at 20240909'
Fix GBBEPx successflully at 20240909
++ /scratch2/NCEPDEV/nwprod/NCEPLIBS/utils/prod_util.v1.1.0/exec/ndate 24 2024090900
+ IDATE=2024091000
+ '[' 2024091000 -le 2024093000 ']'
+ ECNT=0
+ /bin/rm -rf input.nc.tmp input.nc.tmp2 input.nc.tmp3 input.nc
+ IY=2024
+ IM=09
+ ID=10
+ IYMD=20240910
+ SRCFILE='/scratch1/BMC/gsd-fv3-dev/MAPP_2018/bhuang/JEDI-2020/JEDI-FV3/expCodes/PACEData/GBBEPx/Prep_GBBEPx_2024070100_2024093000/2024091000/*.nc'
+ OUTFILE=/scratch1/BMC/gsd-fv3-dev/MAPP_2018/bhuang/JEDI-2020/JEDI-FV3/expCodes/PACEData/GBBEPx/Prep_GBBEPx_2024070100_2024093000/FixGBBEPx/GBBEPx_all01GRID.emissions_v004_20240910.nc
++ wc -l
++ ls /scratch1/BMC/gsd-fv3-dev/MAPP_2018/bhuang/JEDI-2020/JEDI-FV3/expCodes/PACEData/GBBEPx/Prep_GBBEPx_2024070100_2024093000/2024091000/GBBEPx-all01GRID_v5r0_blend_s202409100000000_e202409102359590_c202409110117200.nc
+ NNC=1
+ '[' 1 -eq 1 ']'
++ ls /scratch1/BMC/gsd-fv3-dev/MAPP_2018/bhuang/JEDI-2020/JEDI-FV3/expCodes/PACEData/GBBEPx/Prep_GBBEPx_2024070100_2024093000/2024091000/GBBEPx-all01GRID_v5r0_blend_s202409100000000_e202409102359590_c202409110117200.nc
+ for FILE in $(ls ${SRCFILE})
+ /bin/cp /scratch1/BMC/gsd-fv3-dev/MAPP_2018/bhuang/JEDI-2020/JEDI-FV3/expCodes/PACEData/GBBEPx/Prep_GBBEPx_2024070100_2024093000/2024091000/GBBEPx-all01GRID_v5r0_blend_s202409100000000_e202409102359590_c202409110117200.nc input.nc
+ ERR=0
+ ECNT=0
+ /home/Bo.Huang/JEDI-2020/UFS-Aerosols_RETcyc/UFS-Aerosols-EP4_JEDI-AeroDA-Reanl/misc/PrepPACE/GBBEPx/fix_GBBEPx_Li.sh input.nc 20240910
+ '[' -z '' ']'
+ case "$-" in
+ __lmod_vx=x
+ '[' -n x ']'
+ set +x
Shell debugging temporarily silenced: export LMOD_SH_DBG_ON=1 for this output (/apps/lmod/lmod/init/bash)
Shell debugging restarted
+ unset __lmod_vx
+ input_file=input.nc
+ yyyymmdd=20240910
+ nccopy -k classic input.nc input.nc.tmp
+ ncks --mk_rec_dmn Time input.nc.tmp -O -o input.nc.tmp
+ ncatted -O -a units,Longitude,m,c,degrees_east input.nc.tmp
+ ncrename -v Time,time -d Time,time input.nc.tmp -O -o input.nc.tmp
+ ncrename -v Latitude,lat -d Latitude,lat input.nc.tmp -O -o input.nc.tmp
+ ncrename -v Longitude,lon -d Longitude,lon input.nc.tmp -O -o input.nc.tmp
+ ncap2 -O -s 'time[time]=0' input.nc.tmp -o input.nc.tmp
+ ncks -C -O -x -v Max_emission,Max_emission_col,Max_emission_row input.nc.tmp input.nc.tmp
+ ncks -C -O -x -v QCAll,CloudPerc,FirePerc,NumSensor input.nc.tmp input.nc.tmp
+ ncks -C -O -x -v TotalEmis_region_Africa input.nc.tmp input.nc.tmp
+ ncks -C -O -x -v TotalEmis_region_Asia input.nc.tmp input.nc.tmp
+ ncks -C -O -x -v TotalEmis_region_Australia input.nc.tmp input.nc.tmp
+ ncks -C -O -x -v TotalEmis_region_Europe input.nc.tmp input.nc.tmp
+ ncks -C -O -x -v TotalEmis_region_NorthAmerica input.nc.tmp input.nc.tmp
+ ncks -C -O -x -v TotalEmis_region_SouthAmerica input.nc.tmp input.nc.tmp
+ ncks -C -O -x -v quality_information input.nc.tmp input.nc.tmp
+ ncks -O -d lat,-89.5,89.5 input.nc.tmp input.nc.tmp2
++ date -d 20240910 +%Y-%m-%d
+ d=2024-09-10
+ dd='hours since 2024-09-10 12:00:00'
+ ncatted -O -a 'units,time,c,c,hours since 2024-09-10 12:00:00' input.nc.tmp2
+ ncatted -O -a long_name,time,c,c,Time input.nc.tmp2
+ ncatted -O -a calendar,time,c,c,gregorian input.nc.tmp2
+ ncatted -O -a axis,time,c,c,T input.nc.tmp2
+ ncatted -O -a long_name,lat,m,c,latitude input.nc.tmp2
+ ncatted -O -a long_name,lon,m,c,longitude input.nc.tmp2
+ ncatted -O -a axis,lon,d,, input.nc.tmp2
+ ncatted -O -a bounds,lon,d,, input.nc.tmp2
+ ncatted -O -a valid_range,lon,d,, input.nc.tmp2
+ ncatted -O -a scale_factor,lon,d,, input.nc.tmp2
+ ncatted -O -a add_offset,lon,d,, input.nc.tmp2
+ ncatted -O -a _FillValue,lon,d,, input.nc.tmp2
+ ncatted -O -a axis,lat,d,, input.nc.tmp2
+ ncatted -O -a bounds,lat,d,, input.nc.tmp2
+ ncatted -O -a valid_range,lat,d,, input.nc.tmp2
+ ncatted -O -a scale_factor,lat,d,, input.nc.tmp2
+ ncatted -O -a add_offset,lat,d,, input.nc.tmp2
+ ncatted -O -a _FillValue,lat,d,, input.nc.tmp2
+ ncatted -O -a coordinates,SO2,d,, input.nc.tmp2
+ ncatted -O -a coordinates,PM2.5,d,, input.nc.tmp2
+ ncatted -O -a coordinates,OC,d,, input.nc.tmp2
+ ncatted -O -a coordinates,BC,d,, input.nc.tmp2
+ ncatted -O -a coordinates,CO,d,, input.nc.tmp2
+ ncatted -O -a coordinates,NOx,d,, input.nc.tmp2
+ ncatted -O -a coordinates,NH3,d,, input.nc.tmp2
+ ncatted -O -a valid_range,SO2,d,, input.nc.tmp2
+ ncatted -O -a valid_range,PM2.5,d,, input.nc.tmp2
+ ncatted -O -a valid_range,OC,d,, input.nc.tmp2
+ ncatted -O -a valid_range,BC,d,, input.nc.tmp2
+ ncatted -O -a valid_range,CO,d,, input.nc.tmp2
+ ncatted -O -a valid_range,NOx,d,, input.nc.tmp2
+ ncatted -O -a valid_range,NH3,d,, input.nc.tmp2
+ ncatted -O -a add_offset,SO2,d,, input.nc.tmp2
+ ncatted -O -a add_offset,PM2.5,d,, input.nc.tmp2
+ ncatted -O -a add_offset,OC,d,, input.nc.tmp2
+ ncatted -O -a add_offset,BC,d,, input.nc.tmp2
+ ncatted -O -a add_offset,CO,d,, input.nc.tmp2
+ ncatted -O -a add_offset,NOx,d,, input.nc.tmp2
+ ncatted -O -a add_offset,NH3,d,, input.nc.tmp2
+ ncatted -O -a add_offset,MeanFRP,d,, input.nc.tmp2
+ ncatted -O -a valid_range,MeanFRP,d,, input.nc.tmp2
+ ncatted -O -a coordinates,MeanFRP,d,, input.nc.tmp2
+ nccopy -k 'netCDF-4 classic model' input.nc.tmp2 input.nc.tmp3
+ nccopy -d1 input.nc.tmp3 input.nc.tmp4
+ ERR=0
+ ECNT=0
+ '[' 0 -eq 0 ']'
+ /bin/mv input.nc.tmp4 /scratch1/BMC/gsd-fv3-dev/MAPP_2018/bhuang/JEDI-2020/JEDI-FV3/expCodes/PACEData/GBBEPx/Prep_GBBEPx_2024070100_2024093000/FixGBBEPx/GBBEPx_all01GRID.emissions_v004_20240910.nc
+ ERR=0
+ ECNT=0
+ '[' 0 -eq 0 ']'
+ echo 'Fix GBBEPx successflully at 20240910'
Fix GBBEPx successflully at 20240910
++ /scratch2/NCEPDEV/nwprod/NCEPLIBS/utils/prod_util.v1.1.0/exec/ndate 24 2024091000
+ IDATE=2024091100
+ '[' 2024091100 -le 2024093000 ']'
+ ECNT=0
+ /bin/rm -rf input.nc.tmp input.nc.tmp2 input.nc.tmp3 input.nc
+ IY=2024
+ IM=09
+ ID=11
+ IYMD=20240911
+ SRCFILE='/scratch1/BMC/gsd-fv3-dev/MAPP_2018/bhuang/JEDI-2020/JEDI-FV3/expCodes/PACEData/GBBEPx/Prep_GBBEPx_2024070100_2024093000/2024091100/*.nc'
+ OUTFILE=/scratch1/BMC/gsd-fv3-dev/MAPP_2018/bhuang/JEDI-2020/JEDI-FV3/expCodes/PACEData/GBBEPx/Prep_GBBEPx_2024070100_2024093000/FixGBBEPx/GBBEPx_all01GRID.emissions_v004_20240911.nc
++ wc -l
++ ls /scratch1/BMC/gsd-fv3-dev/MAPP_2018/bhuang/JEDI-2020/JEDI-FV3/expCodes/PACEData/GBBEPx/Prep_GBBEPx_2024070100_2024093000/2024091100/GBBEPx-all01GRID_v5r0_blend_s202409110000000_e202409112359590_c202409120136020.nc
+ NNC=1
+ '[' 1 -eq 1 ']'
++ ls /scratch1/BMC/gsd-fv3-dev/MAPP_2018/bhuang/JEDI-2020/JEDI-FV3/expCodes/PACEData/GBBEPx/Prep_GBBEPx_2024070100_2024093000/2024091100/GBBEPx-all01GRID_v5r0_blend_s202409110000000_e202409112359590_c202409120136020.nc
+ for FILE in $(ls ${SRCFILE})
+ /bin/cp /scratch1/BMC/gsd-fv3-dev/MAPP_2018/bhuang/JEDI-2020/JEDI-FV3/expCodes/PACEData/GBBEPx/Prep_GBBEPx_2024070100_2024093000/2024091100/GBBEPx-all01GRID_v5r0_blend_s202409110000000_e202409112359590_c202409120136020.nc input.nc
+ ERR=0
+ ECNT=0
+ /home/Bo.Huang/JEDI-2020/UFS-Aerosols_RETcyc/UFS-Aerosols-EP4_JEDI-AeroDA-Reanl/misc/PrepPACE/GBBEPx/fix_GBBEPx_Li.sh input.nc 20240911
+ '[' -z '' ']'
+ case "$-" in
+ __lmod_vx=x
+ '[' -n x ']'
+ set +x
Shell debugging temporarily silenced: export LMOD_SH_DBG_ON=1 for this output (/apps/lmod/lmod/init/bash)
Shell debugging restarted
+ unset __lmod_vx
+ input_file=input.nc
+ yyyymmdd=20240911
+ nccopy -k classic input.nc input.nc.tmp
+ ncks --mk_rec_dmn Time input.nc.tmp -O -o input.nc.tmp
+ ncatted -O -a units,Longitude,m,c,degrees_east input.nc.tmp
+ ncrename -v Time,time -d Time,time input.nc.tmp -O -o input.nc.tmp
+ ncrename -v Latitude,lat -d Latitude,lat input.nc.tmp -O -o input.nc.tmp
+ ncrename -v Longitude,lon -d Longitude,lon input.nc.tmp -O -o input.nc.tmp
+ ncap2 -O -s 'time[time]=0' input.nc.tmp -o input.nc.tmp
+ ncks -C -O -x -v Max_emission,Max_emission_col,Max_emission_row input.nc.tmp input.nc.tmp
+ ncks -C -O -x -v QCAll,CloudPerc,FirePerc,NumSensor input.nc.tmp input.nc.tmp
+ ncks -C -O -x -v TotalEmis_region_Africa input.nc.tmp input.nc.tmp
+ ncks -C -O -x -v TotalEmis_region_Asia input.nc.tmp input.nc.tmp
+ ncks -C -O -x -v TotalEmis_region_Australia input.nc.tmp input.nc.tmp
+ ncks -C -O -x -v TotalEmis_region_Europe input.nc.tmp input.nc.tmp
+ ncks -C -O -x -v TotalEmis_region_NorthAmerica input.nc.tmp input.nc.tmp
+ ncks -C -O -x -v TotalEmis_region_SouthAmerica input.nc.tmp input.nc.tmp
+ ncks -C -O -x -v quality_information input.nc.tmp input.nc.tmp
+ ncks -O -d lat,-89.5,89.5 input.nc.tmp input.nc.tmp2
++ date -d 20240911 +%Y-%m-%d
+ d=2024-09-11
+ dd='hours since 2024-09-11 12:00:00'
+ ncatted -O -a 'units,time,c,c,hours since 2024-09-11 12:00:00' input.nc.tmp2
+ ncatted -O -a long_name,time,c,c,Time input.nc.tmp2
+ ncatted -O -a calendar,time,c,c,gregorian input.nc.tmp2
+ ncatted -O -a axis,time,c,c,T input.nc.tmp2
+ ncatted -O -a long_name,lat,m,c,latitude input.nc.tmp2
+ ncatted -O -a long_name,lon,m,c,longitude input.nc.tmp2
+ ncatted -O -a axis,lon,d,, input.nc.tmp2
+ ncatted -O -a bounds,lon,d,, input.nc.tmp2
+ ncatted -O -a valid_range,lon,d,, input.nc.tmp2
+ ncatted -O -a scale_factor,lon,d,, input.nc.tmp2
+ ncatted -O -a add_offset,lon,d,, input.nc.tmp2
+ ncatted -O -a _FillValue,lon,d,, input.nc.tmp2
+ ncatted -O -a axis,lat,d,, input.nc.tmp2
+ ncatted -O -a bounds,lat,d,, input.nc.tmp2
+ ncatted -O -a valid_range,lat,d,, input.nc.tmp2
+ ncatted -O -a scale_factor,lat,d,, input.nc.tmp2
+ ncatted -O -a add_offset,lat,d,, input.nc.tmp2
+ ncatted -O -a _FillValue,lat,d,, input.nc.tmp2
+ ncatted -O -a coordinates,SO2,d,, input.nc.tmp2
+ ncatted -O -a coordinates,PM2.5,d,, input.nc.tmp2
+ ncatted -O -a coordinates,OC,d,, input.nc.tmp2
+ ncatted -O -a coordinates,BC,d,, input.nc.tmp2
+ ncatted -O -a coordinates,CO,d,, input.nc.tmp2
+ ncatted -O -a coordinates,NOx,d,, input.nc.tmp2
+ ncatted -O -a coordinates,NH3,d,, input.nc.tmp2
+ ncatted -O -a valid_range,SO2,d,, input.nc.tmp2
+ ncatted -O -a valid_range,PM2.5,d,, input.nc.tmp2
+ ncatted -O -a valid_range,OC,d,, input.nc.tmp2
+ ncatted -O -a valid_range,BC,d,, input.nc.tmp2
+ ncatted -O -a valid_range,CO,d,, input.nc.tmp2
+ ncatted -O -a valid_range,NOx,d,, input.nc.tmp2
+ ncatted -O -a valid_range,NH3,d,, input.nc.tmp2
+ ncatted -O -a add_offset,SO2,d,, input.nc.tmp2
+ ncatted -O -a add_offset,PM2.5,d,, input.nc.tmp2
+ ncatted -O -a add_offset,OC,d,, input.nc.tmp2
+ ncatted -O -a add_offset,BC,d,, input.nc.tmp2
+ ncatted -O -a add_offset,CO,d,, input.nc.tmp2
+ ncatted -O -a add_offset,NOx,d,, input.nc.tmp2
+ ncatted -O -a add_offset,NH3,d,, input.nc.tmp2
+ ncatted -O -a add_offset,MeanFRP,d,, input.nc.tmp2
+ ncatted -O -a valid_range,MeanFRP,d,, input.nc.tmp2
+ ncatted -O -a coordinates,MeanFRP,d,, input.nc.tmp2
+ nccopy -k 'netCDF-4 classic model' input.nc.tmp2 input.nc.tmp3
+ nccopy -d1 input.nc.tmp3 input.nc.tmp4
+ ERR=0
+ ECNT=0
+ '[' 0 -eq 0 ']'
+ /bin/mv input.nc.tmp4 /scratch1/BMC/gsd-fv3-dev/MAPP_2018/bhuang/JEDI-2020/JEDI-FV3/expCodes/PACEData/GBBEPx/Prep_GBBEPx_2024070100_2024093000/FixGBBEPx/GBBEPx_all01GRID.emissions_v004_20240911.nc
+ ERR=0
+ ECNT=0
+ '[' 0 -eq 0 ']'
+ echo 'Fix GBBEPx successflully at 20240911'
Fix GBBEPx successflully at 20240911
++ /scratch2/NCEPDEV/nwprod/NCEPLIBS/utils/prod_util.v1.1.0/exec/ndate 24 2024091100
+ IDATE=2024091200
+ '[' 2024091200 -le 2024093000 ']'
+ ECNT=0
+ /bin/rm -rf input.nc.tmp input.nc.tmp2 input.nc.tmp3 input.nc
+ IY=2024
+ IM=09
+ ID=12
+ IYMD=20240912
+ SRCFILE='/scratch1/BMC/gsd-fv3-dev/MAPP_2018/bhuang/JEDI-2020/JEDI-FV3/expCodes/PACEData/GBBEPx/Prep_GBBEPx_2024070100_2024093000/2024091200/*.nc'
+ OUTFILE=/scratch1/BMC/gsd-fv3-dev/MAPP_2018/bhuang/JEDI-2020/JEDI-FV3/expCodes/PACEData/GBBEPx/Prep_GBBEPx_2024070100_2024093000/FixGBBEPx/GBBEPx_all01GRID.emissions_v004_20240912.nc
++ wc -l
++ ls /scratch1/BMC/gsd-fv3-dev/MAPP_2018/bhuang/JEDI-2020/JEDI-FV3/expCodes/PACEData/GBBEPx/Prep_GBBEPx_2024070100_2024093000/2024091200/GBBEPx-all01GRID_v5r0_blend_s202409120000000_e202409122359590_c202409130350310.nc
+ NNC=1
+ '[' 1 -eq 1 ']'
++ ls /scratch1/BMC/gsd-fv3-dev/MAPP_2018/bhuang/JEDI-2020/JEDI-FV3/expCodes/PACEData/GBBEPx/Prep_GBBEPx_2024070100_2024093000/2024091200/GBBEPx-all01GRID_v5r0_blend_s202409120000000_e202409122359590_c202409130350310.nc
+ for FILE in $(ls ${SRCFILE})
+ /bin/cp /scratch1/BMC/gsd-fv3-dev/MAPP_2018/bhuang/JEDI-2020/JEDI-FV3/expCodes/PACEData/GBBEPx/Prep_GBBEPx_2024070100_2024093000/2024091200/GBBEPx-all01GRID_v5r0_blend_s202409120000000_e202409122359590_c202409130350310.nc input.nc
+ ERR=0
+ ECNT=0
+ /home/Bo.Huang/JEDI-2020/UFS-Aerosols_RETcyc/UFS-Aerosols-EP4_JEDI-AeroDA-Reanl/misc/PrepPACE/GBBEPx/fix_GBBEPx_Li.sh input.nc 20240912
+ '[' -z '' ']'
+ case "$-" in
+ __lmod_vx=x
+ '[' -n x ']'
+ set +x
Shell debugging temporarily silenced: export LMOD_SH_DBG_ON=1 for this output (/apps/lmod/lmod/init/bash)
Shell debugging restarted
+ unset __lmod_vx
+ input_file=input.nc
+ yyyymmdd=20240912
+ nccopy -k classic input.nc input.nc.tmp
+ ncks --mk_rec_dmn Time input.nc.tmp -O -o input.nc.tmp
+ ncatted -O -a units,Longitude,m,c,degrees_east input.nc.tmp
+ ncrename -v Time,time -d Time,time input.nc.tmp -O -o input.nc.tmp
+ ncrename -v Latitude,lat -d Latitude,lat input.nc.tmp -O -o input.nc.tmp
+ ncrename -v Longitude,lon -d Longitude,lon input.nc.tmp -O -o input.nc.tmp
+ ncap2 -O -s 'time[time]=0' input.nc.tmp -o input.nc.tmp
+ ncks -C -O -x -v Max_emission,Max_emission_col,Max_emission_row input.nc.tmp input.nc.tmp
+ ncks -C -O -x -v QCAll,CloudPerc,FirePerc,NumSensor input.nc.tmp input.nc.tmp
+ ncks -C -O -x -v TotalEmis_region_Africa input.nc.tmp input.nc.tmp
+ ncks -C -O -x -v TotalEmis_region_Asia input.nc.tmp input.nc.tmp
+ ncks -C -O -x -v TotalEmis_region_Australia input.nc.tmp input.nc.tmp
+ ncks -C -O -x -v TotalEmis_region_Europe input.nc.tmp input.nc.tmp
+ ncks -C -O -x -v TotalEmis_region_NorthAmerica input.nc.tmp input.nc.tmp
+ ncks -C -O -x -v TotalEmis_region_SouthAmerica input.nc.tmp input.nc.tmp
+ ncks -C -O -x -v quality_information input.nc.tmp input.nc.tmp
+ ncks -O -d lat,-89.5,89.5 input.nc.tmp input.nc.tmp2
++ date -d 20240912 +%Y-%m-%d
+ d=2024-09-12
+ dd='hours since 2024-09-12 12:00:00'
+ ncatted -O -a 'units,time,c,c,hours since 2024-09-12 12:00:00' input.nc.tmp2
+ ncatted -O -a long_name,time,c,c,Time input.nc.tmp2
+ ncatted -O -a calendar,time,c,c,gregorian input.nc.tmp2
+ ncatted -O -a axis,time,c,c,T input.nc.tmp2
+ ncatted -O -a long_name,lat,m,c,latitude input.nc.tmp2
+ ncatted -O -a long_name,lon,m,c,longitude input.nc.tmp2
+ ncatted -O -a axis,lon,d,, input.nc.tmp2
+ ncatted -O -a bounds,lon,d,, input.nc.tmp2
+ ncatted -O -a valid_range,lon,d,, input.nc.tmp2
+ ncatted -O -a scale_factor,lon,d,, input.nc.tmp2
+ ncatted -O -a add_offset,lon,d,, input.nc.tmp2
+ ncatted -O -a _FillValue,lon,d,, input.nc.tmp2
+ ncatted -O -a axis,lat,d,, input.nc.tmp2
+ ncatted -O -a bounds,lat,d,, input.nc.tmp2
+ ncatted -O -a valid_range,lat,d,, input.nc.tmp2
+ ncatted -O -a scale_factor,lat,d,, input.nc.tmp2
+ ncatted -O -a add_offset,lat,d,, input.nc.tmp2
+ ncatted -O -a _FillValue,lat,d,, input.nc.tmp2
+ ncatted -O -a coordinates,SO2,d,, input.nc.tmp2
+ ncatted -O -a coordinates,PM2.5,d,, input.nc.tmp2
+ ncatted -O -a coordinates,OC,d,, input.nc.tmp2
+ ncatted -O -a coordinates,BC,d,, input.nc.tmp2
+ ncatted -O -a coordinates,CO,d,, input.nc.tmp2
+ ncatted -O -a coordinates,NOx,d,, input.nc.tmp2
+ ncatted -O -a coordinates,NH3,d,, input.nc.tmp2
+ ncatted -O -a valid_range,SO2,d,, input.nc.tmp2
+ ncatted -O -a valid_range,PM2.5,d,, input.nc.tmp2
+ ncatted -O -a valid_range,OC,d,, input.nc.tmp2
+ ncatted -O -a valid_range,BC,d,, input.nc.tmp2
+ ncatted -O -a valid_range,CO,d,, input.nc.tmp2
+ ncatted -O -a valid_range,NOx,d,, input.nc.tmp2
+ ncatted -O -a valid_range,NH3,d,, input.nc.tmp2
+ ncatted -O -a add_offset,SO2,d,, input.nc.tmp2
+ ncatted -O -a add_offset,PM2.5,d,, input.nc.tmp2
+ ncatted -O -a add_offset,OC,d,, input.nc.tmp2
+ ncatted -O -a add_offset,BC,d,, input.nc.tmp2
+ ncatted -O -a add_offset,CO,d,, input.nc.tmp2
+ ncatted -O -a add_offset,NOx,d,, input.nc.tmp2
+ ncatted -O -a add_offset,NH3,d,, input.nc.tmp2
+ ncatted -O -a add_offset,MeanFRP,d,, input.nc.tmp2
+ ncatted -O -a valid_range,MeanFRP,d,, input.nc.tmp2
+ ncatted -O -a coordinates,MeanFRP,d,, input.nc.tmp2
+ nccopy -k 'netCDF-4 classic model' input.nc.tmp2 input.nc.tmp3
+ nccopy -d1 input.nc.tmp3 input.nc.tmp4
+ ERR=0
+ ECNT=0
+ '[' 0 -eq 0 ']'
+ /bin/mv input.nc.tmp4 /scratch1/BMC/gsd-fv3-dev/MAPP_2018/bhuang/JEDI-2020/JEDI-FV3/expCodes/PACEData/GBBEPx/Prep_GBBEPx_2024070100_2024093000/FixGBBEPx/GBBEPx_all01GRID.emissions_v004_20240912.nc
+ ERR=0
+ ECNT=0
+ '[' 0 -eq 0 ']'
+ echo 'Fix GBBEPx successflully at 20240912'
Fix GBBEPx successflully at 20240912
++ /scratch2/NCEPDEV/nwprod/NCEPLIBS/utils/prod_util.v1.1.0/exec/ndate 24 2024091200
+ IDATE=2024091300
+ '[' 2024091300 -le 2024093000 ']'
+ ECNT=0
+ /bin/rm -rf input.nc.tmp input.nc.tmp2 input.nc.tmp3 input.nc
+ IY=2024
+ IM=09
+ ID=13
+ IYMD=20240913
+ SRCFILE='/scratch1/BMC/gsd-fv3-dev/MAPP_2018/bhuang/JEDI-2020/JEDI-FV3/expCodes/PACEData/GBBEPx/Prep_GBBEPx_2024070100_2024093000/2024091300/*.nc'
+ OUTFILE=/scratch1/BMC/gsd-fv3-dev/MAPP_2018/bhuang/JEDI-2020/JEDI-FV3/expCodes/PACEData/GBBEPx/Prep_GBBEPx_2024070100_2024093000/FixGBBEPx/GBBEPx_all01GRID.emissions_v004_20240913.nc
++ wc -l
++ ls /scratch1/BMC/gsd-fv3-dev/MAPP_2018/bhuang/JEDI-2020/JEDI-FV3/expCodes/PACEData/GBBEPx/Prep_GBBEPx_2024070100_2024093000/2024091300/GBBEPx-all01GRID_v5r0_blend_s202409130000000_e202409132359590_c202409140145490.nc
+ NNC=1
+ '[' 1 -eq 1 ']'
++ ls /scratch1/BMC/gsd-fv3-dev/MAPP_2018/bhuang/JEDI-2020/JEDI-FV3/expCodes/PACEData/GBBEPx/Prep_GBBEPx_2024070100_2024093000/2024091300/GBBEPx-all01GRID_v5r0_blend_s202409130000000_e202409132359590_c202409140145490.nc
+ for FILE in $(ls ${SRCFILE})
+ /bin/cp /scratch1/BMC/gsd-fv3-dev/MAPP_2018/bhuang/JEDI-2020/JEDI-FV3/expCodes/PACEData/GBBEPx/Prep_GBBEPx_2024070100_2024093000/2024091300/GBBEPx-all01GRID_v5r0_blend_s202409130000000_e202409132359590_c202409140145490.nc input.nc
+ ERR=0
+ ECNT=0
+ /home/Bo.Huang/JEDI-2020/UFS-Aerosols_RETcyc/UFS-Aerosols-EP4_JEDI-AeroDA-Reanl/misc/PrepPACE/GBBEPx/fix_GBBEPx_Li.sh input.nc 20240913
+ '[' -z '' ']'
+ case "$-" in
+ __lmod_vx=x
+ '[' -n x ']'
+ set +x
Shell debugging temporarily silenced: export LMOD_SH_DBG_ON=1 for this output (/apps/lmod/lmod/init/bash)
Shell debugging restarted
+ unset __lmod_vx
+ input_file=input.nc
+ yyyymmdd=20240913
+ nccopy -k classic input.nc input.nc.tmp
+ ncks --mk_rec_dmn Time input.nc.tmp -O -o input.nc.tmp
+ ncatted -O -a units,Longitude,m,c,degrees_east input.nc.tmp
+ ncrename -v Time,time -d Time,time input.nc.tmp -O -o input.nc.tmp
+ ncrename -v Latitude,lat -d Latitude,lat input.nc.tmp -O -o input.nc.tmp
+ ncrename -v Longitude,lon -d Longitude,lon input.nc.tmp -O -o input.nc.tmp
+ ncap2 -O -s 'time[time]=0' input.nc.tmp -o input.nc.tmp
+ ncks -C -O -x -v Max_emission,Max_emission_col,Max_emission_row input.nc.tmp input.nc.tmp
+ ncks -C -O -x -v QCAll,CloudPerc,FirePerc,NumSensor input.nc.tmp input.nc.tmp
+ ncks -C -O -x -v TotalEmis_region_Africa input.nc.tmp input.nc.tmp
+ ncks -C -O -x -v TotalEmis_region_Asia input.nc.tmp input.nc.tmp
+ ncks -C -O -x -v TotalEmis_region_Australia input.nc.tmp input.nc.tmp
+ ncks -C -O -x -v TotalEmis_region_Europe input.nc.tmp input.nc.tmp
+ ncks -C -O -x -v TotalEmis_region_NorthAmerica input.nc.tmp input.nc.tmp
+ ncks -C -O -x -v TotalEmis_region_SouthAmerica input.nc.tmp input.nc.tmp
+ ncks -C -O -x -v quality_information input.nc.tmp input.nc.tmp
+ ncks -O -d lat,-89.5,89.5 input.nc.tmp input.nc.tmp2
++ date -d 20240913 +%Y-%m-%d
+ d=2024-09-13
+ dd='hours since 2024-09-13 12:00:00'
+ ncatted -O -a 'units,time,c,c,hours since 2024-09-13 12:00:00' input.nc.tmp2
+ ncatted -O -a long_name,time,c,c,Time input.nc.tmp2
+ ncatted -O -a calendar,time,c,c,gregorian input.nc.tmp2
+ ncatted -O -a axis,time,c,c,T input.nc.tmp2
+ ncatted -O -a long_name,lat,m,c,latitude input.nc.tmp2
+ ncatted -O -a long_name,lon,m,c,longitude input.nc.tmp2
+ ncatted -O -a axis,lon,d,, input.nc.tmp2
+ ncatted -O -a bounds,lon,d,, input.nc.tmp2
+ ncatted -O -a valid_range,lon,d,, input.nc.tmp2
+ ncatted -O -a scale_factor,lon,d,, input.nc.tmp2
+ ncatted -O -a add_offset,lon,d,, input.nc.tmp2
+ ncatted -O -a _FillValue,lon,d,, input.nc.tmp2
+ ncatted -O -a axis,lat,d,, input.nc.tmp2
+ ncatted -O -a bounds,lat,d,, input.nc.tmp2
+ ncatted -O -a valid_range,lat,d,, input.nc.tmp2
+ ncatted -O -a scale_factor,lat,d,, input.nc.tmp2
+ ncatted -O -a add_offset,lat,d,, input.nc.tmp2
+ ncatted -O -a _FillValue,lat,d,, input.nc.tmp2
+ ncatted -O -a coordinates,SO2,d,, input.nc.tmp2
+ ncatted -O -a coordinates,PM2.5,d,, input.nc.tmp2
+ ncatted -O -a coordinates,OC,d,, input.nc.tmp2
+ ncatted -O -a coordinates,BC,d,, input.nc.tmp2
+ ncatted -O -a coordinates,CO,d,, input.nc.tmp2
+ ncatted -O -a coordinates,NOx,d,, input.nc.tmp2
+ ncatted -O -a coordinates,NH3,d,, input.nc.tmp2
+ ncatted -O -a valid_range,SO2,d,, input.nc.tmp2
+ ncatted -O -a valid_range,PM2.5,d,, input.nc.tmp2
+ ncatted -O -a valid_range,OC,d,, input.nc.tmp2
+ ncatted -O -a valid_range,BC,d,, input.nc.tmp2
+ ncatted -O -a valid_range,CO,d,, input.nc.tmp2
+ ncatted -O -a valid_range,NOx,d,, input.nc.tmp2
+ ncatted -O -a valid_range,NH3,d,, input.nc.tmp2
+ ncatted -O -a add_offset,SO2,d,, input.nc.tmp2
+ ncatted -O -a add_offset,PM2.5,d,, input.nc.tmp2
+ ncatted -O -a add_offset,OC,d,, input.nc.tmp2
+ ncatted -O -a add_offset,BC,d,, input.nc.tmp2
+ ncatted -O -a add_offset,CO,d,, input.nc.tmp2
+ ncatted -O -a add_offset,NOx,d,, input.nc.tmp2
+ ncatted -O -a add_offset,NH3,d,, input.nc.tmp2
+ ncatted -O -a add_offset,MeanFRP,d,, input.nc.tmp2
+ ncatted -O -a valid_range,MeanFRP,d,, input.nc.tmp2
+ ncatted -O -a coordinates,MeanFRP,d,, input.nc.tmp2
+ nccopy -k 'netCDF-4 classic model' input.nc.tmp2 input.nc.tmp3
+ nccopy -d1 input.nc.tmp3 input.nc.tmp4
+ ERR=0
+ ECNT=0
+ '[' 0 -eq 0 ']'
+ /bin/mv input.nc.tmp4 /scratch1/BMC/gsd-fv3-dev/MAPP_2018/bhuang/JEDI-2020/JEDI-FV3/expCodes/PACEData/GBBEPx/Prep_GBBEPx_2024070100_2024093000/FixGBBEPx/GBBEPx_all01GRID.emissions_v004_20240913.nc
+ ERR=0
+ ECNT=0
+ '[' 0 -eq 0 ']'
+ echo 'Fix GBBEPx successflully at 20240913'
Fix GBBEPx successflully at 20240913
++ /scratch2/NCEPDEV/nwprod/NCEPLIBS/utils/prod_util.v1.1.0/exec/ndate 24 2024091300
+ IDATE=2024091400
+ '[' 2024091400 -le 2024093000 ']'
+ ECNT=0
+ /bin/rm -rf input.nc.tmp input.nc.tmp2 input.nc.tmp3 input.nc
+ IY=2024
+ IM=09
+ ID=14
+ IYMD=20240914
+ SRCFILE='/scratch1/BMC/gsd-fv3-dev/MAPP_2018/bhuang/JEDI-2020/JEDI-FV3/expCodes/PACEData/GBBEPx/Prep_GBBEPx_2024070100_2024093000/2024091400/*.nc'
+ OUTFILE=/scratch1/BMC/gsd-fv3-dev/MAPP_2018/bhuang/JEDI-2020/JEDI-FV3/expCodes/PACEData/GBBEPx/Prep_GBBEPx_2024070100_2024093000/FixGBBEPx/GBBEPx_all01GRID.emissions_v004_20240914.nc
++ wc -l
++ ls /scratch1/BMC/gsd-fv3-dev/MAPP_2018/bhuang/JEDI-2020/JEDI-FV3/expCodes/PACEData/GBBEPx/Prep_GBBEPx_2024070100_2024093000/2024091400/GBBEPx-all01GRID_v5r0_blend_s202409140000000_e202409142359590_c202409150122540.nc
+ NNC=1
+ '[' 1 -eq 1 ']'
++ ls /scratch1/BMC/gsd-fv3-dev/MAPP_2018/bhuang/JEDI-2020/JEDI-FV3/expCodes/PACEData/GBBEPx/Prep_GBBEPx_2024070100_2024093000/2024091400/GBBEPx-all01GRID_v5r0_blend_s202409140000000_e202409142359590_c202409150122540.nc
+ for FILE in $(ls ${SRCFILE})
+ /bin/cp /scratch1/BMC/gsd-fv3-dev/MAPP_2018/bhuang/JEDI-2020/JEDI-FV3/expCodes/PACEData/GBBEPx/Prep_GBBEPx_2024070100_2024093000/2024091400/GBBEPx-all01GRID_v5r0_blend_s202409140000000_e202409142359590_c202409150122540.nc input.nc
+ ERR=0
+ ECNT=0
+ /home/Bo.Huang/JEDI-2020/UFS-Aerosols_RETcyc/UFS-Aerosols-EP4_JEDI-AeroDA-Reanl/misc/PrepPACE/GBBEPx/fix_GBBEPx_Li.sh input.nc 20240914
+ '[' -z '' ']'
+ case "$-" in
+ __lmod_vx=x
+ '[' -n x ']'
+ set +x
Shell debugging temporarily silenced: export LMOD_SH_DBG_ON=1 for this output (/apps/lmod/lmod/init/bash)
Shell debugging restarted
+ unset __lmod_vx
+ input_file=input.nc
+ yyyymmdd=20240914
+ nccopy -k classic input.nc input.nc.tmp
+ ncks --mk_rec_dmn Time input.nc.tmp -O -o input.nc.tmp
+ ncatted -O -a units,Longitude,m,c,degrees_east input.nc.tmp
+ ncrename -v Time,time -d Time,time input.nc.tmp -O -o input.nc.tmp
+ ncrename -v Latitude,lat -d Latitude,lat input.nc.tmp -O -o input.nc.tmp
+ ncrename -v Longitude,lon -d Longitude,lon input.nc.tmp -O -o input.nc.tmp
+ ncap2 -O -s 'time[time]=0' input.nc.tmp -o input.nc.tmp
+ ncks -C -O -x -v Max_emission,Max_emission_col,Max_emission_row input.nc.tmp input.nc.tmp
+ ncks -C -O -x -v QCAll,CloudPerc,FirePerc,NumSensor input.nc.tmp input.nc.tmp
+ ncks -C -O -x -v TotalEmis_region_Africa input.nc.tmp input.nc.tmp
+ ncks -C -O -x -v TotalEmis_region_Asia input.nc.tmp input.nc.tmp
+ ncks -C -O -x -v TotalEmis_region_Australia input.nc.tmp input.nc.tmp
+ ncks -C -O -x -v TotalEmis_region_Europe input.nc.tmp input.nc.tmp
+ ncks -C -O -x -v TotalEmis_region_NorthAmerica input.nc.tmp input.nc.tmp
+ ncks -C -O -x -v TotalEmis_region_SouthAmerica input.nc.tmp input.nc.tmp
+ ncks -C -O -x -v quality_information input.nc.tmp input.nc.tmp
+ ncks -O -d lat,-89.5,89.5 input.nc.tmp input.nc.tmp2
++ date -d 20240914 +%Y-%m-%d
+ d=2024-09-14
+ dd='hours since 2024-09-14 12:00:00'
+ ncatted -O -a 'units,time,c,c,hours since 2024-09-14 12:00:00' input.nc.tmp2
+ ncatted -O -a long_name,time,c,c,Time input.nc.tmp2
+ ncatted -O -a calendar,time,c,c,gregorian input.nc.tmp2
+ ncatted -O -a axis,time,c,c,T input.nc.tmp2
+ ncatted -O -a long_name,lat,m,c,latitude input.nc.tmp2
+ ncatted -O -a long_name,lon,m,c,longitude input.nc.tmp2
+ ncatted -O -a axis,lon,d,, input.nc.tmp2
+ ncatted -O -a bounds,lon,d,, input.nc.tmp2
+ ncatted -O -a valid_range,lon,d,, input.nc.tmp2
+ ncatted -O -a scale_factor,lon,d,, input.nc.tmp2
+ ncatted -O -a add_offset,lon,d,, input.nc.tmp2
+ ncatted -O -a _FillValue,lon,d,, input.nc.tmp2
+ ncatted -O -a axis,lat,d,, input.nc.tmp2
+ ncatted -O -a bounds,lat,d,, input.nc.tmp2
+ ncatted -O -a valid_range,lat,d,, input.nc.tmp2
+ ncatted -O -a scale_factor,lat,d,, input.nc.tmp2
+ ncatted -O -a add_offset,lat,d,, input.nc.tmp2
+ ncatted -O -a _FillValue,lat,d,, input.nc.tmp2
+ ncatted -O -a coordinates,SO2,d,, input.nc.tmp2
+ ncatted -O -a coordinates,PM2.5,d,, input.nc.tmp2
+ ncatted -O -a coordinates,OC,d,, input.nc.tmp2
+ ncatted -O -a coordinates,BC,d,, input.nc.tmp2
+ ncatted -O -a coordinates,CO,d,, input.nc.tmp2
+ ncatted -O -a coordinates,NOx,d,, input.nc.tmp2
+ ncatted -O -a coordinates,NH3,d,, input.nc.tmp2
+ ncatted -O -a valid_range,SO2,d,, input.nc.tmp2
+ ncatted -O -a valid_range,PM2.5,d,, input.nc.tmp2
+ ncatted -O -a valid_range,OC,d,, input.nc.tmp2
+ ncatted -O -a valid_range,BC,d,, input.nc.tmp2
+ ncatted -O -a valid_range,CO,d,, input.nc.tmp2
+ ncatted -O -a valid_range,NOx,d,, input.nc.tmp2
+ ncatted -O -a valid_range,NH3,d,, input.nc.tmp2
+ ncatted -O -a add_offset,SO2,d,, input.nc.tmp2
+ ncatted -O -a add_offset,PM2.5,d,, input.nc.tmp2
+ ncatted -O -a add_offset,OC,d,, input.nc.tmp2
+ ncatted -O -a add_offset,BC,d,, input.nc.tmp2
+ ncatted -O -a add_offset,CO,d,, input.nc.tmp2
+ ncatted -O -a add_offset,NOx,d,, input.nc.tmp2
+ ncatted -O -a add_offset,NH3,d,, input.nc.tmp2
+ ncatted -O -a add_offset,MeanFRP,d,, input.nc.tmp2
+ ncatted -O -a valid_range,MeanFRP,d,, input.nc.tmp2
+ ncatted -O -a coordinates,MeanFRP,d,, input.nc.tmp2
+ nccopy -k 'netCDF-4 classic model' input.nc.tmp2 input.nc.tmp3
+ nccopy -d1 input.nc.tmp3 input.nc.tmp4
+ ERR=0
+ ECNT=0
+ '[' 0 -eq 0 ']'
+ /bin/mv input.nc.tmp4 /scratch1/BMC/gsd-fv3-dev/MAPP_2018/bhuang/JEDI-2020/JEDI-FV3/expCodes/PACEData/GBBEPx/Prep_GBBEPx_2024070100_2024093000/FixGBBEPx/GBBEPx_all01GRID.emissions_v004_20240914.nc
+ ERR=0
+ ECNT=0
+ '[' 0 -eq 0 ']'
+ echo 'Fix GBBEPx successflully at 20240914'
Fix GBBEPx successflully at 20240914
++ /scratch2/NCEPDEV/nwprod/NCEPLIBS/utils/prod_util.v1.1.0/exec/ndate 24 2024091400
+ IDATE=2024091500
+ '[' 2024091500 -le 2024093000 ']'
+ ECNT=0
+ /bin/rm -rf input.nc.tmp input.nc.tmp2 input.nc.tmp3 input.nc
+ IY=2024
+ IM=09
+ ID=15
+ IYMD=20240915
+ SRCFILE='/scratch1/BMC/gsd-fv3-dev/MAPP_2018/bhuang/JEDI-2020/JEDI-FV3/expCodes/PACEData/GBBEPx/Prep_GBBEPx_2024070100_2024093000/2024091500/*.nc'
+ OUTFILE=/scratch1/BMC/gsd-fv3-dev/MAPP_2018/bhuang/JEDI-2020/JEDI-FV3/expCodes/PACEData/GBBEPx/Prep_GBBEPx_2024070100_2024093000/FixGBBEPx/GBBEPx_all01GRID.emissions_v004_20240915.nc
++ wc -l
++ ls /scratch1/BMC/gsd-fv3-dev/MAPP_2018/bhuang/JEDI-2020/JEDI-FV3/expCodes/PACEData/GBBEPx/Prep_GBBEPx_2024070100_2024093000/2024091500/GBBEPx-all01GRID_v5r0_blend_s202409150000000_e202409152359590_c202409160321230.nc
+ NNC=1
+ '[' 1 -eq 1 ']'
++ ls /scratch1/BMC/gsd-fv3-dev/MAPP_2018/bhuang/JEDI-2020/JEDI-FV3/expCodes/PACEData/GBBEPx/Prep_GBBEPx_2024070100_2024093000/2024091500/GBBEPx-all01GRID_v5r0_blend_s202409150000000_e202409152359590_c202409160321230.nc
+ for FILE in $(ls ${SRCFILE})
+ /bin/cp /scratch1/BMC/gsd-fv3-dev/MAPP_2018/bhuang/JEDI-2020/JEDI-FV3/expCodes/PACEData/GBBEPx/Prep_GBBEPx_2024070100_2024093000/2024091500/GBBEPx-all01GRID_v5r0_blend_s202409150000000_e202409152359590_c202409160321230.nc input.nc
+ ERR=0
+ ECNT=0
+ /home/Bo.Huang/JEDI-2020/UFS-Aerosols_RETcyc/UFS-Aerosols-EP4_JEDI-AeroDA-Reanl/misc/PrepPACE/GBBEPx/fix_GBBEPx_Li.sh input.nc 20240915
+ '[' -z '' ']'
+ case "$-" in
+ __lmod_vx=x
+ '[' -n x ']'
+ set +x
Shell debugging temporarily silenced: export LMOD_SH_DBG_ON=1 for this output (/apps/lmod/lmod/init/bash)
Shell debugging restarted
+ unset __lmod_vx
+ input_file=input.nc
+ yyyymmdd=20240915
+ nccopy -k classic input.nc input.nc.tmp
+ ncks --mk_rec_dmn Time input.nc.tmp -O -o input.nc.tmp
+ ncatted -O -a units,Longitude,m,c,degrees_east input.nc.tmp
+ ncrename -v Time,time -d Time,time input.nc.tmp -O -o input.nc.tmp
+ ncrename -v Latitude,lat -d Latitude,lat input.nc.tmp -O -o input.nc.tmp
+ ncrename -v Longitude,lon -d Longitude,lon input.nc.tmp -O -o input.nc.tmp
+ ncap2 -O -s 'time[time]=0' input.nc.tmp -o input.nc.tmp
+ ncks -C -O -x -v Max_emission,Max_emission_col,Max_emission_row input.nc.tmp input.nc.tmp
+ ncks -C -O -x -v QCAll,CloudPerc,FirePerc,NumSensor input.nc.tmp input.nc.tmp
+ ncks -C -O -x -v TotalEmis_region_Africa input.nc.tmp input.nc.tmp
+ ncks -C -O -x -v TotalEmis_region_Asia input.nc.tmp input.nc.tmp
+ ncks -C -O -x -v TotalEmis_region_Australia input.nc.tmp input.nc.tmp
+ ncks -C -O -x -v TotalEmis_region_Europe input.nc.tmp input.nc.tmp
+ ncks -C -O -x -v TotalEmis_region_NorthAmerica input.nc.tmp input.nc.tmp
+ ncks -C -O -x -v TotalEmis_region_SouthAmerica input.nc.tmp input.nc.tmp
+ ncks -C -O -x -v quality_information input.nc.tmp input.nc.tmp
+ ncks -O -d lat,-89.5,89.5 input.nc.tmp input.nc.tmp2
++ date -d 20240915 +%Y-%m-%d
+ d=2024-09-15
+ dd='hours since 2024-09-15 12:00:00'
+ ncatted -O -a 'units,time,c,c,hours since 2024-09-15 12:00:00' input.nc.tmp2
+ ncatted -O -a long_name,time,c,c,Time input.nc.tmp2
+ ncatted -O -a calendar,time,c,c,gregorian input.nc.tmp2
+ ncatted -O -a axis,time,c,c,T input.nc.tmp2
+ ncatted -O -a long_name,lat,m,c,latitude input.nc.tmp2
+ ncatted -O -a long_name,lon,m,c,longitude input.nc.tmp2
+ ncatted -O -a axis,lon,d,, input.nc.tmp2
+ ncatted -O -a bounds,lon,d,, input.nc.tmp2
+ ncatted -O -a valid_range,lon,d,, input.nc.tmp2
+ ncatted -O -a scale_factor,lon,d,, input.nc.tmp2
+ ncatted -O -a add_offset,lon,d,, input.nc.tmp2
+ ncatted -O -a _FillValue,lon,d,, input.nc.tmp2
+ ncatted -O -a axis,lat,d,, input.nc.tmp2
+ ncatted -O -a bounds,lat,d,, input.nc.tmp2
+ ncatted -O -a valid_range,lat,d,, input.nc.tmp2
+ ncatted -O -a scale_factor,lat,d,, input.nc.tmp2
+ ncatted -O -a add_offset,lat,d,, input.nc.tmp2
+ ncatted -O -a _FillValue,lat,d,, input.nc.tmp2
+ ncatted -O -a coordinates,SO2,d,, input.nc.tmp2
+ ncatted -O -a coordinates,PM2.5,d,, input.nc.tmp2
+ ncatted -O -a coordinates,OC,d,, input.nc.tmp2
+ ncatted -O -a coordinates,BC,d,, input.nc.tmp2
+ ncatted -O -a coordinates,CO,d,, input.nc.tmp2
+ ncatted -O -a coordinates,NOx,d,, input.nc.tmp2
+ ncatted -O -a coordinates,NH3,d,, input.nc.tmp2
+ ncatted -O -a valid_range,SO2,d,, input.nc.tmp2
+ ncatted -O -a valid_range,PM2.5,d,, input.nc.tmp2
+ ncatted -O -a valid_range,OC,d,, input.nc.tmp2
+ ncatted -O -a valid_range,BC,d,, input.nc.tmp2
+ ncatted -O -a valid_range,CO,d,, input.nc.tmp2
+ ncatted -O -a valid_range,NOx,d,, input.nc.tmp2
+ ncatted -O -a valid_range,NH3,d,, input.nc.tmp2
+ ncatted -O -a add_offset,SO2,d,, input.nc.tmp2
+ ncatted -O -a add_offset,PM2.5,d,, input.nc.tmp2
+ ncatted -O -a add_offset,OC,d,, input.nc.tmp2
+ ncatted -O -a add_offset,BC,d,, input.nc.tmp2
+ ncatted -O -a add_offset,CO,d,, input.nc.tmp2
+ ncatted -O -a add_offset,NOx,d,, input.nc.tmp2
+ ncatted -O -a add_offset,NH3,d,, input.nc.tmp2
+ ncatted -O -a add_offset,MeanFRP,d,, input.nc.tmp2
+ ncatted -O -a valid_range,MeanFRP,d,, input.nc.tmp2
+ ncatted -O -a coordinates,MeanFRP,d,, input.nc.tmp2
+ nccopy -k 'netCDF-4 classic model' input.nc.tmp2 input.nc.tmp3
+ nccopy -d1 input.nc.tmp3 input.nc.tmp4
+ ERR=0
+ ECNT=0
+ '[' 0 -eq 0 ']'
+ /bin/mv input.nc.tmp4 /scratch1/BMC/gsd-fv3-dev/MAPP_2018/bhuang/JEDI-2020/JEDI-FV3/expCodes/PACEData/GBBEPx/Prep_GBBEPx_2024070100_2024093000/FixGBBEPx/GBBEPx_all01GRID.emissions_v004_20240915.nc
+ ERR=0
+ ECNT=0
+ '[' 0 -eq 0 ']'
+ echo 'Fix GBBEPx successflully at 20240915'
Fix GBBEPx successflully at 20240915
++ /scratch2/NCEPDEV/nwprod/NCEPLIBS/utils/prod_util.v1.1.0/exec/ndate 24 2024091500
+ IDATE=2024091600
+ '[' 2024091600 -le 2024093000 ']'
+ ECNT=0
+ /bin/rm -rf input.nc.tmp input.nc.tmp2 input.nc.tmp3 input.nc
+ IY=2024
+ IM=09
+ ID=16
+ IYMD=20240916
+ SRCFILE='/scratch1/BMC/gsd-fv3-dev/MAPP_2018/bhuang/JEDI-2020/JEDI-FV3/expCodes/PACEData/GBBEPx/Prep_GBBEPx_2024070100_2024093000/2024091600/*.nc'
+ OUTFILE=/scratch1/BMC/gsd-fv3-dev/MAPP_2018/bhuang/JEDI-2020/JEDI-FV3/expCodes/PACEData/GBBEPx/Prep_GBBEPx_2024070100_2024093000/FixGBBEPx/GBBEPx_all01GRID.emissions_v004_20240916.nc
++ wc -l
++ ls /scratch1/BMC/gsd-fv3-dev/MAPP_2018/bhuang/JEDI-2020/JEDI-FV3/expCodes/PACEData/GBBEPx/Prep_GBBEPx_2024070100_2024093000/2024091600/GBBEPx-all01GRID_v5r0_blend_s202409160000000_e202409162359590_c202409170141570.nc
+ NNC=1
+ '[' 1 -eq 1 ']'
++ ls /scratch1/BMC/gsd-fv3-dev/MAPP_2018/bhuang/JEDI-2020/JEDI-FV3/expCodes/PACEData/GBBEPx/Prep_GBBEPx_2024070100_2024093000/2024091600/GBBEPx-all01GRID_v5r0_blend_s202409160000000_e202409162359590_c202409170141570.nc
+ for FILE in $(ls ${SRCFILE})
+ /bin/cp /scratch1/BMC/gsd-fv3-dev/MAPP_2018/bhuang/JEDI-2020/JEDI-FV3/expCodes/PACEData/GBBEPx/Prep_GBBEPx_2024070100_2024093000/2024091600/GBBEPx-all01GRID_v5r0_blend_s202409160000000_e202409162359590_c202409170141570.nc input.nc
+ ERR=0
+ ECNT=0
+ /home/Bo.Huang/JEDI-2020/UFS-Aerosols_RETcyc/UFS-Aerosols-EP4_JEDI-AeroDA-Reanl/misc/PrepPACE/GBBEPx/fix_GBBEPx_Li.sh input.nc 20240916
+ '[' -z '' ']'
+ case "$-" in
+ __lmod_vx=x
+ '[' -n x ']'
+ set +x
Shell debugging temporarily silenced: export LMOD_SH_DBG_ON=1 for this output (/apps/lmod/lmod/init/bash)
Shell debugging restarted
+ unset __lmod_vx
+ input_file=input.nc
+ yyyymmdd=20240916
+ nccopy -k classic input.nc input.nc.tmp
+ ncks --mk_rec_dmn Time input.nc.tmp -O -o input.nc.tmp
+ ncatted -O -a units,Longitude,m,c,degrees_east input.nc.tmp
+ ncrename -v Time,time -d Time,time input.nc.tmp -O -o input.nc.tmp
+ ncrename -v Latitude,lat -d Latitude,lat input.nc.tmp -O -o input.nc.tmp
+ ncrename -v Longitude,lon -d Longitude,lon input.nc.tmp -O -o input.nc.tmp
+ ncap2 -O -s 'time[time]=0' input.nc.tmp -o input.nc.tmp
+ ncks -C -O -x -v Max_emission,Max_emission_col,Max_emission_row input.nc.tmp input.nc.tmp
+ ncks -C -O -x -v QCAll,CloudPerc,FirePerc,NumSensor input.nc.tmp input.nc.tmp
+ ncks -C -O -x -v TotalEmis_region_Africa input.nc.tmp input.nc.tmp
+ ncks -C -O -x -v TotalEmis_region_Asia input.nc.tmp input.nc.tmp
+ ncks -C -O -x -v TotalEmis_region_Australia input.nc.tmp input.nc.tmp
+ ncks -C -O -x -v TotalEmis_region_Europe input.nc.tmp input.nc.tmp
+ ncks -C -O -x -v TotalEmis_region_NorthAmerica input.nc.tmp input.nc.tmp
+ ncks -C -O -x -v TotalEmis_region_SouthAmerica input.nc.tmp input.nc.tmp
+ ncks -C -O -x -v quality_information input.nc.tmp input.nc.tmp
+ ncks -O -d lat,-89.5,89.5 input.nc.tmp input.nc.tmp2
++ date -d 20240916 +%Y-%m-%d
+ d=2024-09-16
+ dd='hours since 2024-09-16 12:00:00'
+ ncatted -O -a 'units,time,c,c,hours since 2024-09-16 12:00:00' input.nc.tmp2
+ ncatted -O -a long_name,time,c,c,Time input.nc.tmp2
+ ncatted -O -a calendar,time,c,c,gregorian input.nc.tmp2
+ ncatted -O -a axis,time,c,c,T input.nc.tmp2
+ ncatted -O -a long_name,lat,m,c,latitude input.nc.tmp2
+ ncatted -O -a long_name,lon,m,c,longitude input.nc.tmp2
+ ncatted -O -a axis,lon,d,, input.nc.tmp2
+ ncatted -O -a bounds,lon,d,, input.nc.tmp2
+ ncatted -O -a valid_range,lon,d,, input.nc.tmp2
+ ncatted -O -a scale_factor,lon,d,, input.nc.tmp2
+ ncatted -O -a add_offset,lon,d,, input.nc.tmp2
+ ncatted -O -a _FillValue,lon,d,, input.nc.tmp2
+ ncatted -O -a axis,lat,d,, input.nc.tmp2
+ ncatted -O -a bounds,lat,d,, input.nc.tmp2
+ ncatted -O -a valid_range,lat,d,, input.nc.tmp2
+ ncatted -O -a scale_factor,lat,d,, input.nc.tmp2
+ ncatted -O -a add_offset,lat,d,, input.nc.tmp2
+ ncatted -O -a _FillValue,lat,d,, input.nc.tmp2
+ ncatted -O -a coordinates,SO2,d,, input.nc.tmp2
+ ncatted -O -a coordinates,PM2.5,d,, input.nc.tmp2
+ ncatted -O -a coordinates,OC,d,, input.nc.tmp2
+ ncatted -O -a coordinates,BC,d,, input.nc.tmp2
+ ncatted -O -a coordinates,CO,d,, input.nc.tmp2
+ ncatted -O -a coordinates,NOx,d,, input.nc.tmp2
+ ncatted -O -a coordinates,NH3,d,, input.nc.tmp2
+ ncatted -O -a valid_range,SO2,d,, input.nc.tmp2
+ ncatted -O -a valid_range,PM2.5,d,, input.nc.tmp2
+ ncatted -O -a valid_range,OC,d,, input.nc.tmp2
+ ncatted -O -a valid_range,BC,d,, input.nc.tmp2
+ ncatted -O -a valid_range,CO,d,, input.nc.tmp2
+ ncatted -O -a valid_range,NOx,d,, input.nc.tmp2
+ ncatted -O -a valid_range,NH3,d,, input.nc.tmp2
+ ncatted -O -a add_offset,SO2,d,, input.nc.tmp2
+ ncatted -O -a add_offset,PM2.5,d,, input.nc.tmp2
+ ncatted -O -a add_offset,OC,d,, input.nc.tmp2
+ ncatted -O -a add_offset,BC,d,, input.nc.tmp2
+ ncatted -O -a add_offset,CO,d,, input.nc.tmp2
+ ncatted -O -a add_offset,NOx,d,, input.nc.tmp2
+ ncatted -O -a add_offset,NH3,d,, input.nc.tmp2
+ ncatted -O -a add_offset,MeanFRP,d,, input.nc.tmp2
+ ncatted -O -a valid_range,MeanFRP,d,, input.nc.tmp2
+ ncatted -O -a coordinates,MeanFRP,d,, input.nc.tmp2
+ nccopy -k 'netCDF-4 classic model' input.nc.tmp2 input.nc.tmp3
+ nccopy -d1 input.nc.tmp3 input.nc.tmp4
+ ERR=0
+ ECNT=0
+ '[' 0 -eq 0 ']'
+ /bin/mv input.nc.tmp4 /scratch1/BMC/gsd-fv3-dev/MAPP_2018/bhuang/JEDI-2020/JEDI-FV3/expCodes/PACEData/GBBEPx/Prep_GBBEPx_2024070100_2024093000/FixGBBEPx/GBBEPx_all01GRID.emissions_v004_20240916.nc
+ ERR=0
+ ECNT=0
+ '[' 0 -eq 0 ']'
+ echo 'Fix GBBEPx successflully at 20240916'
Fix GBBEPx successflully at 20240916
++ /scratch2/NCEPDEV/nwprod/NCEPLIBS/utils/prod_util.v1.1.0/exec/ndate 24 2024091600
+ IDATE=2024091700
+ '[' 2024091700 -le 2024093000 ']'
+ ECNT=0
+ /bin/rm -rf input.nc.tmp input.nc.tmp2 input.nc.tmp3 input.nc
+ IY=2024
+ IM=09
+ ID=17
+ IYMD=20240917
+ SRCFILE='/scratch1/BMC/gsd-fv3-dev/MAPP_2018/bhuang/JEDI-2020/JEDI-FV3/expCodes/PACEData/GBBEPx/Prep_GBBEPx_2024070100_2024093000/2024091700/*.nc'
+ OUTFILE=/scratch1/BMC/gsd-fv3-dev/MAPP_2018/bhuang/JEDI-2020/JEDI-FV3/expCodes/PACEData/GBBEPx/Prep_GBBEPx_2024070100_2024093000/FixGBBEPx/GBBEPx_all01GRID.emissions_v004_20240917.nc
++ wc -l
++ ls /scratch1/BMC/gsd-fv3-dev/MAPP_2018/bhuang/JEDI-2020/JEDI-FV3/expCodes/PACEData/GBBEPx/Prep_GBBEPx_2024070100_2024093000/2024091700/GBBEPx-all01GRID_v5r0_blend_s202409170000000_e202409172359590_c202409180129450.nc
+ NNC=1
+ '[' 1 -eq 1 ']'
++ ls /scratch1/BMC/gsd-fv3-dev/MAPP_2018/bhuang/JEDI-2020/JEDI-FV3/expCodes/PACEData/GBBEPx/Prep_GBBEPx_2024070100_2024093000/2024091700/GBBEPx-all01GRID_v5r0_blend_s202409170000000_e202409172359590_c202409180129450.nc
+ for FILE in $(ls ${SRCFILE})
+ /bin/cp /scratch1/BMC/gsd-fv3-dev/MAPP_2018/bhuang/JEDI-2020/JEDI-FV3/expCodes/PACEData/GBBEPx/Prep_GBBEPx_2024070100_2024093000/2024091700/GBBEPx-all01GRID_v5r0_blend_s202409170000000_e202409172359590_c202409180129450.nc input.nc
+ ERR=0
+ ECNT=0
+ /home/Bo.Huang/JEDI-2020/UFS-Aerosols_RETcyc/UFS-Aerosols-EP4_JEDI-AeroDA-Reanl/misc/PrepPACE/GBBEPx/fix_GBBEPx_Li.sh input.nc 20240917
+ '[' -z '' ']'
+ case "$-" in
+ __lmod_vx=x
+ '[' -n x ']'
+ set +x
Shell debugging temporarily silenced: export LMOD_SH_DBG_ON=1 for this output (/apps/lmod/lmod/init/bash)
Shell debugging restarted
+ unset __lmod_vx
+ input_file=input.nc
+ yyyymmdd=20240917
+ nccopy -k classic input.nc input.nc.tmp
+ ncks --mk_rec_dmn Time input.nc.tmp -O -o input.nc.tmp
+ ncatted -O -a units,Longitude,m,c,degrees_east input.nc.tmp
+ ncrename -v Time,time -d Time,time input.nc.tmp -O -o input.nc.tmp
+ ncrename -v Latitude,lat -d Latitude,lat input.nc.tmp -O -o input.nc.tmp
+ ncrename -v Longitude,lon -d Longitude,lon input.nc.tmp -O -o input.nc.tmp
+ ncap2 -O -s 'time[time]=0' input.nc.tmp -o input.nc.tmp
+ ncks -C -O -x -v Max_emission,Max_emission_col,Max_emission_row input.nc.tmp input.nc.tmp
+ ncks -C -O -x -v QCAll,CloudPerc,FirePerc,NumSensor input.nc.tmp input.nc.tmp
+ ncks -C -O -x -v TotalEmis_region_Africa input.nc.tmp input.nc.tmp
+ ncks -C -O -x -v TotalEmis_region_Asia input.nc.tmp input.nc.tmp
+ ncks -C -O -x -v TotalEmis_region_Australia input.nc.tmp input.nc.tmp
+ ncks -C -O -x -v TotalEmis_region_Europe input.nc.tmp input.nc.tmp
+ ncks -C -O -x -v TotalEmis_region_NorthAmerica input.nc.tmp input.nc.tmp
+ ncks -C -O -x -v TotalEmis_region_SouthAmerica input.nc.tmp input.nc.tmp
+ ncks -C -O -x -v quality_information input.nc.tmp input.nc.tmp
+ ncks -O -d lat,-89.5,89.5 input.nc.tmp input.nc.tmp2
++ date -d 20240917 +%Y-%m-%d
+ d=2024-09-17
+ dd='hours since 2024-09-17 12:00:00'
+ ncatted -O -a 'units,time,c,c,hours since 2024-09-17 12:00:00' input.nc.tmp2
+ ncatted -O -a long_name,time,c,c,Time input.nc.tmp2
+ ncatted -O -a calendar,time,c,c,gregorian input.nc.tmp2
+ ncatted -O -a axis,time,c,c,T input.nc.tmp2
+ ncatted -O -a long_name,lat,m,c,latitude input.nc.tmp2
+ ncatted -O -a long_name,lon,m,c,longitude input.nc.tmp2
+ ncatted -O -a axis,lon,d,, input.nc.tmp2
+ ncatted -O -a bounds,lon,d,, input.nc.tmp2
+ ncatted -O -a valid_range,lon,d,, input.nc.tmp2
+ ncatted -O -a scale_factor,lon,d,, input.nc.tmp2
+ ncatted -O -a add_offset,lon,d,, input.nc.tmp2
+ ncatted -O -a _FillValue,lon,d,, input.nc.tmp2
+ ncatted -O -a axis,lat,d,, input.nc.tmp2
+ ncatted -O -a bounds,lat,d,, input.nc.tmp2
+ ncatted -O -a valid_range,lat,d,, input.nc.tmp2
+ ncatted -O -a scale_factor,lat,d,, input.nc.tmp2
+ ncatted -O -a add_offset,lat,d,, input.nc.tmp2
+ ncatted -O -a _FillValue,lat,d,, input.nc.tmp2
+ ncatted -O -a coordinates,SO2,d,, input.nc.tmp2
+ ncatted -O -a coordinates,PM2.5,d,, input.nc.tmp2
+ ncatted -O -a coordinates,OC,d,, input.nc.tmp2
+ ncatted -O -a coordinates,BC,d,, input.nc.tmp2
+ ncatted -O -a coordinates,CO,d,, input.nc.tmp2
+ ncatted -O -a coordinates,NOx,d,, input.nc.tmp2
+ ncatted -O -a coordinates,NH3,d,, input.nc.tmp2
+ ncatted -O -a valid_range,SO2,d,, input.nc.tmp2
+ ncatted -O -a valid_range,PM2.5,d,, input.nc.tmp2
+ ncatted -O -a valid_range,OC,d,, input.nc.tmp2
+ ncatted -O -a valid_range,BC,d,, input.nc.tmp2
+ ncatted -O -a valid_range,CO,d,, input.nc.tmp2
+ ncatted -O -a valid_range,NOx,d,, input.nc.tmp2
+ ncatted -O -a valid_range,NH3,d,, input.nc.tmp2
+ ncatted -O -a add_offset,SO2,d,, input.nc.tmp2
+ ncatted -O -a add_offset,PM2.5,d,, input.nc.tmp2
+ ncatted -O -a add_offset,OC,d,, input.nc.tmp2
+ ncatted -O -a add_offset,BC,d,, input.nc.tmp2
+ ncatted -O -a add_offset,CO,d,, input.nc.tmp2
+ ncatted -O -a add_offset,NOx,d,, input.nc.tmp2
+ ncatted -O -a add_offset,NH3,d,, input.nc.tmp2
+ ncatted -O -a add_offset,MeanFRP,d,, input.nc.tmp2
+ ncatted -O -a valid_range,MeanFRP,d,, input.nc.tmp2
+ ncatted -O -a coordinates,MeanFRP,d,, input.nc.tmp2
+ nccopy -k 'netCDF-4 classic model' input.nc.tmp2 input.nc.tmp3
+ nccopy -d1 input.nc.tmp3 input.nc.tmp4
+ ERR=0
+ ECNT=0
+ '[' 0 -eq 0 ']'
+ /bin/mv input.nc.tmp4 /scratch1/BMC/gsd-fv3-dev/MAPP_2018/bhuang/JEDI-2020/JEDI-FV3/expCodes/PACEData/GBBEPx/Prep_GBBEPx_2024070100_2024093000/FixGBBEPx/GBBEPx_all01GRID.emissions_v004_20240917.nc
+ ERR=0
+ ECNT=0
+ '[' 0 -eq 0 ']'
+ echo 'Fix GBBEPx successflully at 20240917'
Fix GBBEPx successflully at 20240917
++ /scratch2/NCEPDEV/nwprod/NCEPLIBS/utils/prod_util.v1.1.0/exec/ndate 24 2024091700
+ IDATE=2024091800
+ '[' 2024091800 -le 2024093000 ']'
+ ECNT=0
+ /bin/rm -rf input.nc.tmp input.nc.tmp2 input.nc.tmp3 input.nc
+ IY=2024
+ IM=09
+ ID=18
+ IYMD=20240918
+ SRCFILE='/scratch1/BMC/gsd-fv3-dev/MAPP_2018/bhuang/JEDI-2020/JEDI-FV3/expCodes/PACEData/GBBEPx/Prep_GBBEPx_2024070100_2024093000/2024091800/*.nc'
+ OUTFILE=/scratch1/BMC/gsd-fv3-dev/MAPP_2018/bhuang/JEDI-2020/JEDI-FV3/expCodes/PACEData/GBBEPx/Prep_GBBEPx_2024070100_2024093000/FixGBBEPx/GBBEPx_all01GRID.emissions_v004_20240918.nc
++ wc -l
++ ls /scratch1/BMC/gsd-fv3-dev/MAPP_2018/bhuang/JEDI-2020/JEDI-FV3/expCodes/PACEData/GBBEPx/Prep_GBBEPx_2024070100_2024093000/2024091800/GBBEPx-all01GRID_v5r0_blend_s202409180000000_e202409182359590_c202409190113200.nc
+ NNC=1
+ '[' 1 -eq 1 ']'
++ ls /scratch1/BMC/gsd-fv3-dev/MAPP_2018/bhuang/JEDI-2020/JEDI-FV3/expCodes/PACEData/GBBEPx/Prep_GBBEPx_2024070100_2024093000/2024091800/GBBEPx-all01GRID_v5r0_blend_s202409180000000_e202409182359590_c202409190113200.nc
+ for FILE in $(ls ${SRCFILE})
+ /bin/cp /scratch1/BMC/gsd-fv3-dev/MAPP_2018/bhuang/JEDI-2020/JEDI-FV3/expCodes/PACEData/GBBEPx/Prep_GBBEPx_2024070100_2024093000/2024091800/GBBEPx-all01GRID_v5r0_blend_s202409180000000_e202409182359590_c202409190113200.nc input.nc
+ ERR=0
+ ECNT=0
+ /home/Bo.Huang/JEDI-2020/UFS-Aerosols_RETcyc/UFS-Aerosols-EP4_JEDI-AeroDA-Reanl/misc/PrepPACE/GBBEPx/fix_GBBEPx_Li.sh input.nc 20240918
+ '[' -z '' ']'
+ case "$-" in
+ __lmod_vx=x
+ '[' -n x ']'
+ set +x
Shell debugging temporarily silenced: export LMOD_SH_DBG_ON=1 for this output (/apps/lmod/lmod/init/bash)
Shell debugging restarted
+ unset __lmod_vx
+ input_file=input.nc
+ yyyymmdd=20240918
+ nccopy -k classic input.nc input.nc.tmp
+ ncks --mk_rec_dmn Time input.nc.tmp -O -o input.nc.tmp
+ ncatted -O -a units,Longitude,m,c,degrees_east input.nc.tmp
+ ncrename -v Time,time -d Time,time input.nc.tmp -O -o input.nc.tmp
+ ncrename -v Latitude,lat -d Latitude,lat input.nc.tmp -O -o input.nc.tmp
+ ncrename -v Longitude,lon -d Longitude,lon input.nc.tmp -O -o input.nc.tmp
+ ncap2 -O -s 'time[time]=0' input.nc.tmp -o input.nc.tmp
+ ncks -C -O -x -v Max_emission,Max_emission_col,Max_emission_row input.nc.tmp input.nc.tmp
+ ncks -C -O -x -v QCAll,CloudPerc,FirePerc,NumSensor input.nc.tmp input.nc.tmp
+ ncks -C -O -x -v TotalEmis_region_Africa input.nc.tmp input.nc.tmp
+ ncks -C -O -x -v TotalEmis_region_Asia input.nc.tmp input.nc.tmp
+ ncks -C -O -x -v TotalEmis_region_Australia input.nc.tmp input.nc.tmp
+ ncks -C -O -x -v TotalEmis_region_Europe input.nc.tmp input.nc.tmp
+ ncks -C -O -x -v TotalEmis_region_NorthAmerica input.nc.tmp input.nc.tmp
+ ncks -C -O -x -v TotalEmis_region_SouthAmerica input.nc.tmp input.nc.tmp
+ ncks -C -O -x -v quality_information input.nc.tmp input.nc.tmp
+ ncks -O -d lat,-89.5,89.5 input.nc.tmp input.nc.tmp2
++ date -d 20240918 +%Y-%m-%d
+ d=2024-09-18
+ dd='hours since 2024-09-18 12:00:00'
+ ncatted -O -a 'units,time,c,c,hours since 2024-09-18 12:00:00' input.nc.tmp2
+ ncatted -O -a long_name,time,c,c,Time input.nc.tmp2
+ ncatted -O -a calendar,time,c,c,gregorian input.nc.tmp2
+ ncatted -O -a axis,time,c,c,T input.nc.tmp2
+ ncatted -O -a long_name,lat,m,c,latitude input.nc.tmp2
+ ncatted -O -a long_name,lon,m,c,longitude input.nc.tmp2
+ ncatted -O -a axis,lon,d,, input.nc.tmp2
+ ncatted -O -a bounds,lon,d,, input.nc.tmp2
+ ncatted -O -a valid_range,lon,d,, input.nc.tmp2
+ ncatted -O -a scale_factor,lon,d,, input.nc.tmp2
+ ncatted -O -a add_offset,lon,d,, input.nc.tmp2
+ ncatted -O -a _FillValue,lon,d,, input.nc.tmp2
+ ncatted -O -a axis,lat,d,, input.nc.tmp2
+ ncatted -O -a bounds,lat,d,, input.nc.tmp2
+ ncatted -O -a valid_range,lat,d,, input.nc.tmp2
+ ncatted -O -a scale_factor,lat,d,, input.nc.tmp2
+ ncatted -O -a add_offset,lat,d,, input.nc.tmp2
+ ncatted -O -a _FillValue,lat,d,, input.nc.tmp2
+ ncatted -O -a coordinates,SO2,d,, input.nc.tmp2
+ ncatted -O -a coordinates,PM2.5,d,, input.nc.tmp2
+ ncatted -O -a coordinates,OC,d,, input.nc.tmp2
+ ncatted -O -a coordinates,BC,d,, input.nc.tmp2
+ ncatted -O -a coordinates,CO,d,, input.nc.tmp2
+ ncatted -O -a coordinates,NOx,d,, input.nc.tmp2
+ ncatted -O -a coordinates,NH3,d,, input.nc.tmp2
+ ncatted -O -a valid_range,SO2,d,, input.nc.tmp2
+ ncatted -O -a valid_range,PM2.5,d,, input.nc.tmp2
+ ncatted -O -a valid_range,OC,d,, input.nc.tmp2
+ ncatted -O -a valid_range,BC,d,, input.nc.tmp2
+ ncatted -O -a valid_range,CO,d,, input.nc.tmp2
+ ncatted -O -a valid_range,NOx,d,, input.nc.tmp2
+ ncatted -O -a valid_range,NH3,d,, input.nc.tmp2
+ ncatted -O -a add_offset,SO2,d,, input.nc.tmp2
+ ncatted -O -a add_offset,PM2.5,d,, input.nc.tmp2
+ ncatted -O -a add_offset,OC,d,, input.nc.tmp2
+ ncatted -O -a add_offset,BC,d,, input.nc.tmp2
+ ncatted -O -a add_offset,CO,d,, input.nc.tmp2
+ ncatted -O -a add_offset,NOx,d,, input.nc.tmp2
+ ncatted -O -a add_offset,NH3,d,, input.nc.tmp2
+ ncatted -O -a add_offset,MeanFRP,d,, input.nc.tmp2
+ ncatted -O -a valid_range,MeanFRP,d,, input.nc.tmp2
+ ncatted -O -a coordinates,MeanFRP,d,, input.nc.tmp2
+ nccopy -k 'netCDF-4 classic model' input.nc.tmp2 input.nc.tmp3
+ nccopy -d1 input.nc.tmp3 input.nc.tmp4
+ ERR=0
+ ECNT=0
+ '[' 0 -eq 0 ']'
+ /bin/mv input.nc.tmp4 /scratch1/BMC/gsd-fv3-dev/MAPP_2018/bhuang/JEDI-2020/JEDI-FV3/expCodes/PACEData/GBBEPx/Prep_GBBEPx_2024070100_2024093000/FixGBBEPx/GBBEPx_all01GRID.emissions_v004_20240918.nc
+ ERR=0
+ ECNT=0
+ '[' 0 -eq 0 ']'
+ echo 'Fix GBBEPx successflully at 20240918'
Fix GBBEPx successflully at 20240918
++ /scratch2/NCEPDEV/nwprod/NCEPLIBS/utils/prod_util.v1.1.0/exec/ndate 24 2024091800
+ IDATE=2024091900
+ '[' 2024091900 -le 2024093000 ']'
+ ECNT=0
+ /bin/rm -rf input.nc.tmp input.nc.tmp2 input.nc.tmp3 input.nc
+ IY=2024
+ IM=09
+ ID=19
+ IYMD=20240919
+ SRCFILE='/scratch1/BMC/gsd-fv3-dev/MAPP_2018/bhuang/JEDI-2020/JEDI-FV3/expCodes/PACEData/GBBEPx/Prep_GBBEPx_2024070100_2024093000/2024091900/*.nc'
+ OUTFILE=/scratch1/BMC/gsd-fv3-dev/MAPP_2018/bhuang/JEDI-2020/JEDI-FV3/expCodes/PACEData/GBBEPx/Prep_GBBEPx_2024070100_2024093000/FixGBBEPx/GBBEPx_all01GRID.emissions_v004_20240919.nc
++ wc -l
++ ls /scratch1/BMC/gsd-fv3-dev/MAPP_2018/bhuang/JEDI-2020/JEDI-FV3/expCodes/PACEData/GBBEPx/Prep_GBBEPx_2024070100_2024093000/2024091900/GBBEPx-all01GRID_v5r0_blend_s202409190000000_e202409192359590_c202409200132370.nc
+ NNC=1
+ '[' 1 -eq 1 ']'
++ ls /scratch1/BMC/gsd-fv3-dev/MAPP_2018/bhuang/JEDI-2020/JEDI-FV3/expCodes/PACEData/GBBEPx/Prep_GBBEPx_2024070100_2024093000/2024091900/GBBEPx-all01GRID_v5r0_blend_s202409190000000_e202409192359590_c202409200132370.nc
+ for FILE in $(ls ${SRCFILE})
+ /bin/cp /scratch1/BMC/gsd-fv3-dev/MAPP_2018/bhuang/JEDI-2020/JEDI-FV3/expCodes/PACEData/GBBEPx/Prep_GBBEPx_2024070100_2024093000/2024091900/GBBEPx-all01GRID_v5r0_blend_s202409190000000_e202409192359590_c202409200132370.nc input.nc
+ ERR=0
+ ECNT=0
+ /home/Bo.Huang/JEDI-2020/UFS-Aerosols_RETcyc/UFS-Aerosols-EP4_JEDI-AeroDA-Reanl/misc/PrepPACE/GBBEPx/fix_GBBEPx_Li.sh input.nc 20240919
+ '[' -z '' ']'
+ case "$-" in
+ __lmod_vx=x
+ '[' -n x ']'
+ set +x
Shell debugging temporarily silenced: export LMOD_SH_DBG_ON=1 for this output (/apps/lmod/lmod/init/bash)
Shell debugging restarted
+ unset __lmod_vx
+ input_file=input.nc
+ yyyymmdd=20240919
+ nccopy -k classic input.nc input.nc.tmp
+ ncks --mk_rec_dmn Time input.nc.tmp -O -o input.nc.tmp
+ ncatted -O -a units,Longitude,m,c,degrees_east input.nc.tmp
+ ncrename -v Time,time -d Time,time input.nc.tmp -O -o input.nc.tmp
+ ncrename -v Latitude,lat -d Latitude,lat input.nc.tmp -O -o input.nc.tmp
+ ncrename -v Longitude,lon -d Longitude,lon input.nc.tmp -O -o input.nc.tmp
+ ncap2 -O -s 'time[time]=0' input.nc.tmp -o input.nc.tmp
+ ncks -C -O -x -v Max_emission,Max_emission_col,Max_emission_row input.nc.tmp input.nc.tmp
+ ncks -C -O -x -v QCAll,CloudPerc,FirePerc,NumSensor input.nc.tmp input.nc.tmp
+ ncks -C -O -x -v TotalEmis_region_Africa input.nc.tmp input.nc.tmp
+ ncks -C -O -x -v TotalEmis_region_Asia input.nc.tmp input.nc.tmp
+ ncks -C -O -x -v TotalEmis_region_Australia input.nc.tmp input.nc.tmp
+ ncks -C -O -x -v TotalEmis_region_Europe input.nc.tmp input.nc.tmp
+ ncks -C -O -x -v TotalEmis_region_NorthAmerica input.nc.tmp input.nc.tmp
+ ncks -C -O -x -v TotalEmis_region_SouthAmerica input.nc.tmp input.nc.tmp
+ ncks -C -O -x -v quality_information input.nc.tmp input.nc.tmp
+ ncks -O -d lat,-89.5,89.5 input.nc.tmp input.nc.tmp2
++ date -d 20240919 +%Y-%m-%d
+ d=2024-09-19
+ dd='hours since 2024-09-19 12:00:00'
+ ncatted -O -a 'units,time,c,c,hours since 2024-09-19 12:00:00' input.nc.tmp2
+ ncatted -O -a long_name,time,c,c,Time input.nc.tmp2
+ ncatted -O -a calendar,time,c,c,gregorian input.nc.tmp2
+ ncatted -O -a axis,time,c,c,T input.nc.tmp2
+ ncatted -O -a long_name,lat,m,c,latitude input.nc.tmp2
+ ncatted -O -a long_name,lon,m,c,longitude input.nc.tmp2
+ ncatted -O -a axis,lon,d,, input.nc.tmp2
+ ncatted -O -a bounds,lon,d,, input.nc.tmp2
+ ncatted -O -a valid_range,lon,d,, input.nc.tmp2
+ ncatted -O -a scale_factor,lon,d,, input.nc.tmp2
+ ncatted -O -a add_offset,lon,d,, input.nc.tmp2
+ ncatted -O -a _FillValue,lon,d,, input.nc.tmp2
+ ncatted -O -a axis,lat,d,, input.nc.tmp2
+ ncatted -O -a bounds,lat,d,, input.nc.tmp2
+ ncatted -O -a valid_range,lat,d,, input.nc.tmp2
+ ncatted -O -a scale_factor,lat,d,, input.nc.tmp2
+ ncatted -O -a add_offset,lat,d,, input.nc.tmp2
+ ncatted -O -a _FillValue,lat,d,, input.nc.tmp2
+ ncatted -O -a coordinates,SO2,d,, input.nc.tmp2
+ ncatted -O -a coordinates,PM2.5,d,, input.nc.tmp2
+ ncatted -O -a coordinates,OC,d,, input.nc.tmp2
+ ncatted -O -a coordinates,BC,d,, input.nc.tmp2
+ ncatted -O -a coordinates,CO,d,, input.nc.tmp2
+ ncatted -O -a coordinates,NOx,d,, input.nc.tmp2
+ ncatted -O -a coordinates,NH3,d,, input.nc.tmp2
+ ncatted -O -a valid_range,SO2,d,, input.nc.tmp2
+ ncatted -O -a valid_range,PM2.5,d,, input.nc.tmp2
+ ncatted -O -a valid_range,OC,d,, input.nc.tmp2
+ ncatted -O -a valid_range,BC,d,, input.nc.tmp2
+ ncatted -O -a valid_range,CO,d,, input.nc.tmp2
+ ncatted -O -a valid_range,NOx,d,, input.nc.tmp2
+ ncatted -O -a valid_range,NH3,d,, input.nc.tmp2
+ ncatted -O -a add_offset,SO2,d,, input.nc.tmp2
+ ncatted -O -a add_offset,PM2.5,d,, input.nc.tmp2
+ ncatted -O -a add_offset,OC,d,, input.nc.tmp2
+ ncatted -O -a add_offset,BC,d,, input.nc.tmp2
+ ncatted -O -a add_offset,CO,d,, input.nc.tmp2
+ ncatted -O -a add_offset,NOx,d,, input.nc.tmp2
+ ncatted -O -a add_offset,NH3,d,, input.nc.tmp2
+ ncatted -O -a add_offset,MeanFRP,d,, input.nc.tmp2
+ ncatted -O -a valid_range,MeanFRP,d,, input.nc.tmp2
+ ncatted -O -a coordinates,MeanFRP,d,, input.nc.tmp2
+ nccopy -k 'netCDF-4 classic model' input.nc.tmp2 input.nc.tmp3
+ nccopy -d1 input.nc.tmp3 input.nc.tmp4
+ ERR=0
+ ECNT=0
+ '[' 0 -eq 0 ']'
+ /bin/mv input.nc.tmp4 /scratch1/BMC/gsd-fv3-dev/MAPP_2018/bhuang/JEDI-2020/JEDI-FV3/expCodes/PACEData/GBBEPx/Prep_GBBEPx_2024070100_2024093000/FixGBBEPx/GBBEPx_all01GRID.emissions_v004_20240919.nc
+ ERR=0
+ ECNT=0
+ '[' 0 -eq 0 ']'
+ echo 'Fix GBBEPx successflully at 20240919'
Fix GBBEPx successflully at 20240919
++ /scratch2/NCEPDEV/nwprod/NCEPLIBS/utils/prod_util.v1.1.0/exec/ndate 24 2024091900
+ IDATE=2024092000
+ '[' 2024092000 -le 2024093000 ']'
+ ECNT=0
+ /bin/rm -rf input.nc.tmp input.nc.tmp2 input.nc.tmp3 input.nc
+ IY=2024
+ IM=09
+ ID=20
+ IYMD=20240920
+ SRCFILE='/scratch1/BMC/gsd-fv3-dev/MAPP_2018/bhuang/JEDI-2020/JEDI-FV3/expCodes/PACEData/GBBEPx/Prep_GBBEPx_2024070100_2024093000/2024092000/*.nc'
+ OUTFILE=/scratch1/BMC/gsd-fv3-dev/MAPP_2018/bhuang/JEDI-2020/JEDI-FV3/expCodes/PACEData/GBBEPx/Prep_GBBEPx_2024070100_2024093000/FixGBBEPx/GBBEPx_all01GRID.emissions_v004_20240920.nc
++ wc -l
++ ls /scratch1/BMC/gsd-fv3-dev/MAPP_2018/bhuang/JEDI-2020/JEDI-FV3/expCodes/PACEData/GBBEPx/Prep_GBBEPx_2024070100_2024093000/2024092000/GBBEPx-all01GRID_v5r0_blend_s202409200000000_e202409202359590_c202409210112210.nc
+ NNC=1
+ '[' 1 -eq 1 ']'
++ ls /scratch1/BMC/gsd-fv3-dev/MAPP_2018/bhuang/JEDI-2020/JEDI-FV3/expCodes/PACEData/GBBEPx/Prep_GBBEPx_2024070100_2024093000/2024092000/GBBEPx-all01GRID_v5r0_blend_s202409200000000_e202409202359590_c202409210112210.nc
+ for FILE in $(ls ${SRCFILE})
+ /bin/cp /scratch1/BMC/gsd-fv3-dev/MAPP_2018/bhuang/JEDI-2020/JEDI-FV3/expCodes/PACEData/GBBEPx/Prep_GBBEPx_2024070100_2024093000/2024092000/GBBEPx-all01GRID_v5r0_blend_s202409200000000_e202409202359590_c202409210112210.nc input.nc
+ ERR=0
+ ECNT=0
+ /home/Bo.Huang/JEDI-2020/UFS-Aerosols_RETcyc/UFS-Aerosols-EP4_JEDI-AeroDA-Reanl/misc/PrepPACE/GBBEPx/fix_GBBEPx_Li.sh input.nc 20240920
+ '[' -z '' ']'
+ case "$-" in
+ __lmod_vx=x
+ '[' -n x ']'
+ set +x
Shell debugging temporarily silenced: export LMOD_SH_DBG_ON=1 for this output (/apps/lmod/lmod/init/bash)
Shell debugging restarted
+ unset __lmod_vx
+ input_file=input.nc
+ yyyymmdd=20240920
+ nccopy -k classic input.nc input.nc.tmp
+ ncks --mk_rec_dmn Time input.nc.tmp -O -o input.nc.tmp
+ ncatted -O -a units,Longitude,m,c,degrees_east input.nc.tmp
+ ncrename -v Time,time -d Time,time input.nc.tmp -O -o input.nc.tmp
+ ncrename -v Latitude,lat -d Latitude,lat input.nc.tmp -O -o input.nc.tmp
+ ncrename -v Longitude,lon -d Longitude,lon input.nc.tmp -O -o input.nc.tmp
+ ncap2 -O -s 'time[time]=0' input.nc.tmp -o input.nc.tmp
+ ncks -C -O -x -v Max_emission,Max_emission_col,Max_emission_row input.nc.tmp input.nc.tmp
+ ncks -C -O -x -v QCAll,CloudPerc,FirePerc,NumSensor input.nc.tmp input.nc.tmp
+ ncks -C -O -x -v TotalEmis_region_Africa input.nc.tmp input.nc.tmp
+ ncks -C -O -x -v TotalEmis_region_Asia input.nc.tmp input.nc.tmp
+ ncks -C -O -x -v TotalEmis_region_Australia input.nc.tmp input.nc.tmp
+ ncks -C -O -x -v TotalEmis_region_Europe input.nc.tmp input.nc.tmp
+ ncks -C -O -x -v TotalEmis_region_NorthAmerica input.nc.tmp input.nc.tmp
+ ncks -C -O -x -v TotalEmis_region_SouthAmerica input.nc.tmp input.nc.tmp
+ ncks -C -O -x -v quality_information input.nc.tmp input.nc.tmp
+ ncks -O -d lat,-89.5,89.5 input.nc.tmp input.nc.tmp2
++ date -d 20240920 +%Y-%m-%d
+ d=2024-09-20
+ dd='hours since 2024-09-20 12:00:00'
+ ncatted -O -a 'units,time,c,c,hours since 2024-09-20 12:00:00' input.nc.tmp2
+ ncatted -O -a long_name,time,c,c,Time input.nc.tmp2
+ ncatted -O -a calendar,time,c,c,gregorian input.nc.tmp2
+ ncatted -O -a axis,time,c,c,T input.nc.tmp2
+ ncatted -O -a long_name,lat,m,c,latitude input.nc.tmp2
+ ncatted -O -a long_name,lon,m,c,longitude input.nc.tmp2
+ ncatted -O -a axis,lon,d,, input.nc.tmp2
+ ncatted -O -a bounds,lon,d,, input.nc.tmp2
+ ncatted -O -a valid_range,lon,d,, input.nc.tmp2
+ ncatted -O -a scale_factor,lon,d,, input.nc.tmp2
+ ncatted -O -a add_offset,lon,d,, input.nc.tmp2
+ ncatted -O -a _FillValue,lon,d,, input.nc.tmp2
+ ncatted -O -a axis,lat,d,, input.nc.tmp2
+ ncatted -O -a bounds,lat,d,, input.nc.tmp2
+ ncatted -O -a valid_range,lat,d,, input.nc.tmp2
+ ncatted -O -a scale_factor,lat,d,, input.nc.tmp2
+ ncatted -O -a add_offset,lat,d,, input.nc.tmp2
+ ncatted -O -a _FillValue,lat,d,, input.nc.tmp2
+ ncatted -O -a coordinates,SO2,d,, input.nc.tmp2
+ ncatted -O -a coordinates,PM2.5,d,, input.nc.tmp2
+ ncatted -O -a coordinates,OC,d,, input.nc.tmp2
+ ncatted -O -a coordinates,BC,d,, input.nc.tmp2
+ ncatted -O -a coordinates,CO,d,, input.nc.tmp2
+ ncatted -O -a coordinates,NOx,d,, input.nc.tmp2
+ ncatted -O -a coordinates,NH3,d,, input.nc.tmp2
+ ncatted -O -a valid_range,SO2,d,, input.nc.tmp2
+ ncatted -O -a valid_range,PM2.5,d,, input.nc.tmp2
+ ncatted -O -a valid_range,OC,d,, input.nc.tmp2
+ ncatted -O -a valid_range,BC,d,, input.nc.tmp2
+ ncatted -O -a valid_range,CO,d,, input.nc.tmp2
+ ncatted -O -a valid_range,NOx,d,, input.nc.tmp2
+ ncatted -O -a valid_range,NH3,d,, input.nc.tmp2
+ ncatted -O -a add_offset,SO2,d,, input.nc.tmp2
+ ncatted -O -a add_offset,PM2.5,d,, input.nc.tmp2
+ ncatted -O -a add_offset,OC,d,, input.nc.tmp2
+ ncatted -O -a add_offset,BC,d,, input.nc.tmp2
+ ncatted -O -a add_offset,CO,d,, input.nc.tmp2
+ ncatted -O -a add_offset,NOx,d,, input.nc.tmp2
+ ncatted -O -a add_offset,NH3,d,, input.nc.tmp2
+ ncatted -O -a add_offset,MeanFRP,d,, input.nc.tmp2
+ ncatted -O -a valid_range,MeanFRP,d,, input.nc.tmp2
+ ncatted -O -a coordinates,MeanFRP,d,, input.nc.tmp2
+ nccopy -k 'netCDF-4 classic model' input.nc.tmp2 input.nc.tmp3
+ nccopy -d1 input.nc.tmp3 input.nc.tmp4
+ ERR=0
+ ECNT=0
+ '[' 0 -eq 0 ']'
+ /bin/mv input.nc.tmp4 /scratch1/BMC/gsd-fv3-dev/MAPP_2018/bhuang/JEDI-2020/JEDI-FV3/expCodes/PACEData/GBBEPx/Prep_GBBEPx_2024070100_2024093000/FixGBBEPx/GBBEPx_all01GRID.emissions_v004_20240920.nc
+ ERR=0
+ ECNT=0
+ '[' 0 -eq 0 ']'
+ echo 'Fix GBBEPx successflully at 20240920'
Fix GBBEPx successflully at 20240920
++ /scratch2/NCEPDEV/nwprod/NCEPLIBS/utils/prod_util.v1.1.0/exec/ndate 24 2024092000
+ IDATE=2024092100
+ '[' 2024092100 -le 2024093000 ']'
+ ECNT=0
+ /bin/rm -rf input.nc.tmp input.nc.tmp2 input.nc.tmp3 input.nc
+ IY=2024
+ IM=09
+ ID=21
+ IYMD=20240921
+ SRCFILE='/scratch1/BMC/gsd-fv3-dev/MAPP_2018/bhuang/JEDI-2020/JEDI-FV3/expCodes/PACEData/GBBEPx/Prep_GBBEPx_2024070100_2024093000/2024092100/*.nc'
+ OUTFILE=/scratch1/BMC/gsd-fv3-dev/MAPP_2018/bhuang/JEDI-2020/JEDI-FV3/expCodes/PACEData/GBBEPx/Prep_GBBEPx_2024070100_2024093000/FixGBBEPx/GBBEPx_all01GRID.emissions_v004_20240921.nc
++ wc -l
++ ls /scratch1/BMC/gsd-fv3-dev/MAPP_2018/bhuang/JEDI-2020/JEDI-FV3/expCodes/PACEData/GBBEPx/Prep_GBBEPx_2024070100_2024093000/2024092100/GBBEPx-all01GRID_v5r0_blend_s202409210000000_e202409212359590_c202409220138060.nc
+ NNC=1
+ '[' 1 -eq 1 ']'
++ ls /scratch1/BMC/gsd-fv3-dev/MAPP_2018/bhuang/JEDI-2020/JEDI-FV3/expCodes/PACEData/GBBEPx/Prep_GBBEPx_2024070100_2024093000/2024092100/GBBEPx-all01GRID_v5r0_blend_s202409210000000_e202409212359590_c202409220138060.nc
+ for FILE in $(ls ${SRCFILE})
+ /bin/cp /scratch1/BMC/gsd-fv3-dev/MAPP_2018/bhuang/JEDI-2020/JEDI-FV3/expCodes/PACEData/GBBEPx/Prep_GBBEPx_2024070100_2024093000/2024092100/GBBEPx-all01GRID_v5r0_blend_s202409210000000_e202409212359590_c202409220138060.nc input.nc
+ ERR=0
+ ECNT=0
+ /home/Bo.Huang/JEDI-2020/UFS-Aerosols_RETcyc/UFS-Aerosols-EP4_JEDI-AeroDA-Reanl/misc/PrepPACE/GBBEPx/fix_GBBEPx_Li.sh input.nc 20240921
+ '[' -z '' ']'
+ case "$-" in
+ __lmod_vx=x
+ '[' -n x ']'
+ set +x
Shell debugging temporarily silenced: export LMOD_SH_DBG_ON=1 for this output (/apps/lmod/lmod/init/bash)
Shell debugging restarted
+ unset __lmod_vx
+ input_file=input.nc
+ yyyymmdd=20240921
+ nccopy -k classic input.nc input.nc.tmp
+ ncks --mk_rec_dmn Time input.nc.tmp -O -o input.nc.tmp
+ ncatted -O -a units,Longitude,m,c,degrees_east input.nc.tmp
+ ncrename -v Time,time -d Time,time input.nc.tmp -O -o input.nc.tmp
+ ncrename -v Latitude,lat -d Latitude,lat input.nc.tmp -O -o input.nc.tmp
+ ncrename -v Longitude,lon -d Longitude,lon input.nc.tmp -O -o input.nc.tmp
+ ncap2 -O -s 'time[time]=0' input.nc.tmp -o input.nc.tmp
+ ncks -C -O -x -v Max_emission,Max_emission_col,Max_emission_row input.nc.tmp input.nc.tmp
+ ncks -C -O -x -v QCAll,CloudPerc,FirePerc,NumSensor input.nc.tmp input.nc.tmp
+ ncks -C -O -x -v TotalEmis_region_Africa input.nc.tmp input.nc.tmp
+ ncks -C -O -x -v TotalEmis_region_Asia input.nc.tmp input.nc.tmp
+ ncks -C -O -x -v TotalEmis_region_Australia input.nc.tmp input.nc.tmp
+ ncks -C -O -x -v TotalEmis_region_Europe input.nc.tmp input.nc.tmp
+ ncks -C -O -x -v TotalEmis_region_NorthAmerica input.nc.tmp input.nc.tmp
+ ncks -C -O -x -v TotalEmis_region_SouthAmerica input.nc.tmp input.nc.tmp
+ ncks -C -O -x -v quality_information input.nc.tmp input.nc.tmp
+ ncks -O -d lat,-89.5,89.5 input.nc.tmp input.nc.tmp2
++ date -d 20240921 +%Y-%m-%d
+ d=2024-09-21
+ dd='hours since 2024-09-21 12:00:00'
+ ncatted -O -a 'units,time,c,c,hours since 2024-09-21 12:00:00' input.nc.tmp2
+ ncatted -O -a long_name,time,c,c,Time input.nc.tmp2
+ ncatted -O -a calendar,time,c,c,gregorian input.nc.tmp2
+ ncatted -O -a axis,time,c,c,T input.nc.tmp2
+ ncatted -O -a long_name,lat,m,c,latitude input.nc.tmp2
+ ncatted -O -a long_name,lon,m,c,longitude input.nc.tmp2
+ ncatted -O -a axis,lon,d,, input.nc.tmp2
+ ncatted -O -a bounds,lon,d,, input.nc.tmp2
+ ncatted -O -a valid_range,lon,d,, input.nc.tmp2
+ ncatted -O -a scale_factor,lon,d,, input.nc.tmp2
+ ncatted -O -a add_offset,lon,d,, input.nc.tmp2
+ ncatted -O -a _FillValue,lon,d,, input.nc.tmp2
+ ncatted -O -a axis,lat,d,, input.nc.tmp2
+ ncatted -O -a bounds,lat,d,, input.nc.tmp2
+ ncatted -O -a valid_range,lat,d,, input.nc.tmp2
+ ncatted -O -a scale_factor,lat,d,, input.nc.tmp2
+ ncatted -O -a add_offset,lat,d,, input.nc.tmp2
+ ncatted -O -a _FillValue,lat,d,, input.nc.tmp2
+ ncatted -O -a coordinates,SO2,d,, input.nc.tmp2
+ ncatted -O -a coordinates,PM2.5,d,, input.nc.tmp2
+ ncatted -O -a coordinates,OC,d,, input.nc.tmp2
+ ncatted -O -a coordinates,BC,d,, input.nc.tmp2
+ ncatted -O -a coordinates,CO,d,, input.nc.tmp2
+ ncatted -O -a coordinates,NOx,d,, input.nc.tmp2
+ ncatted -O -a coordinates,NH3,d,, input.nc.tmp2
+ ncatted -O -a valid_range,SO2,d,, input.nc.tmp2
+ ncatted -O -a valid_range,PM2.5,d,, input.nc.tmp2
+ ncatted -O -a valid_range,OC,d,, input.nc.tmp2
+ ncatted -O -a valid_range,BC,d,, input.nc.tmp2
+ ncatted -O -a valid_range,CO,d,, input.nc.tmp2
+ ncatted -O -a valid_range,NOx,d,, input.nc.tmp2
+ ncatted -O -a valid_range,NH3,d,, input.nc.tmp2
+ ncatted -O -a add_offset,SO2,d,, input.nc.tmp2
+ ncatted -O -a add_offset,PM2.5,d,, input.nc.tmp2
+ ncatted -O -a add_offset,OC,d,, input.nc.tmp2
+ ncatted -O -a add_offset,BC,d,, input.nc.tmp2
+ ncatted -O -a add_offset,CO,d,, input.nc.tmp2
+ ncatted -O -a add_offset,NOx,d,, input.nc.tmp2
+ ncatted -O -a add_offset,NH3,d,, input.nc.tmp2
+ ncatted -O -a add_offset,MeanFRP,d,, input.nc.tmp2
+ ncatted -O -a valid_range,MeanFRP,d,, input.nc.tmp2
+ ncatted -O -a coordinates,MeanFRP,d,, input.nc.tmp2
+ nccopy -k 'netCDF-4 classic model' input.nc.tmp2 input.nc.tmp3
+ nccopy -d1 input.nc.tmp3 input.nc.tmp4
+ ERR=0
+ ECNT=0
+ '[' 0 -eq 0 ']'
+ /bin/mv input.nc.tmp4 /scratch1/BMC/gsd-fv3-dev/MAPP_2018/bhuang/JEDI-2020/JEDI-FV3/expCodes/PACEData/GBBEPx/Prep_GBBEPx_2024070100_2024093000/FixGBBEPx/GBBEPx_all01GRID.emissions_v004_20240921.nc
+ ERR=0
+ ECNT=0
+ '[' 0 -eq 0 ']'
+ echo 'Fix GBBEPx successflully at 20240921'
Fix GBBEPx successflully at 20240921
++ /scratch2/NCEPDEV/nwprod/NCEPLIBS/utils/prod_util.v1.1.0/exec/ndate 24 2024092100
+ IDATE=2024092200
+ '[' 2024092200 -le 2024093000 ']'
+ ECNT=0
+ /bin/rm -rf input.nc.tmp input.nc.tmp2 input.nc.tmp3 input.nc
+ IY=2024
+ IM=09
+ ID=22
+ IYMD=20240922
+ SRCFILE='/scratch1/BMC/gsd-fv3-dev/MAPP_2018/bhuang/JEDI-2020/JEDI-FV3/expCodes/PACEData/GBBEPx/Prep_GBBEPx_2024070100_2024093000/2024092200/*.nc'
+ OUTFILE=/scratch1/BMC/gsd-fv3-dev/MAPP_2018/bhuang/JEDI-2020/JEDI-FV3/expCodes/PACEData/GBBEPx/Prep_GBBEPx_2024070100_2024093000/FixGBBEPx/GBBEPx_all01GRID.emissions_v004_20240922.nc
++ wc -l
++ ls /scratch1/BMC/gsd-fv3-dev/MAPP_2018/bhuang/JEDI-2020/JEDI-FV3/expCodes/PACEData/GBBEPx/Prep_GBBEPx_2024070100_2024093000/2024092200/GBBEPx-all01GRID_v5r0_blend_s202409220000000_e202409222359590_c202409230343310.nc
+ NNC=1
+ '[' 1 -eq 1 ']'
++ ls /scratch1/BMC/gsd-fv3-dev/MAPP_2018/bhuang/JEDI-2020/JEDI-FV3/expCodes/PACEData/GBBEPx/Prep_GBBEPx_2024070100_2024093000/2024092200/GBBEPx-all01GRID_v5r0_blend_s202409220000000_e202409222359590_c202409230343310.nc
+ for FILE in $(ls ${SRCFILE})
+ /bin/cp /scratch1/BMC/gsd-fv3-dev/MAPP_2018/bhuang/JEDI-2020/JEDI-FV3/expCodes/PACEData/GBBEPx/Prep_GBBEPx_2024070100_2024093000/2024092200/GBBEPx-all01GRID_v5r0_blend_s202409220000000_e202409222359590_c202409230343310.nc input.nc
+ ERR=0
+ ECNT=0
+ /home/Bo.Huang/JEDI-2020/UFS-Aerosols_RETcyc/UFS-Aerosols-EP4_JEDI-AeroDA-Reanl/misc/PrepPACE/GBBEPx/fix_GBBEPx_Li.sh input.nc 20240922
+ '[' -z '' ']'
+ case "$-" in
+ __lmod_vx=x
+ '[' -n x ']'
+ set +x
Shell debugging temporarily silenced: export LMOD_SH_DBG_ON=1 for this output (/apps/lmod/lmod/init/bash)
Shell debugging restarted
+ unset __lmod_vx
+ input_file=input.nc
+ yyyymmdd=20240922
+ nccopy -k classic input.nc input.nc.tmp
+ ncks --mk_rec_dmn Time input.nc.tmp -O -o input.nc.tmp
+ ncatted -O -a units,Longitude,m,c,degrees_east input.nc.tmp
+ ncrename -v Time,time -d Time,time input.nc.tmp -O -o input.nc.tmp
+ ncrename -v Latitude,lat -d Latitude,lat input.nc.tmp -O -o input.nc.tmp
+ ncrename -v Longitude,lon -d Longitude,lon input.nc.tmp -O -o input.nc.tmp
+ ncap2 -O -s 'time[time]=0' input.nc.tmp -o input.nc.tmp
+ ncks -C -O -x -v Max_emission,Max_emission_col,Max_emission_row input.nc.tmp input.nc.tmp
+ ncks -C -O -x -v QCAll,CloudPerc,FirePerc,NumSensor input.nc.tmp input.nc.tmp
+ ncks -C -O -x -v TotalEmis_region_Africa input.nc.tmp input.nc.tmp
+ ncks -C -O -x -v TotalEmis_region_Asia input.nc.tmp input.nc.tmp
+ ncks -C -O -x -v TotalEmis_region_Australia input.nc.tmp input.nc.tmp
+ ncks -C -O -x -v TotalEmis_region_Europe input.nc.tmp input.nc.tmp
+ ncks -C -O -x -v TotalEmis_region_NorthAmerica input.nc.tmp input.nc.tmp
+ ncks -C -O -x -v TotalEmis_region_SouthAmerica input.nc.tmp input.nc.tmp
+ ncks -C -O -x -v quality_information input.nc.tmp input.nc.tmp
+ ncks -O -d lat,-89.5,89.5 input.nc.tmp input.nc.tmp2
++ date -d 20240922 +%Y-%m-%d
+ d=2024-09-22
+ dd='hours since 2024-09-22 12:00:00'
+ ncatted -O -a 'units,time,c,c,hours since 2024-09-22 12:00:00' input.nc.tmp2
+ ncatted -O -a long_name,time,c,c,Time input.nc.tmp2
+ ncatted -O -a calendar,time,c,c,gregorian input.nc.tmp2
+ ncatted -O -a axis,time,c,c,T input.nc.tmp2
+ ncatted -O -a long_name,lat,m,c,latitude input.nc.tmp2
+ ncatted -O -a long_name,lon,m,c,longitude input.nc.tmp2
+ ncatted -O -a axis,lon,d,, input.nc.tmp2
+ ncatted -O -a bounds,lon,d,, input.nc.tmp2
+ ncatted -O -a valid_range,lon,d,, input.nc.tmp2
+ ncatted -O -a scale_factor,lon,d,, input.nc.tmp2
+ ncatted -O -a add_offset,lon,d,, input.nc.tmp2
+ ncatted -O -a _FillValue,lon,d,, input.nc.tmp2
+ ncatted -O -a axis,lat,d,, input.nc.tmp2
+ ncatted -O -a bounds,lat,d,, input.nc.tmp2
+ ncatted -O -a valid_range,lat,d,, input.nc.tmp2
+ ncatted -O -a scale_factor,lat,d,, input.nc.tmp2
+ ncatted -O -a add_offset,lat,d,, input.nc.tmp2
+ ncatted -O -a _FillValue,lat,d,, input.nc.tmp2
+ ncatted -O -a coordinates,SO2,d,, input.nc.tmp2
+ ncatted -O -a coordinates,PM2.5,d,, input.nc.tmp2
+ ncatted -O -a coordinates,OC,d,, input.nc.tmp2
+ ncatted -O -a coordinates,BC,d,, input.nc.tmp2
+ ncatted -O -a coordinates,CO,d,, input.nc.tmp2
+ ncatted -O -a coordinates,NOx,d,, input.nc.tmp2
+ ncatted -O -a coordinates,NH3,d,, input.nc.tmp2
+ ncatted -O -a valid_range,SO2,d,, input.nc.tmp2
+ ncatted -O -a valid_range,PM2.5,d,, input.nc.tmp2
+ ncatted -O -a valid_range,OC,d,, input.nc.tmp2
+ ncatted -O -a valid_range,BC,d,, input.nc.tmp2
+ ncatted -O -a valid_range,CO,d,, input.nc.tmp2
+ ncatted -O -a valid_range,NOx,d,, input.nc.tmp2
+ ncatted -O -a valid_range,NH3,d,, input.nc.tmp2
+ ncatted -O -a add_offset,SO2,d,, input.nc.tmp2
+ ncatted -O -a add_offset,PM2.5,d,, input.nc.tmp2
+ ncatted -O -a add_offset,OC,d,, input.nc.tmp2
+ ncatted -O -a add_offset,BC,d,, input.nc.tmp2
+ ncatted -O -a add_offset,CO,d,, input.nc.tmp2
+ ncatted -O -a add_offset,NOx,d,, input.nc.tmp2
+ ncatted -O -a add_offset,NH3,d,, input.nc.tmp2
+ ncatted -O -a add_offset,MeanFRP,d,, input.nc.tmp2
+ ncatted -O -a valid_range,MeanFRP,d,, input.nc.tmp2
+ ncatted -O -a coordinates,MeanFRP,d,, input.nc.tmp2
+ nccopy -k 'netCDF-4 classic model' input.nc.tmp2 input.nc.tmp3
+ nccopy -d1 input.nc.tmp3 input.nc.tmp4
+ ERR=0
+ ECNT=0
+ '[' 0 -eq 0 ']'
+ /bin/mv input.nc.tmp4 /scratch1/BMC/gsd-fv3-dev/MAPP_2018/bhuang/JEDI-2020/JEDI-FV3/expCodes/PACEData/GBBEPx/Prep_GBBEPx_2024070100_2024093000/FixGBBEPx/GBBEPx_all01GRID.emissions_v004_20240922.nc
+ ERR=0
+ ECNT=0
+ '[' 0 -eq 0 ']'
+ echo 'Fix GBBEPx successflully at 20240922'
Fix GBBEPx successflully at 20240922
++ /scratch2/NCEPDEV/nwprod/NCEPLIBS/utils/prod_util.v1.1.0/exec/ndate 24 2024092200
+ IDATE=2024092300
+ '[' 2024092300 -le 2024093000 ']'
+ ECNT=0
+ /bin/rm -rf input.nc.tmp input.nc.tmp2 input.nc.tmp3 input.nc
+ IY=2024
+ IM=09
+ ID=23
+ IYMD=20240923
+ SRCFILE='/scratch1/BMC/gsd-fv3-dev/MAPP_2018/bhuang/JEDI-2020/JEDI-FV3/expCodes/PACEData/GBBEPx/Prep_GBBEPx_2024070100_2024093000/2024092300/*.nc'
+ OUTFILE=/scratch1/BMC/gsd-fv3-dev/MAPP_2018/bhuang/JEDI-2020/JEDI-FV3/expCodes/PACEData/GBBEPx/Prep_GBBEPx_2024070100_2024093000/FixGBBEPx/GBBEPx_all01GRID.emissions_v004_20240923.nc
++ wc -l
++ ls /scratch1/BMC/gsd-fv3-dev/MAPP_2018/bhuang/JEDI-2020/JEDI-FV3/expCodes/PACEData/GBBEPx/Prep_GBBEPx_2024070100_2024093000/2024092300/GBBEPx-all01GRID_v5r0_blend_s202409230000000_e202409232359590_c202409240127460.nc
+ NNC=1
+ '[' 1 -eq 1 ']'
++ ls /scratch1/BMC/gsd-fv3-dev/MAPP_2018/bhuang/JEDI-2020/JEDI-FV3/expCodes/PACEData/GBBEPx/Prep_GBBEPx_2024070100_2024093000/2024092300/GBBEPx-all01GRID_v5r0_blend_s202409230000000_e202409232359590_c202409240127460.nc
+ for FILE in $(ls ${SRCFILE})
+ /bin/cp /scratch1/BMC/gsd-fv3-dev/MAPP_2018/bhuang/JEDI-2020/JEDI-FV3/expCodes/PACEData/GBBEPx/Prep_GBBEPx_2024070100_2024093000/2024092300/GBBEPx-all01GRID_v5r0_blend_s202409230000000_e202409232359590_c202409240127460.nc input.nc
+ ERR=0
+ ECNT=0
+ /home/Bo.Huang/JEDI-2020/UFS-Aerosols_RETcyc/UFS-Aerosols-EP4_JEDI-AeroDA-Reanl/misc/PrepPACE/GBBEPx/fix_GBBEPx_Li.sh input.nc 20240923
+ '[' -z '' ']'
+ case "$-" in
+ __lmod_vx=x
+ '[' -n x ']'
+ set +x
Shell debugging temporarily silenced: export LMOD_SH_DBG_ON=1 for this output (/apps/lmod/lmod/init/bash)
Shell debugging restarted
+ unset __lmod_vx
+ input_file=input.nc
+ yyyymmdd=20240923
+ nccopy -k classic input.nc input.nc.tmp
+ ncks --mk_rec_dmn Time input.nc.tmp -O -o input.nc.tmp
+ ncatted -O -a units,Longitude,m,c,degrees_east input.nc.tmp
+ ncrename -v Time,time -d Time,time input.nc.tmp -O -o input.nc.tmp
+ ncrename -v Latitude,lat -d Latitude,lat input.nc.tmp -O -o input.nc.tmp
+ ncrename -v Longitude,lon -d Longitude,lon input.nc.tmp -O -o input.nc.tmp
+ ncap2 -O -s 'time[time]=0' input.nc.tmp -o input.nc.tmp
+ ncks -C -O -x -v Max_emission,Max_emission_col,Max_emission_row input.nc.tmp input.nc.tmp
+ ncks -C -O -x -v QCAll,CloudPerc,FirePerc,NumSensor input.nc.tmp input.nc.tmp
+ ncks -C -O -x -v TotalEmis_region_Africa input.nc.tmp input.nc.tmp
+ ncks -C -O -x -v TotalEmis_region_Asia input.nc.tmp input.nc.tmp
+ ncks -C -O -x -v TotalEmis_region_Australia input.nc.tmp input.nc.tmp
+ ncks -C -O -x -v TotalEmis_region_Europe input.nc.tmp input.nc.tmp
+ ncks -C -O -x -v TotalEmis_region_NorthAmerica input.nc.tmp input.nc.tmp
+ ncks -C -O -x -v TotalEmis_region_SouthAmerica input.nc.tmp input.nc.tmp
+ ncks -C -O -x -v quality_information input.nc.tmp input.nc.tmp
+ ncks -O -d lat,-89.5,89.5 input.nc.tmp input.nc.tmp2
++ date -d 20240923 +%Y-%m-%d
+ d=2024-09-23
+ dd='hours since 2024-09-23 12:00:00'
+ ncatted -O -a 'units,time,c,c,hours since 2024-09-23 12:00:00' input.nc.tmp2
+ ncatted -O -a long_name,time,c,c,Time input.nc.tmp2
+ ncatted -O -a calendar,time,c,c,gregorian input.nc.tmp2
+ ncatted -O -a axis,time,c,c,T input.nc.tmp2
+ ncatted -O -a long_name,lat,m,c,latitude input.nc.tmp2
+ ncatted -O -a long_name,lon,m,c,longitude input.nc.tmp2
+ ncatted -O -a axis,lon,d,, input.nc.tmp2
+ ncatted -O -a bounds,lon,d,, input.nc.tmp2
+ ncatted -O -a valid_range,lon,d,, input.nc.tmp2
+ ncatted -O -a scale_factor,lon,d,, input.nc.tmp2
+ ncatted -O -a add_offset,lon,d,, input.nc.tmp2
+ ncatted -O -a _FillValue,lon,d,, input.nc.tmp2
+ ncatted -O -a axis,lat,d,, input.nc.tmp2
+ ncatted -O -a bounds,lat,d,, input.nc.tmp2
+ ncatted -O -a valid_range,lat,d,, input.nc.tmp2
+ ncatted -O -a scale_factor,lat,d,, input.nc.tmp2
+ ncatted -O -a add_offset,lat,d,, input.nc.tmp2
+ ncatted -O -a _FillValue,lat,d,, input.nc.tmp2
+ ncatted -O -a coordinates,SO2,d,, input.nc.tmp2
+ ncatted -O -a coordinates,PM2.5,d,, input.nc.tmp2
+ ncatted -O -a coordinates,OC,d,, input.nc.tmp2
+ ncatted -O -a coordinates,BC,d,, input.nc.tmp2
+ ncatted -O -a coordinates,CO,d,, input.nc.tmp2
+ ncatted -O -a coordinates,NOx,d,, input.nc.tmp2
+ ncatted -O -a coordinates,NH3,d,, input.nc.tmp2
+ ncatted -O -a valid_range,SO2,d,, input.nc.tmp2
+ ncatted -O -a valid_range,PM2.5,d,, input.nc.tmp2
+ ncatted -O -a valid_range,OC,d,, input.nc.tmp2
+ ncatted -O -a valid_range,BC,d,, input.nc.tmp2
+ ncatted -O -a valid_range,CO,d,, input.nc.tmp2
+ ncatted -O -a valid_range,NOx,d,, input.nc.tmp2
+ ncatted -O -a valid_range,NH3,d,, input.nc.tmp2
+ ncatted -O -a add_offset,SO2,d,, input.nc.tmp2
+ ncatted -O -a add_offset,PM2.5,d,, input.nc.tmp2
+ ncatted -O -a add_offset,OC,d,, input.nc.tmp2
+ ncatted -O -a add_offset,BC,d,, input.nc.tmp2
+ ncatted -O -a add_offset,CO,d,, input.nc.tmp2
+ ncatted -O -a add_offset,NOx,d,, input.nc.tmp2
+ ncatted -O -a add_offset,NH3,d,, input.nc.tmp2
+ ncatted -O -a add_offset,MeanFRP,d,, input.nc.tmp2
+ ncatted -O -a valid_range,MeanFRP,d,, input.nc.tmp2
+ ncatted -O -a coordinates,MeanFRP,d,, input.nc.tmp2
+ nccopy -k 'netCDF-4 classic model' input.nc.tmp2 input.nc.tmp3
+ nccopy -d1 input.nc.tmp3 input.nc.tmp4
+ ERR=0
+ ECNT=0
+ '[' 0 -eq 0 ']'
+ /bin/mv input.nc.tmp4 /scratch1/BMC/gsd-fv3-dev/MAPP_2018/bhuang/JEDI-2020/JEDI-FV3/expCodes/PACEData/GBBEPx/Prep_GBBEPx_2024070100_2024093000/FixGBBEPx/GBBEPx_all01GRID.emissions_v004_20240923.nc
+ ERR=0
+ ECNT=0
+ '[' 0 -eq 0 ']'
+ echo 'Fix GBBEPx successflully at 20240923'
Fix GBBEPx successflully at 20240923
++ /scratch2/NCEPDEV/nwprod/NCEPLIBS/utils/prod_util.v1.1.0/exec/ndate 24 2024092300
+ IDATE=2024092400
+ '[' 2024092400 -le 2024093000 ']'
+ ECNT=0
+ /bin/rm -rf input.nc.tmp input.nc.tmp2 input.nc.tmp3 input.nc
+ IY=2024
+ IM=09
+ ID=24
+ IYMD=20240924
+ SRCFILE='/scratch1/BMC/gsd-fv3-dev/MAPP_2018/bhuang/JEDI-2020/JEDI-FV3/expCodes/PACEData/GBBEPx/Prep_GBBEPx_2024070100_2024093000/2024092400/*.nc'
+ OUTFILE=/scratch1/BMC/gsd-fv3-dev/MAPP_2018/bhuang/JEDI-2020/JEDI-FV3/expCodes/PACEData/GBBEPx/Prep_GBBEPx_2024070100_2024093000/FixGBBEPx/GBBEPx_all01GRID.emissions_v004_20240924.nc
++ wc -l
++ ls /scratch1/BMC/gsd-fv3-dev/MAPP_2018/bhuang/JEDI-2020/JEDI-FV3/expCodes/PACEData/GBBEPx/Prep_GBBEPx_2024070100_2024093000/2024092400/GBBEPx-all01GRID_v5r0_blend_s202409240000000_e202409242359590_c202409250146180.nc
+ NNC=1
+ '[' 1 -eq 1 ']'
++ ls /scratch1/BMC/gsd-fv3-dev/MAPP_2018/bhuang/JEDI-2020/JEDI-FV3/expCodes/PACEData/GBBEPx/Prep_GBBEPx_2024070100_2024093000/2024092400/GBBEPx-all01GRID_v5r0_blend_s202409240000000_e202409242359590_c202409250146180.nc
+ for FILE in $(ls ${SRCFILE})
+ /bin/cp /scratch1/BMC/gsd-fv3-dev/MAPP_2018/bhuang/JEDI-2020/JEDI-FV3/expCodes/PACEData/GBBEPx/Prep_GBBEPx_2024070100_2024093000/2024092400/GBBEPx-all01GRID_v5r0_blend_s202409240000000_e202409242359590_c202409250146180.nc input.nc
+ ERR=0
+ ECNT=0
+ /home/Bo.Huang/JEDI-2020/UFS-Aerosols_RETcyc/UFS-Aerosols-EP4_JEDI-AeroDA-Reanl/misc/PrepPACE/GBBEPx/fix_GBBEPx_Li.sh input.nc 20240924
+ '[' -z '' ']'
+ case "$-" in
+ __lmod_vx=x
+ '[' -n x ']'
+ set +x
Shell debugging temporarily silenced: export LMOD_SH_DBG_ON=1 for this output (/apps/lmod/lmod/init/bash)
Shell debugging restarted
+ unset __lmod_vx
+ input_file=input.nc
+ yyyymmdd=20240924
+ nccopy -k classic input.nc input.nc.tmp
+ ncks --mk_rec_dmn Time input.nc.tmp -O -o input.nc.tmp
+ ncatted -O -a units,Longitude,m,c,degrees_east input.nc.tmp
+ ncrename -v Time,time -d Time,time input.nc.tmp -O -o input.nc.tmp
+ ncrename -v Latitude,lat -d Latitude,lat input.nc.tmp -O -o input.nc.tmp
+ ncrename -v Longitude,lon -d Longitude,lon input.nc.tmp -O -o input.nc.tmp
+ ncap2 -O -s 'time[time]=0' input.nc.tmp -o input.nc.tmp
+ ncks -C -O -x -v Max_emission,Max_emission_col,Max_emission_row input.nc.tmp input.nc.tmp
+ ncks -C -O -x -v QCAll,CloudPerc,FirePerc,NumSensor input.nc.tmp input.nc.tmp
+ ncks -C -O -x -v TotalEmis_region_Africa input.nc.tmp input.nc.tmp
+ ncks -C -O -x -v TotalEmis_region_Asia input.nc.tmp input.nc.tmp
+ ncks -C -O -x -v TotalEmis_region_Australia input.nc.tmp input.nc.tmp
+ ncks -C -O -x -v TotalEmis_region_Europe input.nc.tmp input.nc.tmp
+ ncks -C -O -x -v TotalEmis_region_NorthAmerica input.nc.tmp input.nc.tmp
+ ncks -C -O -x -v TotalEmis_region_SouthAmerica input.nc.tmp input.nc.tmp
+ ncks -C -O -x -v quality_information input.nc.tmp input.nc.tmp
+ ncks -O -d lat,-89.5,89.5 input.nc.tmp input.nc.tmp2
++ date -d 20240924 +%Y-%m-%d
+ d=2024-09-24
+ dd='hours since 2024-09-24 12:00:00'
+ ncatted -O -a 'units,time,c,c,hours since 2024-09-24 12:00:00' input.nc.tmp2
+ ncatted -O -a long_name,time,c,c,Time input.nc.tmp2
+ ncatted -O -a calendar,time,c,c,gregorian input.nc.tmp2
+ ncatted -O -a axis,time,c,c,T input.nc.tmp2
+ ncatted -O -a long_name,lat,m,c,latitude input.nc.tmp2
+ ncatted -O -a long_name,lon,m,c,longitude input.nc.tmp2
+ ncatted -O -a axis,lon,d,, input.nc.tmp2
+ ncatted -O -a bounds,lon,d,, input.nc.tmp2
+ ncatted -O -a valid_range,lon,d,, input.nc.tmp2
+ ncatted -O -a scale_factor,lon,d,, input.nc.tmp2
+ ncatted -O -a add_offset,lon,d,, input.nc.tmp2
+ ncatted -O -a _FillValue,lon,d,, input.nc.tmp2
+ ncatted -O -a axis,lat,d,, input.nc.tmp2
+ ncatted -O -a bounds,lat,d,, input.nc.tmp2
+ ncatted -O -a valid_range,lat,d,, input.nc.tmp2
+ ncatted -O -a scale_factor,lat,d,, input.nc.tmp2
+ ncatted -O -a add_offset,lat,d,, input.nc.tmp2
+ ncatted -O -a _FillValue,lat,d,, input.nc.tmp2
+ ncatted -O -a coordinates,SO2,d,, input.nc.tmp2
+ ncatted -O -a coordinates,PM2.5,d,, input.nc.tmp2
+ ncatted -O -a coordinates,OC,d,, input.nc.tmp2
+ ncatted -O -a coordinates,BC,d,, input.nc.tmp2
+ ncatted -O -a coordinates,CO,d,, input.nc.tmp2
+ ncatted -O -a coordinates,NOx,d,, input.nc.tmp2
+ ncatted -O -a coordinates,NH3,d,, input.nc.tmp2
+ ncatted -O -a valid_range,SO2,d,, input.nc.tmp2
+ ncatted -O -a valid_range,PM2.5,d,, input.nc.tmp2
+ ncatted -O -a valid_range,OC,d,, input.nc.tmp2
+ ncatted -O -a valid_range,BC,d,, input.nc.tmp2
+ ncatted -O -a valid_range,CO,d,, input.nc.tmp2
+ ncatted -O -a valid_range,NOx,d,, input.nc.tmp2
+ ncatted -O -a valid_range,NH3,d,, input.nc.tmp2
+ ncatted -O -a add_offset,SO2,d,, input.nc.tmp2
+ ncatted -O -a add_offset,PM2.5,d,, input.nc.tmp2
+ ncatted -O -a add_offset,OC,d,, input.nc.tmp2
+ ncatted -O -a add_offset,BC,d,, input.nc.tmp2
+ ncatted -O -a add_offset,CO,d,, input.nc.tmp2
+ ncatted -O -a add_offset,NOx,d,, input.nc.tmp2
+ ncatted -O -a add_offset,NH3,d,, input.nc.tmp2
+ ncatted -O -a add_offset,MeanFRP,d,, input.nc.tmp2
+ ncatted -O -a valid_range,MeanFRP,d,, input.nc.tmp2
+ ncatted -O -a coordinates,MeanFRP,d,, input.nc.tmp2
+ nccopy -k 'netCDF-4 classic model' input.nc.tmp2 input.nc.tmp3
+ nccopy -d1 input.nc.tmp3 input.nc.tmp4
+ ERR=0
+ ECNT=0
+ '[' 0 -eq 0 ']'
+ /bin/mv input.nc.tmp4 /scratch1/BMC/gsd-fv3-dev/MAPP_2018/bhuang/JEDI-2020/JEDI-FV3/expCodes/PACEData/GBBEPx/Prep_GBBEPx_2024070100_2024093000/FixGBBEPx/GBBEPx_all01GRID.emissions_v004_20240924.nc
+ ERR=0
+ ECNT=0
+ '[' 0 -eq 0 ']'
+ echo 'Fix GBBEPx successflully at 20240924'
Fix GBBEPx successflully at 20240924
++ /scratch2/NCEPDEV/nwprod/NCEPLIBS/utils/prod_util.v1.1.0/exec/ndate 24 2024092400
+ IDATE=2024092500
+ '[' 2024092500 -le 2024093000 ']'
+ ECNT=0
+ /bin/rm -rf input.nc.tmp input.nc.tmp2 input.nc.tmp3 input.nc
+ IY=2024
+ IM=09
+ ID=25
+ IYMD=20240925
+ SRCFILE='/scratch1/BMC/gsd-fv3-dev/MAPP_2018/bhuang/JEDI-2020/JEDI-FV3/expCodes/PACEData/GBBEPx/Prep_GBBEPx_2024070100_2024093000/2024092500/*.nc'
+ OUTFILE=/scratch1/BMC/gsd-fv3-dev/MAPP_2018/bhuang/JEDI-2020/JEDI-FV3/expCodes/PACEData/GBBEPx/Prep_GBBEPx_2024070100_2024093000/FixGBBEPx/GBBEPx_all01GRID.emissions_v004_20240925.nc
++ wc -l
++ ls /scratch1/BMC/gsd-fv3-dev/MAPP_2018/bhuang/JEDI-2020/JEDI-FV3/expCodes/PACEData/GBBEPx/Prep_GBBEPx_2024070100_2024093000/2024092500/GBBEPx-all01GRID_v5r0_blend_s202409250000000_e202409252359590_c202409260131280.nc
+ NNC=1
+ '[' 1 -eq 1 ']'
++ ls /scratch1/BMC/gsd-fv3-dev/MAPP_2018/bhuang/JEDI-2020/JEDI-FV3/expCodes/PACEData/GBBEPx/Prep_GBBEPx_2024070100_2024093000/2024092500/GBBEPx-all01GRID_v5r0_blend_s202409250000000_e202409252359590_c202409260131280.nc
+ for FILE in $(ls ${SRCFILE})
+ /bin/cp /scratch1/BMC/gsd-fv3-dev/MAPP_2018/bhuang/JEDI-2020/JEDI-FV3/expCodes/PACEData/GBBEPx/Prep_GBBEPx_2024070100_2024093000/2024092500/GBBEPx-all01GRID_v5r0_blend_s202409250000000_e202409252359590_c202409260131280.nc input.nc
+ ERR=0
+ ECNT=0
+ /home/Bo.Huang/JEDI-2020/UFS-Aerosols_RETcyc/UFS-Aerosols-EP4_JEDI-AeroDA-Reanl/misc/PrepPACE/GBBEPx/fix_GBBEPx_Li.sh input.nc 20240925
+ '[' -z '' ']'
+ case "$-" in
+ __lmod_vx=x
+ '[' -n x ']'
+ set +x
Shell debugging temporarily silenced: export LMOD_SH_DBG_ON=1 for this output (/apps/lmod/lmod/init/bash)
Shell debugging restarted
+ unset __lmod_vx
+ input_file=input.nc
+ yyyymmdd=20240925
+ nccopy -k classic input.nc input.nc.tmp
+ ncks --mk_rec_dmn Time input.nc.tmp -O -o input.nc.tmp
+ ncatted -O -a units,Longitude,m,c,degrees_east input.nc.tmp
+ ncrename -v Time,time -d Time,time input.nc.tmp -O -o input.nc.tmp
+ ncrename -v Latitude,lat -d Latitude,lat input.nc.tmp -O -o input.nc.tmp
+ ncrename -v Longitude,lon -d Longitude,lon input.nc.tmp -O -o input.nc.tmp
+ ncap2 -O -s 'time[time]=0' input.nc.tmp -o input.nc.tmp
+ ncks -C -O -x -v Max_emission,Max_emission_col,Max_emission_row input.nc.tmp input.nc.tmp
+ ncks -C -O -x -v QCAll,CloudPerc,FirePerc,NumSensor input.nc.tmp input.nc.tmp
+ ncks -C -O -x -v TotalEmis_region_Africa input.nc.tmp input.nc.tmp
+ ncks -C -O -x -v TotalEmis_region_Asia input.nc.tmp input.nc.tmp
+ ncks -C -O -x -v TotalEmis_region_Australia input.nc.tmp input.nc.tmp
+ ncks -C -O -x -v TotalEmis_region_Europe input.nc.tmp input.nc.tmp
+ ncks -C -O -x -v TotalEmis_region_NorthAmerica input.nc.tmp input.nc.tmp
+ ncks -C -O -x -v TotalEmis_region_SouthAmerica input.nc.tmp input.nc.tmp
+ ncks -C -O -x -v quality_information input.nc.tmp input.nc.tmp
+ ncks -O -d lat,-89.5,89.5 input.nc.tmp input.nc.tmp2
++ date -d 20240925 +%Y-%m-%d
+ d=2024-09-25
+ dd='hours since 2024-09-25 12:00:00'
+ ncatted -O -a 'units,time,c,c,hours since 2024-09-25 12:00:00' input.nc.tmp2
+ ncatted -O -a long_name,time,c,c,Time input.nc.tmp2
+ ncatted -O -a calendar,time,c,c,gregorian input.nc.tmp2
+ ncatted -O -a axis,time,c,c,T input.nc.tmp2
+ ncatted -O -a long_name,lat,m,c,latitude input.nc.tmp2
+ ncatted -O -a long_name,lon,m,c,longitude input.nc.tmp2
+ ncatted -O -a axis,lon,d,, input.nc.tmp2
+ ncatted -O -a bounds,lon,d,, input.nc.tmp2
+ ncatted -O -a valid_range,lon,d,, input.nc.tmp2
+ ncatted -O -a scale_factor,lon,d,, input.nc.tmp2
+ ncatted -O -a add_offset,lon,d,, input.nc.tmp2
+ ncatted -O -a _FillValue,lon,d,, input.nc.tmp2
+ ncatted -O -a axis,lat,d,, input.nc.tmp2
+ ncatted -O -a bounds,lat,d,, input.nc.tmp2
+ ncatted -O -a valid_range,lat,d,, input.nc.tmp2
+ ncatted -O -a scale_factor,lat,d,, input.nc.tmp2
+ ncatted -O -a add_offset,lat,d,, input.nc.tmp2
+ ncatted -O -a _FillValue,lat,d,, input.nc.tmp2
+ ncatted -O -a coordinates,SO2,d,, input.nc.tmp2
+ ncatted -O -a coordinates,PM2.5,d,, input.nc.tmp2
+ ncatted -O -a coordinates,OC,d,, input.nc.tmp2
+ ncatted -O -a coordinates,BC,d,, input.nc.tmp2
+ ncatted -O -a coordinates,CO,d,, input.nc.tmp2
+ ncatted -O -a coordinates,NOx,d,, input.nc.tmp2
+ ncatted -O -a coordinates,NH3,d,, input.nc.tmp2
+ ncatted -O -a valid_range,SO2,d,, input.nc.tmp2
+ ncatted -O -a valid_range,PM2.5,d,, input.nc.tmp2
+ ncatted -O -a valid_range,OC,d,, input.nc.tmp2
+ ncatted -O -a valid_range,BC,d,, input.nc.tmp2
+ ncatted -O -a valid_range,CO,d,, input.nc.tmp2
+ ncatted -O -a valid_range,NOx,d,, input.nc.tmp2
+ ncatted -O -a valid_range,NH3,d,, input.nc.tmp2
+ ncatted -O -a add_offset,SO2,d,, input.nc.tmp2
+ ncatted -O -a add_offset,PM2.5,d,, input.nc.tmp2
+ ncatted -O -a add_offset,OC,d,, input.nc.tmp2
+ ncatted -O -a add_offset,BC,d,, input.nc.tmp2
+ ncatted -O -a add_offset,CO,d,, input.nc.tmp2
+ ncatted -O -a add_offset,NOx,d,, input.nc.tmp2
+ ncatted -O -a add_offset,NH3,d,, input.nc.tmp2
+ ncatted -O -a add_offset,MeanFRP,d,, input.nc.tmp2
+ ncatted -O -a valid_range,MeanFRP,d,, input.nc.tmp2
+ ncatted -O -a coordinates,MeanFRP,d,, input.nc.tmp2
+ nccopy -k 'netCDF-4 classic model' input.nc.tmp2 input.nc.tmp3
+ nccopy -d1 input.nc.tmp3 input.nc.tmp4
+ ERR=0
+ ECNT=0
+ '[' 0 -eq 0 ']'
+ /bin/mv input.nc.tmp4 /scratch1/BMC/gsd-fv3-dev/MAPP_2018/bhuang/JEDI-2020/JEDI-FV3/expCodes/PACEData/GBBEPx/Prep_GBBEPx_2024070100_2024093000/FixGBBEPx/GBBEPx_all01GRID.emissions_v004_20240925.nc
+ ERR=0
+ ECNT=0
+ '[' 0 -eq 0 ']'
+ echo 'Fix GBBEPx successflully at 20240925'
Fix GBBEPx successflully at 20240925
++ /scratch2/NCEPDEV/nwprod/NCEPLIBS/utils/prod_util.v1.1.0/exec/ndate 24 2024092500
+ IDATE=2024092600
+ '[' 2024092600 -le 2024093000 ']'
+ ECNT=0
+ /bin/rm -rf input.nc.tmp input.nc.tmp2 input.nc.tmp3 input.nc
+ IY=2024
+ IM=09
+ ID=26
+ IYMD=20240926
+ SRCFILE='/scratch1/BMC/gsd-fv3-dev/MAPP_2018/bhuang/JEDI-2020/JEDI-FV3/expCodes/PACEData/GBBEPx/Prep_GBBEPx_2024070100_2024093000/2024092600/*.nc'
+ OUTFILE=/scratch1/BMC/gsd-fv3-dev/MAPP_2018/bhuang/JEDI-2020/JEDI-FV3/expCodes/PACEData/GBBEPx/Prep_GBBEPx_2024070100_2024093000/FixGBBEPx/GBBEPx_all01GRID.emissions_v004_20240926.nc
++ wc -l
++ ls /scratch1/BMC/gsd-fv3-dev/MAPP_2018/bhuang/JEDI-2020/JEDI-FV3/expCodes/PACEData/GBBEPx/Prep_GBBEPx_2024070100_2024093000/2024092600/GBBEPx-all01GRID_v5r0_blend_s202409260000000_e202409262359590_c202409270127010.nc
+ NNC=1
+ '[' 1 -eq 1 ']'
++ ls /scratch1/BMC/gsd-fv3-dev/MAPP_2018/bhuang/JEDI-2020/JEDI-FV3/expCodes/PACEData/GBBEPx/Prep_GBBEPx_2024070100_2024093000/2024092600/GBBEPx-all01GRID_v5r0_blend_s202409260000000_e202409262359590_c202409270127010.nc
+ for FILE in $(ls ${SRCFILE})
+ /bin/cp /scratch1/BMC/gsd-fv3-dev/MAPP_2018/bhuang/JEDI-2020/JEDI-FV3/expCodes/PACEData/GBBEPx/Prep_GBBEPx_2024070100_2024093000/2024092600/GBBEPx-all01GRID_v5r0_blend_s202409260000000_e202409262359590_c202409270127010.nc input.nc
+ ERR=0
+ ECNT=0
+ /home/Bo.Huang/JEDI-2020/UFS-Aerosols_RETcyc/UFS-Aerosols-EP4_JEDI-AeroDA-Reanl/misc/PrepPACE/GBBEPx/fix_GBBEPx_Li.sh input.nc 20240926
+ '[' -z '' ']'
+ case "$-" in
+ __lmod_vx=x
+ '[' -n x ']'
+ set +x
Shell debugging temporarily silenced: export LMOD_SH_DBG_ON=1 for this output (/apps/lmod/lmod/init/bash)
Shell debugging restarted
+ unset __lmod_vx
+ input_file=input.nc
+ yyyymmdd=20240926
+ nccopy -k classic input.nc input.nc.tmp
+ ncks --mk_rec_dmn Time input.nc.tmp -O -o input.nc.tmp
+ ncatted -O -a units,Longitude,m,c,degrees_east input.nc.tmp
+ ncrename -v Time,time -d Time,time input.nc.tmp -O -o input.nc.tmp
+ ncrename -v Latitude,lat -d Latitude,lat input.nc.tmp -O -o input.nc.tmp
+ ncrename -v Longitude,lon -d Longitude,lon input.nc.tmp -O -o input.nc.tmp
+ ncap2 -O -s 'time[time]=0' input.nc.tmp -o input.nc.tmp
+ ncks -C -O -x -v Max_emission,Max_emission_col,Max_emission_row input.nc.tmp input.nc.tmp
+ ncks -C -O -x -v QCAll,CloudPerc,FirePerc,NumSensor input.nc.tmp input.nc.tmp
+ ncks -C -O -x -v TotalEmis_region_Africa input.nc.tmp input.nc.tmp
+ ncks -C -O -x -v TotalEmis_region_Asia input.nc.tmp input.nc.tmp
+ ncks -C -O -x -v TotalEmis_region_Australia input.nc.tmp input.nc.tmp
+ ncks -C -O -x -v TotalEmis_region_Europe input.nc.tmp input.nc.tmp
+ ncks -C -O -x -v TotalEmis_region_NorthAmerica input.nc.tmp input.nc.tmp
+ ncks -C -O -x -v TotalEmis_region_SouthAmerica input.nc.tmp input.nc.tmp
+ ncks -C -O -x -v quality_information input.nc.tmp input.nc.tmp
+ ncks -O -d lat,-89.5,89.5 input.nc.tmp input.nc.tmp2
++ date -d 20240926 +%Y-%m-%d
+ d=2024-09-26
+ dd='hours since 2024-09-26 12:00:00'
+ ncatted -O -a 'units,time,c,c,hours since 2024-09-26 12:00:00' input.nc.tmp2
+ ncatted -O -a long_name,time,c,c,Time input.nc.tmp2
+ ncatted -O -a calendar,time,c,c,gregorian input.nc.tmp2
+ ncatted -O -a axis,time,c,c,T input.nc.tmp2
+ ncatted -O -a long_name,lat,m,c,latitude input.nc.tmp2
+ ncatted -O -a long_name,lon,m,c,longitude input.nc.tmp2
+ ncatted -O -a axis,lon,d,, input.nc.tmp2
+ ncatted -O -a bounds,lon,d,, input.nc.tmp2
+ ncatted -O -a valid_range,lon,d,, input.nc.tmp2
+ ncatted -O -a scale_factor,lon,d,, input.nc.tmp2
+ ncatted -O -a add_offset,lon,d,, input.nc.tmp2
+ ncatted -O -a _FillValue,lon,d,, input.nc.tmp2
+ ncatted -O -a axis,lat,d,, input.nc.tmp2
+ ncatted -O -a bounds,lat,d,, input.nc.tmp2
+ ncatted -O -a valid_range,lat,d,, input.nc.tmp2
+ ncatted -O -a scale_factor,lat,d,, input.nc.tmp2
+ ncatted -O -a add_offset,lat,d,, input.nc.tmp2
+ ncatted -O -a _FillValue,lat,d,, input.nc.tmp2
+ ncatted -O -a coordinates,SO2,d,, input.nc.tmp2
+ ncatted -O -a coordinates,PM2.5,d,, input.nc.tmp2
+ ncatted -O -a coordinates,OC,d,, input.nc.tmp2
+ ncatted -O -a coordinates,BC,d,, input.nc.tmp2
+ ncatted -O -a coordinates,CO,d,, input.nc.tmp2
+ ncatted -O -a coordinates,NOx,d,, input.nc.tmp2
+ ncatted -O -a coordinates,NH3,d,, input.nc.tmp2
+ ncatted -O -a valid_range,SO2,d,, input.nc.tmp2
+ ncatted -O -a valid_range,PM2.5,d,, input.nc.tmp2
+ ncatted -O -a valid_range,OC,d,, input.nc.tmp2
+ ncatted -O -a valid_range,BC,d,, input.nc.tmp2
+ ncatted -O -a valid_range,CO,d,, input.nc.tmp2
+ ncatted -O -a valid_range,NOx,d,, input.nc.tmp2
+ ncatted -O -a valid_range,NH3,d,, input.nc.tmp2
+ ncatted -O -a add_offset,SO2,d,, input.nc.tmp2
+ ncatted -O -a add_offset,PM2.5,d,, input.nc.tmp2
+ ncatted -O -a add_offset,OC,d,, input.nc.tmp2
+ ncatted -O -a add_offset,BC,d,, input.nc.tmp2
+ ncatted -O -a add_offset,CO,d,, input.nc.tmp2
+ ncatted -O -a add_offset,NOx,d,, input.nc.tmp2
+ ncatted -O -a add_offset,NH3,d,, input.nc.tmp2
+ ncatted -O -a add_offset,MeanFRP,d,, input.nc.tmp2
+ ncatted -O -a valid_range,MeanFRP,d,, input.nc.tmp2
+ ncatted -O -a coordinates,MeanFRP,d,, input.nc.tmp2
+ nccopy -k 'netCDF-4 classic model' input.nc.tmp2 input.nc.tmp3
+ nccopy -d1 input.nc.tmp3 input.nc.tmp4
+ ERR=0
+ ECNT=0
+ '[' 0 -eq 0 ']'
+ /bin/mv input.nc.tmp4 /scratch1/BMC/gsd-fv3-dev/MAPP_2018/bhuang/JEDI-2020/JEDI-FV3/expCodes/PACEData/GBBEPx/Prep_GBBEPx_2024070100_2024093000/FixGBBEPx/GBBEPx_all01GRID.emissions_v004_20240926.nc
+ ERR=0
+ ECNT=0
+ '[' 0 -eq 0 ']'
+ echo 'Fix GBBEPx successflully at 20240926'
Fix GBBEPx successflully at 20240926
++ /scratch2/NCEPDEV/nwprod/NCEPLIBS/utils/prod_util.v1.1.0/exec/ndate 24 2024092600
+ IDATE=2024092700
+ '[' 2024092700 -le 2024093000 ']'
+ ECNT=0
+ /bin/rm -rf input.nc.tmp input.nc.tmp2 input.nc.tmp3 input.nc
+ IY=2024
+ IM=09
+ ID=27
+ IYMD=20240927
+ SRCFILE='/scratch1/BMC/gsd-fv3-dev/MAPP_2018/bhuang/JEDI-2020/JEDI-FV3/expCodes/PACEData/GBBEPx/Prep_GBBEPx_2024070100_2024093000/2024092700/*.nc'
+ OUTFILE=/scratch1/BMC/gsd-fv3-dev/MAPP_2018/bhuang/JEDI-2020/JEDI-FV3/expCodes/PACEData/GBBEPx/Prep_GBBEPx_2024070100_2024093000/FixGBBEPx/GBBEPx_all01GRID.emissions_v004_20240927.nc
++ wc -l
++ ls /scratch1/BMC/gsd-fv3-dev/MAPP_2018/bhuang/JEDI-2020/JEDI-FV3/expCodes/PACEData/GBBEPx/Prep_GBBEPx_2024070100_2024093000/2024092700/GBBEPx-all01GRID_v5r0_blend_s202409270000000_e202409272359590_c202409280137280.nc
+ NNC=1
+ '[' 1 -eq 1 ']'
++ ls /scratch1/BMC/gsd-fv3-dev/MAPP_2018/bhuang/JEDI-2020/JEDI-FV3/expCodes/PACEData/GBBEPx/Prep_GBBEPx_2024070100_2024093000/2024092700/GBBEPx-all01GRID_v5r0_blend_s202409270000000_e202409272359590_c202409280137280.nc
+ for FILE in $(ls ${SRCFILE})
+ /bin/cp /scratch1/BMC/gsd-fv3-dev/MAPP_2018/bhuang/JEDI-2020/JEDI-FV3/expCodes/PACEData/GBBEPx/Prep_GBBEPx_2024070100_2024093000/2024092700/GBBEPx-all01GRID_v5r0_blend_s202409270000000_e202409272359590_c202409280137280.nc input.nc
+ ERR=0
+ ECNT=0
+ /home/Bo.Huang/JEDI-2020/UFS-Aerosols_RETcyc/UFS-Aerosols-EP4_JEDI-AeroDA-Reanl/misc/PrepPACE/GBBEPx/fix_GBBEPx_Li.sh input.nc 20240927
+ '[' -z '' ']'
+ case "$-" in
+ __lmod_vx=x
+ '[' -n x ']'
+ set +x
Shell debugging temporarily silenced: export LMOD_SH_DBG_ON=1 for this output (/apps/lmod/lmod/init/bash)
Shell debugging restarted
+ unset __lmod_vx
+ input_file=input.nc
+ yyyymmdd=20240927
+ nccopy -k classic input.nc input.nc.tmp
+ ncks --mk_rec_dmn Time input.nc.tmp -O -o input.nc.tmp
+ ncatted -O -a units,Longitude,m,c,degrees_east input.nc.tmp
+ ncrename -v Time,time -d Time,time input.nc.tmp -O -o input.nc.tmp
+ ncrename -v Latitude,lat -d Latitude,lat input.nc.tmp -O -o input.nc.tmp
+ ncrename -v Longitude,lon -d Longitude,lon input.nc.tmp -O -o input.nc.tmp
+ ncap2 -O -s 'time[time]=0' input.nc.tmp -o input.nc.tmp
+ ncks -C -O -x -v Max_emission,Max_emission_col,Max_emission_row input.nc.tmp input.nc.tmp
+ ncks -C -O -x -v QCAll,CloudPerc,FirePerc,NumSensor input.nc.tmp input.nc.tmp
+ ncks -C -O -x -v TotalEmis_region_Africa input.nc.tmp input.nc.tmp
+ ncks -C -O -x -v TotalEmis_region_Asia input.nc.tmp input.nc.tmp
+ ncks -C -O -x -v TotalEmis_region_Australia input.nc.tmp input.nc.tmp
+ ncks -C -O -x -v TotalEmis_region_Europe input.nc.tmp input.nc.tmp
+ ncks -C -O -x -v TotalEmis_region_NorthAmerica input.nc.tmp input.nc.tmp
+ ncks -C -O -x -v TotalEmis_region_SouthAmerica input.nc.tmp input.nc.tmp
+ ncks -C -O -x -v quality_information input.nc.tmp input.nc.tmp
+ ncks -O -d lat,-89.5,89.5 input.nc.tmp input.nc.tmp2
++ date -d 20240927 +%Y-%m-%d
+ d=2024-09-27
+ dd='hours since 2024-09-27 12:00:00'
+ ncatted -O -a 'units,time,c,c,hours since 2024-09-27 12:00:00' input.nc.tmp2
+ ncatted -O -a long_name,time,c,c,Time input.nc.tmp2
+ ncatted -O -a calendar,time,c,c,gregorian input.nc.tmp2
+ ncatted -O -a axis,time,c,c,T input.nc.tmp2
+ ncatted -O -a long_name,lat,m,c,latitude input.nc.tmp2
+ ncatted -O -a long_name,lon,m,c,longitude input.nc.tmp2
+ ncatted -O -a axis,lon,d,, input.nc.tmp2
+ ncatted -O -a bounds,lon,d,, input.nc.tmp2
+ ncatted -O -a valid_range,lon,d,, input.nc.tmp2
+ ncatted -O -a scale_factor,lon,d,, input.nc.tmp2
+ ncatted -O -a add_offset,lon,d,, input.nc.tmp2
+ ncatted -O -a _FillValue,lon,d,, input.nc.tmp2
+ ncatted -O -a axis,lat,d,, input.nc.tmp2
+ ncatted -O -a bounds,lat,d,, input.nc.tmp2
+ ncatted -O -a valid_range,lat,d,, input.nc.tmp2
+ ncatted -O -a scale_factor,lat,d,, input.nc.tmp2
+ ncatted -O -a add_offset,lat,d,, input.nc.tmp2
+ ncatted -O -a _FillValue,lat,d,, input.nc.tmp2
+ ncatted -O -a coordinates,SO2,d,, input.nc.tmp2
+ ncatted -O -a coordinates,PM2.5,d,, input.nc.tmp2
+ ncatted -O -a coordinates,OC,d,, input.nc.tmp2
+ ncatted -O -a coordinates,BC,d,, input.nc.tmp2
+ ncatted -O -a coordinates,CO,d,, input.nc.tmp2
+ ncatted -O -a coordinates,NOx,d,, input.nc.tmp2
+ ncatted -O -a coordinates,NH3,d,, input.nc.tmp2
+ ncatted -O -a valid_range,SO2,d,, input.nc.tmp2
+ ncatted -O -a valid_range,PM2.5,d,, input.nc.tmp2
+ ncatted -O -a valid_range,OC,d,, input.nc.tmp2
+ ncatted -O -a valid_range,BC,d,, input.nc.tmp2
+ ncatted -O -a valid_range,CO,d,, input.nc.tmp2
+ ncatted -O -a valid_range,NOx,d,, input.nc.tmp2
+ ncatted -O -a valid_range,NH3,d,, input.nc.tmp2
+ ncatted -O -a add_offset,SO2,d,, input.nc.tmp2
+ ncatted -O -a add_offset,PM2.5,d,, input.nc.tmp2
+ ncatted -O -a add_offset,OC,d,, input.nc.tmp2
+ ncatted -O -a add_offset,BC,d,, input.nc.tmp2
+ ncatted -O -a add_offset,CO,d,, input.nc.tmp2
+ ncatted -O -a add_offset,NOx,d,, input.nc.tmp2
+ ncatted -O -a add_offset,NH3,d,, input.nc.tmp2
+ ncatted -O -a add_offset,MeanFRP,d,, input.nc.tmp2
+ ncatted -O -a valid_range,MeanFRP,d,, input.nc.tmp2
+ ncatted -O -a coordinates,MeanFRP,d,, input.nc.tmp2
+ nccopy -k 'netCDF-4 classic model' input.nc.tmp2 input.nc.tmp3
+ nccopy -d1 input.nc.tmp3 input.nc.tmp4
+ ERR=0
+ ECNT=0
+ '[' 0 -eq 0 ']'
+ /bin/mv input.nc.tmp4 /scratch1/BMC/gsd-fv3-dev/MAPP_2018/bhuang/JEDI-2020/JEDI-FV3/expCodes/PACEData/GBBEPx/Prep_GBBEPx_2024070100_2024093000/FixGBBEPx/GBBEPx_all01GRID.emissions_v004_20240927.nc
+ ERR=0
+ ECNT=0
+ '[' 0 -eq 0 ']'
+ echo 'Fix GBBEPx successflully at 20240927'
Fix GBBEPx successflully at 20240927
++ /scratch2/NCEPDEV/nwprod/NCEPLIBS/utils/prod_util.v1.1.0/exec/ndate 24 2024092700
+ IDATE=2024092800
+ '[' 2024092800 -le 2024093000 ']'
+ ECNT=0
+ /bin/rm -rf input.nc.tmp input.nc.tmp2 input.nc.tmp3 input.nc
+ IY=2024
+ IM=09
+ ID=28
+ IYMD=20240928
+ SRCFILE='/scratch1/BMC/gsd-fv3-dev/MAPP_2018/bhuang/JEDI-2020/JEDI-FV3/expCodes/PACEData/GBBEPx/Prep_GBBEPx_2024070100_2024093000/2024092800/*.nc'
+ OUTFILE=/scratch1/BMC/gsd-fv3-dev/MAPP_2018/bhuang/JEDI-2020/JEDI-FV3/expCodes/PACEData/GBBEPx/Prep_GBBEPx_2024070100_2024093000/FixGBBEPx/GBBEPx_all01GRID.emissions_v004_20240928.nc
++ wc -l
++ ls /scratch1/BMC/gsd-fv3-dev/MAPP_2018/bhuang/JEDI-2020/JEDI-FV3/expCodes/PACEData/GBBEPx/Prep_GBBEPx_2024070100_2024093000/2024092800/GBBEPx-all01GRID_v5r0_blend_s202409280000000_e202409282359590_c202409290116470.nc
+ NNC=1
+ '[' 1 -eq 1 ']'
++ ls /scratch1/BMC/gsd-fv3-dev/MAPP_2018/bhuang/JEDI-2020/JEDI-FV3/expCodes/PACEData/GBBEPx/Prep_GBBEPx_2024070100_2024093000/2024092800/GBBEPx-all01GRID_v5r0_blend_s202409280000000_e202409282359590_c202409290116470.nc
+ for FILE in $(ls ${SRCFILE})
+ /bin/cp /scratch1/BMC/gsd-fv3-dev/MAPP_2018/bhuang/JEDI-2020/JEDI-FV3/expCodes/PACEData/GBBEPx/Prep_GBBEPx_2024070100_2024093000/2024092800/GBBEPx-all01GRID_v5r0_blend_s202409280000000_e202409282359590_c202409290116470.nc input.nc
+ ERR=0
+ ECNT=0
+ /home/Bo.Huang/JEDI-2020/UFS-Aerosols_RETcyc/UFS-Aerosols-EP4_JEDI-AeroDA-Reanl/misc/PrepPACE/GBBEPx/fix_GBBEPx_Li.sh input.nc 20240928
+ '[' -z '' ']'
+ case "$-" in
+ __lmod_vx=x
+ '[' -n x ']'
+ set +x
Shell debugging temporarily silenced: export LMOD_SH_DBG_ON=1 for this output (/apps/lmod/lmod/init/bash)
Shell debugging restarted
+ unset __lmod_vx
+ input_file=input.nc
+ yyyymmdd=20240928
+ nccopy -k classic input.nc input.nc.tmp
+ ncks --mk_rec_dmn Time input.nc.tmp -O -o input.nc.tmp
+ ncatted -O -a units,Longitude,m,c,degrees_east input.nc.tmp
+ ncrename -v Time,time -d Time,time input.nc.tmp -O -o input.nc.tmp
+ ncrename -v Latitude,lat -d Latitude,lat input.nc.tmp -O -o input.nc.tmp
+ ncrename -v Longitude,lon -d Longitude,lon input.nc.tmp -O -o input.nc.tmp
+ ncap2 -O -s 'time[time]=0' input.nc.tmp -o input.nc.tmp
+ ncks -C -O -x -v Max_emission,Max_emission_col,Max_emission_row input.nc.tmp input.nc.tmp
+ ncks -C -O -x -v QCAll,CloudPerc,FirePerc,NumSensor input.nc.tmp input.nc.tmp
+ ncks -C -O -x -v TotalEmis_region_Africa input.nc.tmp input.nc.tmp
+ ncks -C -O -x -v TotalEmis_region_Asia input.nc.tmp input.nc.tmp
+ ncks -C -O -x -v TotalEmis_region_Australia input.nc.tmp input.nc.tmp
+ ncks -C -O -x -v TotalEmis_region_Europe input.nc.tmp input.nc.tmp
+ ncks -C -O -x -v TotalEmis_region_NorthAmerica input.nc.tmp input.nc.tmp
+ ncks -C -O -x -v TotalEmis_region_SouthAmerica input.nc.tmp input.nc.tmp
+ ncks -C -O -x -v quality_information input.nc.tmp input.nc.tmp
+ ncks -O -d lat,-89.5,89.5 input.nc.tmp input.nc.tmp2
++ date -d 20240928 +%Y-%m-%d
+ d=2024-09-28
+ dd='hours since 2024-09-28 12:00:00'
+ ncatted -O -a 'units,time,c,c,hours since 2024-09-28 12:00:00' input.nc.tmp2
+ ncatted -O -a long_name,time,c,c,Time input.nc.tmp2
+ ncatted -O -a calendar,time,c,c,gregorian input.nc.tmp2
+ ncatted -O -a axis,time,c,c,T input.nc.tmp2
+ ncatted -O -a long_name,lat,m,c,latitude input.nc.tmp2
+ ncatted -O -a long_name,lon,m,c,longitude input.nc.tmp2
+ ncatted -O -a axis,lon,d,, input.nc.tmp2
+ ncatted -O -a bounds,lon,d,, input.nc.tmp2
+ ncatted -O -a valid_range,lon,d,, input.nc.tmp2
+ ncatted -O -a scale_factor,lon,d,, input.nc.tmp2
+ ncatted -O -a add_offset,lon,d,, input.nc.tmp2
+ ncatted -O -a _FillValue,lon,d,, input.nc.tmp2
+ ncatted -O -a axis,lat,d,, input.nc.tmp2
+ ncatted -O -a bounds,lat,d,, input.nc.tmp2
+ ncatted -O -a valid_range,lat,d,, input.nc.tmp2
+ ncatted -O -a scale_factor,lat,d,, input.nc.tmp2
+ ncatted -O -a add_offset,lat,d,, input.nc.tmp2
+ ncatted -O -a _FillValue,lat,d,, input.nc.tmp2
+ ncatted -O -a coordinates,SO2,d,, input.nc.tmp2
+ ncatted -O -a coordinates,PM2.5,d,, input.nc.tmp2
+ ncatted -O -a coordinates,OC,d,, input.nc.tmp2
+ ncatted -O -a coordinates,BC,d,, input.nc.tmp2
+ ncatted -O -a coordinates,CO,d,, input.nc.tmp2
+ ncatted -O -a coordinates,NOx,d,, input.nc.tmp2
+ ncatted -O -a coordinates,NH3,d,, input.nc.tmp2
+ ncatted -O -a valid_range,SO2,d,, input.nc.tmp2
+ ncatted -O -a valid_range,PM2.5,d,, input.nc.tmp2
+ ncatted -O -a valid_range,OC,d,, input.nc.tmp2
+ ncatted -O -a valid_range,BC,d,, input.nc.tmp2
+ ncatted -O -a valid_range,CO,d,, input.nc.tmp2
+ ncatted -O -a valid_range,NOx,d,, input.nc.tmp2
+ ncatted -O -a valid_range,NH3,d,, input.nc.tmp2
+ ncatted -O -a add_offset,SO2,d,, input.nc.tmp2
+ ncatted -O -a add_offset,PM2.5,d,, input.nc.tmp2
+ ncatted -O -a add_offset,OC,d,, input.nc.tmp2
+ ncatted -O -a add_offset,BC,d,, input.nc.tmp2
+ ncatted -O -a add_offset,CO,d,, input.nc.tmp2
+ ncatted -O -a add_offset,NOx,d,, input.nc.tmp2
+ ncatted -O -a add_offset,NH3,d,, input.nc.tmp2
+ ncatted -O -a add_offset,MeanFRP,d,, input.nc.tmp2
+ ncatted -O -a valid_range,MeanFRP,d,, input.nc.tmp2
+ ncatted -O -a coordinates,MeanFRP,d,, input.nc.tmp2
+ nccopy -k 'netCDF-4 classic model' input.nc.tmp2 input.nc.tmp3
+ nccopy -d1 input.nc.tmp3 input.nc.tmp4
+ ERR=0
+ ECNT=0
+ '[' 0 -eq 0 ']'
+ /bin/mv input.nc.tmp4 /scratch1/BMC/gsd-fv3-dev/MAPP_2018/bhuang/JEDI-2020/JEDI-FV3/expCodes/PACEData/GBBEPx/Prep_GBBEPx_2024070100_2024093000/FixGBBEPx/GBBEPx_all01GRID.emissions_v004_20240928.nc
+ ERR=0
+ ECNT=0
+ '[' 0 -eq 0 ']'
+ echo 'Fix GBBEPx successflully at 20240928'
Fix GBBEPx successflully at 20240928
++ /scratch2/NCEPDEV/nwprod/NCEPLIBS/utils/prod_util.v1.1.0/exec/ndate 24 2024092800
+ IDATE=2024092900
+ '[' 2024092900 -le 2024093000 ']'
+ ECNT=0
+ /bin/rm -rf input.nc.tmp input.nc.tmp2 input.nc.tmp3 input.nc
+ IY=2024
+ IM=09
+ ID=29
+ IYMD=20240929
+ SRCFILE='/scratch1/BMC/gsd-fv3-dev/MAPP_2018/bhuang/JEDI-2020/JEDI-FV3/expCodes/PACEData/GBBEPx/Prep_GBBEPx_2024070100_2024093000/2024092900/*.nc'
+ OUTFILE=/scratch1/BMC/gsd-fv3-dev/MAPP_2018/bhuang/JEDI-2020/JEDI-FV3/expCodes/PACEData/GBBEPx/Prep_GBBEPx_2024070100_2024093000/FixGBBEPx/GBBEPx_all01GRID.emissions_v004_20240929.nc
++ wc -l
++ ls /scratch1/BMC/gsd-fv3-dev/MAPP_2018/bhuang/JEDI-2020/JEDI-FV3/expCodes/PACEData/GBBEPx/Prep_GBBEPx_2024070100_2024093000/2024092900/GBBEPx-all01GRID_v5r0_blend_s202409290000000_e202409292359590_c202409300142440.nc
+ NNC=1
+ '[' 1 -eq 1 ']'
++ ls /scratch1/BMC/gsd-fv3-dev/MAPP_2018/bhuang/JEDI-2020/JEDI-FV3/expCodes/PACEData/GBBEPx/Prep_GBBEPx_2024070100_2024093000/2024092900/GBBEPx-all01GRID_v5r0_blend_s202409290000000_e202409292359590_c202409300142440.nc
+ for FILE in $(ls ${SRCFILE})
+ /bin/cp /scratch1/BMC/gsd-fv3-dev/MAPP_2018/bhuang/JEDI-2020/JEDI-FV3/expCodes/PACEData/GBBEPx/Prep_GBBEPx_2024070100_2024093000/2024092900/GBBEPx-all01GRID_v5r0_blend_s202409290000000_e202409292359590_c202409300142440.nc input.nc
+ ERR=0
+ ECNT=0
+ /home/Bo.Huang/JEDI-2020/UFS-Aerosols_RETcyc/UFS-Aerosols-EP4_JEDI-AeroDA-Reanl/misc/PrepPACE/GBBEPx/fix_GBBEPx_Li.sh input.nc 20240929
+ '[' -z '' ']'
+ case "$-" in
+ __lmod_vx=x
+ '[' -n x ']'
+ set +x
Shell debugging temporarily silenced: export LMOD_SH_DBG_ON=1 for this output (/apps/lmod/lmod/init/bash)
Shell debugging restarted
+ unset __lmod_vx
+ input_file=input.nc
+ yyyymmdd=20240929
+ nccopy -k classic input.nc input.nc.tmp
+ ncks --mk_rec_dmn Time input.nc.tmp -O -o input.nc.tmp
+ ncatted -O -a units,Longitude,m,c,degrees_east input.nc.tmp
+ ncrename -v Time,time -d Time,time input.nc.tmp -O -o input.nc.tmp
+ ncrename -v Latitude,lat -d Latitude,lat input.nc.tmp -O -o input.nc.tmp
+ ncrename -v Longitude,lon -d Longitude,lon input.nc.tmp -O -o input.nc.tmp
+ ncap2 -O -s 'time[time]=0' input.nc.tmp -o input.nc.tmp
+ ncks -C -O -x -v Max_emission,Max_emission_col,Max_emission_row input.nc.tmp input.nc.tmp
+ ncks -C -O -x -v QCAll,CloudPerc,FirePerc,NumSensor input.nc.tmp input.nc.tmp
+ ncks -C -O -x -v TotalEmis_region_Africa input.nc.tmp input.nc.tmp
+ ncks -C -O -x -v TotalEmis_region_Asia input.nc.tmp input.nc.tmp
+ ncks -C -O -x -v TotalEmis_region_Australia input.nc.tmp input.nc.tmp
+ ncks -C -O -x -v TotalEmis_region_Europe input.nc.tmp input.nc.tmp
+ ncks -C -O -x -v TotalEmis_region_NorthAmerica input.nc.tmp input.nc.tmp
+ ncks -C -O -x -v TotalEmis_region_SouthAmerica input.nc.tmp input.nc.tmp
+ ncks -C -O -x -v quality_information input.nc.tmp input.nc.tmp
+ ncks -O -d lat,-89.5,89.5 input.nc.tmp input.nc.tmp2
++ date -d 20240929 +%Y-%m-%d
+ d=2024-09-29
+ dd='hours since 2024-09-29 12:00:00'
+ ncatted -O -a 'units,time,c,c,hours since 2024-09-29 12:00:00' input.nc.tmp2
+ ncatted -O -a long_name,time,c,c,Time input.nc.tmp2
+ ncatted -O -a calendar,time,c,c,gregorian input.nc.tmp2
+ ncatted -O -a axis,time,c,c,T input.nc.tmp2
+ ncatted -O -a long_name,lat,m,c,latitude input.nc.tmp2
+ ncatted -O -a long_name,lon,m,c,longitude input.nc.tmp2
+ ncatted -O -a axis,lon,d,, input.nc.tmp2
+ ncatted -O -a bounds,lon,d,, input.nc.tmp2
+ ncatted -O -a valid_range,lon,d,, input.nc.tmp2
+ ncatted -O -a scale_factor,lon,d,, input.nc.tmp2
+ ncatted -O -a add_offset,lon,d,, input.nc.tmp2
+ ncatted -O -a _FillValue,lon,d,, input.nc.tmp2
+ ncatted -O -a axis,lat,d,, input.nc.tmp2
+ ncatted -O -a bounds,lat,d,, input.nc.tmp2
+ ncatted -O -a valid_range,lat,d,, input.nc.tmp2
+ ncatted -O -a scale_factor,lat,d,, input.nc.tmp2
+ ncatted -O -a add_offset,lat,d,, input.nc.tmp2
+ ncatted -O -a _FillValue,lat,d,, input.nc.tmp2
+ ncatted -O -a coordinates,SO2,d,, input.nc.tmp2
+ ncatted -O -a coordinates,PM2.5,d,, input.nc.tmp2
+ ncatted -O -a coordinates,OC,d,, input.nc.tmp2
+ ncatted -O -a coordinates,BC,d,, input.nc.tmp2
+ ncatted -O -a coordinates,CO,d,, input.nc.tmp2
+ ncatted -O -a coordinates,NOx,d,, input.nc.tmp2
+ ncatted -O -a coordinates,NH3,d,, input.nc.tmp2
+ ncatted -O -a valid_range,SO2,d,, input.nc.tmp2
+ ncatted -O -a valid_range,PM2.5,d,, input.nc.tmp2
+ ncatted -O -a valid_range,OC,d,, input.nc.tmp2
+ ncatted -O -a valid_range,BC,d,, input.nc.tmp2
+ ncatted -O -a valid_range,CO,d,, input.nc.tmp2
+ ncatted -O -a valid_range,NOx,d,, input.nc.tmp2
+ ncatted -O -a valid_range,NH3,d,, input.nc.tmp2
+ ncatted -O -a add_offset,SO2,d,, input.nc.tmp2
+ ncatted -O -a add_offset,PM2.5,d,, input.nc.tmp2
+ ncatted -O -a add_offset,OC,d,, input.nc.tmp2
+ ncatted -O -a add_offset,BC,d,, input.nc.tmp2
+ ncatted -O -a add_offset,CO,d,, input.nc.tmp2
+ ncatted -O -a add_offset,NOx,d,, input.nc.tmp2
+ ncatted -O -a add_offset,NH3,d,, input.nc.tmp2
+ ncatted -O -a add_offset,MeanFRP,d,, input.nc.tmp2
+ ncatted -O -a valid_range,MeanFRP,d,, input.nc.tmp2
+ ncatted -O -a coordinates,MeanFRP,d,, input.nc.tmp2
+ nccopy -k 'netCDF-4 classic model' input.nc.tmp2 input.nc.tmp3
+ nccopy -d1 input.nc.tmp3 input.nc.tmp4
+ ERR=0
+ ECNT=0
+ '[' 0 -eq 0 ']'
+ /bin/mv input.nc.tmp4 /scratch1/BMC/gsd-fv3-dev/MAPP_2018/bhuang/JEDI-2020/JEDI-FV3/expCodes/PACEData/GBBEPx/Prep_GBBEPx_2024070100_2024093000/FixGBBEPx/GBBEPx_all01GRID.emissions_v004_20240929.nc
+ ERR=0
+ ECNT=0
+ '[' 0 -eq 0 ']'
+ echo 'Fix GBBEPx successflully at 20240929'
Fix GBBEPx successflully at 20240929
++ /scratch2/NCEPDEV/nwprod/NCEPLIBS/utils/prod_util.v1.1.0/exec/ndate 24 2024092900
+ IDATE=2024093000
+ '[' 2024093000 -le 2024093000 ']'
+ ECNT=0
+ /bin/rm -rf input.nc.tmp input.nc.tmp2 input.nc.tmp3 input.nc
+ IY=2024
+ IM=09
+ ID=30
+ IYMD=20240930
+ SRCFILE='/scratch1/BMC/gsd-fv3-dev/MAPP_2018/bhuang/JEDI-2020/JEDI-FV3/expCodes/PACEData/GBBEPx/Prep_GBBEPx_2024070100_2024093000/2024093000/*.nc'
+ OUTFILE=/scratch1/BMC/gsd-fv3-dev/MAPP_2018/bhuang/JEDI-2020/JEDI-FV3/expCodes/PACEData/GBBEPx/Prep_GBBEPx_2024070100_2024093000/FixGBBEPx/GBBEPx_all01GRID.emissions_v004_20240930.nc
++ wc -l
++ ls /scratch1/BMC/gsd-fv3-dev/MAPP_2018/bhuang/JEDI-2020/JEDI-FV3/expCodes/PACEData/GBBEPx/Prep_GBBEPx_2024070100_2024093000/2024093000/GBBEPx-all01GRID_v5r0_blend_s202409300000000_e202409302359590_c202410010348510.nc
+ NNC=1
+ '[' 1 -eq 1 ']'
++ ls /scratch1/BMC/gsd-fv3-dev/MAPP_2018/bhuang/JEDI-2020/JEDI-FV3/expCodes/PACEData/GBBEPx/Prep_GBBEPx_2024070100_2024093000/2024093000/GBBEPx-all01GRID_v5r0_blend_s202409300000000_e202409302359590_c202410010348510.nc
+ for FILE in $(ls ${SRCFILE})
+ /bin/cp /scratch1/BMC/gsd-fv3-dev/MAPP_2018/bhuang/JEDI-2020/JEDI-FV3/expCodes/PACEData/GBBEPx/Prep_GBBEPx_2024070100_2024093000/2024093000/GBBEPx-all01GRID_v5r0_blend_s202409300000000_e202409302359590_c202410010348510.nc input.nc
+ ERR=0
+ ECNT=0
+ /home/Bo.Huang/JEDI-2020/UFS-Aerosols_RETcyc/UFS-Aerosols-EP4_JEDI-AeroDA-Reanl/misc/PrepPACE/GBBEPx/fix_GBBEPx_Li.sh input.nc 20240930
+ '[' -z '' ']'
+ case "$-" in
+ __lmod_vx=x
+ '[' -n x ']'
+ set +x
Shell debugging temporarily silenced: export LMOD_SH_DBG_ON=1 for this output (/apps/lmod/lmod/init/bash)
Shell debugging restarted
+ unset __lmod_vx
+ input_file=input.nc
+ yyyymmdd=20240930
+ nccopy -k classic input.nc input.nc.tmp
+ ncks --mk_rec_dmn Time input.nc.tmp -O -o input.nc.tmp
+ ncatted -O -a units,Longitude,m,c,degrees_east input.nc.tmp
+ ncrename -v Time,time -d Time,time input.nc.tmp -O -o input.nc.tmp
+ ncrename -v Latitude,lat -d Latitude,lat input.nc.tmp -O -o input.nc.tmp
+ ncrename -v Longitude,lon -d Longitude,lon input.nc.tmp -O -o input.nc.tmp
+ ncap2 -O -s 'time[time]=0' input.nc.tmp -o input.nc.tmp
+ ncks -C -O -x -v Max_emission,Max_emission_col,Max_emission_row input.nc.tmp input.nc.tmp
+ ncks -C -O -x -v QCAll,CloudPerc,FirePerc,NumSensor input.nc.tmp input.nc.tmp
+ ncks -C -O -x -v TotalEmis_region_Africa input.nc.tmp input.nc.tmp
+ ncks -C -O -x -v TotalEmis_region_Asia input.nc.tmp input.nc.tmp
+ ncks -C -O -x -v TotalEmis_region_Australia input.nc.tmp input.nc.tmp
+ ncks -C -O -x -v TotalEmis_region_Europe input.nc.tmp input.nc.tmp
+ ncks -C -O -x -v TotalEmis_region_NorthAmerica input.nc.tmp input.nc.tmp
+ ncks -C -O -x -v TotalEmis_region_SouthAmerica input.nc.tmp input.nc.tmp
+ ncks -C -O -x -v quality_information input.nc.tmp input.nc.tmp
+ ncks -O -d lat,-89.5,89.5 input.nc.tmp input.nc.tmp2
++ date -d 20240930 +%Y-%m-%d
+ d=2024-09-30
+ dd='hours since 2024-09-30 12:00:00'
+ ncatted -O -a 'units,time,c,c,hours since 2024-09-30 12:00:00' input.nc.tmp2
+ ncatted -O -a long_name,time,c,c,Time input.nc.tmp2
+ ncatted -O -a calendar,time,c,c,gregorian input.nc.tmp2
+ ncatted -O -a axis,time,c,c,T input.nc.tmp2
+ ncatted -O -a long_name,lat,m,c,latitude input.nc.tmp2
+ ncatted -O -a long_name,lon,m,c,longitude input.nc.tmp2
+ ncatted -O -a axis,lon,d,, input.nc.tmp2
+ ncatted -O -a bounds,lon,d,, input.nc.tmp2
+ ncatted -O -a valid_range,lon,d,, input.nc.tmp2
+ ncatted -O -a scale_factor,lon,d,, input.nc.tmp2
+ ncatted -O -a add_offset,lon,d,, input.nc.tmp2
+ ncatted -O -a _FillValue,lon,d,, input.nc.tmp2
+ ncatted -O -a axis,lat,d,, input.nc.tmp2
+ ncatted -O -a bounds,lat,d,, input.nc.tmp2
+ ncatted -O -a valid_range,lat,d,, input.nc.tmp2
+ ncatted -O -a scale_factor,lat,d,, input.nc.tmp2
+ ncatted -O -a add_offset,lat,d,, input.nc.tmp2
+ ncatted -O -a _FillValue,lat,d,, input.nc.tmp2
+ ncatted -O -a coordinates,SO2,d,, input.nc.tmp2
+ ncatted -O -a coordinates,PM2.5,d,, input.nc.tmp2
+ ncatted -O -a coordinates,OC,d,, input.nc.tmp2
+ ncatted -O -a coordinates,BC,d,, input.nc.tmp2
+ ncatted -O -a coordinates,CO,d,, input.nc.tmp2
+ ncatted -O -a coordinates,NOx,d,, input.nc.tmp2
+ ncatted -O -a coordinates,NH3,d,, input.nc.tmp2
+ ncatted -O -a valid_range,SO2,d,, input.nc.tmp2
+ ncatted -O -a valid_range,PM2.5,d,, input.nc.tmp2
+ ncatted -O -a valid_range,OC,d,, input.nc.tmp2
+ ncatted -O -a valid_range,BC,d,, input.nc.tmp2
+ ncatted -O -a valid_range,CO,d,, input.nc.tmp2
+ ncatted -O -a valid_range,NOx,d,, input.nc.tmp2
+ ncatted -O -a valid_range,NH3,d,, input.nc.tmp2
+ ncatted -O -a add_offset,SO2,d,, input.nc.tmp2
+ ncatted -O -a add_offset,PM2.5,d,, input.nc.tmp2
+ ncatted -O -a add_offset,OC,d,, input.nc.tmp2
+ ncatted -O -a add_offset,BC,d,, input.nc.tmp2
+ ncatted -O -a add_offset,CO,d,, input.nc.tmp2
+ ncatted -O -a add_offset,NOx,d,, input.nc.tmp2
+ ncatted -O -a add_offset,NH3,d,, input.nc.tmp2
+ ncatted -O -a add_offset,MeanFRP,d,, input.nc.tmp2
+ ncatted -O -a valid_range,MeanFRP,d,, input.nc.tmp2
+ ncatted -O -a coordinates,MeanFRP,d,, input.nc.tmp2
+ nccopy -k 'netCDF-4 classic model' input.nc.tmp2 input.nc.tmp3
+ nccopy -d1 input.nc.tmp3 input.nc.tmp4
+ ERR=0
+ ECNT=0
+ '[' 0 -eq 0 ']'
+ /bin/mv input.nc.tmp4 /scratch1/BMC/gsd-fv3-dev/MAPP_2018/bhuang/JEDI-2020/JEDI-FV3/expCodes/PACEData/GBBEPx/Prep_GBBEPx_2024070100_2024093000/FixGBBEPx/GBBEPx_all01GRID.emissions_v004_20240930.nc
+ ERR=0
+ ECNT=0
+ '[' 0 -eq 0 ']'
+ echo 'Fix GBBEPx successflully at 20240930'
Fix GBBEPx successflully at 20240930
++ /scratch2/NCEPDEV/nwprod/NCEPLIBS/utils/prod_util.v1.1.0/exec/ndate 24 2024093000
+ IDATE=2024100100
+ '[' 2024100100 -le 2024093000 ']'
+ exit 0
_______________________________________________________________
Start Epilog on node hfe06 for job 3596606 :: Mon Dec  9 01:53:34 UTC 2024
Job 3596606 finished for user Bo.Huang in partition service with exit code 0:0
_______________________________________________________________
End Epilogue Mon Dec  9 01:53:34 UTC 2024
+ TOPDIR=/scratch1/BMC/gsd-fv3-dev/MAPP_2018/bhuang/JEDI-2020/JEDI-FV3/expCodes/PACEData/GBBEPx
+ SDATE=2024030100
+ EDATE=2024043000
+ EXP=Prep_GBBEPx_2024030100_2024043000
+ EXPDIR=/scratch1/BMC/gsd-fv3-dev/MAPP_2018/bhuang/JEDI-2020/JEDI-FV3/expCodes/PACEData/GBBEPx/Prep_GBBEPx_2024030100_2024043000
+ TMPDIR=/scratch1/BMC/gsd-fv3-dev/MAPP_2018/bhuang/JEDI-2020/JEDI-FV3/expCodes/PACEData/GBBEPx/Prep_GBBEPx_2024030100_2024043000/tmp
+ OUTDIR=/scratch1/BMC/gsd-fv3-dev/MAPP_2018/bhuang/JEDI-2020/JEDI-FV3/expCodes/PACEData/GBBEPx/Prep_GBBEPx_2024030100_2024043000/FixGBBEPx
+ CYCINC=24
+ mkdir -p /scratch1/BMC/gsd-fv3-dev/MAPP_2018/bhuang/JEDI-2020/JEDI-FV3/expCodes/PACEData/GBBEPx/Prep_GBBEPx_2024030100_2024043000/tmp
+ mkdir -p /scratch1/BMC/gsd-fv3-dev/MAPP_2018/bhuang/JEDI-2020/JEDI-FV3/expCodes/PACEData/GBBEPx/Prep_GBBEPx_2024030100_2024043000/FixGBBEPx
+ NDATE=/scratch2/NCEPDEV/nwprod/NCEPLIBS/utils/prod_util.v1.1.0/exec/ndate
+ FIXEXE=/home/Bo.Huang/JEDI-2020/UFS-Aerosols_RETcyc/UFS-Aerosols-EP4_JEDI-AeroDA-Reanl/misc/PrepPACE/GBBEPx/fix_GBBEPx_Li.sh
++ /scratch2/NCEPDEV/nwprod/NCEPLIBS/utils/prod_util.v1.1.0/exec/ndate -24 2024030100
+ SDATE=2024022900
+ IDATE=2024022900
+ cd /scratch1/BMC/gsd-fv3-dev/MAPP_2018/bhuang/JEDI-2020/JEDI-FV3/expCodes/PACEData/GBBEPx/Prep_GBBEPx_2024030100_2024043000/tmp
+ '[' 2024022900 -le 2024043000 ']'
+ ECNT=0
+ /bin/rm -rf '*.tmp*' '*.nc'
+ IY=2024
+ IM=02
+ ID=29
+ IYMD=20240229
+ SRCFILE='/scratch1/BMC/gsd-fv3-dev/MAPP_2018/bhuang/JEDI-2020/JEDI-FV3/expCodes/PACEData/GBBEPx/Prep_GBBEPx_2024030100_2024043000/2024022900/*.nc'
+ OUTFILE=/scratch1/BMC/gsd-fv3-dev/MAPP_2018/bhuang/JEDI-2020/JEDI-FV3/expCodes/PACEData/GBBEPx/Prep_GBBEPx_2024030100_2024043000/FixGBBEPx/GBBEPx_all01GRID.emissions_v004_20240229.nc
++ wc -l
++ ls /scratch1/BMC/gsd-fv3-dev/MAPP_2018/bhuang/JEDI-2020/JEDI-FV3/expCodes/PACEData/GBBEPx/Prep_GBBEPx_2024030100_2024043000/2024022900/GBBEPx-all01GRID_v4r0_blend_s202402290000000_e202402292359590_c202403010233100.nc
+ NNC=1
+ '[' 1 -eq 1 ']'
++ ls /scratch1/BMC/gsd-fv3-dev/MAPP_2018/bhuang/JEDI-2020/JEDI-FV3/expCodes/PACEData/GBBEPx/Prep_GBBEPx_2024030100_2024043000/2024022900/GBBEPx-all01GRID_v4r0_blend_s202402290000000_e202402292359590_c202403010233100.nc
+ for FILE in $(ls ${SRCFILE})
+ /bin/cp /scratch1/BMC/gsd-fv3-dev/MAPP_2018/bhuang/JEDI-2020/JEDI-FV3/expCodes/PACEData/GBBEPx/Prep_GBBEPx_2024030100_2024043000/2024022900/GBBEPx-all01GRID_v4r0_blend_s202402290000000_e202402292359590_c202403010233100.nc input.nc
+ ERR=0
+ ECNT=0
+ /home/Bo.Huang/JEDI-2020/UFS-Aerosols_RETcyc/UFS-Aerosols-EP4_JEDI-AeroDA-Reanl/misc/PrepPACE/GBBEPx/fix_GBBEPx_Li.sh input.nc 20240229
+ '[' -z '' ']'
+ case "$-" in
+ __lmod_vx=x
+ '[' -n x ']'
+ set +x
Shell debugging temporarily silenced: export LMOD_SH_DBG_ON=1 for this output (/apps/lmod/lmod/init/bash)
Shell debugging restarted
+ unset __lmod_vx
+ input_file=input.nc
+ yyyymmdd=20240229
+ nccopy -k classic input.nc input.nc.tmp
+ ncks --mk_rec_dmn Time input.nc.tmp -O -o input.nc.tmp
+ ncatted -O -a units,Longitude,m,c,degrees_east input.nc.tmp
+ ncrename -v Time,time -d Time,time input.nc.tmp -O -o input.nc.tmp
+ ncrename -v Latitude,lat -d Latitude,lat input.nc.tmp -O -o input.nc.tmp
+ ncrename -v Longitude,lon -d Longitude,lon input.nc.tmp -O -o input.nc.tmp
+ ncap2 -O -s 'time[time]=0' input.nc.tmp -o input.nc.tmp
+ ncks -C -O -x -v Max_emission,Max_emission_col,Max_emission_row input.nc.tmp input.nc.tmp
+ ncks -C -O -x -v QCAll,CloudPerc,FirePerc,NumSensor input.nc.tmp input.nc.tmp
+ ncks -C -O -x -v TotalEmis_region_Africa input.nc.tmp input.nc.tmp
+ ncks -C -O -x -v TotalEmis_region_Asia input.nc.tmp input.nc.tmp
+ ncks -C -O -x -v TotalEmis_region_Australia input.nc.tmp input.nc.tmp
+ ncks -C -O -x -v TotalEmis_region_Europe input.nc.tmp input.nc.tmp
+ ncks -C -O -x -v TotalEmis_region_NorthAmerica input.nc.tmp input.nc.tmp
+ ncks -C -O -x -v TotalEmis_region_SouthAmerica input.nc.tmp input.nc.tmp
+ ncks -C -O -x -v quality_information input.nc.tmp input.nc.tmp
+ ncks -O -d lat,-89.5,89.5 input.nc.tmp input.nc.tmp2
++ date -d 20240229 +%Y-%m-%d
+ d=2024-02-29
+ dd='hours since 2024-02-29 12:00:00'
+ ncatted -O -a 'units,time,c,c,hours since 2024-02-29 12:00:00' input.nc.tmp2
+ ncatted -O -a long_name,time,c,c,Time input.nc.tmp2
+ ncatted -O -a calendar,time,c,c,gregorian input.nc.tmp2
+ ncatted -O -a axis,time,c,c,T input.nc.tmp2
+ ncatted -O -a long_name,lat,m,c,latitude input.nc.tmp2
+ ncatted -O -a long_name,lon,m,c,longitude input.nc.tmp2
+ ncatted -O -a axis,lon,d,, input.nc.tmp2
+ ncatted -O -a bounds,lon,d,, input.nc.tmp2
+ ncatted -O -a valid_range,lon,d,, input.nc.tmp2
+ ncatted -O -a scale_factor,lon,d,, input.nc.tmp2
+ ncatted -O -a add_offset,lon,d,, input.nc.tmp2
+ ncatted -O -a _FillValue,lon,d,, input.nc.tmp2
+ ncatted -O -a axis,lat,d,, input.nc.tmp2
+ ncatted -O -a bounds,lat,d,, input.nc.tmp2
+ ncatted -O -a valid_range,lat,d,, input.nc.tmp2
+ ncatted -O -a scale_factor,lat,d,, input.nc.tmp2
+ ncatted -O -a add_offset,lat,d,, input.nc.tmp2
+ ncatted -O -a _FillValue,lat,d,, input.nc.tmp2
+ ncatted -O -a coordinates,SO2,d,, input.nc.tmp2
+ ncatted -O -a coordinates,PM2.5,d,, input.nc.tmp2
+ ncatted -O -a coordinates,OC,d,, input.nc.tmp2
+ ncatted -O -a coordinates,BC,d,, input.nc.tmp2
+ ncatted -O -a coordinates,CO,d,, input.nc.tmp2
+ ncatted -O -a coordinates,NOx,d,, input.nc.tmp2
+ ncatted -O -a coordinates,NH3,d,, input.nc.tmp2
+ ncatted -O -a valid_range,SO2,d,, input.nc.tmp2
+ ncatted -O -a valid_range,PM2.5,d,, input.nc.tmp2
+ ncatted -O -a valid_range,OC,d,, input.nc.tmp2
+ ncatted -O -a valid_range,BC,d,, input.nc.tmp2
+ ncatted -O -a valid_range,CO,d,, input.nc.tmp2
+ ncatted -O -a valid_range,NOx,d,, input.nc.tmp2
+ ncatted -O -a valid_range,NH3,d,, input.nc.tmp2
+ ncatted -O -a add_offset,SO2,d,, input.nc.tmp2
+ ncatted -O -a add_offset,PM2.5,d,, input.nc.tmp2
+ ncatted -O -a add_offset,OC,d,, input.nc.tmp2
+ ncatted -O -a add_offset,BC,d,, input.nc.tmp2
+ ncatted -O -a add_offset,CO,d,, input.nc.tmp2
+ ncatted -O -a add_offset,NOx,d,, input.nc.tmp2
+ ncatted -O -a add_offset,NH3,d,, input.nc.tmp2
+ ncatted -O -a add_offset,MeanFRP,d,, input.nc.tmp2
+ ncatted -O -a valid_range,MeanFRP,d,, input.nc.tmp2
+ ncatted -O -a coordinates,MeanFRP,d,, input.nc.tmp2
+ nccopy -k 'netCDF-4 classic model' input.nc.tmp2 input.nc.tmp3
+ nccopy -d1 input.nc.tmp3 input.nc.tmp4
+ ERR=0
+ ECNT=0
+ '[' 0 -eq 0 ']'
+ /bin/mv input.nc.tmp4 /scratch1/BMC/gsd-fv3-dev/MAPP_2018/bhuang/JEDI-2020/JEDI-FV3/expCodes/PACEData/GBBEPx/Prep_GBBEPx_2024030100_2024043000/FixGBBEPx/GBBEPx_all01GRID.emissions_v004_20240229.nc
+ ERR=0
+ ECNT=0
+ '[' 0 -eq 0 ']'
+ echo 'Fix GBBEPx successflully at 20240229'
Fix GBBEPx successflully at 20240229
++ /scratch2/NCEPDEV/nwprod/NCEPLIBS/utils/prod_util.v1.1.0/exec/ndate 24 2024022900
+ IDATE=2024030100
+ '[' 2024030100 -le 2024043000 ']'
+ ECNT=0
+ /bin/rm -rf input.nc.tmp input.nc.tmp2 input.nc.tmp3 input.nc
+ IY=2024
+ IM=03
+ ID=01
+ IYMD=20240301
+ SRCFILE='/scratch1/BMC/gsd-fv3-dev/MAPP_2018/bhuang/JEDI-2020/JEDI-FV3/expCodes/PACEData/GBBEPx/Prep_GBBEPx_2024030100_2024043000/2024030100/*.nc'
+ OUTFILE=/scratch1/BMC/gsd-fv3-dev/MAPP_2018/bhuang/JEDI-2020/JEDI-FV3/expCodes/PACEData/GBBEPx/Prep_GBBEPx_2024030100_2024043000/FixGBBEPx/GBBEPx_all01GRID.emissions_v004_20240301.nc
++ wc -l
++ ls /scratch1/BMC/gsd-fv3-dev/MAPP_2018/bhuang/JEDI-2020/JEDI-FV3/expCodes/PACEData/GBBEPx/Prep_GBBEPx_2024030100_2024043000/2024030100/GBBEPx-all01GRID_v4r0_blend_s202403010000000_e202403012359590_c202403020220420.nc
+ NNC=1
+ '[' 1 -eq 1 ']'
++ ls /scratch1/BMC/gsd-fv3-dev/MAPP_2018/bhuang/JEDI-2020/JEDI-FV3/expCodes/PACEData/GBBEPx/Prep_GBBEPx_2024030100_2024043000/2024030100/GBBEPx-all01GRID_v4r0_blend_s202403010000000_e202403012359590_c202403020220420.nc
+ for FILE in $(ls ${SRCFILE})
+ /bin/cp /scratch1/BMC/gsd-fv3-dev/MAPP_2018/bhuang/JEDI-2020/JEDI-FV3/expCodes/PACEData/GBBEPx/Prep_GBBEPx_2024030100_2024043000/2024030100/GBBEPx-all01GRID_v4r0_blend_s202403010000000_e202403012359590_c202403020220420.nc input.nc
+ ERR=0
+ ECNT=0
+ /home/Bo.Huang/JEDI-2020/UFS-Aerosols_RETcyc/UFS-Aerosols-EP4_JEDI-AeroDA-Reanl/misc/PrepPACE/GBBEPx/fix_GBBEPx_Li.sh input.nc 20240301
+ '[' -z '' ']'
+ case "$-" in
+ __lmod_vx=x
+ '[' -n x ']'
+ set +x
Shell debugging temporarily silenced: export LMOD_SH_DBG_ON=1 for this output (/apps/lmod/lmod/init/bash)
Shell debugging restarted
+ unset __lmod_vx
+ input_file=input.nc
+ yyyymmdd=20240301
+ nccopy -k classic input.nc input.nc.tmp
+ ncks --mk_rec_dmn Time input.nc.tmp -O -o input.nc.tmp
+ ncatted -O -a units,Longitude,m,c,degrees_east input.nc.tmp
+ ncrename -v Time,time -d Time,time input.nc.tmp -O -o input.nc.tmp
+ ncrename -v Latitude,lat -d Latitude,lat input.nc.tmp -O -o input.nc.tmp
+ ncrename -v Longitude,lon -d Longitude,lon input.nc.tmp -O -o input.nc.tmp
+ ncap2 -O -s 'time[time]=0' input.nc.tmp -o input.nc.tmp
+ ncks -C -O -x -v Max_emission,Max_emission_col,Max_emission_row input.nc.tmp input.nc.tmp
+ ncks -C -O -x -v QCAll,CloudPerc,FirePerc,NumSensor input.nc.tmp input.nc.tmp
+ ncks -C -O -x -v TotalEmis_region_Africa input.nc.tmp input.nc.tmp
+ ncks -C -O -x -v TotalEmis_region_Asia input.nc.tmp input.nc.tmp
+ ncks -C -O -x -v TotalEmis_region_Australia input.nc.tmp input.nc.tmp
+ ncks -C -O -x -v TotalEmis_region_Europe input.nc.tmp input.nc.tmp
+ ncks -C -O -x -v TotalEmis_region_NorthAmerica input.nc.tmp input.nc.tmp
+ ncks -C -O -x -v TotalEmis_region_SouthAmerica input.nc.tmp input.nc.tmp
+ ncks -C -O -x -v quality_information input.nc.tmp input.nc.tmp
+ ncks -O -d lat,-89.5,89.5 input.nc.tmp input.nc.tmp2
++ date -d 20240301 +%Y-%m-%d
+ d=2024-03-01
+ dd='hours since 2024-03-01 12:00:00'
+ ncatted -O -a 'units,time,c,c,hours since 2024-03-01 12:00:00' input.nc.tmp2
+ ncatted -O -a long_name,time,c,c,Time input.nc.tmp2
+ ncatted -O -a calendar,time,c,c,gregorian input.nc.tmp2
+ ncatted -O -a axis,time,c,c,T input.nc.tmp2
+ ncatted -O -a long_name,lat,m,c,latitude input.nc.tmp2
+ ncatted -O -a long_name,lon,m,c,longitude input.nc.tmp2
+ ncatted -O -a axis,lon,d,, input.nc.tmp2
+ ncatted -O -a bounds,lon,d,, input.nc.tmp2
+ ncatted -O -a valid_range,lon,d,, input.nc.tmp2
+ ncatted -O -a scale_factor,lon,d,, input.nc.tmp2
+ ncatted -O -a add_offset,lon,d,, input.nc.tmp2
+ ncatted -O -a _FillValue,lon,d,, input.nc.tmp2
+ ncatted -O -a axis,lat,d,, input.nc.tmp2
+ ncatted -O -a bounds,lat,d,, input.nc.tmp2
+ ncatted -O -a valid_range,lat,d,, input.nc.tmp2
+ ncatted -O -a scale_factor,lat,d,, input.nc.tmp2
+ ncatted -O -a add_offset,lat,d,, input.nc.tmp2
+ ncatted -O -a _FillValue,lat,d,, input.nc.tmp2
+ ncatted -O -a coordinates,SO2,d,, input.nc.tmp2
+ ncatted -O -a coordinates,PM2.5,d,, input.nc.tmp2
+ ncatted -O -a coordinates,OC,d,, input.nc.tmp2
+ ncatted -O -a coordinates,BC,d,, input.nc.tmp2
+ ncatted -O -a coordinates,CO,d,, input.nc.tmp2
+ ncatted -O -a coordinates,NOx,d,, input.nc.tmp2
+ ncatted -O -a coordinates,NH3,d,, input.nc.tmp2
+ ncatted -O -a valid_range,SO2,d,, input.nc.tmp2
+ ncatted -O -a valid_range,PM2.5,d,, input.nc.tmp2
+ ncatted -O -a valid_range,OC,d,, input.nc.tmp2
+ ncatted -O -a valid_range,BC,d,, input.nc.tmp2
+ ncatted -O -a valid_range,CO,d,, input.nc.tmp2
+ ncatted -O -a valid_range,NOx,d,, input.nc.tmp2
+ ncatted -O -a valid_range,NH3,d,, input.nc.tmp2
+ ncatted -O -a add_offset,SO2,d,, input.nc.tmp2
+ ncatted -O -a add_offset,PM2.5,d,, input.nc.tmp2
+ ncatted -O -a add_offset,OC,d,, input.nc.tmp2
+ ncatted -O -a add_offset,BC,d,, input.nc.tmp2
+ ncatted -O -a add_offset,CO,d,, input.nc.tmp2
+ ncatted -O -a add_offset,NOx,d,, input.nc.tmp2
+ ncatted -O -a add_offset,NH3,d,, input.nc.tmp2
+ ncatted -O -a add_offset,MeanFRP,d,, input.nc.tmp2
+ ncatted -O -a valid_range,MeanFRP,d,, input.nc.tmp2
+ ncatted -O -a coordinates,MeanFRP,d,, input.nc.tmp2
+ nccopy -k 'netCDF-4 classic model' input.nc.tmp2 input.nc.tmp3
+ nccopy -d1 input.nc.tmp3 input.nc.tmp4
+ ERR=0
+ ECNT=0
+ '[' 0 -eq 0 ']'
+ /bin/mv input.nc.tmp4 /scratch1/BMC/gsd-fv3-dev/MAPP_2018/bhuang/JEDI-2020/JEDI-FV3/expCodes/PACEData/GBBEPx/Prep_GBBEPx_2024030100_2024043000/FixGBBEPx/GBBEPx_all01GRID.emissions_v004_20240301.nc
+ ERR=0
+ ECNT=0
+ '[' 0 -eq 0 ']'
+ echo 'Fix GBBEPx successflully at 20240301'
Fix GBBEPx successflully at 20240301
++ /scratch2/NCEPDEV/nwprod/NCEPLIBS/utils/prod_util.v1.1.0/exec/ndate 24 2024030100
+ IDATE=2024030200
+ '[' 2024030200 -le 2024043000 ']'
+ ECNT=0
+ /bin/rm -rf input.nc.tmp input.nc.tmp2 input.nc.tmp3 input.nc
+ IY=2024
+ IM=03
+ ID=02
+ IYMD=20240302
+ SRCFILE='/scratch1/BMC/gsd-fv3-dev/MAPP_2018/bhuang/JEDI-2020/JEDI-FV3/expCodes/PACEData/GBBEPx/Prep_GBBEPx_2024030100_2024043000/2024030200/*.nc'
+ OUTFILE=/scratch1/BMC/gsd-fv3-dev/MAPP_2018/bhuang/JEDI-2020/JEDI-FV3/expCodes/PACEData/GBBEPx/Prep_GBBEPx_2024030100_2024043000/FixGBBEPx/GBBEPx_all01GRID.emissions_v004_20240302.nc
++ wc -l
++ ls /scratch1/BMC/gsd-fv3-dev/MAPP_2018/bhuang/JEDI-2020/JEDI-FV3/expCodes/PACEData/GBBEPx/Prep_GBBEPx_2024030100_2024043000/2024030200/GBBEPx-all01GRID_v4r0_blend_s202403020000000_e202403022359590_c202403030201240.nc
+ NNC=1
+ '[' 1 -eq 1 ']'
++ ls /scratch1/BMC/gsd-fv3-dev/MAPP_2018/bhuang/JEDI-2020/JEDI-FV3/expCodes/PACEData/GBBEPx/Prep_GBBEPx_2024030100_2024043000/2024030200/GBBEPx-all01GRID_v4r0_blend_s202403020000000_e202403022359590_c202403030201240.nc
+ for FILE in $(ls ${SRCFILE})
+ /bin/cp /scratch1/BMC/gsd-fv3-dev/MAPP_2018/bhuang/JEDI-2020/JEDI-FV3/expCodes/PACEData/GBBEPx/Prep_GBBEPx_2024030100_2024043000/2024030200/GBBEPx-all01GRID_v4r0_blend_s202403020000000_e202403022359590_c202403030201240.nc input.nc
+ ERR=0
+ ECNT=0
+ /home/Bo.Huang/JEDI-2020/UFS-Aerosols_RETcyc/UFS-Aerosols-EP4_JEDI-AeroDA-Reanl/misc/PrepPACE/GBBEPx/fix_GBBEPx_Li.sh input.nc 20240302
+ '[' -z '' ']'
+ case "$-" in
+ __lmod_vx=x
+ '[' -n x ']'
+ set +x
Shell debugging temporarily silenced: export LMOD_SH_DBG_ON=1 for this output (/apps/lmod/lmod/init/bash)
Shell debugging restarted
+ unset __lmod_vx
+ input_file=input.nc
+ yyyymmdd=20240302
+ nccopy -k classic input.nc input.nc.tmp
+ ncks --mk_rec_dmn Time input.nc.tmp -O -o input.nc.tmp
+ ncatted -O -a units,Longitude,m,c,degrees_east input.nc.tmp
+ ncrename -v Time,time -d Time,time input.nc.tmp -O -o input.nc.tmp
+ ncrename -v Latitude,lat -d Latitude,lat input.nc.tmp -O -o input.nc.tmp
+ ncrename -v Longitude,lon -d Longitude,lon input.nc.tmp -O -o input.nc.tmp
+ ncap2 -O -s 'time[time]=0' input.nc.tmp -o input.nc.tmp
+ ncks -C -O -x -v Max_emission,Max_emission_col,Max_emission_row input.nc.tmp input.nc.tmp
+ ncks -C -O -x -v QCAll,CloudPerc,FirePerc,NumSensor input.nc.tmp input.nc.tmp
+ ncks -C -O -x -v TotalEmis_region_Africa input.nc.tmp input.nc.tmp
+ ncks -C -O -x -v TotalEmis_region_Asia input.nc.tmp input.nc.tmp
+ ncks -C -O -x -v TotalEmis_region_Australia input.nc.tmp input.nc.tmp
+ ncks -C -O -x -v TotalEmis_region_Europe input.nc.tmp input.nc.tmp
+ ncks -C -O -x -v TotalEmis_region_NorthAmerica input.nc.tmp input.nc.tmp
+ ncks -C -O -x -v TotalEmis_region_SouthAmerica input.nc.tmp input.nc.tmp
+ ncks -C -O -x -v quality_information input.nc.tmp input.nc.tmp
+ ncks -O -d lat,-89.5,89.5 input.nc.tmp input.nc.tmp2
++ date -d 20240302 +%Y-%m-%d
+ d=2024-03-02
+ dd='hours since 2024-03-02 12:00:00'
+ ncatted -O -a 'units,time,c,c,hours since 2024-03-02 12:00:00' input.nc.tmp2
+ ncatted -O -a long_name,time,c,c,Time input.nc.tmp2
+ ncatted -O -a calendar,time,c,c,gregorian input.nc.tmp2
+ ncatted -O -a axis,time,c,c,T input.nc.tmp2
+ ncatted -O -a long_name,lat,m,c,latitude input.nc.tmp2
+ ncatted -O -a long_name,lon,m,c,longitude input.nc.tmp2
+ ncatted -O -a axis,lon,d,, input.nc.tmp2
+ ncatted -O -a bounds,lon,d,, input.nc.tmp2
+ ncatted -O -a valid_range,lon,d,, input.nc.tmp2
+ ncatted -O -a scale_factor,lon,d,, input.nc.tmp2
+ ncatted -O -a add_offset,lon,d,, input.nc.tmp2
+ ncatted -O -a _FillValue,lon,d,, input.nc.tmp2
+ ncatted -O -a axis,lat,d,, input.nc.tmp2
+ ncatted -O -a bounds,lat,d,, input.nc.tmp2
+ ncatted -O -a valid_range,lat,d,, input.nc.tmp2
+ ncatted -O -a scale_factor,lat,d,, input.nc.tmp2
+ ncatted -O -a add_offset,lat,d,, input.nc.tmp2
+ ncatted -O -a _FillValue,lat,d,, input.nc.tmp2
+ ncatted -O -a coordinates,SO2,d,, input.nc.tmp2
+ ncatted -O -a coordinates,PM2.5,d,, input.nc.tmp2
+ ncatted -O -a coordinates,OC,d,, input.nc.tmp2
+ ncatted -O -a coordinates,BC,d,, input.nc.tmp2
+ ncatted -O -a coordinates,CO,d,, input.nc.tmp2
+ ncatted -O -a coordinates,NOx,d,, input.nc.tmp2
+ ncatted -O -a coordinates,NH3,d,, input.nc.tmp2
+ ncatted -O -a valid_range,SO2,d,, input.nc.tmp2
+ ncatted -O -a valid_range,PM2.5,d,, input.nc.tmp2
+ ncatted -O -a valid_range,OC,d,, input.nc.tmp2
+ ncatted -O -a valid_range,BC,d,, input.nc.tmp2
+ ncatted -O -a valid_range,CO,d,, input.nc.tmp2
+ ncatted -O -a valid_range,NOx,d,, input.nc.tmp2
+ ncatted -O -a valid_range,NH3,d,, input.nc.tmp2
+ ncatted -O -a add_offset,SO2,d,, input.nc.tmp2
+ ncatted -O -a add_offset,PM2.5,d,, input.nc.tmp2
+ ncatted -O -a add_offset,OC,d,, input.nc.tmp2
+ ncatted -O -a add_offset,BC,d,, input.nc.tmp2
+ ncatted -O -a add_offset,CO,d,, input.nc.tmp2
+ ncatted -O -a add_offset,NOx,d,, input.nc.tmp2
+ ncatted -O -a add_offset,NH3,d,, input.nc.tmp2
+ ncatted -O -a add_offset,MeanFRP,d,, input.nc.tmp2
+ ncatted -O -a valid_range,MeanFRP,d,, input.nc.tmp2
+ ncatted -O -a coordinates,MeanFRP,d,, input.nc.tmp2
+ nccopy -k 'netCDF-4 classic model' input.nc.tmp2 input.nc.tmp3
+ nccopy -d1 input.nc.tmp3 input.nc.tmp4
+ ERR=0
+ ECNT=0
+ '[' 0 -eq 0 ']'
+ /bin/mv input.nc.tmp4 /scratch1/BMC/gsd-fv3-dev/MAPP_2018/bhuang/JEDI-2020/JEDI-FV3/expCodes/PACEData/GBBEPx/Prep_GBBEPx_2024030100_2024043000/FixGBBEPx/GBBEPx_all01GRID.emissions_v004_20240302.nc
+ ERR=0
+ ECNT=0
+ '[' 0 -eq 0 ']'
+ echo 'Fix GBBEPx successflully at 20240302'
Fix GBBEPx successflully at 20240302
++ /scratch2/NCEPDEV/nwprod/NCEPLIBS/utils/prod_util.v1.1.0/exec/ndate 24 2024030200
+ IDATE=2024030300
+ '[' 2024030300 -le 2024043000 ']'
+ ECNT=0
+ /bin/rm -rf input.nc.tmp input.nc.tmp2 input.nc.tmp3 input.nc
+ IY=2024
+ IM=03
+ ID=03
+ IYMD=20240303
+ SRCFILE='/scratch1/BMC/gsd-fv3-dev/MAPP_2018/bhuang/JEDI-2020/JEDI-FV3/expCodes/PACEData/GBBEPx/Prep_GBBEPx_2024030100_2024043000/2024030300/*.nc'
+ OUTFILE=/scratch1/BMC/gsd-fv3-dev/MAPP_2018/bhuang/JEDI-2020/JEDI-FV3/expCodes/PACEData/GBBEPx/Prep_GBBEPx_2024030100_2024043000/FixGBBEPx/GBBEPx_all01GRID.emissions_v004_20240303.nc
++ wc -l
++ ls /scratch1/BMC/gsd-fv3-dev/MAPP_2018/bhuang/JEDI-2020/JEDI-FV3/expCodes/PACEData/GBBEPx/Prep_GBBEPx_2024030100_2024043000/2024030300/GBBEPx-all01GRID_v4r0_blend_s202403030000000_e202403032359590_c202403040321090.nc
+ NNC=1
+ '[' 1 -eq 1 ']'
++ ls /scratch1/BMC/gsd-fv3-dev/MAPP_2018/bhuang/JEDI-2020/JEDI-FV3/expCodes/PACEData/GBBEPx/Prep_GBBEPx_2024030100_2024043000/2024030300/GBBEPx-all01GRID_v4r0_blend_s202403030000000_e202403032359590_c202403040321090.nc
+ for FILE in $(ls ${SRCFILE})
+ /bin/cp /scratch1/BMC/gsd-fv3-dev/MAPP_2018/bhuang/JEDI-2020/JEDI-FV3/expCodes/PACEData/GBBEPx/Prep_GBBEPx_2024030100_2024043000/2024030300/GBBEPx-all01GRID_v4r0_blend_s202403030000000_e202403032359590_c202403040321090.nc input.nc
+ ERR=0
+ ECNT=0
+ /home/Bo.Huang/JEDI-2020/UFS-Aerosols_RETcyc/UFS-Aerosols-EP4_JEDI-AeroDA-Reanl/misc/PrepPACE/GBBEPx/fix_GBBEPx_Li.sh input.nc 20240303
+ '[' -z '' ']'
+ case "$-" in
+ __lmod_vx=x
+ '[' -n x ']'
+ set +x
Shell debugging temporarily silenced: export LMOD_SH_DBG_ON=1 for this output (/apps/lmod/lmod/init/bash)
Shell debugging restarted
+ unset __lmod_vx
+ input_file=input.nc
+ yyyymmdd=20240303
+ nccopy -k classic input.nc input.nc.tmp
+ ncks --mk_rec_dmn Time input.nc.tmp -O -o input.nc.tmp
+ ncatted -O -a units,Longitude,m,c,degrees_east input.nc.tmp
+ ncrename -v Time,time -d Time,time input.nc.tmp -O -o input.nc.tmp
+ ncrename -v Latitude,lat -d Latitude,lat input.nc.tmp -O -o input.nc.tmp
+ ncrename -v Longitude,lon -d Longitude,lon input.nc.tmp -O -o input.nc.tmp
+ ncap2 -O -s 'time[time]=0' input.nc.tmp -o input.nc.tmp
+ ncks -C -O -x -v Max_emission,Max_emission_col,Max_emission_row input.nc.tmp input.nc.tmp
+ ncks -C -O -x -v QCAll,CloudPerc,FirePerc,NumSensor input.nc.tmp input.nc.tmp
+ ncks -C -O -x -v TotalEmis_region_Africa input.nc.tmp input.nc.tmp
+ ncks -C -O -x -v TotalEmis_region_Asia input.nc.tmp input.nc.tmp
+ ncks -C -O -x -v TotalEmis_region_Australia input.nc.tmp input.nc.tmp
+ ncks -C -O -x -v TotalEmis_region_Europe input.nc.tmp input.nc.tmp
+ ncks -C -O -x -v TotalEmis_region_NorthAmerica input.nc.tmp input.nc.tmp
+ ncks -C -O -x -v TotalEmis_region_SouthAmerica input.nc.tmp input.nc.tmp
+ ncks -C -O -x -v quality_information input.nc.tmp input.nc.tmp
+ ncks -O -d lat,-89.5,89.5 input.nc.tmp input.nc.tmp2
++ date -d 20240303 +%Y-%m-%d
+ d=2024-03-03
+ dd='hours since 2024-03-03 12:00:00'
+ ncatted -O -a 'units,time,c,c,hours since 2024-03-03 12:00:00' input.nc.tmp2
+ ncatted -O -a long_name,time,c,c,Time input.nc.tmp2
+ ncatted -O -a calendar,time,c,c,gregorian input.nc.tmp2
+ ncatted -O -a axis,time,c,c,T input.nc.tmp2
+ ncatted -O -a long_name,lat,m,c,latitude input.nc.tmp2
+ ncatted -O -a long_name,lon,m,c,longitude input.nc.tmp2
+ ncatted -O -a axis,lon,d,, input.nc.tmp2
+ ncatted -O -a bounds,lon,d,, input.nc.tmp2
+ ncatted -O -a valid_range,lon,d,, input.nc.tmp2
+ ncatted -O -a scale_factor,lon,d,, input.nc.tmp2
+ ncatted -O -a add_offset,lon,d,, input.nc.tmp2
+ ncatted -O -a _FillValue,lon,d,, input.nc.tmp2
+ ncatted -O -a axis,lat,d,, input.nc.tmp2
+ ncatted -O -a bounds,lat,d,, input.nc.tmp2
+ ncatted -O -a valid_range,lat,d,, input.nc.tmp2
+ ncatted -O -a scale_factor,lat,d,, input.nc.tmp2
+ ncatted -O -a add_offset,lat,d,, input.nc.tmp2
+ ncatted -O -a _FillValue,lat,d,, input.nc.tmp2
+ ncatted -O -a coordinates,SO2,d,, input.nc.tmp2
+ ncatted -O -a coordinates,PM2.5,d,, input.nc.tmp2
+ ncatted -O -a coordinates,OC,d,, input.nc.tmp2
+ ncatted -O -a coordinates,BC,d,, input.nc.tmp2
+ ncatted -O -a coordinates,CO,d,, input.nc.tmp2
+ ncatted -O -a coordinates,NOx,d,, input.nc.tmp2
+ ncatted -O -a coordinates,NH3,d,, input.nc.tmp2
+ ncatted -O -a valid_range,SO2,d,, input.nc.tmp2
+ ncatted -O -a valid_range,PM2.5,d,, input.nc.tmp2
+ ncatted -O -a valid_range,OC,d,, input.nc.tmp2
+ ncatted -O -a valid_range,BC,d,, input.nc.tmp2
+ ncatted -O -a valid_range,CO,d,, input.nc.tmp2
+ ncatted -O -a valid_range,NOx,d,, input.nc.tmp2
+ ncatted -O -a valid_range,NH3,d,, input.nc.tmp2
+ ncatted -O -a add_offset,SO2,d,, input.nc.tmp2
+ ncatted -O -a add_offset,PM2.5,d,, input.nc.tmp2
+ ncatted -O -a add_offset,OC,d,, input.nc.tmp2
+ ncatted -O -a add_offset,BC,d,, input.nc.tmp2
+ ncatted -O -a add_offset,CO,d,, input.nc.tmp2
+ ncatted -O -a add_offset,NOx,d,, input.nc.tmp2
+ ncatted -O -a add_offset,NH3,d,, input.nc.tmp2
+ ncatted -O -a add_offset,MeanFRP,d,, input.nc.tmp2
+ ncatted -O -a valid_range,MeanFRP,d,, input.nc.tmp2
+ ncatted -O -a coordinates,MeanFRP,d,, input.nc.tmp2
+ nccopy -k 'netCDF-4 classic model' input.nc.tmp2 input.nc.tmp3
+ nccopy -d1 input.nc.tmp3 input.nc.tmp4
+ ERR=0
+ ECNT=0
+ '[' 0 -eq 0 ']'
+ /bin/mv input.nc.tmp4 /scratch1/BMC/gsd-fv3-dev/MAPP_2018/bhuang/JEDI-2020/JEDI-FV3/expCodes/PACEData/GBBEPx/Prep_GBBEPx_2024030100_2024043000/FixGBBEPx/GBBEPx_all01GRID.emissions_v004_20240303.nc
+ ERR=0
+ ECNT=0
+ '[' 0 -eq 0 ']'
+ echo 'Fix GBBEPx successflully at 20240303'
Fix GBBEPx successflully at 20240303
++ /scratch2/NCEPDEV/nwprod/NCEPLIBS/utils/prod_util.v1.1.0/exec/ndate 24 2024030300
+ IDATE=2024030400
+ '[' 2024030400 -le 2024043000 ']'
+ ECNT=0
+ /bin/rm -rf input.nc.tmp input.nc.tmp2 input.nc.tmp3 input.nc
+ IY=2024
+ IM=03
+ ID=04
+ IYMD=20240304
+ SRCFILE='/scratch1/BMC/gsd-fv3-dev/MAPP_2018/bhuang/JEDI-2020/JEDI-FV3/expCodes/PACEData/GBBEPx/Prep_GBBEPx_2024030100_2024043000/2024030400/*.nc'
+ OUTFILE=/scratch1/BMC/gsd-fv3-dev/MAPP_2018/bhuang/JEDI-2020/JEDI-FV3/expCodes/PACEData/GBBEPx/Prep_GBBEPx_2024030100_2024043000/FixGBBEPx/GBBEPx_all01GRID.emissions_v004_20240304.nc
++ wc -l
++ ls /scratch1/BMC/gsd-fv3-dev/MAPP_2018/bhuang/JEDI-2020/JEDI-FV3/expCodes/PACEData/GBBEPx/Prep_GBBEPx_2024030100_2024043000/2024030400/GBBEPx-all01GRID_v4r0_blend_s202403040000000_e202403042359590_c202403050127480.nc
+ NNC=1
+ '[' 1 -eq 1 ']'
++ ls /scratch1/BMC/gsd-fv3-dev/MAPP_2018/bhuang/JEDI-2020/JEDI-FV3/expCodes/PACEData/GBBEPx/Prep_GBBEPx_2024030100_2024043000/2024030400/GBBEPx-all01GRID_v4r0_blend_s202403040000000_e202403042359590_c202403050127480.nc
+ for FILE in $(ls ${SRCFILE})
+ /bin/cp /scratch1/BMC/gsd-fv3-dev/MAPP_2018/bhuang/JEDI-2020/JEDI-FV3/expCodes/PACEData/GBBEPx/Prep_GBBEPx_2024030100_2024043000/2024030400/GBBEPx-all01GRID_v4r0_blend_s202403040000000_e202403042359590_c202403050127480.nc input.nc
+ ERR=0
+ ECNT=0
+ /home/Bo.Huang/JEDI-2020/UFS-Aerosols_RETcyc/UFS-Aerosols-EP4_JEDI-AeroDA-Reanl/misc/PrepPACE/GBBEPx/fix_GBBEPx_Li.sh input.nc 20240304
+ '[' -z '' ']'
+ case "$-" in
+ __lmod_vx=x
+ '[' -n x ']'
+ set +x
Shell debugging temporarily silenced: export LMOD_SH_DBG_ON=1 for this output (/apps/lmod/lmod/init/bash)
Shell debugging restarted
+ unset __lmod_vx
+ input_file=input.nc
+ yyyymmdd=20240304
+ nccopy -k classic input.nc input.nc.tmp
+ ncks --mk_rec_dmn Time input.nc.tmp -O -o input.nc.tmp
+ ncatted -O -a units,Longitude,m,c,degrees_east input.nc.tmp
+ ncrename -v Time,time -d Time,time input.nc.tmp -O -o input.nc.tmp
+ ncrename -v Latitude,lat -d Latitude,lat input.nc.tmp -O -o input.nc.tmp
+ ncrename -v Longitude,lon -d Longitude,lon input.nc.tmp -O -o input.nc.tmp
+ ncap2 -O -s 'time[time]=0' input.nc.tmp -o input.nc.tmp
+ ncks -C -O -x -v Max_emission,Max_emission_col,Max_emission_row input.nc.tmp input.nc.tmp
+ ncks -C -O -x -v QCAll,CloudPerc,FirePerc,NumSensor input.nc.tmp input.nc.tmp
+ ncks -C -O -x -v TotalEmis_region_Africa input.nc.tmp input.nc.tmp
+ ncks -C -O -x -v TotalEmis_region_Asia input.nc.tmp input.nc.tmp
+ ncks -C -O -x -v TotalEmis_region_Australia input.nc.tmp input.nc.tmp
+ ncks -C -O -x -v TotalEmis_region_Europe input.nc.tmp input.nc.tmp
+ ncks -C -O -x -v TotalEmis_region_NorthAmerica input.nc.tmp input.nc.tmp
+ ncks -C -O -x -v TotalEmis_region_SouthAmerica input.nc.tmp input.nc.tmp
+ ncks -C -O -x -v quality_information input.nc.tmp input.nc.tmp
+ ncks -O -d lat,-89.5,89.5 input.nc.tmp input.nc.tmp2
++ date -d 20240304 +%Y-%m-%d
+ d=2024-03-04
+ dd='hours since 2024-03-04 12:00:00'
+ ncatted -O -a 'units,time,c,c,hours since 2024-03-04 12:00:00' input.nc.tmp2
+ ncatted -O -a long_name,time,c,c,Time input.nc.tmp2
+ ncatted -O -a calendar,time,c,c,gregorian input.nc.tmp2
+ ncatted -O -a axis,time,c,c,T input.nc.tmp2
+ ncatted -O -a long_name,lat,m,c,latitude input.nc.tmp2
+ ncatted -O -a long_name,lon,m,c,longitude input.nc.tmp2
+ ncatted -O -a axis,lon,d,, input.nc.tmp2
+ ncatted -O -a bounds,lon,d,, input.nc.tmp2
+ ncatted -O -a valid_range,lon,d,, input.nc.tmp2
+ ncatted -O -a scale_factor,lon,d,, input.nc.tmp2
+ ncatted -O -a add_offset,lon,d,, input.nc.tmp2
+ ncatted -O -a _FillValue,lon,d,, input.nc.tmp2
+ ncatted -O -a axis,lat,d,, input.nc.tmp2
+ ncatted -O -a bounds,lat,d,, input.nc.tmp2
+ ncatted -O -a valid_range,lat,d,, input.nc.tmp2
+ ncatted -O -a scale_factor,lat,d,, input.nc.tmp2
+ ncatted -O -a add_offset,lat,d,, input.nc.tmp2
+ ncatted -O -a _FillValue,lat,d,, input.nc.tmp2
+ ncatted -O -a coordinates,SO2,d,, input.nc.tmp2
+ ncatted -O -a coordinates,PM2.5,d,, input.nc.tmp2
+ ncatted -O -a coordinates,OC,d,, input.nc.tmp2
+ ncatted -O -a coordinates,BC,d,, input.nc.tmp2
+ ncatted -O -a coordinates,CO,d,, input.nc.tmp2
+ ncatted -O -a coordinates,NOx,d,, input.nc.tmp2
+ ncatted -O -a coordinates,NH3,d,, input.nc.tmp2
+ ncatted -O -a valid_range,SO2,d,, input.nc.tmp2
+ ncatted -O -a valid_range,PM2.5,d,, input.nc.tmp2
+ ncatted -O -a valid_range,OC,d,, input.nc.tmp2
+ ncatted -O -a valid_range,BC,d,, input.nc.tmp2
+ ncatted -O -a valid_range,CO,d,, input.nc.tmp2
+ ncatted -O -a valid_range,NOx,d,, input.nc.tmp2
+ ncatted -O -a valid_range,NH3,d,, input.nc.tmp2
+ ncatted -O -a add_offset,SO2,d,, input.nc.tmp2
+ ncatted -O -a add_offset,PM2.5,d,, input.nc.tmp2
+ ncatted -O -a add_offset,OC,d,, input.nc.tmp2
+ ncatted -O -a add_offset,BC,d,, input.nc.tmp2
+ ncatted -O -a add_offset,CO,d,, input.nc.tmp2
+ ncatted -O -a add_offset,NOx,d,, input.nc.tmp2
+ ncatted -O -a add_offset,NH3,d,, input.nc.tmp2
+ ncatted -O -a add_offset,MeanFRP,d,, input.nc.tmp2
+ ncatted -O -a valid_range,MeanFRP,d,, input.nc.tmp2
+ ncatted -O -a coordinates,MeanFRP,d,, input.nc.tmp2
+ nccopy -k 'netCDF-4 classic model' input.nc.tmp2 input.nc.tmp3
+ nccopy -d1 input.nc.tmp3 input.nc.tmp4
+ ERR=0
+ ECNT=0
+ '[' 0 -eq 0 ']'
+ /bin/mv input.nc.tmp4 /scratch1/BMC/gsd-fv3-dev/MAPP_2018/bhuang/JEDI-2020/JEDI-FV3/expCodes/PACEData/GBBEPx/Prep_GBBEPx_2024030100_2024043000/FixGBBEPx/GBBEPx_all01GRID.emissions_v004_20240304.nc
+ ERR=0
+ ECNT=0
+ '[' 0 -eq 0 ']'
+ echo 'Fix GBBEPx successflully at 20240304'
Fix GBBEPx successflully at 20240304
++ /scratch2/NCEPDEV/nwprod/NCEPLIBS/utils/prod_util.v1.1.0/exec/ndate 24 2024030400
+ IDATE=2024030500
+ '[' 2024030500 -le 2024043000 ']'
+ ECNT=0
+ /bin/rm -rf input.nc.tmp input.nc.tmp2 input.nc.tmp3 input.nc
+ IY=2024
+ IM=03
+ ID=05
+ IYMD=20240305
+ SRCFILE='/scratch1/BMC/gsd-fv3-dev/MAPP_2018/bhuang/JEDI-2020/JEDI-FV3/expCodes/PACEData/GBBEPx/Prep_GBBEPx_2024030100_2024043000/2024030500/*.nc'
+ OUTFILE=/scratch1/BMC/gsd-fv3-dev/MAPP_2018/bhuang/JEDI-2020/JEDI-FV3/expCodes/PACEData/GBBEPx/Prep_GBBEPx_2024030100_2024043000/FixGBBEPx/GBBEPx_all01GRID.emissions_v004_20240305.nc
++ wc -l
++ ls /scratch1/BMC/gsd-fv3-dev/MAPP_2018/bhuang/JEDI-2020/JEDI-FV3/expCodes/PACEData/GBBEPx/Prep_GBBEPx_2024030100_2024043000/2024030500/GBBEPx-all01GRID_v4r0_blend_s202403050000000_e202403052359590_c202403060126140.nc
+ NNC=1
+ '[' 1 -eq 1 ']'
++ ls /scratch1/BMC/gsd-fv3-dev/MAPP_2018/bhuang/JEDI-2020/JEDI-FV3/expCodes/PACEData/GBBEPx/Prep_GBBEPx_2024030100_2024043000/2024030500/GBBEPx-all01GRID_v4r0_blend_s202403050000000_e202403052359590_c202403060126140.nc
+ for FILE in $(ls ${SRCFILE})
+ /bin/cp /scratch1/BMC/gsd-fv3-dev/MAPP_2018/bhuang/JEDI-2020/JEDI-FV3/expCodes/PACEData/GBBEPx/Prep_GBBEPx_2024030100_2024043000/2024030500/GBBEPx-all01GRID_v4r0_blend_s202403050000000_e202403052359590_c202403060126140.nc input.nc
+ ERR=0
+ ECNT=0
+ /home/Bo.Huang/JEDI-2020/UFS-Aerosols_RETcyc/UFS-Aerosols-EP4_JEDI-AeroDA-Reanl/misc/PrepPACE/GBBEPx/fix_GBBEPx_Li.sh input.nc 20240305
+ '[' -z '' ']'
+ case "$-" in
+ __lmod_vx=x
+ '[' -n x ']'
+ set +x
Shell debugging temporarily silenced: export LMOD_SH_DBG_ON=1 for this output (/apps/lmod/lmod/init/bash)
Shell debugging restarted
+ unset __lmod_vx
+ input_file=input.nc
+ yyyymmdd=20240305
+ nccopy -k classic input.nc input.nc.tmp
+ ncks --mk_rec_dmn Time input.nc.tmp -O -o input.nc.tmp
+ ncatted -O -a units,Longitude,m,c,degrees_east input.nc.tmp
+ ncrename -v Time,time -d Time,time input.nc.tmp -O -o input.nc.tmp
+ ncrename -v Latitude,lat -d Latitude,lat input.nc.tmp -O -o input.nc.tmp
+ ncrename -v Longitude,lon -d Longitude,lon input.nc.tmp -O -o input.nc.tmp
+ ncap2 -O -s 'time[time]=0' input.nc.tmp -o input.nc.tmp
+ ncks -C -O -x -v Max_emission,Max_emission_col,Max_emission_row input.nc.tmp input.nc.tmp
+ ncks -C -O -x -v QCAll,CloudPerc,FirePerc,NumSensor input.nc.tmp input.nc.tmp
+ ncks -C -O -x -v TotalEmis_region_Africa input.nc.tmp input.nc.tmp
+ ncks -C -O -x -v TotalEmis_region_Asia input.nc.tmp input.nc.tmp
+ ncks -C -O -x -v TotalEmis_region_Australia input.nc.tmp input.nc.tmp
+ ncks -C -O -x -v TotalEmis_region_Europe input.nc.tmp input.nc.tmp
+ ncks -C -O -x -v TotalEmis_region_NorthAmerica input.nc.tmp input.nc.tmp
+ ncks -C -O -x -v TotalEmis_region_SouthAmerica input.nc.tmp input.nc.tmp
+ ncks -C -O -x -v quality_information input.nc.tmp input.nc.tmp
+ ncks -O -d lat,-89.5,89.5 input.nc.tmp input.nc.tmp2
++ date -d 20240305 +%Y-%m-%d
+ d=2024-03-05
+ dd='hours since 2024-03-05 12:00:00'
+ ncatted -O -a 'units,time,c,c,hours since 2024-03-05 12:00:00' input.nc.tmp2
+ ncatted -O -a long_name,time,c,c,Time input.nc.tmp2
+ ncatted -O -a calendar,time,c,c,gregorian input.nc.tmp2
+ ncatted -O -a axis,time,c,c,T input.nc.tmp2
+ ncatted -O -a long_name,lat,m,c,latitude input.nc.tmp2
+ ncatted -O -a long_name,lon,m,c,longitude input.nc.tmp2
+ ncatted -O -a axis,lon,d,, input.nc.tmp2
+ ncatted -O -a bounds,lon,d,, input.nc.tmp2
+ ncatted -O -a valid_range,lon,d,, input.nc.tmp2
+ ncatted -O -a scale_factor,lon,d,, input.nc.tmp2
+ ncatted -O -a add_offset,lon,d,, input.nc.tmp2
+ ncatted -O -a _FillValue,lon,d,, input.nc.tmp2
+ ncatted -O -a axis,lat,d,, input.nc.tmp2
+ ncatted -O -a bounds,lat,d,, input.nc.tmp2
+ ncatted -O -a valid_range,lat,d,, input.nc.tmp2
+ ncatted -O -a scale_factor,lat,d,, input.nc.tmp2
+ ncatted -O -a add_offset,lat,d,, input.nc.tmp2
+ ncatted -O -a _FillValue,lat,d,, input.nc.tmp2
+ ncatted -O -a coordinates,SO2,d,, input.nc.tmp2
+ ncatted -O -a coordinates,PM2.5,d,, input.nc.tmp2
+ ncatted -O -a coordinates,OC,d,, input.nc.tmp2
+ ncatted -O -a coordinates,BC,d,, input.nc.tmp2
+ ncatted -O -a coordinates,CO,d,, input.nc.tmp2
+ ncatted -O -a coordinates,NOx,d,, input.nc.tmp2
+ ncatted -O -a coordinates,NH3,d,, input.nc.tmp2
+ ncatted -O -a valid_range,SO2,d,, input.nc.tmp2
+ ncatted -O -a valid_range,PM2.5,d,, input.nc.tmp2
+ ncatted -O -a valid_range,OC,d,, input.nc.tmp2
+ ncatted -O -a valid_range,BC,d,, input.nc.tmp2
+ ncatted -O -a valid_range,CO,d,, input.nc.tmp2
+ ncatted -O -a valid_range,NOx,d,, input.nc.tmp2
+ ncatted -O -a valid_range,NH3,d,, input.nc.tmp2
+ ncatted -O -a add_offset,SO2,d,, input.nc.tmp2
+ ncatted -O -a add_offset,PM2.5,d,, input.nc.tmp2
+ ncatted -O -a add_offset,OC,d,, input.nc.tmp2
+ ncatted -O -a add_offset,BC,d,, input.nc.tmp2
+ ncatted -O -a add_offset,CO,d,, input.nc.tmp2
+ ncatted -O -a add_offset,NOx,d,, input.nc.tmp2
+ ncatted -O -a add_offset,NH3,d,, input.nc.tmp2
+ ncatted -O -a add_offset,MeanFRP,d,, input.nc.tmp2
+ ncatted -O -a valid_range,MeanFRP,d,, input.nc.tmp2
+ ncatted -O -a coordinates,MeanFRP,d,, input.nc.tmp2
+ nccopy -k 'netCDF-4 classic model' input.nc.tmp2 input.nc.tmp3
+ nccopy -d1 input.nc.tmp3 input.nc.tmp4
+ ERR=0
+ ECNT=0
+ '[' 0 -eq 0 ']'
+ /bin/mv input.nc.tmp4 /scratch1/BMC/gsd-fv3-dev/MAPP_2018/bhuang/JEDI-2020/JEDI-FV3/expCodes/PACEData/GBBEPx/Prep_GBBEPx_2024030100_2024043000/FixGBBEPx/GBBEPx_all01GRID.emissions_v004_20240305.nc
+ ERR=0
+ ECNT=0
+ '[' 0 -eq 0 ']'
+ echo 'Fix GBBEPx successflully at 20240305'
Fix GBBEPx successflully at 20240305
++ /scratch2/NCEPDEV/nwprod/NCEPLIBS/utils/prod_util.v1.1.0/exec/ndate 24 2024030500
+ IDATE=2024030600
+ '[' 2024030600 -le 2024043000 ']'
+ ECNT=0
+ /bin/rm -rf input.nc.tmp input.nc.tmp2 input.nc.tmp3 input.nc
+ IY=2024
+ IM=03
+ ID=06
+ IYMD=20240306
+ SRCFILE='/scratch1/BMC/gsd-fv3-dev/MAPP_2018/bhuang/JEDI-2020/JEDI-FV3/expCodes/PACEData/GBBEPx/Prep_GBBEPx_2024030100_2024043000/2024030600/*.nc'
+ OUTFILE=/scratch1/BMC/gsd-fv3-dev/MAPP_2018/bhuang/JEDI-2020/JEDI-FV3/expCodes/PACEData/GBBEPx/Prep_GBBEPx_2024030100_2024043000/FixGBBEPx/GBBEPx_all01GRID.emissions_v004_20240306.nc
++ wc -l
++ ls /scratch1/BMC/gsd-fv3-dev/MAPP_2018/bhuang/JEDI-2020/JEDI-FV3/expCodes/PACEData/GBBEPx/Prep_GBBEPx_2024030100_2024043000/2024030600/GBBEPx-all01GRID_v4r0_blend_s202403060000000_e202403062359590_c202403070322580.nc
+ NNC=1
+ '[' 1 -eq 1 ']'
++ ls /scratch1/BMC/gsd-fv3-dev/MAPP_2018/bhuang/JEDI-2020/JEDI-FV3/expCodes/PACEData/GBBEPx/Prep_GBBEPx_2024030100_2024043000/2024030600/GBBEPx-all01GRID_v4r0_blend_s202403060000000_e202403062359590_c202403070322580.nc
+ for FILE in $(ls ${SRCFILE})
+ /bin/cp /scratch1/BMC/gsd-fv3-dev/MAPP_2018/bhuang/JEDI-2020/JEDI-FV3/expCodes/PACEData/GBBEPx/Prep_GBBEPx_2024030100_2024043000/2024030600/GBBEPx-all01GRID_v4r0_blend_s202403060000000_e202403062359590_c202403070322580.nc input.nc
+ ERR=0
+ ECNT=0
+ /home/Bo.Huang/JEDI-2020/UFS-Aerosols_RETcyc/UFS-Aerosols-EP4_JEDI-AeroDA-Reanl/misc/PrepPACE/GBBEPx/fix_GBBEPx_Li.sh input.nc 20240306
+ '[' -z '' ']'
+ case "$-" in
+ __lmod_vx=x
+ '[' -n x ']'
+ set +x
Shell debugging temporarily silenced: export LMOD_SH_DBG_ON=1 for this output (/apps/lmod/lmod/init/bash)
Shell debugging restarted
+ unset __lmod_vx
+ input_file=input.nc
+ yyyymmdd=20240306
+ nccopy -k classic input.nc input.nc.tmp
+ ncks --mk_rec_dmn Time input.nc.tmp -O -o input.nc.tmp
+ ncatted -O -a units,Longitude,m,c,degrees_east input.nc.tmp
+ ncrename -v Time,time -d Time,time input.nc.tmp -O -o input.nc.tmp
+ ncrename -v Latitude,lat -d Latitude,lat input.nc.tmp -O -o input.nc.tmp
+ ncrename -v Longitude,lon -d Longitude,lon input.nc.tmp -O -o input.nc.tmp
+ ncap2 -O -s 'time[time]=0' input.nc.tmp -o input.nc.tmp
+ ncks -C -O -x -v Max_emission,Max_emission_col,Max_emission_row input.nc.tmp input.nc.tmp
+ ncks -C -O -x -v QCAll,CloudPerc,FirePerc,NumSensor input.nc.tmp input.nc.tmp
+ ncks -C -O -x -v TotalEmis_region_Africa input.nc.tmp input.nc.tmp
+ ncks -C -O -x -v TotalEmis_region_Asia input.nc.tmp input.nc.tmp
+ ncks -C -O -x -v TotalEmis_region_Australia input.nc.tmp input.nc.tmp
+ ncks -C -O -x -v TotalEmis_region_Europe input.nc.tmp input.nc.tmp
+ ncks -C -O -x -v TotalEmis_region_NorthAmerica input.nc.tmp input.nc.tmp
+ ncks -C -O -x -v TotalEmis_region_SouthAmerica input.nc.tmp input.nc.tmp
+ ncks -C -O -x -v quality_information input.nc.tmp input.nc.tmp
+ ncks -O -d lat,-89.5,89.5 input.nc.tmp input.nc.tmp2
++ date -d 20240306 +%Y-%m-%d
+ d=2024-03-06
+ dd='hours since 2024-03-06 12:00:00'
+ ncatted -O -a 'units,time,c,c,hours since 2024-03-06 12:00:00' input.nc.tmp2
+ ncatted -O -a long_name,time,c,c,Time input.nc.tmp2
+ ncatted -O -a calendar,time,c,c,gregorian input.nc.tmp2
+ ncatted -O -a axis,time,c,c,T input.nc.tmp2
+ ncatted -O -a long_name,lat,m,c,latitude input.nc.tmp2
+ ncatted -O -a long_name,lon,m,c,longitude input.nc.tmp2
+ ncatted -O -a axis,lon,d,, input.nc.tmp2
+ ncatted -O -a bounds,lon,d,, input.nc.tmp2
+ ncatted -O -a valid_range,lon,d,, input.nc.tmp2
+ ncatted -O -a scale_factor,lon,d,, input.nc.tmp2
+ ncatted -O -a add_offset,lon,d,, input.nc.tmp2
+ ncatted -O -a _FillValue,lon,d,, input.nc.tmp2
+ ncatted -O -a axis,lat,d,, input.nc.tmp2
+ ncatted -O -a bounds,lat,d,, input.nc.tmp2
+ ncatted -O -a valid_range,lat,d,, input.nc.tmp2
+ ncatted -O -a scale_factor,lat,d,, input.nc.tmp2
+ ncatted -O -a add_offset,lat,d,, input.nc.tmp2
+ ncatted -O -a _FillValue,lat,d,, input.nc.tmp2
+ ncatted -O -a coordinates,SO2,d,, input.nc.tmp2
+ ncatted -O -a coordinates,PM2.5,d,, input.nc.tmp2
+ ncatted -O -a coordinates,OC,d,, input.nc.tmp2
+ ncatted -O -a coordinates,BC,d,, input.nc.tmp2
+ ncatted -O -a coordinates,CO,d,, input.nc.tmp2
+ ncatted -O -a coordinates,NOx,d,, input.nc.tmp2
+ ncatted -O -a coordinates,NH3,d,, input.nc.tmp2
+ ncatted -O -a valid_range,SO2,d,, input.nc.tmp2
+ ncatted -O -a valid_range,PM2.5,d,, input.nc.tmp2
+ ncatted -O -a valid_range,OC,d,, input.nc.tmp2
+ ncatted -O -a valid_range,BC,d,, input.nc.tmp2
+ ncatted -O -a valid_range,CO,d,, input.nc.tmp2
+ ncatted -O -a valid_range,NOx,d,, input.nc.tmp2
+ ncatted -O -a valid_range,NH3,d,, input.nc.tmp2
+ ncatted -O -a add_offset,SO2,d,, input.nc.tmp2
+ ncatted -O -a add_offset,PM2.5,d,, input.nc.tmp2
+ ncatted -O -a add_offset,OC,d,, input.nc.tmp2
+ ncatted -O -a add_offset,BC,d,, input.nc.tmp2
+ ncatted -O -a add_offset,CO,d,, input.nc.tmp2
+ ncatted -O -a add_offset,NOx,d,, input.nc.tmp2
+ ncatted -O -a add_offset,NH3,d,, input.nc.tmp2
+ ncatted -O -a add_offset,MeanFRP,d,, input.nc.tmp2
+ ncatted -O -a valid_range,MeanFRP,d,, input.nc.tmp2
+ ncatted -O -a coordinates,MeanFRP,d,, input.nc.tmp2
+ nccopy -k 'netCDF-4 classic model' input.nc.tmp2 input.nc.tmp3
+ nccopy -d1 input.nc.tmp3 input.nc.tmp4
+ ERR=0
+ ECNT=0
+ '[' 0 -eq 0 ']'
+ /bin/mv input.nc.tmp4 /scratch1/BMC/gsd-fv3-dev/MAPP_2018/bhuang/JEDI-2020/JEDI-FV3/expCodes/PACEData/GBBEPx/Prep_GBBEPx_2024030100_2024043000/FixGBBEPx/GBBEPx_all01GRID.emissions_v004_20240306.nc
+ ERR=0
+ ECNT=0
+ '[' 0 -eq 0 ']'
+ echo 'Fix GBBEPx successflully at 20240306'
Fix GBBEPx successflully at 20240306
++ /scratch2/NCEPDEV/nwprod/NCEPLIBS/utils/prod_util.v1.1.0/exec/ndate 24 2024030600
+ IDATE=2024030700
+ '[' 2024030700 -le 2024043000 ']'
+ ECNT=0
+ /bin/rm -rf input.nc.tmp input.nc.tmp2 input.nc.tmp3 input.nc
+ IY=2024
+ IM=03
+ ID=07
+ IYMD=20240307
+ SRCFILE='/scratch1/BMC/gsd-fv3-dev/MAPP_2018/bhuang/JEDI-2020/JEDI-FV3/expCodes/PACEData/GBBEPx/Prep_GBBEPx_2024030100_2024043000/2024030700/*.nc'
+ OUTFILE=/scratch1/BMC/gsd-fv3-dev/MAPP_2018/bhuang/JEDI-2020/JEDI-FV3/expCodes/PACEData/GBBEPx/Prep_GBBEPx_2024030100_2024043000/FixGBBEPx/GBBEPx_all01GRID.emissions_v004_20240307.nc
++ wc -l
++ ls /scratch1/BMC/gsd-fv3-dev/MAPP_2018/bhuang/JEDI-2020/JEDI-FV3/expCodes/PACEData/GBBEPx/Prep_GBBEPx_2024030100_2024043000/2024030700/GBBEPx-all01GRID_v4r0_blend_s202403070000000_e202403072359590_c202403080323150.nc
+ NNC=1
+ '[' 1 -eq 1 ']'
++ ls /scratch1/BMC/gsd-fv3-dev/MAPP_2018/bhuang/JEDI-2020/JEDI-FV3/expCodes/PACEData/GBBEPx/Prep_GBBEPx_2024030100_2024043000/2024030700/GBBEPx-all01GRID_v4r0_blend_s202403070000000_e202403072359590_c202403080323150.nc
+ for FILE in $(ls ${SRCFILE})
+ /bin/cp /scratch1/BMC/gsd-fv3-dev/MAPP_2018/bhuang/JEDI-2020/JEDI-FV3/expCodes/PACEData/GBBEPx/Prep_GBBEPx_2024030100_2024043000/2024030700/GBBEPx-all01GRID_v4r0_blend_s202403070000000_e202403072359590_c202403080323150.nc input.nc
+ ERR=0
+ ECNT=0
+ /home/Bo.Huang/JEDI-2020/UFS-Aerosols_RETcyc/UFS-Aerosols-EP4_JEDI-AeroDA-Reanl/misc/PrepPACE/GBBEPx/fix_GBBEPx_Li.sh input.nc 20240307
+ '[' -z '' ']'
+ case "$-" in
+ __lmod_vx=x
+ '[' -n x ']'
+ set +x
Shell debugging temporarily silenced: export LMOD_SH_DBG_ON=1 for this output (/apps/lmod/lmod/init/bash)
Shell debugging restarted
+ unset __lmod_vx
+ input_file=input.nc
+ yyyymmdd=20240307
+ nccopy -k classic input.nc input.nc.tmp
+ ncks --mk_rec_dmn Time input.nc.tmp -O -o input.nc.tmp
+ ncatted -O -a units,Longitude,m,c,degrees_east input.nc.tmp
+ ncrename -v Time,time -d Time,time input.nc.tmp -O -o input.nc.tmp
+ ncrename -v Latitude,lat -d Latitude,lat input.nc.tmp -O -o input.nc.tmp
+ ncrename -v Longitude,lon -d Longitude,lon input.nc.tmp -O -o input.nc.tmp
+ ncap2 -O -s 'time[time]=0' input.nc.tmp -o input.nc.tmp
+ ncks -C -O -x -v Max_emission,Max_emission_col,Max_emission_row input.nc.tmp input.nc.tmp
+ ncks -C -O -x -v QCAll,CloudPerc,FirePerc,NumSensor input.nc.tmp input.nc.tmp
+ ncks -C -O -x -v TotalEmis_region_Africa input.nc.tmp input.nc.tmp
+ ncks -C -O -x -v TotalEmis_region_Asia input.nc.tmp input.nc.tmp
+ ncks -C -O -x -v TotalEmis_region_Australia input.nc.tmp input.nc.tmp
+ ncks -C -O -x -v TotalEmis_region_Europe input.nc.tmp input.nc.tmp
+ ncks -C -O -x -v TotalEmis_region_NorthAmerica input.nc.tmp input.nc.tmp
+ ncks -C -O -x -v TotalEmis_region_SouthAmerica input.nc.tmp input.nc.tmp
+ ncks -C -O -x -v quality_information input.nc.tmp input.nc.tmp
+ ncks -O -d lat,-89.5,89.5 input.nc.tmp input.nc.tmp2
++ date -d 20240307 +%Y-%m-%d
+ d=2024-03-07
+ dd='hours since 2024-03-07 12:00:00'
+ ncatted -O -a 'units,time,c,c,hours since 2024-03-07 12:00:00' input.nc.tmp2
+ ncatted -O -a long_name,time,c,c,Time input.nc.tmp2
+ ncatted -O -a calendar,time,c,c,gregorian input.nc.tmp2
+ ncatted -O -a axis,time,c,c,T input.nc.tmp2
+ ncatted -O -a long_name,lat,m,c,latitude input.nc.tmp2
+ ncatted -O -a long_name,lon,m,c,longitude input.nc.tmp2
+ ncatted -O -a axis,lon,d,, input.nc.tmp2
+ ncatted -O -a bounds,lon,d,, input.nc.tmp2
+ ncatted -O -a valid_range,lon,d,, input.nc.tmp2
+ ncatted -O -a scale_factor,lon,d,, input.nc.tmp2
+ ncatted -O -a add_offset,lon,d,, input.nc.tmp2
+ ncatted -O -a _FillValue,lon,d,, input.nc.tmp2
+ ncatted -O -a axis,lat,d,, input.nc.tmp2
+ ncatted -O -a bounds,lat,d,, input.nc.tmp2
+ ncatted -O -a valid_range,lat,d,, input.nc.tmp2
+ ncatted -O -a scale_factor,lat,d,, input.nc.tmp2
+ ncatted -O -a add_offset,lat,d,, input.nc.tmp2
+ ncatted -O -a _FillValue,lat,d,, input.nc.tmp2
+ ncatted -O -a coordinates,SO2,d,, input.nc.tmp2
+ ncatted -O -a coordinates,PM2.5,d,, input.nc.tmp2
+ ncatted -O -a coordinates,OC,d,, input.nc.tmp2
+ ncatted -O -a coordinates,BC,d,, input.nc.tmp2
+ ncatted -O -a coordinates,CO,d,, input.nc.tmp2
+ ncatted -O -a coordinates,NOx,d,, input.nc.tmp2
+ ncatted -O -a coordinates,NH3,d,, input.nc.tmp2
+ ncatted -O -a valid_range,SO2,d,, input.nc.tmp2
+ ncatted -O -a valid_range,PM2.5,d,, input.nc.tmp2
+ ncatted -O -a valid_range,OC,d,, input.nc.tmp2
+ ncatted -O -a valid_range,BC,d,, input.nc.tmp2
+ ncatted -O -a valid_range,CO,d,, input.nc.tmp2
+ ncatted -O -a valid_range,NOx,d,, input.nc.tmp2
+ ncatted -O -a valid_range,NH3,d,, input.nc.tmp2
+ ncatted -O -a add_offset,SO2,d,, input.nc.tmp2
+ ncatted -O -a add_offset,PM2.5,d,, input.nc.tmp2
+ ncatted -O -a add_offset,OC,d,, input.nc.tmp2
+ ncatted -O -a add_offset,BC,d,, input.nc.tmp2
+ ncatted -O -a add_offset,CO,d,, input.nc.tmp2
+ ncatted -O -a add_offset,NOx,d,, input.nc.tmp2
+ ncatted -O -a add_offset,NH3,d,, input.nc.tmp2
+ ncatted -O -a add_offset,MeanFRP,d,, input.nc.tmp2
+ ncatted -O -a valid_range,MeanFRP,d,, input.nc.tmp2
+ ncatted -O -a coordinates,MeanFRP,d,, input.nc.tmp2
+ nccopy -k 'netCDF-4 classic model' input.nc.tmp2 input.nc.tmp3
+ nccopy -d1 input.nc.tmp3 input.nc.tmp4
+ ERR=0
+ ECNT=0
+ '[' 0 -eq 0 ']'
+ /bin/mv input.nc.tmp4 /scratch1/BMC/gsd-fv3-dev/MAPP_2018/bhuang/JEDI-2020/JEDI-FV3/expCodes/PACEData/GBBEPx/Prep_GBBEPx_2024030100_2024043000/FixGBBEPx/GBBEPx_all01GRID.emissions_v004_20240307.nc
+ ERR=0
+ ECNT=0
+ '[' 0 -eq 0 ']'
+ echo 'Fix GBBEPx successflully at 20240307'
Fix GBBEPx successflully at 20240307
++ /scratch2/NCEPDEV/nwprod/NCEPLIBS/utils/prod_util.v1.1.0/exec/ndate 24 2024030700
+ IDATE=2024030800
+ '[' 2024030800 -le 2024043000 ']'
+ ECNT=0
+ /bin/rm -rf input.nc.tmp input.nc.tmp2 input.nc.tmp3 input.nc
+ IY=2024
+ IM=03
+ ID=08
+ IYMD=20240308
+ SRCFILE='/scratch1/BMC/gsd-fv3-dev/MAPP_2018/bhuang/JEDI-2020/JEDI-FV3/expCodes/PACEData/GBBEPx/Prep_GBBEPx_2024030100_2024043000/2024030800/*.nc'
+ OUTFILE=/scratch1/BMC/gsd-fv3-dev/MAPP_2018/bhuang/JEDI-2020/JEDI-FV3/expCodes/PACEData/GBBEPx/Prep_GBBEPx_2024030100_2024043000/FixGBBEPx/GBBEPx_all01GRID.emissions_v004_20240308.nc
++ wc -l
++ ls /scratch1/BMC/gsd-fv3-dev/MAPP_2018/bhuang/JEDI-2020/JEDI-FV3/expCodes/PACEData/GBBEPx/Prep_GBBEPx_2024030100_2024043000/2024030800/GBBEPx-all01GRID_v4r0_blend_s202403080000000_e202403082359590_c202403090153470.nc
+ NNC=1
+ '[' 1 -eq 1 ']'
++ ls /scratch1/BMC/gsd-fv3-dev/MAPP_2018/bhuang/JEDI-2020/JEDI-FV3/expCodes/PACEData/GBBEPx/Prep_GBBEPx_2024030100_2024043000/2024030800/GBBEPx-all01GRID_v4r0_blend_s202403080000000_e202403082359590_c202403090153470.nc
+ for FILE in $(ls ${SRCFILE})
+ /bin/cp /scratch1/BMC/gsd-fv3-dev/MAPP_2018/bhuang/JEDI-2020/JEDI-FV3/expCodes/PACEData/GBBEPx/Prep_GBBEPx_2024030100_2024043000/2024030800/GBBEPx-all01GRID_v4r0_blend_s202403080000000_e202403082359590_c202403090153470.nc input.nc
+ ERR=0
+ ECNT=0
+ /home/Bo.Huang/JEDI-2020/UFS-Aerosols_RETcyc/UFS-Aerosols-EP4_JEDI-AeroDA-Reanl/misc/PrepPACE/GBBEPx/fix_GBBEPx_Li.sh input.nc 20240308
+ '[' -z '' ']'
+ case "$-" in
+ __lmod_vx=x
+ '[' -n x ']'
+ set +x
Shell debugging temporarily silenced: export LMOD_SH_DBG_ON=1 for this output (/apps/lmod/lmod/init/bash)
Shell debugging restarted
+ unset __lmod_vx
+ input_file=input.nc
+ yyyymmdd=20240308
+ nccopy -k classic input.nc input.nc.tmp
+ ncks --mk_rec_dmn Time input.nc.tmp -O -o input.nc.tmp
+ ncatted -O -a units,Longitude,m,c,degrees_east input.nc.tmp
+ ncrename -v Time,time -d Time,time input.nc.tmp -O -o input.nc.tmp
+ ncrename -v Latitude,lat -d Latitude,lat input.nc.tmp -O -o input.nc.tmp
+ ncrename -v Longitude,lon -d Longitude,lon input.nc.tmp -O -o input.nc.tmp
+ ncap2 -O -s 'time[time]=0' input.nc.tmp -o input.nc.tmp
+ ncks -C -O -x -v Max_emission,Max_emission_col,Max_emission_row input.nc.tmp input.nc.tmp
+ ncks -C -O -x -v QCAll,CloudPerc,FirePerc,NumSensor input.nc.tmp input.nc.tmp
+ ncks -C -O -x -v TotalEmis_region_Africa input.nc.tmp input.nc.tmp
+ ncks -C -O -x -v TotalEmis_region_Asia input.nc.tmp input.nc.tmp
+ ncks -C -O -x -v TotalEmis_region_Australia input.nc.tmp input.nc.tmp
+ ncks -C -O -x -v TotalEmis_region_Europe input.nc.tmp input.nc.tmp
+ ncks -C -O -x -v TotalEmis_region_NorthAmerica input.nc.tmp input.nc.tmp
+ ncks -C -O -x -v TotalEmis_region_SouthAmerica input.nc.tmp input.nc.tmp
+ ncks -C -O -x -v quality_information input.nc.tmp input.nc.tmp
+ ncks -O -d lat,-89.5,89.5 input.nc.tmp input.nc.tmp2
++ date -d 20240308 +%Y-%m-%d
+ d=2024-03-08
+ dd='hours since 2024-03-08 12:00:00'
+ ncatted -O -a 'units,time,c,c,hours since 2024-03-08 12:00:00' input.nc.tmp2
+ ncatted -O -a long_name,time,c,c,Time input.nc.tmp2
+ ncatted -O -a calendar,time,c,c,gregorian input.nc.tmp2
+ ncatted -O -a axis,time,c,c,T input.nc.tmp2
+ ncatted -O -a long_name,lat,m,c,latitude input.nc.tmp2
+ ncatted -O -a long_name,lon,m,c,longitude input.nc.tmp2
+ ncatted -O -a axis,lon,d,, input.nc.tmp2
+ ncatted -O -a bounds,lon,d,, input.nc.tmp2
+ ncatted -O -a valid_range,lon,d,, input.nc.tmp2
+ ncatted -O -a scale_factor,lon,d,, input.nc.tmp2
+ ncatted -O -a add_offset,lon,d,, input.nc.tmp2
+ ncatted -O -a _FillValue,lon,d,, input.nc.tmp2
+ ncatted -O -a axis,lat,d,, input.nc.tmp2
+ ncatted -O -a bounds,lat,d,, input.nc.tmp2
+ ncatted -O -a valid_range,lat,d,, input.nc.tmp2
+ ncatted -O -a scale_factor,lat,d,, input.nc.tmp2
+ ncatted -O -a add_offset,lat,d,, input.nc.tmp2
+ ncatted -O -a _FillValue,lat,d,, input.nc.tmp2
+ ncatted -O -a coordinates,SO2,d,, input.nc.tmp2
+ ncatted -O -a coordinates,PM2.5,d,, input.nc.tmp2
+ ncatted -O -a coordinates,OC,d,, input.nc.tmp2
+ ncatted -O -a coordinates,BC,d,, input.nc.tmp2
+ ncatted -O -a coordinates,CO,d,, input.nc.tmp2
+ ncatted -O -a coordinates,NOx,d,, input.nc.tmp2
+ ncatted -O -a coordinates,NH3,d,, input.nc.tmp2
+ ncatted -O -a valid_range,SO2,d,, input.nc.tmp2
+ ncatted -O -a valid_range,PM2.5,d,, input.nc.tmp2
+ ncatted -O -a valid_range,OC,d,, input.nc.tmp2
+ ncatted -O -a valid_range,BC,d,, input.nc.tmp2
+ ncatted -O -a valid_range,CO,d,, input.nc.tmp2
+ ncatted -O -a valid_range,NOx,d,, input.nc.tmp2
+ ncatted -O -a valid_range,NH3,d,, input.nc.tmp2
+ ncatted -O -a add_offset,SO2,d,, input.nc.tmp2
+ ncatted -O -a add_offset,PM2.5,d,, input.nc.tmp2
+ ncatted -O -a add_offset,OC,d,, input.nc.tmp2
+ ncatted -O -a add_offset,BC,d,, input.nc.tmp2
+ ncatted -O -a add_offset,CO,d,, input.nc.tmp2
+ ncatted -O -a add_offset,NOx,d,, input.nc.tmp2
+ ncatted -O -a add_offset,NH3,d,, input.nc.tmp2
+ ncatted -O -a add_offset,MeanFRP,d,, input.nc.tmp2
+ ncatted -O -a valid_range,MeanFRP,d,, input.nc.tmp2
+ ncatted -O -a coordinates,MeanFRP,d,, input.nc.tmp2
+ nccopy -k 'netCDF-4 classic model' input.nc.tmp2 input.nc.tmp3
+ nccopy -d1 input.nc.tmp3 input.nc.tmp4
+ ERR=0
+ ECNT=0
+ '[' 0 -eq 0 ']'
+ /bin/mv input.nc.tmp4 /scratch1/BMC/gsd-fv3-dev/MAPP_2018/bhuang/JEDI-2020/JEDI-FV3/expCodes/PACEData/GBBEPx/Prep_GBBEPx_2024030100_2024043000/FixGBBEPx/GBBEPx_all01GRID.emissions_v004_20240308.nc
+ ERR=0
+ ECNT=0
+ '[' 0 -eq 0 ']'
+ echo 'Fix GBBEPx successflully at 20240308'
Fix GBBEPx successflully at 20240308
++ /scratch2/NCEPDEV/nwprod/NCEPLIBS/utils/prod_util.v1.1.0/exec/ndate 24 2024030800
+ IDATE=2024030900
+ '[' 2024030900 -le 2024043000 ']'
+ ECNT=0
+ /bin/rm -rf input.nc.tmp input.nc.tmp2 input.nc.tmp3 input.nc
+ IY=2024
+ IM=03
+ ID=09
+ IYMD=20240309
+ SRCFILE='/scratch1/BMC/gsd-fv3-dev/MAPP_2018/bhuang/JEDI-2020/JEDI-FV3/expCodes/PACEData/GBBEPx/Prep_GBBEPx_2024030100_2024043000/2024030900/*.nc'
+ OUTFILE=/scratch1/BMC/gsd-fv3-dev/MAPP_2018/bhuang/JEDI-2020/JEDI-FV3/expCodes/PACEData/GBBEPx/Prep_GBBEPx_2024030100_2024043000/FixGBBEPx/GBBEPx_all01GRID.emissions_v004_20240309.nc
++ wc -l
++ ls /scratch1/BMC/gsd-fv3-dev/MAPP_2018/bhuang/JEDI-2020/JEDI-FV3/expCodes/PACEData/GBBEPx/Prep_GBBEPx_2024030100_2024043000/2024030900/GBBEPx-all01GRID_v4r0_blend_s202403090000000_e202403092359590_c202403100224490.nc
+ NNC=1
+ '[' 1 -eq 1 ']'
++ ls /scratch1/BMC/gsd-fv3-dev/MAPP_2018/bhuang/JEDI-2020/JEDI-FV3/expCodes/PACEData/GBBEPx/Prep_GBBEPx_2024030100_2024043000/2024030900/GBBEPx-all01GRID_v4r0_blend_s202403090000000_e202403092359590_c202403100224490.nc
+ for FILE in $(ls ${SRCFILE})
+ /bin/cp /scratch1/BMC/gsd-fv3-dev/MAPP_2018/bhuang/JEDI-2020/JEDI-FV3/expCodes/PACEData/GBBEPx/Prep_GBBEPx_2024030100_2024043000/2024030900/GBBEPx-all01GRID_v4r0_blend_s202403090000000_e202403092359590_c202403100224490.nc input.nc
+ ERR=0
+ ECNT=0
+ /home/Bo.Huang/JEDI-2020/UFS-Aerosols_RETcyc/UFS-Aerosols-EP4_JEDI-AeroDA-Reanl/misc/PrepPACE/GBBEPx/fix_GBBEPx_Li.sh input.nc 20240309
+ '[' -z '' ']'
+ case "$-" in
+ __lmod_vx=x
+ '[' -n x ']'
+ set +x
Shell debugging temporarily silenced: export LMOD_SH_DBG_ON=1 for this output (/apps/lmod/lmod/init/bash)
Shell debugging restarted
+ unset __lmod_vx
+ input_file=input.nc
+ yyyymmdd=20240309
+ nccopy -k classic input.nc input.nc.tmp
+ ncks --mk_rec_dmn Time input.nc.tmp -O -o input.nc.tmp
+ ncatted -O -a units,Longitude,m,c,degrees_east input.nc.tmp
+ ncrename -v Time,time -d Time,time input.nc.tmp -O -o input.nc.tmp
+ ncrename -v Latitude,lat -d Latitude,lat input.nc.tmp -O -o input.nc.tmp
+ ncrename -v Longitude,lon -d Longitude,lon input.nc.tmp -O -o input.nc.tmp
+ ncap2 -O -s 'time[time]=0' input.nc.tmp -o input.nc.tmp
+ ncks -C -O -x -v Max_emission,Max_emission_col,Max_emission_row input.nc.tmp input.nc.tmp
+ ncks -C -O -x -v QCAll,CloudPerc,FirePerc,NumSensor input.nc.tmp input.nc.tmp
+ ncks -C -O -x -v TotalEmis_region_Africa input.nc.tmp input.nc.tmp
+ ncks -C -O -x -v TotalEmis_region_Asia input.nc.tmp input.nc.tmp
+ ncks -C -O -x -v TotalEmis_region_Australia input.nc.tmp input.nc.tmp
+ ncks -C -O -x -v TotalEmis_region_Europe input.nc.tmp input.nc.tmp
+ ncks -C -O -x -v TotalEmis_region_NorthAmerica input.nc.tmp input.nc.tmp
+ ncks -C -O -x -v TotalEmis_region_SouthAmerica input.nc.tmp input.nc.tmp
+ ncks -C -O -x -v quality_information input.nc.tmp input.nc.tmp
+ ncks -O -d lat,-89.5,89.5 input.nc.tmp input.nc.tmp2
++ date -d 20240309 +%Y-%m-%d
+ d=2024-03-09
+ dd='hours since 2024-03-09 12:00:00'
+ ncatted -O -a 'units,time,c,c,hours since 2024-03-09 12:00:00' input.nc.tmp2
+ ncatted -O -a long_name,time,c,c,Time input.nc.tmp2
+ ncatted -O -a calendar,time,c,c,gregorian input.nc.tmp2
+ ncatted -O -a axis,time,c,c,T input.nc.tmp2
+ ncatted -O -a long_name,lat,m,c,latitude input.nc.tmp2
+ ncatted -O -a long_name,lon,m,c,longitude input.nc.tmp2
+ ncatted -O -a axis,lon,d,, input.nc.tmp2
+ ncatted -O -a bounds,lon,d,, input.nc.tmp2
+ ncatted -O -a valid_range,lon,d,, input.nc.tmp2
+ ncatted -O -a scale_factor,lon,d,, input.nc.tmp2
+ ncatted -O -a add_offset,lon,d,, input.nc.tmp2
+ ncatted -O -a _FillValue,lon,d,, input.nc.tmp2
+ ncatted -O -a axis,lat,d,, input.nc.tmp2
+ ncatted -O -a bounds,lat,d,, input.nc.tmp2
+ ncatted -O -a valid_range,lat,d,, input.nc.tmp2
+ ncatted -O -a scale_factor,lat,d,, input.nc.tmp2
+ ncatted -O -a add_offset,lat,d,, input.nc.tmp2
+ ncatted -O -a _FillValue,lat,d,, input.nc.tmp2
+ ncatted -O -a coordinates,SO2,d,, input.nc.tmp2
+ ncatted -O -a coordinates,PM2.5,d,, input.nc.tmp2
+ ncatted -O -a coordinates,OC,d,, input.nc.tmp2
+ ncatted -O -a coordinates,BC,d,, input.nc.tmp2
+ ncatted -O -a coordinates,CO,d,, input.nc.tmp2
+ ncatted -O -a coordinates,NOx,d,, input.nc.tmp2
+ ncatted -O -a coordinates,NH3,d,, input.nc.tmp2
+ ncatted -O -a valid_range,SO2,d,, input.nc.tmp2
+ ncatted -O -a valid_range,PM2.5,d,, input.nc.tmp2
+ ncatted -O -a valid_range,OC,d,, input.nc.tmp2
+ ncatted -O -a valid_range,BC,d,, input.nc.tmp2
+ ncatted -O -a valid_range,CO,d,, input.nc.tmp2
+ ncatted -O -a valid_range,NOx,d,, input.nc.tmp2
+ ncatted -O -a valid_range,NH3,d,, input.nc.tmp2
+ ncatted -O -a add_offset,SO2,d,, input.nc.tmp2
+ ncatted -O -a add_offset,PM2.5,d,, input.nc.tmp2
+ ncatted -O -a add_offset,OC,d,, input.nc.tmp2
+ ncatted -O -a add_offset,BC,d,, input.nc.tmp2
+ ncatted -O -a add_offset,CO,d,, input.nc.tmp2
+ ncatted -O -a add_offset,NOx,d,, input.nc.tmp2
+ ncatted -O -a add_offset,NH3,d,, input.nc.tmp2
+ ncatted -O -a add_offset,MeanFRP,d,, input.nc.tmp2
+ ncatted -O -a valid_range,MeanFRP,d,, input.nc.tmp2
+ ncatted -O -a coordinates,MeanFRP,d,, input.nc.tmp2
+ nccopy -k 'netCDF-4 classic model' input.nc.tmp2 input.nc.tmp3
+ nccopy -d1 input.nc.tmp3 input.nc.tmp4
+ ERR=0
+ ECNT=0
+ '[' 0 -eq 0 ']'
+ /bin/mv input.nc.tmp4 /scratch1/BMC/gsd-fv3-dev/MAPP_2018/bhuang/JEDI-2020/JEDI-FV3/expCodes/PACEData/GBBEPx/Prep_GBBEPx_2024030100_2024043000/FixGBBEPx/GBBEPx_all01GRID.emissions_v004_20240309.nc
+ ERR=0
+ ECNT=0
+ '[' 0 -eq 0 ']'
+ echo 'Fix GBBEPx successflully at 20240309'
Fix GBBEPx successflully at 20240309
++ /scratch2/NCEPDEV/nwprod/NCEPLIBS/utils/prod_util.v1.1.0/exec/ndate 24 2024030900
+ IDATE=2024031000
+ '[' 2024031000 -le 2024043000 ']'
+ ECNT=0
+ /bin/rm -rf input.nc.tmp input.nc.tmp2 input.nc.tmp3 input.nc
+ IY=2024
+ IM=03
+ ID=10
+ IYMD=20240310
+ SRCFILE='/scratch1/BMC/gsd-fv3-dev/MAPP_2018/bhuang/JEDI-2020/JEDI-FV3/expCodes/PACEData/GBBEPx/Prep_GBBEPx_2024030100_2024043000/2024031000/*.nc'
+ OUTFILE=/scratch1/BMC/gsd-fv3-dev/MAPP_2018/bhuang/JEDI-2020/JEDI-FV3/expCodes/PACEData/GBBEPx/Prep_GBBEPx_2024030100_2024043000/FixGBBEPx/GBBEPx_all01GRID.emissions_v004_20240310.nc
++ wc -l
++ ls /scratch1/BMC/gsd-fv3-dev/MAPP_2018/bhuang/JEDI-2020/JEDI-FV3/expCodes/PACEData/GBBEPx/Prep_GBBEPx_2024030100_2024043000/2024031000/GBBEPx-all01GRID_v4r0_blend_s202403100000000_e202403102359590_c202403110321500.nc
+ NNC=1
+ '[' 1 -eq 1 ']'
++ ls /scratch1/BMC/gsd-fv3-dev/MAPP_2018/bhuang/JEDI-2020/JEDI-FV3/expCodes/PACEData/GBBEPx/Prep_GBBEPx_2024030100_2024043000/2024031000/GBBEPx-all01GRID_v4r0_blend_s202403100000000_e202403102359590_c202403110321500.nc
+ for FILE in $(ls ${SRCFILE})
+ /bin/cp /scratch1/BMC/gsd-fv3-dev/MAPP_2018/bhuang/JEDI-2020/JEDI-FV3/expCodes/PACEData/GBBEPx/Prep_GBBEPx_2024030100_2024043000/2024031000/GBBEPx-all01GRID_v4r0_blend_s202403100000000_e202403102359590_c202403110321500.nc input.nc
+ ERR=0
+ ECNT=0
+ /home/Bo.Huang/JEDI-2020/UFS-Aerosols_RETcyc/UFS-Aerosols-EP4_JEDI-AeroDA-Reanl/misc/PrepPACE/GBBEPx/fix_GBBEPx_Li.sh input.nc 20240310
+ '[' -z '' ']'
+ case "$-" in
+ __lmod_vx=x
+ '[' -n x ']'
+ set +x
Shell debugging temporarily silenced: export LMOD_SH_DBG_ON=1 for this output (/apps/lmod/lmod/init/bash)
Shell debugging restarted
+ unset __lmod_vx
+ input_file=input.nc
+ yyyymmdd=20240310
+ nccopy -k classic input.nc input.nc.tmp
+ ncks --mk_rec_dmn Time input.nc.tmp -O -o input.nc.tmp
+ ncatted -O -a units,Longitude,m,c,degrees_east input.nc.tmp
+ ncrename -v Time,time -d Time,time input.nc.tmp -O -o input.nc.tmp
+ ncrename -v Latitude,lat -d Latitude,lat input.nc.tmp -O -o input.nc.tmp
+ ncrename -v Longitude,lon -d Longitude,lon input.nc.tmp -O -o input.nc.tmp
+ ncap2 -O -s 'time[time]=0' input.nc.tmp -o input.nc.tmp
+ ncks -C -O -x -v Max_emission,Max_emission_col,Max_emission_row input.nc.tmp input.nc.tmp
+ ncks -C -O -x -v QCAll,CloudPerc,FirePerc,NumSensor input.nc.tmp input.nc.tmp
+ ncks -C -O -x -v TotalEmis_region_Africa input.nc.tmp input.nc.tmp
+ ncks -C -O -x -v TotalEmis_region_Asia input.nc.tmp input.nc.tmp
+ ncks -C -O -x -v TotalEmis_region_Australia input.nc.tmp input.nc.tmp
+ ncks -C -O -x -v TotalEmis_region_Europe input.nc.tmp input.nc.tmp
+ ncks -C -O -x -v TotalEmis_region_NorthAmerica input.nc.tmp input.nc.tmp
+ ncks -C -O -x -v TotalEmis_region_SouthAmerica input.nc.tmp input.nc.tmp
+ ncks -C -O -x -v quality_information input.nc.tmp input.nc.tmp
+ ncks -O -d lat,-89.5,89.5 input.nc.tmp input.nc.tmp2
++ date -d 20240310 +%Y-%m-%d
+ d=2024-03-10
+ dd='hours since 2024-03-10 12:00:00'
+ ncatted -O -a 'units,time,c,c,hours since 2024-03-10 12:00:00' input.nc.tmp2
+ ncatted -O -a long_name,time,c,c,Time input.nc.tmp2
+ ncatted -O -a calendar,time,c,c,gregorian input.nc.tmp2
+ ncatted -O -a axis,time,c,c,T input.nc.tmp2
+ ncatted -O -a long_name,lat,m,c,latitude input.nc.tmp2
+ ncatted -O -a long_name,lon,m,c,longitude input.nc.tmp2
+ ncatted -O -a axis,lon,d,, input.nc.tmp2
+ ncatted -O -a bounds,lon,d,, input.nc.tmp2
+ ncatted -O -a valid_range,lon,d,, input.nc.tmp2
+ ncatted -O -a scale_factor,lon,d,, input.nc.tmp2
+ ncatted -O -a add_offset,lon,d,, input.nc.tmp2
+ ncatted -O -a _FillValue,lon,d,, input.nc.tmp2
+ ncatted -O -a axis,lat,d,, input.nc.tmp2
+ ncatted -O -a bounds,lat,d,, input.nc.tmp2
+ ncatted -O -a valid_range,lat,d,, input.nc.tmp2
+ ncatted -O -a scale_factor,lat,d,, input.nc.tmp2
+ ncatted -O -a add_offset,lat,d,, input.nc.tmp2
+ ncatted -O -a _FillValue,lat,d,, input.nc.tmp2
+ ncatted -O -a coordinates,SO2,d,, input.nc.tmp2
+ ncatted -O -a coordinates,PM2.5,d,, input.nc.tmp2
+ ncatted -O -a coordinates,OC,d,, input.nc.tmp2
+ ncatted -O -a coordinates,BC,d,, input.nc.tmp2
+ ncatted -O -a coordinates,CO,d,, input.nc.tmp2
+ ncatted -O -a coordinates,NOx,d,, input.nc.tmp2
+ ncatted -O -a coordinates,NH3,d,, input.nc.tmp2
+ ncatted -O -a valid_range,SO2,d,, input.nc.tmp2
+ ncatted -O -a valid_range,PM2.5,d,, input.nc.tmp2
+ ncatted -O -a valid_range,OC,d,, input.nc.tmp2
+ ncatted -O -a valid_range,BC,d,, input.nc.tmp2
+ ncatted -O -a valid_range,CO,d,, input.nc.tmp2
+ ncatted -O -a valid_range,NOx,d,, input.nc.tmp2
+ ncatted -O -a valid_range,NH3,d,, input.nc.tmp2
+ ncatted -O -a add_offset,SO2,d,, input.nc.tmp2
+ ncatted -O -a add_offset,PM2.5,d,, input.nc.tmp2
+ ncatted -O -a add_offset,OC,d,, input.nc.tmp2
+ ncatted -O -a add_offset,BC,d,, input.nc.tmp2
+ ncatted -O -a add_offset,CO,d,, input.nc.tmp2
+ ncatted -O -a add_offset,NOx,d,, input.nc.tmp2
+ ncatted -O -a add_offset,NH3,d,, input.nc.tmp2
+ ncatted -O -a add_offset,MeanFRP,d,, input.nc.tmp2
+ ncatted -O -a valid_range,MeanFRP,d,, input.nc.tmp2
+ ncatted -O -a coordinates,MeanFRP,d,, input.nc.tmp2
+ nccopy -k 'netCDF-4 classic model' input.nc.tmp2 input.nc.tmp3
+ nccopy -d1 input.nc.tmp3 input.nc.tmp4
+ ERR=0
+ ECNT=0
+ '[' 0 -eq 0 ']'
+ /bin/mv input.nc.tmp4 /scratch1/BMC/gsd-fv3-dev/MAPP_2018/bhuang/JEDI-2020/JEDI-FV3/expCodes/PACEData/GBBEPx/Prep_GBBEPx_2024030100_2024043000/FixGBBEPx/GBBEPx_all01GRID.emissions_v004_20240310.nc
+ ERR=0
+ ECNT=0
+ '[' 0 -eq 0 ']'
+ echo 'Fix GBBEPx successflully at 20240310'
Fix GBBEPx successflully at 20240310
++ /scratch2/NCEPDEV/nwprod/NCEPLIBS/utils/prod_util.v1.1.0/exec/ndate 24 2024031000
+ IDATE=2024031100
+ '[' 2024031100 -le 2024043000 ']'
+ ECNT=0
+ /bin/rm -rf input.nc.tmp input.nc.tmp2 input.nc.tmp3 input.nc
+ IY=2024
+ IM=03
+ ID=11
+ IYMD=20240311
+ SRCFILE='/scratch1/BMC/gsd-fv3-dev/MAPP_2018/bhuang/JEDI-2020/JEDI-FV3/expCodes/PACEData/GBBEPx/Prep_GBBEPx_2024030100_2024043000/2024031100/*.nc'
+ OUTFILE=/scratch1/BMC/gsd-fv3-dev/MAPP_2018/bhuang/JEDI-2020/JEDI-FV3/expCodes/PACEData/GBBEPx/Prep_GBBEPx_2024030100_2024043000/FixGBBEPx/GBBEPx_all01GRID.emissions_v004_20240311.nc
++ wc -l
++ ls /scratch1/BMC/gsd-fv3-dev/MAPP_2018/bhuang/JEDI-2020/JEDI-FV3/expCodes/PACEData/GBBEPx/Prep_GBBEPx_2024030100_2024043000/2024031100/GBBEPx-all01GRID_v4r0_blend_s202403110000000_e202403112359590_c202403120230330.nc
+ NNC=1
+ '[' 1 -eq 1 ']'
++ ls /scratch1/BMC/gsd-fv3-dev/MAPP_2018/bhuang/JEDI-2020/JEDI-FV3/expCodes/PACEData/GBBEPx/Prep_GBBEPx_2024030100_2024043000/2024031100/GBBEPx-all01GRID_v4r0_blend_s202403110000000_e202403112359590_c202403120230330.nc
+ for FILE in $(ls ${SRCFILE})
+ /bin/cp /scratch1/BMC/gsd-fv3-dev/MAPP_2018/bhuang/JEDI-2020/JEDI-FV3/expCodes/PACEData/GBBEPx/Prep_GBBEPx_2024030100_2024043000/2024031100/GBBEPx-all01GRID_v4r0_blend_s202403110000000_e202403112359590_c202403120230330.nc input.nc
+ ERR=0
+ ECNT=0
+ /home/Bo.Huang/JEDI-2020/UFS-Aerosols_RETcyc/UFS-Aerosols-EP4_JEDI-AeroDA-Reanl/misc/PrepPACE/GBBEPx/fix_GBBEPx_Li.sh input.nc 20240311
+ '[' -z '' ']'
+ case "$-" in
+ __lmod_vx=x
+ '[' -n x ']'
+ set +x
Shell debugging temporarily silenced: export LMOD_SH_DBG_ON=1 for this output (/apps/lmod/lmod/init/bash)
Shell debugging restarted
+ unset __lmod_vx
+ input_file=input.nc
+ yyyymmdd=20240311
+ nccopy -k classic input.nc input.nc.tmp
+ ncks --mk_rec_dmn Time input.nc.tmp -O -o input.nc.tmp
+ ncatted -O -a units,Longitude,m,c,degrees_east input.nc.tmp
+ ncrename -v Time,time -d Time,time input.nc.tmp -O -o input.nc.tmp
+ ncrename -v Latitude,lat -d Latitude,lat input.nc.tmp -O -o input.nc.tmp
+ ncrename -v Longitude,lon -d Longitude,lon input.nc.tmp -O -o input.nc.tmp
+ ncap2 -O -s 'time[time]=0' input.nc.tmp -o input.nc.tmp
+ ncks -C -O -x -v Max_emission,Max_emission_col,Max_emission_row input.nc.tmp input.nc.tmp
+ ncks -C -O -x -v QCAll,CloudPerc,FirePerc,NumSensor input.nc.tmp input.nc.tmp
+ ncks -C -O -x -v TotalEmis_region_Africa input.nc.tmp input.nc.tmp
+ ncks -C -O -x -v TotalEmis_region_Asia input.nc.tmp input.nc.tmp
+ ncks -C -O -x -v TotalEmis_region_Australia input.nc.tmp input.nc.tmp
+ ncks -C -O -x -v TotalEmis_region_Europe input.nc.tmp input.nc.tmp
+ ncks -C -O -x -v TotalEmis_region_NorthAmerica input.nc.tmp input.nc.tmp
+ ncks -C -O -x -v TotalEmis_region_SouthAmerica input.nc.tmp input.nc.tmp
+ ncks -C -O -x -v quality_information input.nc.tmp input.nc.tmp
+ ncks -O -d lat,-89.5,89.5 input.nc.tmp input.nc.tmp2
++ date -d 20240311 +%Y-%m-%d
+ d=2024-03-11
+ dd='hours since 2024-03-11 12:00:00'
+ ncatted -O -a 'units,time,c,c,hours since 2024-03-11 12:00:00' input.nc.tmp2
+ ncatted -O -a long_name,time,c,c,Time input.nc.tmp2
+ ncatted -O -a calendar,time,c,c,gregorian input.nc.tmp2
+ ncatted -O -a axis,time,c,c,T input.nc.tmp2
+ ncatted -O -a long_name,lat,m,c,latitude input.nc.tmp2
+ ncatted -O -a long_name,lon,m,c,longitude input.nc.tmp2
+ ncatted -O -a axis,lon,d,, input.nc.tmp2
+ ncatted -O -a bounds,lon,d,, input.nc.tmp2
+ ncatted -O -a valid_range,lon,d,, input.nc.tmp2
+ ncatted -O -a scale_factor,lon,d,, input.nc.tmp2
+ ncatted -O -a add_offset,lon,d,, input.nc.tmp2
+ ncatted -O -a _FillValue,lon,d,, input.nc.tmp2
+ ncatted -O -a axis,lat,d,, input.nc.tmp2
+ ncatted -O -a bounds,lat,d,, input.nc.tmp2
+ ncatted -O -a valid_range,lat,d,, input.nc.tmp2
+ ncatted -O -a scale_factor,lat,d,, input.nc.tmp2
+ ncatted -O -a add_offset,lat,d,, input.nc.tmp2
+ ncatted -O -a _FillValue,lat,d,, input.nc.tmp2
+ ncatted -O -a coordinates,SO2,d,, input.nc.tmp2
+ ncatted -O -a coordinates,PM2.5,d,, input.nc.tmp2
+ ncatted -O -a coordinates,OC,d,, input.nc.tmp2
+ ncatted -O -a coordinates,BC,d,, input.nc.tmp2
+ ncatted -O -a coordinates,CO,d,, input.nc.tmp2
+ ncatted -O -a coordinates,NOx,d,, input.nc.tmp2
+ ncatted -O -a coordinates,NH3,d,, input.nc.tmp2
+ ncatted -O -a valid_range,SO2,d,, input.nc.tmp2
+ ncatted -O -a valid_range,PM2.5,d,, input.nc.tmp2
+ ncatted -O -a valid_range,OC,d,, input.nc.tmp2
+ ncatted -O -a valid_range,BC,d,, input.nc.tmp2
+ ncatted -O -a valid_range,CO,d,, input.nc.tmp2
+ ncatted -O -a valid_range,NOx,d,, input.nc.tmp2
+ ncatted -O -a valid_range,NH3,d,, input.nc.tmp2
+ ncatted -O -a add_offset,SO2,d,, input.nc.tmp2
+ ncatted -O -a add_offset,PM2.5,d,, input.nc.tmp2
+ ncatted -O -a add_offset,OC,d,, input.nc.tmp2
+ ncatted -O -a add_offset,BC,d,, input.nc.tmp2
+ ncatted -O -a add_offset,CO,d,, input.nc.tmp2
+ ncatted -O -a add_offset,NOx,d,, input.nc.tmp2
+ ncatted -O -a add_offset,NH3,d,, input.nc.tmp2
+ ncatted -O -a add_offset,MeanFRP,d,, input.nc.tmp2
+ ncatted -O -a valid_range,MeanFRP,d,, input.nc.tmp2
+ ncatted -O -a coordinates,MeanFRP,d,, input.nc.tmp2
+ nccopy -k 'netCDF-4 classic model' input.nc.tmp2 input.nc.tmp3
+ nccopy -d1 input.nc.tmp3 input.nc.tmp4
+ ERR=0
+ ECNT=0
+ '[' 0 -eq 0 ']'
+ /bin/mv input.nc.tmp4 /scratch1/BMC/gsd-fv3-dev/MAPP_2018/bhuang/JEDI-2020/JEDI-FV3/expCodes/PACEData/GBBEPx/Prep_GBBEPx_2024030100_2024043000/FixGBBEPx/GBBEPx_all01GRID.emissions_v004_20240311.nc
+ ERR=0
+ ECNT=0
+ '[' 0 -eq 0 ']'
+ echo 'Fix GBBEPx successflully at 20240311'
Fix GBBEPx successflully at 20240311
++ /scratch2/NCEPDEV/nwprod/NCEPLIBS/utils/prod_util.v1.1.0/exec/ndate 24 2024031100
+ IDATE=2024031200
+ '[' 2024031200 -le 2024043000 ']'
+ ECNT=0
+ /bin/rm -rf input.nc.tmp input.nc.tmp2 input.nc.tmp3 input.nc
+ IY=2024
+ IM=03
+ ID=12
+ IYMD=20240312
+ SRCFILE='/scratch1/BMC/gsd-fv3-dev/MAPP_2018/bhuang/JEDI-2020/JEDI-FV3/expCodes/PACEData/GBBEPx/Prep_GBBEPx_2024030100_2024043000/2024031200/*.nc'
+ OUTFILE=/scratch1/BMC/gsd-fv3-dev/MAPP_2018/bhuang/JEDI-2020/JEDI-FV3/expCodes/PACEData/GBBEPx/Prep_GBBEPx_2024030100_2024043000/FixGBBEPx/GBBEPx_all01GRID.emissions_v004_20240312.nc
++ wc -l
++ ls /scratch1/BMC/gsd-fv3-dev/MAPP_2018/bhuang/JEDI-2020/JEDI-FV3/expCodes/PACEData/GBBEPx/Prep_GBBEPx_2024030100_2024043000/2024031200/GBBEPx-all01GRID_v4r0_blend_s202403120000000_e202403122359590_c202403130211250.nc
+ NNC=1
+ '[' 1 -eq 1 ']'
++ ls /scratch1/BMC/gsd-fv3-dev/MAPP_2018/bhuang/JEDI-2020/JEDI-FV3/expCodes/PACEData/GBBEPx/Prep_GBBEPx_2024030100_2024043000/2024031200/GBBEPx-all01GRID_v4r0_blend_s202403120000000_e202403122359590_c202403130211250.nc
+ for FILE in $(ls ${SRCFILE})
+ /bin/cp /scratch1/BMC/gsd-fv3-dev/MAPP_2018/bhuang/JEDI-2020/JEDI-FV3/expCodes/PACEData/GBBEPx/Prep_GBBEPx_2024030100_2024043000/2024031200/GBBEPx-all01GRID_v4r0_blend_s202403120000000_e202403122359590_c202403130211250.nc input.nc
+ ERR=0
+ ECNT=0
+ /home/Bo.Huang/JEDI-2020/UFS-Aerosols_RETcyc/UFS-Aerosols-EP4_JEDI-AeroDA-Reanl/misc/PrepPACE/GBBEPx/fix_GBBEPx_Li.sh input.nc 20240312
+ '[' -z '' ']'
+ case "$-" in
+ __lmod_vx=x
+ '[' -n x ']'
+ set +x
Shell debugging temporarily silenced: export LMOD_SH_DBG_ON=1 for this output (/apps/lmod/lmod/init/bash)
Shell debugging restarted
+ unset __lmod_vx
+ input_file=input.nc
+ yyyymmdd=20240312
+ nccopy -k classic input.nc input.nc.tmp
+ ncks --mk_rec_dmn Time input.nc.tmp -O -o input.nc.tmp
+ ncatted -O -a units,Longitude,m,c,degrees_east input.nc.tmp
+ ncrename -v Time,time -d Time,time input.nc.tmp -O -o input.nc.tmp
+ ncrename -v Latitude,lat -d Latitude,lat input.nc.tmp -O -o input.nc.tmp
+ ncrename -v Longitude,lon -d Longitude,lon input.nc.tmp -O -o input.nc.tmp
+ ncap2 -O -s 'time[time]=0' input.nc.tmp -o input.nc.tmp
+ ncks -C -O -x -v Max_emission,Max_emission_col,Max_emission_row input.nc.tmp input.nc.tmp
+ ncks -C -O -x -v QCAll,CloudPerc,FirePerc,NumSensor input.nc.tmp input.nc.tmp
+ ncks -C -O -x -v TotalEmis_region_Africa input.nc.tmp input.nc.tmp
+ ncks -C -O -x -v TotalEmis_region_Asia input.nc.tmp input.nc.tmp
+ ncks -C -O -x -v TotalEmis_region_Australia input.nc.tmp input.nc.tmp
+ ncks -C -O -x -v TotalEmis_region_Europe input.nc.tmp input.nc.tmp
+ ncks -C -O -x -v TotalEmis_region_NorthAmerica input.nc.tmp input.nc.tmp
+ ncks -C -O -x -v TotalEmis_region_SouthAmerica input.nc.tmp input.nc.tmp
+ ncks -C -O -x -v quality_information input.nc.tmp input.nc.tmp
+ ncks -O -d lat,-89.5,89.5 input.nc.tmp input.nc.tmp2
++ date -d 20240312 +%Y-%m-%d
+ d=2024-03-12
+ dd='hours since 2024-03-12 12:00:00'
+ ncatted -O -a 'units,time,c,c,hours since 2024-03-12 12:00:00' input.nc.tmp2
+ ncatted -O -a long_name,time,c,c,Time input.nc.tmp2
+ ncatted -O -a calendar,time,c,c,gregorian input.nc.tmp2
+ ncatted -O -a axis,time,c,c,T input.nc.tmp2
+ ncatted -O -a long_name,lat,m,c,latitude input.nc.tmp2
+ ncatted -O -a long_name,lon,m,c,longitude input.nc.tmp2
+ ncatted -O -a axis,lon,d,, input.nc.tmp2
+ ncatted -O -a bounds,lon,d,, input.nc.tmp2
+ ncatted -O -a valid_range,lon,d,, input.nc.tmp2
+ ncatted -O -a scale_factor,lon,d,, input.nc.tmp2
+ ncatted -O -a add_offset,lon,d,, input.nc.tmp2
+ ncatted -O -a _FillValue,lon,d,, input.nc.tmp2
+ ncatted -O -a axis,lat,d,, input.nc.tmp2
+ ncatted -O -a bounds,lat,d,, input.nc.tmp2
+ ncatted -O -a valid_range,lat,d,, input.nc.tmp2
+ ncatted -O -a scale_factor,lat,d,, input.nc.tmp2
+ ncatted -O -a add_offset,lat,d,, input.nc.tmp2
+ ncatted -O -a _FillValue,lat,d,, input.nc.tmp2
+ ncatted -O -a coordinates,SO2,d,, input.nc.tmp2
+ ncatted -O -a coordinates,PM2.5,d,, input.nc.tmp2
+ ncatted -O -a coordinates,OC,d,, input.nc.tmp2
+ ncatted -O -a coordinates,BC,d,, input.nc.tmp2
+ ncatted -O -a coordinates,CO,d,, input.nc.tmp2
+ ncatted -O -a coordinates,NOx,d,, input.nc.tmp2
+ ncatted -O -a coordinates,NH3,d,, input.nc.tmp2
+ ncatted -O -a valid_range,SO2,d,, input.nc.tmp2
+ ncatted -O -a valid_range,PM2.5,d,, input.nc.tmp2
+ ncatted -O -a valid_range,OC,d,, input.nc.tmp2
+ ncatted -O -a valid_range,BC,d,, input.nc.tmp2
+ ncatted -O -a valid_range,CO,d,, input.nc.tmp2
+ ncatted -O -a valid_range,NOx,d,, input.nc.tmp2
+ ncatted -O -a valid_range,NH3,d,, input.nc.tmp2
+ ncatted -O -a add_offset,SO2,d,, input.nc.tmp2
+ ncatted -O -a add_offset,PM2.5,d,, input.nc.tmp2
+ ncatted -O -a add_offset,OC,d,, input.nc.tmp2
+ ncatted -O -a add_offset,BC,d,, input.nc.tmp2
+ ncatted -O -a add_offset,CO,d,, input.nc.tmp2
+ ncatted -O -a add_offset,NOx,d,, input.nc.tmp2
+ ncatted -O -a add_offset,NH3,d,, input.nc.tmp2
+ ncatted -O -a add_offset,MeanFRP,d,, input.nc.tmp2
+ ncatted -O -a valid_range,MeanFRP,d,, input.nc.tmp2
+ ncatted -O -a coordinates,MeanFRP,d,, input.nc.tmp2
+ nccopy -k 'netCDF-4 classic model' input.nc.tmp2 input.nc.tmp3
+ nccopy -d1 input.nc.tmp3 input.nc.tmp4
+ ERR=0
+ ECNT=0
+ '[' 0 -eq 0 ']'
+ /bin/mv input.nc.tmp4 /scratch1/BMC/gsd-fv3-dev/MAPP_2018/bhuang/JEDI-2020/JEDI-FV3/expCodes/PACEData/GBBEPx/Prep_GBBEPx_2024030100_2024043000/FixGBBEPx/GBBEPx_all01GRID.emissions_v004_20240312.nc
+ ERR=0
+ ECNT=0
+ '[' 0 -eq 0 ']'
+ echo 'Fix GBBEPx successflully at 20240312'
Fix GBBEPx successflully at 20240312
++ /scratch2/NCEPDEV/nwprod/NCEPLIBS/utils/prod_util.v1.1.0/exec/ndate 24 2024031200
+ IDATE=2024031300
+ '[' 2024031300 -le 2024043000 ']'
+ ECNT=0
+ /bin/rm -rf input.nc.tmp input.nc.tmp2 input.nc.tmp3 input.nc
+ IY=2024
+ IM=03
+ ID=13
+ IYMD=20240313
+ SRCFILE='/scratch1/BMC/gsd-fv3-dev/MAPP_2018/bhuang/JEDI-2020/JEDI-FV3/expCodes/PACEData/GBBEPx/Prep_GBBEPx_2024030100_2024043000/2024031300/*.nc'
+ OUTFILE=/scratch1/BMC/gsd-fv3-dev/MAPP_2018/bhuang/JEDI-2020/JEDI-FV3/expCodes/PACEData/GBBEPx/Prep_GBBEPx_2024030100_2024043000/FixGBBEPx/GBBEPx_all01GRID.emissions_v004_20240313.nc
++ wc -l
++ ls /scratch1/BMC/gsd-fv3-dev/MAPP_2018/bhuang/JEDI-2020/JEDI-FV3/expCodes/PACEData/GBBEPx/Prep_GBBEPx_2024030100_2024043000/2024031300/GBBEPx-all01GRID_v4r0_blend_s202403130000000_e202403132359590_c202403140158050.nc
+ NNC=1
+ '[' 1 -eq 1 ']'
++ ls /scratch1/BMC/gsd-fv3-dev/MAPP_2018/bhuang/JEDI-2020/JEDI-FV3/expCodes/PACEData/GBBEPx/Prep_GBBEPx_2024030100_2024043000/2024031300/GBBEPx-all01GRID_v4r0_blend_s202403130000000_e202403132359590_c202403140158050.nc
+ for FILE in $(ls ${SRCFILE})
+ /bin/cp /scratch1/BMC/gsd-fv3-dev/MAPP_2018/bhuang/JEDI-2020/JEDI-FV3/expCodes/PACEData/GBBEPx/Prep_GBBEPx_2024030100_2024043000/2024031300/GBBEPx-all01GRID_v4r0_blend_s202403130000000_e202403132359590_c202403140158050.nc input.nc
+ ERR=0
+ ECNT=0
+ /home/Bo.Huang/JEDI-2020/UFS-Aerosols_RETcyc/UFS-Aerosols-EP4_JEDI-AeroDA-Reanl/misc/PrepPACE/GBBEPx/fix_GBBEPx_Li.sh input.nc 20240313
+ '[' -z '' ']'
+ case "$-" in
+ __lmod_vx=x
+ '[' -n x ']'
+ set +x
Shell debugging temporarily silenced: export LMOD_SH_DBG_ON=1 for this output (/apps/lmod/lmod/init/bash)
Shell debugging restarted
+ unset __lmod_vx
+ input_file=input.nc
+ yyyymmdd=20240313
+ nccopy -k classic input.nc input.nc.tmp
+ ncks --mk_rec_dmn Time input.nc.tmp -O -o input.nc.tmp
+ ncatted -O -a units,Longitude,m,c,degrees_east input.nc.tmp
+ ncrename -v Time,time -d Time,time input.nc.tmp -O -o input.nc.tmp
+ ncrename -v Latitude,lat -d Latitude,lat input.nc.tmp -O -o input.nc.tmp
+ ncrename -v Longitude,lon -d Longitude,lon input.nc.tmp -O -o input.nc.tmp
+ ncap2 -O -s 'time[time]=0' input.nc.tmp -o input.nc.tmp
+ ncks -C -O -x -v Max_emission,Max_emission_col,Max_emission_row input.nc.tmp input.nc.tmp
+ ncks -C -O -x -v QCAll,CloudPerc,FirePerc,NumSensor input.nc.tmp input.nc.tmp
+ ncks -C -O -x -v TotalEmis_region_Africa input.nc.tmp input.nc.tmp
+ ncks -C -O -x -v TotalEmis_region_Asia input.nc.tmp input.nc.tmp
+ ncks -C -O -x -v TotalEmis_region_Australia input.nc.tmp input.nc.tmp
+ ncks -C -O -x -v TotalEmis_region_Europe input.nc.tmp input.nc.tmp
+ ncks -C -O -x -v TotalEmis_region_NorthAmerica input.nc.tmp input.nc.tmp
+ ncks -C -O -x -v TotalEmis_region_SouthAmerica input.nc.tmp input.nc.tmp
+ ncks -C -O -x -v quality_information input.nc.tmp input.nc.tmp
+ ncks -O -d lat,-89.5,89.5 input.nc.tmp input.nc.tmp2
++ date -d 20240313 +%Y-%m-%d
+ d=2024-03-13
+ dd='hours since 2024-03-13 12:00:00'
+ ncatted -O -a 'units,time,c,c,hours since 2024-03-13 12:00:00' input.nc.tmp2
+ ncatted -O -a long_name,time,c,c,Time input.nc.tmp2
+ ncatted -O -a calendar,time,c,c,gregorian input.nc.tmp2
+ ncatted -O -a axis,time,c,c,T input.nc.tmp2
+ ncatted -O -a long_name,lat,m,c,latitude input.nc.tmp2
+ ncatted -O -a long_name,lon,m,c,longitude input.nc.tmp2
+ ncatted -O -a axis,lon,d,, input.nc.tmp2
+ ncatted -O -a bounds,lon,d,, input.nc.tmp2
+ ncatted -O -a valid_range,lon,d,, input.nc.tmp2
+ ncatted -O -a scale_factor,lon,d,, input.nc.tmp2
+ ncatted -O -a add_offset,lon,d,, input.nc.tmp2
+ ncatted -O -a _FillValue,lon,d,, input.nc.tmp2
+ ncatted -O -a axis,lat,d,, input.nc.tmp2
+ ncatted -O -a bounds,lat,d,, input.nc.tmp2
+ ncatted -O -a valid_range,lat,d,, input.nc.tmp2
+ ncatted -O -a scale_factor,lat,d,, input.nc.tmp2
+ ncatted -O -a add_offset,lat,d,, input.nc.tmp2
+ ncatted -O -a _FillValue,lat,d,, input.nc.tmp2
+ ncatted -O -a coordinates,SO2,d,, input.nc.tmp2
+ ncatted -O -a coordinates,PM2.5,d,, input.nc.tmp2
+ ncatted -O -a coordinates,OC,d,, input.nc.tmp2
+ ncatted -O -a coordinates,BC,d,, input.nc.tmp2
+ ncatted -O -a coordinates,CO,d,, input.nc.tmp2
+ ncatted -O -a coordinates,NOx,d,, input.nc.tmp2
+ ncatted -O -a coordinates,NH3,d,, input.nc.tmp2
+ ncatted -O -a valid_range,SO2,d,, input.nc.tmp2
+ ncatted -O -a valid_range,PM2.5,d,, input.nc.tmp2
+ ncatted -O -a valid_range,OC,d,, input.nc.tmp2
+ ncatted -O -a valid_range,BC,d,, input.nc.tmp2
+ ncatted -O -a valid_range,CO,d,, input.nc.tmp2
+ ncatted -O -a valid_range,NOx,d,, input.nc.tmp2
+ ncatted -O -a valid_range,NH3,d,, input.nc.tmp2
+ ncatted -O -a add_offset,SO2,d,, input.nc.tmp2
+ ncatted -O -a add_offset,PM2.5,d,, input.nc.tmp2
+ ncatted -O -a add_offset,OC,d,, input.nc.tmp2
+ ncatted -O -a add_offset,BC,d,, input.nc.tmp2
+ ncatted -O -a add_offset,CO,d,, input.nc.tmp2
+ ncatted -O -a add_offset,NOx,d,, input.nc.tmp2
+ ncatted -O -a add_offset,NH3,d,, input.nc.tmp2
+ ncatted -O -a add_offset,MeanFRP,d,, input.nc.tmp2
+ ncatted -O -a valid_range,MeanFRP,d,, input.nc.tmp2
+ ncatted -O -a coordinates,MeanFRP,d,, input.nc.tmp2
+ nccopy -k 'netCDF-4 classic model' input.nc.tmp2 input.nc.tmp3
+ nccopy -d1 input.nc.tmp3 input.nc.tmp4
+ ERR=0
+ ECNT=0
+ '[' 0 -eq 0 ']'
+ /bin/mv input.nc.tmp4 /scratch1/BMC/gsd-fv3-dev/MAPP_2018/bhuang/JEDI-2020/JEDI-FV3/expCodes/PACEData/GBBEPx/Prep_GBBEPx_2024030100_2024043000/FixGBBEPx/GBBEPx_all01GRID.emissions_v004_20240313.nc
+ ERR=0
+ ECNT=0
+ '[' 0 -eq 0 ']'
+ echo 'Fix GBBEPx successflully at 20240313'
Fix GBBEPx successflully at 20240313
++ /scratch2/NCEPDEV/nwprod/NCEPLIBS/utils/prod_util.v1.1.0/exec/ndate 24 2024031300
+ IDATE=2024031400
+ '[' 2024031400 -le 2024043000 ']'
+ ECNT=0
+ /bin/rm -rf input.nc.tmp input.nc.tmp2 input.nc.tmp3 input.nc
+ IY=2024
+ IM=03
+ ID=14
+ IYMD=20240314
+ SRCFILE='/scratch1/BMC/gsd-fv3-dev/MAPP_2018/bhuang/JEDI-2020/JEDI-FV3/expCodes/PACEData/GBBEPx/Prep_GBBEPx_2024030100_2024043000/2024031400/*.nc'
+ OUTFILE=/scratch1/BMC/gsd-fv3-dev/MAPP_2018/bhuang/JEDI-2020/JEDI-FV3/expCodes/PACEData/GBBEPx/Prep_GBBEPx_2024030100_2024043000/FixGBBEPx/GBBEPx_all01GRID.emissions_v004_20240314.nc
++ wc -l
++ ls /scratch1/BMC/gsd-fv3-dev/MAPP_2018/bhuang/JEDI-2020/JEDI-FV3/expCodes/PACEData/GBBEPx/Prep_GBBEPx_2024030100_2024043000/2024031400/GBBEPx-all01GRID_v4r0_blend_s202403140000000_e202403142359590_c202403150132400.nc
+ NNC=1
+ '[' 1 -eq 1 ']'
++ ls /scratch1/BMC/gsd-fv3-dev/MAPP_2018/bhuang/JEDI-2020/JEDI-FV3/expCodes/PACEData/GBBEPx/Prep_GBBEPx_2024030100_2024043000/2024031400/GBBEPx-all01GRID_v4r0_blend_s202403140000000_e202403142359590_c202403150132400.nc
+ for FILE in $(ls ${SRCFILE})
+ /bin/cp /scratch1/BMC/gsd-fv3-dev/MAPP_2018/bhuang/JEDI-2020/JEDI-FV3/expCodes/PACEData/GBBEPx/Prep_GBBEPx_2024030100_2024043000/2024031400/GBBEPx-all01GRID_v4r0_blend_s202403140000000_e202403142359590_c202403150132400.nc input.nc
+ ERR=0
+ ECNT=0
+ /home/Bo.Huang/JEDI-2020/UFS-Aerosols_RETcyc/UFS-Aerosols-EP4_JEDI-AeroDA-Reanl/misc/PrepPACE/GBBEPx/fix_GBBEPx_Li.sh input.nc 20240314
+ '[' -z '' ']'
+ case "$-" in
+ __lmod_vx=x
+ '[' -n x ']'
+ set +x
Shell debugging temporarily silenced: export LMOD_SH_DBG_ON=1 for this output (/apps/lmod/lmod/init/bash)
Shell debugging restarted
+ unset __lmod_vx
+ input_file=input.nc
+ yyyymmdd=20240314
+ nccopy -k classic input.nc input.nc.tmp
+ ncks --mk_rec_dmn Time input.nc.tmp -O -o input.nc.tmp
+ ncatted -O -a units,Longitude,m,c,degrees_east input.nc.tmp
+ ncrename -v Time,time -d Time,time input.nc.tmp -O -o input.nc.tmp
+ ncrename -v Latitude,lat -d Latitude,lat input.nc.tmp -O -o input.nc.tmp
+ ncrename -v Longitude,lon -d Longitude,lon input.nc.tmp -O -o input.nc.tmp
+ ncap2 -O -s 'time[time]=0' input.nc.tmp -o input.nc.tmp
+ ncks -C -O -x -v Max_emission,Max_emission_col,Max_emission_row input.nc.tmp input.nc.tmp
+ ncks -C -O -x -v QCAll,CloudPerc,FirePerc,NumSensor input.nc.tmp input.nc.tmp
+ ncks -C -O -x -v TotalEmis_region_Africa input.nc.tmp input.nc.tmp
+ ncks -C -O -x -v TotalEmis_region_Asia input.nc.tmp input.nc.tmp
+ ncks -C -O -x -v TotalEmis_region_Australia input.nc.tmp input.nc.tmp
+ ncks -C -O -x -v TotalEmis_region_Europe input.nc.tmp input.nc.tmp
+ ncks -C -O -x -v TotalEmis_region_NorthAmerica input.nc.tmp input.nc.tmp
+ ncks -C -O -x -v TotalEmis_region_SouthAmerica input.nc.tmp input.nc.tmp
+ ncks -C -O -x -v quality_information input.nc.tmp input.nc.tmp
+ ncks -O -d lat,-89.5,89.5 input.nc.tmp input.nc.tmp2
++ date -d 20240314 +%Y-%m-%d
+ d=2024-03-14
+ dd='hours since 2024-03-14 12:00:00'
+ ncatted -O -a 'units,time,c,c,hours since 2024-03-14 12:00:00' input.nc.tmp2
+ ncatted -O -a long_name,time,c,c,Time input.nc.tmp2
+ ncatted -O -a calendar,time,c,c,gregorian input.nc.tmp2
+ ncatted -O -a axis,time,c,c,T input.nc.tmp2
+ ncatted -O -a long_name,lat,m,c,latitude input.nc.tmp2
+ ncatted -O -a long_name,lon,m,c,longitude input.nc.tmp2
+ ncatted -O -a axis,lon,d,, input.nc.tmp2
+ ncatted -O -a bounds,lon,d,, input.nc.tmp2
+ ncatted -O -a valid_range,lon,d,, input.nc.tmp2
+ ncatted -O -a scale_factor,lon,d,, input.nc.tmp2
+ ncatted -O -a add_offset,lon,d,, input.nc.tmp2
+ ncatted -O -a _FillValue,lon,d,, input.nc.tmp2
+ ncatted -O -a axis,lat,d,, input.nc.tmp2
+ ncatted -O -a bounds,lat,d,, input.nc.tmp2
+ ncatted -O -a valid_range,lat,d,, input.nc.tmp2
+ ncatted -O -a scale_factor,lat,d,, input.nc.tmp2
+ ncatted -O -a add_offset,lat,d,, input.nc.tmp2
+ ncatted -O -a _FillValue,lat,d,, input.nc.tmp2
+ ncatted -O -a coordinates,SO2,d,, input.nc.tmp2
+ ncatted -O -a coordinates,PM2.5,d,, input.nc.tmp2
+ ncatted -O -a coordinates,OC,d,, input.nc.tmp2
+ ncatted -O -a coordinates,BC,d,, input.nc.tmp2
+ ncatted -O -a coordinates,CO,d,, input.nc.tmp2
+ ncatted -O -a coordinates,NOx,d,, input.nc.tmp2
+ ncatted -O -a coordinates,NH3,d,, input.nc.tmp2
+ ncatted -O -a valid_range,SO2,d,, input.nc.tmp2
+ ncatted -O -a valid_range,PM2.5,d,, input.nc.tmp2
+ ncatted -O -a valid_range,OC,d,, input.nc.tmp2
+ ncatted -O -a valid_range,BC,d,, input.nc.tmp2
+ ncatted -O -a valid_range,CO,d,, input.nc.tmp2
+ ncatted -O -a valid_range,NOx,d,, input.nc.tmp2
+ ncatted -O -a valid_range,NH3,d,, input.nc.tmp2
+ ncatted -O -a add_offset,SO2,d,, input.nc.tmp2
+ ncatted -O -a add_offset,PM2.5,d,, input.nc.tmp2
+ ncatted -O -a add_offset,OC,d,, input.nc.tmp2
+ ncatted -O -a add_offset,BC,d,, input.nc.tmp2
+ ncatted -O -a add_offset,CO,d,, input.nc.tmp2
+ ncatted -O -a add_offset,NOx,d,, input.nc.tmp2
+ ncatted -O -a add_offset,NH3,d,, input.nc.tmp2
+ ncatted -O -a add_offset,MeanFRP,d,, input.nc.tmp2
+ ncatted -O -a valid_range,MeanFRP,d,, input.nc.tmp2
+ ncatted -O -a coordinates,MeanFRP,d,, input.nc.tmp2
+ nccopy -k 'netCDF-4 classic model' input.nc.tmp2 input.nc.tmp3
+ nccopy -d1 input.nc.tmp3 input.nc.tmp4
+ ERR=0
+ ECNT=0
+ '[' 0 -eq 0 ']'
+ /bin/mv input.nc.tmp4 /scratch1/BMC/gsd-fv3-dev/MAPP_2018/bhuang/JEDI-2020/JEDI-FV3/expCodes/PACEData/GBBEPx/Prep_GBBEPx_2024030100_2024043000/FixGBBEPx/GBBEPx_all01GRID.emissions_v004_20240314.nc
+ ERR=0
+ ECNT=0
+ '[' 0 -eq 0 ']'
+ echo 'Fix GBBEPx successflully at 20240314'
Fix GBBEPx successflully at 20240314
++ /scratch2/NCEPDEV/nwprod/NCEPLIBS/utils/prod_util.v1.1.0/exec/ndate 24 2024031400
+ IDATE=2024031500
+ '[' 2024031500 -le 2024043000 ']'
+ ECNT=0
+ /bin/rm -rf input.nc.tmp input.nc.tmp2 input.nc.tmp3 input.nc
+ IY=2024
+ IM=03
+ ID=15
+ IYMD=20240315
+ SRCFILE='/scratch1/BMC/gsd-fv3-dev/MAPP_2018/bhuang/JEDI-2020/JEDI-FV3/expCodes/PACEData/GBBEPx/Prep_GBBEPx_2024030100_2024043000/2024031500/*.nc'
+ OUTFILE=/scratch1/BMC/gsd-fv3-dev/MAPP_2018/bhuang/JEDI-2020/JEDI-FV3/expCodes/PACEData/GBBEPx/Prep_GBBEPx_2024030100_2024043000/FixGBBEPx/GBBEPx_all01GRID.emissions_v004_20240315.nc
++ wc -l
++ ls /scratch1/BMC/gsd-fv3-dev/MAPP_2018/bhuang/JEDI-2020/JEDI-FV3/expCodes/PACEData/GBBEPx/Prep_GBBEPx_2024030100_2024043000/2024031500/GBBEPx-all01GRID_v4r0_blend_s202403150000000_e202403152359590_c202403160119180.nc
+ NNC=1
+ '[' 1 -eq 1 ']'
++ ls /scratch1/BMC/gsd-fv3-dev/MAPP_2018/bhuang/JEDI-2020/JEDI-FV3/expCodes/PACEData/GBBEPx/Prep_GBBEPx_2024030100_2024043000/2024031500/GBBEPx-all01GRID_v4r0_blend_s202403150000000_e202403152359590_c202403160119180.nc
+ for FILE in $(ls ${SRCFILE})
+ /bin/cp /scratch1/BMC/gsd-fv3-dev/MAPP_2018/bhuang/JEDI-2020/JEDI-FV3/expCodes/PACEData/GBBEPx/Prep_GBBEPx_2024030100_2024043000/2024031500/GBBEPx-all01GRID_v4r0_blend_s202403150000000_e202403152359590_c202403160119180.nc input.nc
+ ERR=0
+ ECNT=0
+ /home/Bo.Huang/JEDI-2020/UFS-Aerosols_RETcyc/UFS-Aerosols-EP4_JEDI-AeroDA-Reanl/misc/PrepPACE/GBBEPx/fix_GBBEPx_Li.sh input.nc 20240315
+ '[' -z '' ']'
+ case "$-" in
+ __lmod_vx=x
+ '[' -n x ']'
+ set +x
Shell debugging temporarily silenced: export LMOD_SH_DBG_ON=1 for this output (/apps/lmod/lmod/init/bash)
Shell debugging restarted
+ unset __lmod_vx
+ input_file=input.nc
+ yyyymmdd=20240315
+ nccopy -k classic input.nc input.nc.tmp
+ ncks --mk_rec_dmn Time input.nc.tmp -O -o input.nc.tmp
+ ncatted -O -a units,Longitude,m,c,degrees_east input.nc.tmp
+ ncrename -v Time,time -d Time,time input.nc.tmp -O -o input.nc.tmp
+ ncrename -v Latitude,lat -d Latitude,lat input.nc.tmp -O -o input.nc.tmp
+ ncrename -v Longitude,lon -d Longitude,lon input.nc.tmp -O -o input.nc.tmp
+ ncap2 -O -s 'time[time]=0' input.nc.tmp -o input.nc.tmp
+ ncks -C -O -x -v Max_emission,Max_emission_col,Max_emission_row input.nc.tmp input.nc.tmp
+ ncks -C -O -x -v QCAll,CloudPerc,FirePerc,NumSensor input.nc.tmp input.nc.tmp
+ ncks -C -O -x -v TotalEmis_region_Africa input.nc.tmp input.nc.tmp
+ ncks -C -O -x -v TotalEmis_region_Asia input.nc.tmp input.nc.tmp
+ ncks -C -O -x -v TotalEmis_region_Australia input.nc.tmp input.nc.tmp
+ ncks -C -O -x -v TotalEmis_region_Europe input.nc.tmp input.nc.tmp
+ ncks -C -O -x -v TotalEmis_region_NorthAmerica input.nc.tmp input.nc.tmp
+ ncks -C -O -x -v TotalEmis_region_SouthAmerica input.nc.tmp input.nc.tmp
+ ncks -C -O -x -v quality_information input.nc.tmp input.nc.tmp
+ ncks -O -d lat,-89.5,89.5 input.nc.tmp input.nc.tmp2
++ date -d 20240315 +%Y-%m-%d
+ d=2024-03-15
+ dd='hours since 2024-03-15 12:00:00'
+ ncatted -O -a 'units,time,c,c,hours since 2024-03-15 12:00:00' input.nc.tmp2
+ ncatted -O -a long_name,time,c,c,Time input.nc.tmp2
+ ncatted -O -a calendar,time,c,c,gregorian input.nc.tmp2
+ ncatted -O -a axis,time,c,c,T input.nc.tmp2
+ ncatted -O -a long_name,lat,m,c,latitude input.nc.tmp2
+ ncatted -O -a long_name,lon,m,c,longitude input.nc.tmp2
+ ncatted -O -a axis,lon,d,, input.nc.tmp2
+ ncatted -O -a bounds,lon,d,, input.nc.tmp2
+ ncatted -O -a valid_range,lon,d,, input.nc.tmp2
+ ncatted -O -a scale_factor,lon,d,, input.nc.tmp2
+ ncatted -O -a add_offset,lon,d,, input.nc.tmp2
+ ncatted -O -a _FillValue,lon,d,, input.nc.tmp2
+ ncatted -O -a axis,lat,d,, input.nc.tmp2
+ ncatted -O -a bounds,lat,d,, input.nc.tmp2
+ ncatted -O -a valid_range,lat,d,, input.nc.tmp2
+ ncatted -O -a scale_factor,lat,d,, input.nc.tmp2
+ ncatted -O -a add_offset,lat,d,, input.nc.tmp2
+ ncatted -O -a _FillValue,lat,d,, input.nc.tmp2
+ ncatted -O -a coordinates,SO2,d,, input.nc.tmp2
+ ncatted -O -a coordinates,PM2.5,d,, input.nc.tmp2
+ ncatted -O -a coordinates,OC,d,, input.nc.tmp2
+ ncatted -O -a coordinates,BC,d,, input.nc.tmp2
+ ncatted -O -a coordinates,CO,d,, input.nc.tmp2
+ ncatted -O -a coordinates,NOx,d,, input.nc.tmp2
+ ncatted -O -a coordinates,NH3,d,, input.nc.tmp2
+ ncatted -O -a valid_range,SO2,d,, input.nc.tmp2
+ ncatted -O -a valid_range,PM2.5,d,, input.nc.tmp2
+ ncatted -O -a valid_range,OC,d,, input.nc.tmp2
+ ncatted -O -a valid_range,BC,d,, input.nc.tmp2
+ ncatted -O -a valid_range,CO,d,, input.nc.tmp2
+ ncatted -O -a valid_range,NOx,d,, input.nc.tmp2
+ ncatted -O -a valid_range,NH3,d,, input.nc.tmp2
+ ncatted -O -a add_offset,SO2,d,, input.nc.tmp2
+ ncatted -O -a add_offset,PM2.5,d,, input.nc.tmp2
+ ncatted -O -a add_offset,OC,d,, input.nc.tmp2
+ ncatted -O -a add_offset,BC,d,, input.nc.tmp2
+ ncatted -O -a add_offset,CO,d,, input.nc.tmp2
+ ncatted -O -a add_offset,NOx,d,, input.nc.tmp2
+ ncatted -O -a add_offset,NH3,d,, input.nc.tmp2
+ ncatted -O -a add_offset,MeanFRP,d,, input.nc.tmp2
+ ncatted -O -a valid_range,MeanFRP,d,, input.nc.tmp2
+ ncatted -O -a coordinates,MeanFRP,d,, input.nc.tmp2
+ nccopy -k 'netCDF-4 classic model' input.nc.tmp2 input.nc.tmp3
+ nccopy -d1 input.nc.tmp3 input.nc.tmp4
+ ERR=0
+ ECNT=0
+ '[' 0 -eq 0 ']'
+ /bin/mv input.nc.tmp4 /scratch1/BMC/gsd-fv3-dev/MAPP_2018/bhuang/JEDI-2020/JEDI-FV3/expCodes/PACEData/GBBEPx/Prep_GBBEPx_2024030100_2024043000/FixGBBEPx/GBBEPx_all01GRID.emissions_v004_20240315.nc
+ ERR=0
+ ECNT=0
+ '[' 0 -eq 0 ']'
+ echo 'Fix GBBEPx successflully at 20240315'
Fix GBBEPx successflully at 20240315
++ /scratch2/NCEPDEV/nwprod/NCEPLIBS/utils/prod_util.v1.1.0/exec/ndate 24 2024031500
+ IDATE=2024031600
+ '[' 2024031600 -le 2024043000 ']'
+ ECNT=0
+ /bin/rm -rf input.nc.tmp input.nc.tmp2 input.nc.tmp3 input.nc
+ IY=2024
+ IM=03
+ ID=16
+ IYMD=20240316
+ SRCFILE='/scratch1/BMC/gsd-fv3-dev/MAPP_2018/bhuang/JEDI-2020/JEDI-FV3/expCodes/PACEData/GBBEPx/Prep_GBBEPx_2024030100_2024043000/2024031600/*.nc'
+ OUTFILE=/scratch1/BMC/gsd-fv3-dev/MAPP_2018/bhuang/JEDI-2020/JEDI-FV3/expCodes/PACEData/GBBEPx/Prep_GBBEPx_2024030100_2024043000/FixGBBEPx/GBBEPx_all01GRID.emissions_v004_20240316.nc
++ wc -l
++ ls /scratch1/BMC/gsd-fv3-dev/MAPP_2018/bhuang/JEDI-2020/JEDI-FV3/expCodes/PACEData/GBBEPx/Prep_GBBEPx_2024030100_2024043000/2024031600/GBBEPx-all01GRID_v4r0_blend_s202403160000000_e202403162359590_c202403170228470.nc
+ NNC=1
+ '[' 1 -eq 1 ']'
++ ls /scratch1/BMC/gsd-fv3-dev/MAPP_2018/bhuang/JEDI-2020/JEDI-FV3/expCodes/PACEData/GBBEPx/Prep_GBBEPx_2024030100_2024043000/2024031600/GBBEPx-all01GRID_v4r0_blend_s202403160000000_e202403162359590_c202403170228470.nc
+ for FILE in $(ls ${SRCFILE})
+ /bin/cp /scratch1/BMC/gsd-fv3-dev/MAPP_2018/bhuang/JEDI-2020/JEDI-FV3/expCodes/PACEData/GBBEPx/Prep_GBBEPx_2024030100_2024043000/2024031600/GBBEPx-all01GRID_v4r0_blend_s202403160000000_e202403162359590_c202403170228470.nc input.nc
+ ERR=0
+ ECNT=0
+ /home/Bo.Huang/JEDI-2020/UFS-Aerosols_RETcyc/UFS-Aerosols-EP4_JEDI-AeroDA-Reanl/misc/PrepPACE/GBBEPx/fix_GBBEPx_Li.sh input.nc 20240316
+ '[' -z '' ']'
+ case "$-" in
+ __lmod_vx=x
+ '[' -n x ']'
+ set +x
Shell debugging temporarily silenced: export LMOD_SH_DBG_ON=1 for this output (/apps/lmod/lmod/init/bash)
Shell debugging restarted
+ unset __lmod_vx
+ input_file=input.nc
+ yyyymmdd=20240316
+ nccopy -k classic input.nc input.nc.tmp
+ ncks --mk_rec_dmn Time input.nc.tmp -O -o input.nc.tmp
+ ncatted -O -a units,Longitude,m,c,degrees_east input.nc.tmp
+ ncrename -v Time,time -d Time,time input.nc.tmp -O -o input.nc.tmp
+ ncrename -v Latitude,lat -d Latitude,lat input.nc.tmp -O -o input.nc.tmp
+ ncrename -v Longitude,lon -d Longitude,lon input.nc.tmp -O -o input.nc.tmp
+ ncap2 -O -s 'time[time]=0' input.nc.tmp -o input.nc.tmp
+ ncks -C -O -x -v Max_emission,Max_emission_col,Max_emission_row input.nc.tmp input.nc.tmp
+ ncks -C -O -x -v QCAll,CloudPerc,FirePerc,NumSensor input.nc.tmp input.nc.tmp
+ ncks -C -O -x -v TotalEmis_region_Africa input.nc.tmp input.nc.tmp
+ ncks -C -O -x -v TotalEmis_region_Asia input.nc.tmp input.nc.tmp
+ ncks -C -O -x -v TotalEmis_region_Australia input.nc.tmp input.nc.tmp
+ ncks -C -O -x -v TotalEmis_region_Europe input.nc.tmp input.nc.tmp
+ ncks -C -O -x -v TotalEmis_region_NorthAmerica input.nc.tmp input.nc.tmp
+ ncks -C -O -x -v TotalEmis_region_SouthAmerica input.nc.tmp input.nc.tmp
+ ncks -C -O -x -v quality_information input.nc.tmp input.nc.tmp
+ ncks -O -d lat,-89.5,89.5 input.nc.tmp input.nc.tmp2
++ date -d 20240316 +%Y-%m-%d
+ d=2024-03-16
+ dd='hours since 2024-03-16 12:00:00'
+ ncatted -O -a 'units,time,c,c,hours since 2024-03-16 12:00:00' input.nc.tmp2
+ ncatted -O -a long_name,time,c,c,Time input.nc.tmp2
+ ncatted -O -a calendar,time,c,c,gregorian input.nc.tmp2
+ ncatted -O -a axis,time,c,c,T input.nc.tmp2
+ ncatted -O -a long_name,lat,m,c,latitude input.nc.tmp2
+ ncatted -O -a long_name,lon,m,c,longitude input.nc.tmp2
+ ncatted -O -a axis,lon,d,, input.nc.tmp2
+ ncatted -O -a bounds,lon,d,, input.nc.tmp2
+ ncatted -O -a valid_range,lon,d,, input.nc.tmp2
+ ncatted -O -a scale_factor,lon,d,, input.nc.tmp2
+ ncatted -O -a add_offset,lon,d,, input.nc.tmp2
+ ncatted -O -a _FillValue,lon,d,, input.nc.tmp2
+ ncatted -O -a axis,lat,d,, input.nc.tmp2
+ ncatted -O -a bounds,lat,d,, input.nc.tmp2
+ ncatted -O -a valid_range,lat,d,, input.nc.tmp2
+ ncatted -O -a scale_factor,lat,d,, input.nc.tmp2
+ ncatted -O -a add_offset,lat,d,, input.nc.tmp2
+ ncatted -O -a _FillValue,lat,d,, input.nc.tmp2
+ ncatted -O -a coordinates,SO2,d,, input.nc.tmp2
+ ncatted -O -a coordinates,PM2.5,d,, input.nc.tmp2
+ ncatted -O -a coordinates,OC,d,, input.nc.tmp2
+ ncatted -O -a coordinates,BC,d,, input.nc.tmp2
+ ncatted -O -a coordinates,CO,d,, input.nc.tmp2
+ ncatted -O -a coordinates,NOx,d,, input.nc.tmp2
+ ncatted -O -a coordinates,NH3,d,, input.nc.tmp2
+ ncatted -O -a valid_range,SO2,d,, input.nc.tmp2
+ ncatted -O -a valid_range,PM2.5,d,, input.nc.tmp2
+ ncatted -O -a valid_range,OC,d,, input.nc.tmp2
+ ncatted -O -a valid_range,BC,d,, input.nc.tmp2
+ ncatted -O -a valid_range,CO,d,, input.nc.tmp2
+ ncatted -O -a valid_range,NOx,d,, input.nc.tmp2
+ ncatted -O -a valid_range,NH3,d,, input.nc.tmp2
+ ncatted -O -a add_offset,SO2,d,, input.nc.tmp2
+ ncatted -O -a add_offset,PM2.5,d,, input.nc.tmp2
+ ncatted -O -a add_offset,OC,d,, input.nc.tmp2
+ ncatted -O -a add_offset,BC,d,, input.nc.tmp2
+ ncatted -O -a add_offset,CO,d,, input.nc.tmp2
+ ncatted -O -a add_offset,NOx,d,, input.nc.tmp2
+ ncatted -O -a add_offset,NH3,d,, input.nc.tmp2
+ ncatted -O -a add_offset,MeanFRP,d,, input.nc.tmp2
+ ncatted -O -a valid_range,MeanFRP,d,, input.nc.tmp2
+ ncatted -O -a coordinates,MeanFRP,d,, input.nc.tmp2
+ nccopy -k 'netCDF-4 classic model' input.nc.tmp2 input.nc.tmp3
+ nccopy -d1 input.nc.tmp3 input.nc.tmp4
+ ERR=0
+ ECNT=0
+ '[' 0 -eq 0 ']'
+ /bin/mv input.nc.tmp4 /scratch1/BMC/gsd-fv3-dev/MAPP_2018/bhuang/JEDI-2020/JEDI-FV3/expCodes/PACEData/GBBEPx/Prep_GBBEPx_2024030100_2024043000/FixGBBEPx/GBBEPx_all01GRID.emissions_v004_20240316.nc
+ ERR=0
+ ECNT=0
+ '[' 0 -eq 0 ']'
+ echo 'Fix GBBEPx successflully at 20240316'
Fix GBBEPx successflully at 20240316
++ /scratch2/NCEPDEV/nwprod/NCEPLIBS/utils/prod_util.v1.1.0/exec/ndate 24 2024031600
+ IDATE=2024031700
+ '[' 2024031700 -le 2024043000 ']'
+ ECNT=0
+ /bin/rm -rf input.nc.tmp input.nc.tmp2 input.nc.tmp3 input.nc
+ IY=2024
+ IM=03
+ ID=17
+ IYMD=20240317
+ SRCFILE='/scratch1/BMC/gsd-fv3-dev/MAPP_2018/bhuang/JEDI-2020/JEDI-FV3/expCodes/PACEData/GBBEPx/Prep_GBBEPx_2024030100_2024043000/2024031700/*.nc'
+ OUTFILE=/scratch1/BMC/gsd-fv3-dev/MAPP_2018/bhuang/JEDI-2020/JEDI-FV3/expCodes/PACEData/GBBEPx/Prep_GBBEPx_2024030100_2024043000/FixGBBEPx/GBBEPx_all01GRID.emissions_v004_20240317.nc
++ wc -l
++ ls /scratch1/BMC/gsd-fv3-dev/MAPP_2018/bhuang/JEDI-2020/JEDI-FV3/expCodes/PACEData/GBBEPx/Prep_GBBEPx_2024030100_2024043000/2024031700/GBBEPx-all01GRID_v4r0_blend_s202403170000000_e202403172359590_c202403180211540.nc
+ NNC=1
+ '[' 1 -eq 1 ']'
++ ls /scratch1/BMC/gsd-fv3-dev/MAPP_2018/bhuang/JEDI-2020/JEDI-FV3/expCodes/PACEData/GBBEPx/Prep_GBBEPx_2024030100_2024043000/2024031700/GBBEPx-all01GRID_v4r0_blend_s202403170000000_e202403172359590_c202403180211540.nc
+ for FILE in $(ls ${SRCFILE})
+ /bin/cp /scratch1/BMC/gsd-fv3-dev/MAPP_2018/bhuang/JEDI-2020/JEDI-FV3/expCodes/PACEData/GBBEPx/Prep_GBBEPx_2024030100_2024043000/2024031700/GBBEPx-all01GRID_v4r0_blend_s202403170000000_e202403172359590_c202403180211540.nc input.nc
+ ERR=0
+ ECNT=0
+ /home/Bo.Huang/JEDI-2020/UFS-Aerosols_RETcyc/UFS-Aerosols-EP4_JEDI-AeroDA-Reanl/misc/PrepPACE/GBBEPx/fix_GBBEPx_Li.sh input.nc 20240317
+ '[' -z '' ']'
+ case "$-" in
+ __lmod_vx=x
+ '[' -n x ']'
+ set +x
Shell debugging temporarily silenced: export LMOD_SH_DBG_ON=1 for this output (/apps/lmod/lmod/init/bash)
Shell debugging restarted
+ unset __lmod_vx
+ input_file=input.nc
+ yyyymmdd=20240317
+ nccopy -k classic input.nc input.nc.tmp
+ ncks --mk_rec_dmn Time input.nc.tmp -O -o input.nc.tmp
+ ncatted -O -a units,Longitude,m,c,degrees_east input.nc.tmp
+ ncrename -v Time,time -d Time,time input.nc.tmp -O -o input.nc.tmp
+ ncrename -v Latitude,lat -d Latitude,lat input.nc.tmp -O -o input.nc.tmp
+ ncrename -v Longitude,lon -d Longitude,lon input.nc.tmp -O -o input.nc.tmp
+ ncap2 -O -s 'time[time]=0' input.nc.tmp -o input.nc.tmp
+ ncks -C -O -x -v Max_emission,Max_emission_col,Max_emission_row input.nc.tmp input.nc.tmp
+ ncks -C -O -x -v QCAll,CloudPerc,FirePerc,NumSensor input.nc.tmp input.nc.tmp
+ ncks -C -O -x -v TotalEmis_region_Africa input.nc.tmp input.nc.tmp
+ ncks -C -O -x -v TotalEmis_region_Asia input.nc.tmp input.nc.tmp
+ ncks -C -O -x -v TotalEmis_region_Australia input.nc.tmp input.nc.tmp
+ ncks -C -O -x -v TotalEmis_region_Europe input.nc.tmp input.nc.tmp
+ ncks -C -O -x -v TotalEmis_region_NorthAmerica input.nc.tmp input.nc.tmp
+ ncks -C -O -x -v TotalEmis_region_SouthAmerica input.nc.tmp input.nc.tmp
+ ncks -C -O -x -v quality_information input.nc.tmp input.nc.tmp
+ ncks -O -d lat,-89.5,89.5 input.nc.tmp input.nc.tmp2
++ date -d 20240317 +%Y-%m-%d
+ d=2024-03-17
+ dd='hours since 2024-03-17 12:00:00'
+ ncatted -O -a 'units,time,c,c,hours since 2024-03-17 12:00:00' input.nc.tmp2
+ ncatted -O -a long_name,time,c,c,Time input.nc.tmp2
+ ncatted -O -a calendar,time,c,c,gregorian input.nc.tmp2
+ ncatted -O -a axis,time,c,c,T input.nc.tmp2
+ ncatted -O -a long_name,lat,m,c,latitude input.nc.tmp2
+ ncatted -O -a long_name,lon,m,c,longitude input.nc.tmp2
+ ncatted -O -a axis,lon,d,, input.nc.tmp2
+ ncatted -O -a bounds,lon,d,, input.nc.tmp2
+ ncatted -O -a valid_range,lon,d,, input.nc.tmp2
+ ncatted -O -a scale_factor,lon,d,, input.nc.tmp2
+ ncatted -O -a add_offset,lon,d,, input.nc.tmp2
+ ncatted -O -a _FillValue,lon,d,, input.nc.tmp2
+ ncatted -O -a axis,lat,d,, input.nc.tmp2
+ ncatted -O -a bounds,lat,d,, input.nc.tmp2
+ ncatted -O -a valid_range,lat,d,, input.nc.tmp2
+ ncatted -O -a scale_factor,lat,d,, input.nc.tmp2
+ ncatted -O -a add_offset,lat,d,, input.nc.tmp2
+ ncatted -O -a _FillValue,lat,d,, input.nc.tmp2
+ ncatted -O -a coordinates,SO2,d,, input.nc.tmp2
+ ncatted -O -a coordinates,PM2.5,d,, input.nc.tmp2
+ ncatted -O -a coordinates,OC,d,, input.nc.tmp2
+ ncatted -O -a coordinates,BC,d,, input.nc.tmp2
+ ncatted -O -a coordinates,CO,d,, input.nc.tmp2
+ ncatted -O -a coordinates,NOx,d,, input.nc.tmp2
+ ncatted -O -a coordinates,NH3,d,, input.nc.tmp2
+ ncatted -O -a valid_range,SO2,d,, input.nc.tmp2
+ ncatted -O -a valid_range,PM2.5,d,, input.nc.tmp2
+ ncatted -O -a valid_range,OC,d,, input.nc.tmp2
+ ncatted -O -a valid_range,BC,d,, input.nc.tmp2
+ ncatted -O -a valid_range,CO,d,, input.nc.tmp2
+ ncatted -O -a valid_range,NOx,d,, input.nc.tmp2
+ ncatted -O -a valid_range,NH3,d,, input.nc.tmp2
+ ncatted -O -a add_offset,SO2,d,, input.nc.tmp2
+ ncatted -O -a add_offset,PM2.5,d,, input.nc.tmp2
+ ncatted -O -a add_offset,OC,d,, input.nc.tmp2
+ ncatted -O -a add_offset,BC,d,, input.nc.tmp2
+ ncatted -O -a add_offset,CO,d,, input.nc.tmp2
+ ncatted -O -a add_offset,NOx,d,, input.nc.tmp2
+ ncatted -O -a add_offset,NH3,d,, input.nc.tmp2
+ ncatted -O -a add_offset,MeanFRP,d,, input.nc.tmp2
+ ncatted -O -a valid_range,MeanFRP,d,, input.nc.tmp2
+ ncatted -O -a coordinates,MeanFRP,d,, input.nc.tmp2
+ nccopy -k 'netCDF-4 classic model' input.nc.tmp2 input.nc.tmp3
+ nccopy -d1 input.nc.tmp3 input.nc.tmp4
+ ERR=0
+ ECNT=0
+ '[' 0 -eq 0 ']'
+ /bin/mv input.nc.tmp4 /scratch1/BMC/gsd-fv3-dev/MAPP_2018/bhuang/JEDI-2020/JEDI-FV3/expCodes/PACEData/GBBEPx/Prep_GBBEPx_2024030100_2024043000/FixGBBEPx/GBBEPx_all01GRID.emissions_v004_20240317.nc
+ ERR=0
+ ECNT=0
+ '[' 0 -eq 0 ']'
+ echo 'Fix GBBEPx successflully at 20240317'
Fix GBBEPx successflully at 20240317
++ /scratch2/NCEPDEV/nwprod/NCEPLIBS/utils/prod_util.v1.1.0/exec/ndate 24 2024031700
+ IDATE=2024031800
+ '[' 2024031800 -le 2024043000 ']'
+ ECNT=0
+ /bin/rm -rf input.nc.tmp input.nc.tmp2 input.nc.tmp3 input.nc
+ IY=2024
+ IM=03
+ ID=18
+ IYMD=20240318
+ SRCFILE='/scratch1/BMC/gsd-fv3-dev/MAPP_2018/bhuang/JEDI-2020/JEDI-FV3/expCodes/PACEData/GBBEPx/Prep_GBBEPx_2024030100_2024043000/2024031800/*.nc'
+ OUTFILE=/scratch1/BMC/gsd-fv3-dev/MAPP_2018/bhuang/JEDI-2020/JEDI-FV3/expCodes/PACEData/GBBEPx/Prep_GBBEPx_2024030100_2024043000/FixGBBEPx/GBBEPx_all01GRID.emissions_v004_20240318.nc
++ wc -l
++ ls /scratch1/BMC/gsd-fv3-dev/MAPP_2018/bhuang/JEDI-2020/JEDI-FV3/expCodes/PACEData/GBBEPx/Prep_GBBEPx_2024030100_2024043000/2024031800/GBBEPx-all01GRID_v4r0_blend_s202403180000000_e202403182359590_c202403190324380.nc
+ NNC=1
+ '[' 1 -eq 1 ']'
++ ls /scratch1/BMC/gsd-fv3-dev/MAPP_2018/bhuang/JEDI-2020/JEDI-FV3/expCodes/PACEData/GBBEPx/Prep_GBBEPx_2024030100_2024043000/2024031800/GBBEPx-all01GRID_v4r0_blend_s202403180000000_e202403182359590_c202403190324380.nc
+ for FILE in $(ls ${SRCFILE})
+ /bin/cp /scratch1/BMC/gsd-fv3-dev/MAPP_2018/bhuang/JEDI-2020/JEDI-FV3/expCodes/PACEData/GBBEPx/Prep_GBBEPx_2024030100_2024043000/2024031800/GBBEPx-all01GRID_v4r0_blend_s202403180000000_e202403182359590_c202403190324380.nc input.nc
+ ERR=0
+ ECNT=0
+ /home/Bo.Huang/JEDI-2020/UFS-Aerosols_RETcyc/UFS-Aerosols-EP4_JEDI-AeroDA-Reanl/misc/PrepPACE/GBBEPx/fix_GBBEPx_Li.sh input.nc 20240318
+ '[' -z '' ']'
+ case "$-" in
+ __lmod_vx=x
+ '[' -n x ']'
+ set +x
Shell debugging temporarily silenced: export LMOD_SH_DBG_ON=1 for this output (/apps/lmod/lmod/init/bash)
Shell debugging restarted
+ unset __lmod_vx
+ input_file=input.nc
+ yyyymmdd=20240318
+ nccopy -k classic input.nc input.nc.tmp
+ ncks --mk_rec_dmn Time input.nc.tmp -O -o input.nc.tmp
+ ncatted -O -a units,Longitude,m,c,degrees_east input.nc.tmp
+ ncrename -v Time,time -d Time,time input.nc.tmp -O -o input.nc.tmp
+ ncrename -v Latitude,lat -d Latitude,lat input.nc.tmp -O -o input.nc.tmp
+ ncrename -v Longitude,lon -d Longitude,lon input.nc.tmp -O -o input.nc.tmp
+ ncap2 -O -s 'time[time]=0' input.nc.tmp -o input.nc.tmp
+ ncks -C -O -x -v Max_emission,Max_emission_col,Max_emission_row input.nc.tmp input.nc.tmp
+ ncks -C -O -x -v QCAll,CloudPerc,FirePerc,NumSensor input.nc.tmp input.nc.tmp
+ ncks -C -O -x -v TotalEmis_region_Africa input.nc.tmp input.nc.tmp
+ ncks -C -O -x -v TotalEmis_region_Asia input.nc.tmp input.nc.tmp
+ ncks -C -O -x -v TotalEmis_region_Australia input.nc.tmp input.nc.tmp
+ ncks -C -O -x -v TotalEmis_region_Europe input.nc.tmp input.nc.tmp
+ ncks -C -O -x -v TotalEmis_region_NorthAmerica input.nc.tmp input.nc.tmp
+ ncks -C -O -x -v TotalEmis_region_SouthAmerica input.nc.tmp input.nc.tmp
+ ncks -C -O -x -v quality_information input.nc.tmp input.nc.tmp
+ ncks -O -d lat,-89.5,89.5 input.nc.tmp input.nc.tmp2
++ date -d 20240318 +%Y-%m-%d
+ d=2024-03-18
+ dd='hours since 2024-03-18 12:00:00'
+ ncatted -O -a 'units,time,c,c,hours since 2024-03-18 12:00:00' input.nc.tmp2
+ ncatted -O -a long_name,time,c,c,Time input.nc.tmp2
+ ncatted -O -a calendar,time,c,c,gregorian input.nc.tmp2
+ ncatted -O -a axis,time,c,c,T input.nc.tmp2
+ ncatted -O -a long_name,lat,m,c,latitude input.nc.tmp2
+ ncatted -O -a long_name,lon,m,c,longitude input.nc.tmp2
+ ncatted -O -a axis,lon,d,, input.nc.tmp2
+ ncatted -O -a bounds,lon,d,, input.nc.tmp2
+ ncatted -O -a valid_range,lon,d,, input.nc.tmp2
+ ncatted -O -a scale_factor,lon,d,, input.nc.tmp2
+ ncatted -O -a add_offset,lon,d,, input.nc.tmp2
+ ncatted -O -a _FillValue,lon,d,, input.nc.tmp2
+ ncatted -O -a axis,lat,d,, input.nc.tmp2
+ ncatted -O -a bounds,lat,d,, input.nc.tmp2
+ ncatted -O -a valid_range,lat,d,, input.nc.tmp2
+ ncatted -O -a scale_factor,lat,d,, input.nc.tmp2
+ ncatted -O -a add_offset,lat,d,, input.nc.tmp2
+ ncatted -O -a _FillValue,lat,d,, input.nc.tmp2
+ ncatted -O -a coordinates,SO2,d,, input.nc.tmp2
+ ncatted -O -a coordinates,PM2.5,d,, input.nc.tmp2
+ ncatted -O -a coordinates,OC,d,, input.nc.tmp2
+ ncatted -O -a coordinates,BC,d,, input.nc.tmp2
+ ncatted -O -a coordinates,CO,d,, input.nc.tmp2
+ ncatted -O -a coordinates,NOx,d,, input.nc.tmp2
+ ncatted -O -a coordinates,NH3,d,, input.nc.tmp2
+ ncatted -O -a valid_range,SO2,d,, input.nc.tmp2
+ ncatted -O -a valid_range,PM2.5,d,, input.nc.tmp2
+ ncatted -O -a valid_range,OC,d,, input.nc.tmp2
+ ncatted -O -a valid_range,BC,d,, input.nc.tmp2
+ ncatted -O -a valid_range,CO,d,, input.nc.tmp2
+ ncatted -O -a valid_range,NOx,d,, input.nc.tmp2
+ ncatted -O -a valid_range,NH3,d,, input.nc.tmp2
+ ncatted -O -a add_offset,SO2,d,, input.nc.tmp2
+ ncatted -O -a add_offset,PM2.5,d,, input.nc.tmp2
+ ncatted -O -a add_offset,OC,d,, input.nc.tmp2
+ ncatted -O -a add_offset,BC,d,, input.nc.tmp2
+ ncatted -O -a add_offset,CO,d,, input.nc.tmp2
+ ncatted -O -a add_offset,NOx,d,, input.nc.tmp2
+ ncatted -O -a add_offset,NH3,d,, input.nc.tmp2
+ ncatted -O -a add_offset,MeanFRP,d,, input.nc.tmp2
+ ncatted -O -a valid_range,MeanFRP,d,, input.nc.tmp2
+ ncatted -O -a coordinates,MeanFRP,d,, input.nc.tmp2
+ nccopy -k 'netCDF-4 classic model' input.nc.tmp2 input.nc.tmp3
+ nccopy -d1 input.nc.tmp3 input.nc.tmp4
+ ERR=0
+ ECNT=0
+ '[' 0 -eq 0 ']'
+ /bin/mv input.nc.tmp4 /scratch1/BMC/gsd-fv3-dev/MAPP_2018/bhuang/JEDI-2020/JEDI-FV3/expCodes/PACEData/GBBEPx/Prep_GBBEPx_2024030100_2024043000/FixGBBEPx/GBBEPx_all01GRID.emissions_v004_20240318.nc
+ ERR=0
+ ECNT=0
+ '[' 0 -eq 0 ']'
+ echo 'Fix GBBEPx successflully at 20240318'
Fix GBBEPx successflully at 20240318
++ /scratch2/NCEPDEV/nwprod/NCEPLIBS/utils/prod_util.v1.1.0/exec/ndate 24 2024031800
+ IDATE=2024031900
+ '[' 2024031900 -le 2024043000 ']'
+ ECNT=0
+ /bin/rm -rf input.nc.tmp input.nc.tmp2 input.nc.tmp3 input.nc
+ IY=2024
+ IM=03
+ ID=19
+ IYMD=20240319
+ SRCFILE='/scratch1/BMC/gsd-fv3-dev/MAPP_2018/bhuang/JEDI-2020/JEDI-FV3/expCodes/PACEData/GBBEPx/Prep_GBBEPx_2024030100_2024043000/2024031900/*.nc'
+ OUTFILE=/scratch1/BMC/gsd-fv3-dev/MAPP_2018/bhuang/JEDI-2020/JEDI-FV3/expCodes/PACEData/GBBEPx/Prep_GBBEPx_2024030100_2024043000/FixGBBEPx/GBBEPx_all01GRID.emissions_v004_20240319.nc
++ wc -l
++ ls /scratch1/BMC/gsd-fv3-dev/MAPP_2018/bhuang/JEDI-2020/JEDI-FV3/expCodes/PACEData/GBBEPx/Prep_GBBEPx_2024030100_2024043000/2024031900/GBBEPx-all01GRID_v4r0_blend_s202403190000000_e202403192359590_c202403200147530.nc
+ NNC=1
+ '[' 1 -eq 1 ']'
++ ls /scratch1/BMC/gsd-fv3-dev/MAPP_2018/bhuang/JEDI-2020/JEDI-FV3/expCodes/PACEData/GBBEPx/Prep_GBBEPx_2024030100_2024043000/2024031900/GBBEPx-all01GRID_v4r0_blend_s202403190000000_e202403192359590_c202403200147530.nc
+ for FILE in $(ls ${SRCFILE})
+ /bin/cp /scratch1/BMC/gsd-fv3-dev/MAPP_2018/bhuang/JEDI-2020/JEDI-FV3/expCodes/PACEData/GBBEPx/Prep_GBBEPx_2024030100_2024043000/2024031900/GBBEPx-all01GRID_v4r0_blend_s202403190000000_e202403192359590_c202403200147530.nc input.nc
+ ERR=0
+ ECNT=0
+ /home/Bo.Huang/JEDI-2020/UFS-Aerosols_RETcyc/UFS-Aerosols-EP4_JEDI-AeroDA-Reanl/misc/PrepPACE/GBBEPx/fix_GBBEPx_Li.sh input.nc 20240319
+ '[' -z '' ']'
+ case "$-" in
+ __lmod_vx=x
+ '[' -n x ']'
+ set +x
Shell debugging temporarily silenced: export LMOD_SH_DBG_ON=1 for this output (/apps/lmod/lmod/init/bash)
Shell debugging restarted
+ unset __lmod_vx
+ input_file=input.nc
+ yyyymmdd=20240319
+ nccopy -k classic input.nc input.nc.tmp
+ ncks --mk_rec_dmn Time input.nc.tmp -O -o input.nc.tmp
+ ncatted -O -a units,Longitude,m,c,degrees_east input.nc.tmp
+ ncrename -v Time,time -d Time,time input.nc.tmp -O -o input.nc.tmp
+ ncrename -v Latitude,lat -d Latitude,lat input.nc.tmp -O -o input.nc.tmp
+ ncrename -v Longitude,lon -d Longitude,lon input.nc.tmp -O -o input.nc.tmp
+ ncap2 -O -s 'time[time]=0' input.nc.tmp -o input.nc.tmp
+ ncks -C -O -x -v Max_emission,Max_emission_col,Max_emission_row input.nc.tmp input.nc.tmp
+ ncks -C -O -x -v QCAll,CloudPerc,FirePerc,NumSensor input.nc.tmp input.nc.tmp
+ ncks -C -O -x -v TotalEmis_region_Africa input.nc.tmp input.nc.tmp
+ ncks -C -O -x -v TotalEmis_region_Asia input.nc.tmp input.nc.tmp
+ ncks -C -O -x -v TotalEmis_region_Australia input.nc.tmp input.nc.tmp
+ ncks -C -O -x -v TotalEmis_region_Europe input.nc.tmp input.nc.tmp
+ ncks -C -O -x -v TotalEmis_region_NorthAmerica input.nc.tmp input.nc.tmp
+ ncks -C -O -x -v TotalEmis_region_SouthAmerica input.nc.tmp input.nc.tmp
+ ncks -C -O -x -v quality_information input.nc.tmp input.nc.tmp
+ ncks -O -d lat,-89.5,89.5 input.nc.tmp input.nc.tmp2
++ date -d 20240319 +%Y-%m-%d
+ d=2024-03-19
+ dd='hours since 2024-03-19 12:00:00'
+ ncatted -O -a 'units,time,c,c,hours since 2024-03-19 12:00:00' input.nc.tmp2
+ ncatted -O -a long_name,time,c,c,Time input.nc.tmp2
+ ncatted -O -a calendar,time,c,c,gregorian input.nc.tmp2
+ ncatted -O -a axis,time,c,c,T input.nc.tmp2
+ ncatted -O -a long_name,lat,m,c,latitude input.nc.tmp2
+ ncatted -O -a long_name,lon,m,c,longitude input.nc.tmp2
+ ncatted -O -a axis,lon,d,, input.nc.tmp2
+ ncatted -O -a bounds,lon,d,, input.nc.tmp2
+ ncatted -O -a valid_range,lon,d,, input.nc.tmp2
+ ncatted -O -a scale_factor,lon,d,, input.nc.tmp2
+ ncatted -O -a add_offset,lon,d,, input.nc.tmp2
+ ncatted -O -a _FillValue,lon,d,, input.nc.tmp2
+ ncatted -O -a axis,lat,d,, input.nc.tmp2
+ ncatted -O -a bounds,lat,d,, input.nc.tmp2
+ ncatted -O -a valid_range,lat,d,, input.nc.tmp2
+ ncatted -O -a scale_factor,lat,d,, input.nc.tmp2
+ ncatted -O -a add_offset,lat,d,, input.nc.tmp2
+ ncatted -O -a _FillValue,lat,d,, input.nc.tmp2
+ ncatted -O -a coordinates,SO2,d,, input.nc.tmp2
+ ncatted -O -a coordinates,PM2.5,d,, input.nc.tmp2
+ ncatted -O -a coordinates,OC,d,, input.nc.tmp2
+ ncatted -O -a coordinates,BC,d,, input.nc.tmp2
+ ncatted -O -a coordinates,CO,d,, input.nc.tmp2
+ ncatted -O -a coordinates,NOx,d,, input.nc.tmp2
+ ncatted -O -a coordinates,NH3,d,, input.nc.tmp2
+ ncatted -O -a valid_range,SO2,d,, input.nc.tmp2
+ ncatted -O -a valid_range,PM2.5,d,, input.nc.tmp2
+ ncatted -O -a valid_range,OC,d,, input.nc.tmp2
+ ncatted -O -a valid_range,BC,d,, input.nc.tmp2
+ ncatted -O -a valid_range,CO,d,, input.nc.tmp2
+ ncatted -O -a valid_range,NOx,d,, input.nc.tmp2
+ ncatted -O -a valid_range,NH3,d,, input.nc.tmp2
+ ncatted -O -a add_offset,SO2,d,, input.nc.tmp2
+ ncatted -O -a add_offset,PM2.5,d,, input.nc.tmp2
+ ncatted -O -a add_offset,OC,d,, input.nc.tmp2
+ ncatted -O -a add_offset,BC,d,, input.nc.tmp2
+ ncatted -O -a add_offset,CO,d,, input.nc.tmp2
+ ncatted -O -a add_offset,NOx,d,, input.nc.tmp2
+ ncatted -O -a add_offset,NH3,d,, input.nc.tmp2
+ ncatted -O -a add_offset,MeanFRP,d,, input.nc.tmp2
+ ncatted -O -a valid_range,MeanFRP,d,, input.nc.tmp2
+ ncatted -O -a coordinates,MeanFRP,d,, input.nc.tmp2
+ nccopy -k 'netCDF-4 classic model' input.nc.tmp2 input.nc.tmp3
+ nccopy -d1 input.nc.tmp3 input.nc.tmp4
+ ERR=0
+ ECNT=0
+ '[' 0 -eq 0 ']'
+ /bin/mv input.nc.tmp4 /scratch1/BMC/gsd-fv3-dev/MAPP_2018/bhuang/JEDI-2020/JEDI-FV3/expCodes/PACEData/GBBEPx/Prep_GBBEPx_2024030100_2024043000/FixGBBEPx/GBBEPx_all01GRID.emissions_v004_20240319.nc
+ ERR=0
+ ECNT=0
+ '[' 0 -eq 0 ']'
+ echo 'Fix GBBEPx successflully at 20240319'
Fix GBBEPx successflully at 20240319
++ /scratch2/NCEPDEV/nwprod/NCEPLIBS/utils/prod_util.v1.1.0/exec/ndate 24 2024031900
+ IDATE=2024032000
+ '[' 2024032000 -le 2024043000 ']'
+ ECNT=0
+ /bin/rm -rf input.nc.tmp input.nc.tmp2 input.nc.tmp3 input.nc
+ IY=2024
+ IM=03
+ ID=20
+ IYMD=20240320
+ SRCFILE='/scratch1/BMC/gsd-fv3-dev/MAPP_2018/bhuang/JEDI-2020/JEDI-FV3/expCodes/PACEData/GBBEPx/Prep_GBBEPx_2024030100_2024043000/2024032000/*.nc'
+ OUTFILE=/scratch1/BMC/gsd-fv3-dev/MAPP_2018/bhuang/JEDI-2020/JEDI-FV3/expCodes/PACEData/GBBEPx/Prep_GBBEPx_2024030100_2024043000/FixGBBEPx/GBBEPx_all01GRID.emissions_v004_20240320.nc
++ wc -l
++ ls /scratch1/BMC/gsd-fv3-dev/MAPP_2018/bhuang/JEDI-2020/JEDI-FV3/expCodes/PACEData/GBBEPx/Prep_GBBEPx_2024030100_2024043000/2024032000/GBBEPx-all01GRID_v4r0_blend_s202403200000000_e202403202359590_c202403210324390.nc
+ NNC=1
+ '[' 1 -eq 1 ']'
++ ls /scratch1/BMC/gsd-fv3-dev/MAPP_2018/bhuang/JEDI-2020/JEDI-FV3/expCodes/PACEData/GBBEPx/Prep_GBBEPx_2024030100_2024043000/2024032000/GBBEPx-all01GRID_v4r0_blend_s202403200000000_e202403202359590_c202403210324390.nc
+ for FILE in $(ls ${SRCFILE})
+ /bin/cp /scratch1/BMC/gsd-fv3-dev/MAPP_2018/bhuang/JEDI-2020/JEDI-FV3/expCodes/PACEData/GBBEPx/Prep_GBBEPx_2024030100_2024043000/2024032000/GBBEPx-all01GRID_v4r0_blend_s202403200000000_e202403202359590_c202403210324390.nc input.nc
+ ERR=0
+ ECNT=0
+ /home/Bo.Huang/JEDI-2020/UFS-Aerosols_RETcyc/UFS-Aerosols-EP4_JEDI-AeroDA-Reanl/misc/PrepPACE/GBBEPx/fix_GBBEPx_Li.sh input.nc 20240320
+ '[' -z '' ']'
+ case "$-" in
+ __lmod_vx=x
+ '[' -n x ']'
+ set +x
Shell debugging temporarily silenced: export LMOD_SH_DBG_ON=1 for this output (/apps/lmod/lmod/init/bash)
Shell debugging restarted
+ unset __lmod_vx
+ input_file=input.nc
+ yyyymmdd=20240320
+ nccopy -k classic input.nc input.nc.tmp
+ ncks --mk_rec_dmn Time input.nc.tmp -O -o input.nc.tmp
+ ncatted -O -a units,Longitude,m,c,degrees_east input.nc.tmp
+ ncrename -v Time,time -d Time,time input.nc.tmp -O -o input.nc.tmp
+ ncrename -v Latitude,lat -d Latitude,lat input.nc.tmp -O -o input.nc.tmp
+ ncrename -v Longitude,lon -d Longitude,lon input.nc.tmp -O -o input.nc.tmp
+ ncap2 -O -s 'time[time]=0' input.nc.tmp -o input.nc.tmp
+ ncks -C -O -x -v Max_emission,Max_emission_col,Max_emission_row input.nc.tmp input.nc.tmp
+ ncks -C -O -x -v QCAll,CloudPerc,FirePerc,NumSensor input.nc.tmp input.nc.tmp
+ ncks -C -O -x -v TotalEmis_region_Africa input.nc.tmp input.nc.tmp
+ ncks -C -O -x -v TotalEmis_region_Asia input.nc.tmp input.nc.tmp
+ ncks -C -O -x -v TotalEmis_region_Australia input.nc.tmp input.nc.tmp
+ ncks -C -O -x -v TotalEmis_region_Europe input.nc.tmp input.nc.tmp
+ ncks -C -O -x -v TotalEmis_region_NorthAmerica input.nc.tmp input.nc.tmp
+ ncks -C -O -x -v TotalEmis_region_SouthAmerica input.nc.tmp input.nc.tmp
+ ncks -C -O -x -v quality_information input.nc.tmp input.nc.tmp
+ ncks -O -d lat,-89.5,89.5 input.nc.tmp input.nc.tmp2
++ date -d 20240320 +%Y-%m-%d
+ d=2024-03-20
+ dd='hours since 2024-03-20 12:00:00'
+ ncatted -O -a 'units,time,c,c,hours since 2024-03-20 12:00:00' input.nc.tmp2
+ ncatted -O -a long_name,time,c,c,Time input.nc.tmp2
+ ncatted -O -a calendar,time,c,c,gregorian input.nc.tmp2
+ ncatted -O -a axis,time,c,c,T input.nc.tmp2
+ ncatted -O -a long_name,lat,m,c,latitude input.nc.tmp2
+ ncatted -O -a long_name,lon,m,c,longitude input.nc.tmp2
+ ncatted -O -a axis,lon,d,, input.nc.tmp2
+ ncatted -O -a bounds,lon,d,, input.nc.tmp2
+ ncatted -O -a valid_range,lon,d,, input.nc.tmp2
+ ncatted -O -a scale_factor,lon,d,, input.nc.tmp2
+ ncatted -O -a add_offset,lon,d,, input.nc.tmp2
+ ncatted -O -a _FillValue,lon,d,, input.nc.tmp2
+ ncatted -O -a axis,lat,d,, input.nc.tmp2
+ ncatted -O -a bounds,lat,d,, input.nc.tmp2
+ ncatted -O -a valid_range,lat,d,, input.nc.tmp2
+ ncatted -O -a scale_factor,lat,d,, input.nc.tmp2
+ ncatted -O -a add_offset,lat,d,, input.nc.tmp2
+ ncatted -O -a _FillValue,lat,d,, input.nc.tmp2
+ ncatted -O -a coordinates,SO2,d,, input.nc.tmp2
+ ncatted -O -a coordinates,PM2.5,d,, input.nc.tmp2
+ ncatted -O -a coordinates,OC,d,, input.nc.tmp2
+ ncatted -O -a coordinates,BC,d,, input.nc.tmp2
+ ncatted -O -a coordinates,CO,d,, input.nc.tmp2
+ ncatted -O -a coordinates,NOx,d,, input.nc.tmp2
+ ncatted -O -a coordinates,NH3,d,, input.nc.tmp2
+ ncatted -O -a valid_range,SO2,d,, input.nc.tmp2
+ ncatted -O -a valid_range,PM2.5,d,, input.nc.tmp2
+ ncatted -O -a valid_range,OC,d,, input.nc.tmp2
+ ncatted -O -a valid_range,BC,d,, input.nc.tmp2
+ ncatted -O -a valid_range,CO,d,, input.nc.tmp2
+ ncatted -O -a valid_range,NOx,d,, input.nc.tmp2
+ ncatted -O -a valid_range,NH3,d,, input.nc.tmp2
+ ncatted -O -a add_offset,SO2,d,, input.nc.tmp2
+ ncatted -O -a add_offset,PM2.5,d,, input.nc.tmp2
+ ncatted -O -a add_offset,OC,d,, input.nc.tmp2
+ ncatted -O -a add_offset,BC,d,, input.nc.tmp2
+ ncatted -O -a add_offset,CO,d,, input.nc.tmp2
+ ncatted -O -a add_offset,NOx,d,, input.nc.tmp2
+ ncatted -O -a add_offset,NH3,d,, input.nc.tmp2
+ ncatted -O -a add_offset,MeanFRP,d,, input.nc.tmp2
+ ncatted -O -a valid_range,MeanFRP,d,, input.nc.tmp2
+ ncatted -O -a coordinates,MeanFRP,d,, input.nc.tmp2
+ nccopy -k 'netCDF-4 classic model' input.nc.tmp2 input.nc.tmp3
+ nccopy -d1 input.nc.tmp3 input.nc.tmp4
+ ERR=0
+ ECNT=0
+ '[' 0 -eq 0 ']'
+ /bin/mv input.nc.tmp4 /scratch1/BMC/gsd-fv3-dev/MAPP_2018/bhuang/JEDI-2020/JEDI-FV3/expCodes/PACEData/GBBEPx/Prep_GBBEPx_2024030100_2024043000/FixGBBEPx/GBBEPx_all01GRID.emissions_v004_20240320.nc
+ ERR=0
+ ECNT=0
+ '[' 0 -eq 0 ']'
+ echo 'Fix GBBEPx successflully at 20240320'
Fix GBBEPx successflully at 20240320
++ /scratch2/NCEPDEV/nwprod/NCEPLIBS/utils/prod_util.v1.1.0/exec/ndate 24 2024032000
+ IDATE=2024032100
+ '[' 2024032100 -le 2024043000 ']'
+ ECNT=0
+ /bin/rm -rf input.nc.tmp input.nc.tmp2 input.nc.tmp3 input.nc
+ IY=2024
+ IM=03
+ ID=21
+ IYMD=20240321
+ SRCFILE='/scratch1/BMC/gsd-fv3-dev/MAPP_2018/bhuang/JEDI-2020/JEDI-FV3/expCodes/PACEData/GBBEPx/Prep_GBBEPx_2024030100_2024043000/2024032100/*.nc'
+ OUTFILE=/scratch1/BMC/gsd-fv3-dev/MAPP_2018/bhuang/JEDI-2020/JEDI-FV3/expCodes/PACEData/GBBEPx/Prep_GBBEPx_2024030100_2024043000/FixGBBEPx/GBBEPx_all01GRID.emissions_v004_20240321.nc
++ wc -l
++ ls /scratch1/BMC/gsd-fv3-dev/MAPP_2018/bhuang/JEDI-2020/JEDI-FV3/expCodes/PACEData/GBBEPx/Prep_GBBEPx_2024030100_2024043000/2024032100/GBBEPx-all01GRID_v4r0_blend_s202403210000000_e202403212359590_c202403220325080.nc
+ NNC=1
+ '[' 1 -eq 1 ']'
++ ls /scratch1/BMC/gsd-fv3-dev/MAPP_2018/bhuang/JEDI-2020/JEDI-FV3/expCodes/PACEData/GBBEPx/Prep_GBBEPx_2024030100_2024043000/2024032100/GBBEPx-all01GRID_v4r0_blend_s202403210000000_e202403212359590_c202403220325080.nc
+ for FILE in $(ls ${SRCFILE})
+ /bin/cp /scratch1/BMC/gsd-fv3-dev/MAPP_2018/bhuang/JEDI-2020/JEDI-FV3/expCodes/PACEData/GBBEPx/Prep_GBBEPx_2024030100_2024043000/2024032100/GBBEPx-all01GRID_v4r0_blend_s202403210000000_e202403212359590_c202403220325080.nc input.nc
+ ERR=0
+ ECNT=0
+ /home/Bo.Huang/JEDI-2020/UFS-Aerosols_RETcyc/UFS-Aerosols-EP4_JEDI-AeroDA-Reanl/misc/PrepPACE/GBBEPx/fix_GBBEPx_Li.sh input.nc 20240321
+ '[' -z '' ']'
+ case "$-" in
+ __lmod_vx=x
+ '[' -n x ']'
+ set +x
Shell debugging temporarily silenced: export LMOD_SH_DBG_ON=1 for this output (/apps/lmod/lmod/init/bash)
Shell debugging restarted
+ unset __lmod_vx
+ input_file=input.nc
+ yyyymmdd=20240321
+ nccopy -k classic input.nc input.nc.tmp
+ ncks --mk_rec_dmn Time input.nc.tmp -O -o input.nc.tmp
+ ncatted -O -a units,Longitude,m,c,degrees_east input.nc.tmp
+ ncrename -v Time,time -d Time,time input.nc.tmp -O -o input.nc.tmp
+ ncrename -v Latitude,lat -d Latitude,lat input.nc.tmp -O -o input.nc.tmp
+ ncrename -v Longitude,lon -d Longitude,lon input.nc.tmp -O -o input.nc.tmp
+ ncap2 -O -s 'time[time]=0' input.nc.tmp -o input.nc.tmp
+ ncks -C -O -x -v Max_emission,Max_emission_col,Max_emission_row input.nc.tmp input.nc.tmp
+ ncks -C -O -x -v QCAll,CloudPerc,FirePerc,NumSensor input.nc.tmp input.nc.tmp
+ ncks -C -O -x -v TotalEmis_region_Africa input.nc.tmp input.nc.tmp
+ ncks -C -O -x -v TotalEmis_region_Asia input.nc.tmp input.nc.tmp
+ ncks -C -O -x -v TotalEmis_region_Australia input.nc.tmp input.nc.tmp
+ ncks -C -O -x -v TotalEmis_region_Europe input.nc.tmp input.nc.tmp
+ ncks -C -O -x -v TotalEmis_region_NorthAmerica input.nc.tmp input.nc.tmp
+ ncks -C -O -x -v TotalEmis_region_SouthAmerica input.nc.tmp input.nc.tmp
+ ncks -C -O -x -v quality_information input.nc.tmp input.nc.tmp
+ ncks -O -d lat,-89.5,89.5 input.nc.tmp input.nc.tmp2
++ date -d 20240321 +%Y-%m-%d
+ d=2024-03-21
+ dd='hours since 2024-03-21 12:00:00'
+ ncatted -O -a 'units,time,c,c,hours since 2024-03-21 12:00:00' input.nc.tmp2
+ ncatted -O -a long_name,time,c,c,Time input.nc.tmp2
+ ncatted -O -a calendar,time,c,c,gregorian input.nc.tmp2
+ ncatted -O -a axis,time,c,c,T input.nc.tmp2
+ ncatted -O -a long_name,lat,m,c,latitude input.nc.tmp2
+ ncatted -O -a long_name,lon,m,c,longitude input.nc.tmp2
+ ncatted -O -a axis,lon,d,, input.nc.tmp2
+ ncatted -O -a bounds,lon,d,, input.nc.tmp2
+ ncatted -O -a valid_range,lon,d,, input.nc.tmp2
+ ncatted -O -a scale_factor,lon,d,, input.nc.tmp2
+ ncatted -O -a add_offset,lon,d,, input.nc.tmp2
+ ncatted -O -a _FillValue,lon,d,, input.nc.tmp2
+ ncatted -O -a axis,lat,d,, input.nc.tmp2
+ ncatted -O -a bounds,lat,d,, input.nc.tmp2
+ ncatted -O -a valid_range,lat,d,, input.nc.tmp2
+ ncatted -O -a scale_factor,lat,d,, input.nc.tmp2
+ ncatted -O -a add_offset,lat,d,, input.nc.tmp2
+ ncatted -O -a _FillValue,lat,d,, input.nc.tmp2
+ ncatted -O -a coordinates,SO2,d,, input.nc.tmp2
+ ncatted -O -a coordinates,PM2.5,d,, input.nc.tmp2
+ ncatted -O -a coordinates,OC,d,, input.nc.tmp2
+ ncatted -O -a coordinates,BC,d,, input.nc.tmp2
+ ncatted -O -a coordinates,CO,d,, input.nc.tmp2
+ ncatted -O -a coordinates,NOx,d,, input.nc.tmp2
+ ncatted -O -a coordinates,NH3,d,, input.nc.tmp2
+ ncatted -O -a valid_range,SO2,d,, input.nc.tmp2
+ ncatted -O -a valid_range,PM2.5,d,, input.nc.tmp2
+ ncatted -O -a valid_range,OC,d,, input.nc.tmp2
+ ncatted -O -a valid_range,BC,d,, input.nc.tmp2
+ ncatted -O -a valid_range,CO,d,, input.nc.tmp2
+ ncatted -O -a valid_range,NOx,d,, input.nc.tmp2
+ ncatted -O -a valid_range,NH3,d,, input.nc.tmp2
+ ncatted -O -a add_offset,SO2,d,, input.nc.tmp2
+ ncatted -O -a add_offset,PM2.5,d,, input.nc.tmp2
+ ncatted -O -a add_offset,OC,d,, input.nc.tmp2
+ ncatted -O -a add_offset,BC,d,, input.nc.tmp2
+ ncatted -O -a add_offset,CO,d,, input.nc.tmp2
+ ncatted -O -a add_offset,NOx,d,, input.nc.tmp2
+ ncatted -O -a add_offset,NH3,d,, input.nc.tmp2
+ ncatted -O -a add_offset,MeanFRP,d,, input.nc.tmp2
+ ncatted -O -a valid_range,MeanFRP,d,, input.nc.tmp2
+ ncatted -O -a coordinates,MeanFRP,d,, input.nc.tmp2
+ nccopy -k 'netCDF-4 classic model' input.nc.tmp2 input.nc.tmp3
+ nccopy -d1 input.nc.tmp3 input.nc.tmp4
+ ERR=0
+ ECNT=0
+ '[' 0 -eq 0 ']'
+ /bin/mv input.nc.tmp4 /scratch1/BMC/gsd-fv3-dev/MAPP_2018/bhuang/JEDI-2020/JEDI-FV3/expCodes/PACEData/GBBEPx/Prep_GBBEPx_2024030100_2024043000/FixGBBEPx/GBBEPx_all01GRID.emissions_v004_20240321.nc
+ ERR=0
+ ECNT=0
+ '[' 0 -eq 0 ']'
+ echo 'Fix GBBEPx successflully at 20240321'
Fix GBBEPx successflully at 20240321
++ /scratch2/NCEPDEV/nwprod/NCEPLIBS/utils/prod_util.v1.1.0/exec/ndate 24 2024032100
+ IDATE=2024032200
+ '[' 2024032200 -le 2024043000 ']'
+ ECNT=0
+ /bin/rm -rf input.nc.tmp input.nc.tmp2 input.nc.tmp3 input.nc
+ IY=2024
+ IM=03
+ ID=22
+ IYMD=20240322
+ SRCFILE='/scratch1/BMC/gsd-fv3-dev/MAPP_2018/bhuang/JEDI-2020/JEDI-FV3/expCodes/PACEData/GBBEPx/Prep_GBBEPx_2024030100_2024043000/2024032200/*.nc'
+ OUTFILE=/scratch1/BMC/gsd-fv3-dev/MAPP_2018/bhuang/JEDI-2020/JEDI-FV3/expCodes/PACEData/GBBEPx/Prep_GBBEPx_2024030100_2024043000/FixGBBEPx/GBBEPx_all01GRID.emissions_v004_20240322.nc
++ wc -l
++ ls /scratch1/BMC/gsd-fv3-dev/MAPP_2018/bhuang/JEDI-2020/JEDI-FV3/expCodes/PACEData/GBBEPx/Prep_GBBEPx_2024030100_2024043000/2024032200/GBBEPx-all01GRID_v4r0_blend_s202403220000000_e202403222359590_c202403230324030.nc
+ NNC=1
+ '[' 1 -eq 1 ']'
++ ls /scratch1/BMC/gsd-fv3-dev/MAPP_2018/bhuang/JEDI-2020/JEDI-FV3/expCodes/PACEData/GBBEPx/Prep_GBBEPx_2024030100_2024043000/2024032200/GBBEPx-all01GRID_v4r0_blend_s202403220000000_e202403222359590_c202403230324030.nc
+ for FILE in $(ls ${SRCFILE})
+ /bin/cp /scratch1/BMC/gsd-fv3-dev/MAPP_2018/bhuang/JEDI-2020/JEDI-FV3/expCodes/PACEData/GBBEPx/Prep_GBBEPx_2024030100_2024043000/2024032200/GBBEPx-all01GRID_v4r0_blend_s202403220000000_e202403222359590_c202403230324030.nc input.nc
+ ERR=0
+ ECNT=0
+ /home/Bo.Huang/JEDI-2020/UFS-Aerosols_RETcyc/UFS-Aerosols-EP4_JEDI-AeroDA-Reanl/misc/PrepPACE/GBBEPx/fix_GBBEPx_Li.sh input.nc 20240322
+ '[' -z '' ']'
+ case "$-" in
+ __lmod_vx=x
+ '[' -n x ']'
+ set +x
Shell debugging temporarily silenced: export LMOD_SH_DBG_ON=1 for this output (/apps/lmod/lmod/init/bash)
Shell debugging restarted
+ unset __lmod_vx
+ input_file=input.nc
+ yyyymmdd=20240322
+ nccopy -k classic input.nc input.nc.tmp
+ ncks --mk_rec_dmn Time input.nc.tmp -O -o input.nc.tmp
+ ncatted -O -a units,Longitude,m,c,degrees_east input.nc.tmp
+ ncrename -v Time,time -d Time,time input.nc.tmp -O -o input.nc.tmp
+ ncrename -v Latitude,lat -d Latitude,lat input.nc.tmp -O -o input.nc.tmp
+ ncrename -v Longitude,lon -d Longitude,lon input.nc.tmp -O -o input.nc.tmp
+ ncap2 -O -s 'time[time]=0' input.nc.tmp -o input.nc.tmp
+ ncks -C -O -x -v Max_emission,Max_emission_col,Max_emission_row input.nc.tmp input.nc.tmp
+ ncks -C -O -x -v QCAll,CloudPerc,FirePerc,NumSensor input.nc.tmp input.nc.tmp
+ ncks -C -O -x -v TotalEmis_region_Africa input.nc.tmp input.nc.tmp
+ ncks -C -O -x -v TotalEmis_region_Asia input.nc.tmp input.nc.tmp
+ ncks -C -O -x -v TotalEmis_region_Australia input.nc.tmp input.nc.tmp
+ ncks -C -O -x -v TotalEmis_region_Europe input.nc.tmp input.nc.tmp
+ ncks -C -O -x -v TotalEmis_region_NorthAmerica input.nc.tmp input.nc.tmp
+ ncks -C -O -x -v TotalEmis_region_SouthAmerica input.nc.tmp input.nc.tmp
+ ncks -C -O -x -v quality_information input.nc.tmp input.nc.tmp
+ ncks -O -d lat,-89.5,89.5 input.nc.tmp input.nc.tmp2
++ date -d 20240322 +%Y-%m-%d
+ d=2024-03-22
+ dd='hours since 2024-03-22 12:00:00'
+ ncatted -O -a 'units,time,c,c,hours since 2024-03-22 12:00:00' input.nc.tmp2
+ ncatted -O -a long_name,time,c,c,Time input.nc.tmp2
+ ncatted -O -a calendar,time,c,c,gregorian input.nc.tmp2
+ ncatted -O -a axis,time,c,c,T input.nc.tmp2
+ ncatted -O -a long_name,lat,m,c,latitude input.nc.tmp2
+ ncatted -O -a long_name,lon,m,c,longitude input.nc.tmp2
+ ncatted -O -a axis,lon,d,, input.nc.tmp2
+ ncatted -O -a bounds,lon,d,, input.nc.tmp2
+ ncatted -O -a valid_range,lon,d,, input.nc.tmp2
+ ncatted -O -a scale_factor,lon,d,, input.nc.tmp2
+ ncatted -O -a add_offset,lon,d,, input.nc.tmp2
+ ncatted -O -a _FillValue,lon,d,, input.nc.tmp2
+ ncatted -O -a axis,lat,d,, input.nc.tmp2
+ ncatted -O -a bounds,lat,d,, input.nc.tmp2
+ ncatted -O -a valid_range,lat,d,, input.nc.tmp2
+ ncatted -O -a scale_factor,lat,d,, input.nc.tmp2
+ ncatted -O -a add_offset,lat,d,, input.nc.tmp2
+ ncatted -O -a _FillValue,lat,d,, input.nc.tmp2
+ ncatted -O -a coordinates,SO2,d,, input.nc.tmp2
+ ncatted -O -a coordinates,PM2.5,d,, input.nc.tmp2
+ ncatted -O -a coordinates,OC,d,, input.nc.tmp2
+ ncatted -O -a coordinates,BC,d,, input.nc.tmp2
+ ncatted -O -a coordinates,CO,d,, input.nc.tmp2
+ ncatted -O -a coordinates,NOx,d,, input.nc.tmp2
+ ncatted -O -a coordinates,NH3,d,, input.nc.tmp2
+ ncatted -O -a valid_range,SO2,d,, input.nc.tmp2
+ ncatted -O -a valid_range,PM2.5,d,, input.nc.tmp2
+ ncatted -O -a valid_range,OC,d,, input.nc.tmp2
+ ncatted -O -a valid_range,BC,d,, input.nc.tmp2
+ ncatted -O -a valid_range,CO,d,, input.nc.tmp2
+ ncatted -O -a valid_range,NOx,d,, input.nc.tmp2
+ ncatted -O -a valid_range,NH3,d,, input.nc.tmp2
+ ncatted -O -a add_offset,SO2,d,, input.nc.tmp2
+ ncatted -O -a add_offset,PM2.5,d,, input.nc.tmp2
+ ncatted -O -a add_offset,OC,d,, input.nc.tmp2
+ ncatted -O -a add_offset,BC,d,, input.nc.tmp2
+ ncatted -O -a add_offset,CO,d,, input.nc.tmp2
+ ncatted -O -a add_offset,NOx,d,, input.nc.tmp2
+ ncatted -O -a add_offset,NH3,d,, input.nc.tmp2
+ ncatted -O -a add_offset,MeanFRP,d,, input.nc.tmp2
+ ncatted -O -a valid_range,MeanFRP,d,, input.nc.tmp2
+ ncatted -O -a coordinates,MeanFRP,d,, input.nc.tmp2
+ nccopy -k 'netCDF-4 classic model' input.nc.tmp2 input.nc.tmp3
+ nccopy -d1 input.nc.tmp3 input.nc.tmp4
+ ERR=0
+ ECNT=0
+ '[' 0 -eq 0 ']'
+ /bin/mv input.nc.tmp4 /scratch1/BMC/gsd-fv3-dev/MAPP_2018/bhuang/JEDI-2020/JEDI-FV3/expCodes/PACEData/GBBEPx/Prep_GBBEPx_2024030100_2024043000/FixGBBEPx/GBBEPx_all01GRID.emissions_v004_20240322.nc
+ ERR=0
+ ECNT=0
+ '[' 0 -eq 0 ']'
+ echo 'Fix GBBEPx successflully at 20240322'
Fix GBBEPx successflully at 20240322
++ /scratch2/NCEPDEV/nwprod/NCEPLIBS/utils/prod_util.v1.1.0/exec/ndate 24 2024032200
+ IDATE=2024032300
+ '[' 2024032300 -le 2024043000 ']'
+ ECNT=0
+ /bin/rm -rf input.nc.tmp input.nc.tmp2 input.nc.tmp3 input.nc
+ IY=2024
+ IM=03
+ ID=23
+ IYMD=20240323
+ SRCFILE='/scratch1/BMC/gsd-fv3-dev/MAPP_2018/bhuang/JEDI-2020/JEDI-FV3/expCodes/PACEData/GBBEPx/Prep_GBBEPx_2024030100_2024043000/2024032300/*.nc'
+ OUTFILE=/scratch1/BMC/gsd-fv3-dev/MAPP_2018/bhuang/JEDI-2020/JEDI-FV3/expCodes/PACEData/GBBEPx/Prep_GBBEPx_2024030100_2024043000/FixGBBEPx/GBBEPx_all01GRID.emissions_v004_20240323.nc
++ wc -l
++ ls /scratch1/BMC/gsd-fv3-dev/MAPP_2018/bhuang/JEDI-2020/JEDI-FV3/expCodes/PACEData/GBBEPx/Prep_GBBEPx_2024030100_2024043000/2024032300/GBBEPx-all01GRID_v4r0_blend_s202403230000000_e202403232359590_c202403240207310.nc
+ NNC=1
+ '[' 1 -eq 1 ']'
++ ls /scratch1/BMC/gsd-fv3-dev/MAPP_2018/bhuang/JEDI-2020/JEDI-FV3/expCodes/PACEData/GBBEPx/Prep_GBBEPx_2024030100_2024043000/2024032300/GBBEPx-all01GRID_v4r0_blend_s202403230000000_e202403232359590_c202403240207310.nc
+ for FILE in $(ls ${SRCFILE})
+ /bin/cp /scratch1/BMC/gsd-fv3-dev/MAPP_2018/bhuang/JEDI-2020/JEDI-FV3/expCodes/PACEData/GBBEPx/Prep_GBBEPx_2024030100_2024043000/2024032300/GBBEPx-all01GRID_v4r0_blend_s202403230000000_e202403232359590_c202403240207310.nc input.nc
+ ERR=0
+ ECNT=0
+ /home/Bo.Huang/JEDI-2020/UFS-Aerosols_RETcyc/UFS-Aerosols-EP4_JEDI-AeroDA-Reanl/misc/PrepPACE/GBBEPx/fix_GBBEPx_Li.sh input.nc 20240323
+ '[' -z '' ']'
+ case "$-" in
+ __lmod_vx=x
+ '[' -n x ']'
+ set +x
Shell debugging temporarily silenced: export LMOD_SH_DBG_ON=1 for this output (/apps/lmod/lmod/init/bash)
Shell debugging restarted
+ unset __lmod_vx
+ input_file=input.nc
+ yyyymmdd=20240323
+ nccopy -k classic input.nc input.nc.tmp
+ ncks --mk_rec_dmn Time input.nc.tmp -O -o input.nc.tmp
+ ncatted -O -a units,Longitude,m,c,degrees_east input.nc.tmp
+ ncrename -v Time,time -d Time,time input.nc.tmp -O -o input.nc.tmp
+ ncrename -v Latitude,lat -d Latitude,lat input.nc.tmp -O -o input.nc.tmp
+ ncrename -v Longitude,lon -d Longitude,lon input.nc.tmp -O -o input.nc.tmp
+ ncap2 -O -s 'time[time]=0' input.nc.tmp -o input.nc.tmp
+ ncks -C -O -x -v Max_emission,Max_emission_col,Max_emission_row input.nc.tmp input.nc.tmp
+ ncks -C -O -x -v QCAll,CloudPerc,FirePerc,NumSensor input.nc.tmp input.nc.tmp
+ ncks -C -O -x -v TotalEmis_region_Africa input.nc.tmp input.nc.tmp
+ ncks -C -O -x -v TotalEmis_region_Asia input.nc.tmp input.nc.tmp
+ ncks -C -O -x -v TotalEmis_region_Australia input.nc.tmp input.nc.tmp
+ ncks -C -O -x -v TotalEmis_region_Europe input.nc.tmp input.nc.tmp
+ ncks -C -O -x -v TotalEmis_region_NorthAmerica input.nc.tmp input.nc.tmp
+ ncks -C -O -x -v TotalEmis_region_SouthAmerica input.nc.tmp input.nc.tmp
+ ncks -C -O -x -v quality_information input.nc.tmp input.nc.tmp
+ ncks -O -d lat,-89.5,89.5 input.nc.tmp input.nc.tmp2
++ date -d 20240323 +%Y-%m-%d
+ d=2024-03-23
+ dd='hours since 2024-03-23 12:00:00'
+ ncatted -O -a 'units,time,c,c,hours since 2024-03-23 12:00:00' input.nc.tmp2
+ ncatted -O -a long_name,time,c,c,Time input.nc.tmp2
+ ncatted -O -a calendar,time,c,c,gregorian input.nc.tmp2
+ ncatted -O -a axis,time,c,c,T input.nc.tmp2
+ ncatted -O -a long_name,lat,m,c,latitude input.nc.tmp2
+ ncatted -O -a long_name,lon,m,c,longitude input.nc.tmp2
+ ncatted -O -a axis,lon,d,, input.nc.tmp2
+ ncatted -O -a bounds,lon,d,, input.nc.tmp2
+ ncatted -O -a valid_range,lon,d,, input.nc.tmp2
+ ncatted -O -a scale_factor,lon,d,, input.nc.tmp2
+ ncatted -O -a add_offset,lon,d,, input.nc.tmp2
+ ncatted -O -a _FillValue,lon,d,, input.nc.tmp2
+ ncatted -O -a axis,lat,d,, input.nc.tmp2
+ ncatted -O -a bounds,lat,d,, input.nc.tmp2
+ ncatted -O -a valid_range,lat,d,, input.nc.tmp2
+ ncatted -O -a scale_factor,lat,d,, input.nc.tmp2
+ ncatted -O -a add_offset,lat,d,, input.nc.tmp2
+ ncatted -O -a _FillValue,lat,d,, input.nc.tmp2
+ ncatted -O -a coordinates,SO2,d,, input.nc.tmp2
+ ncatted -O -a coordinates,PM2.5,d,, input.nc.tmp2
+ ncatted -O -a coordinates,OC,d,, input.nc.tmp2
+ ncatted -O -a coordinates,BC,d,, input.nc.tmp2
+ ncatted -O -a coordinates,CO,d,, input.nc.tmp2
+ ncatted -O -a coordinates,NOx,d,, input.nc.tmp2
+ ncatted -O -a coordinates,NH3,d,, input.nc.tmp2
+ ncatted -O -a valid_range,SO2,d,, input.nc.tmp2
+ ncatted -O -a valid_range,PM2.5,d,, input.nc.tmp2
+ ncatted -O -a valid_range,OC,d,, input.nc.tmp2
+ ncatted -O -a valid_range,BC,d,, input.nc.tmp2
+ ncatted -O -a valid_range,CO,d,, input.nc.tmp2
+ ncatted -O -a valid_range,NOx,d,, input.nc.tmp2
+ ncatted -O -a valid_range,NH3,d,, input.nc.tmp2
+ ncatted -O -a add_offset,SO2,d,, input.nc.tmp2
+ ncatted -O -a add_offset,PM2.5,d,, input.nc.tmp2
+ ncatted -O -a add_offset,OC,d,, input.nc.tmp2
+ ncatted -O -a add_offset,BC,d,, input.nc.tmp2
+ ncatted -O -a add_offset,CO,d,, input.nc.tmp2
+ ncatted -O -a add_offset,NOx,d,, input.nc.tmp2
+ ncatted -O -a add_offset,NH3,d,, input.nc.tmp2
+ ncatted -O -a add_offset,MeanFRP,d,, input.nc.tmp2
+ ncatted -O -a valid_range,MeanFRP,d,, input.nc.tmp2
+ ncatted -O -a coordinates,MeanFRP,d,, input.nc.tmp2
+ nccopy -k 'netCDF-4 classic model' input.nc.tmp2 input.nc.tmp3
+ nccopy -d1 input.nc.tmp3 input.nc.tmp4
+ ERR=0
+ ECNT=0
+ '[' 0 -eq 0 ']'
+ /bin/mv input.nc.tmp4 /scratch1/BMC/gsd-fv3-dev/MAPP_2018/bhuang/JEDI-2020/JEDI-FV3/expCodes/PACEData/GBBEPx/Prep_GBBEPx_2024030100_2024043000/FixGBBEPx/GBBEPx_all01GRID.emissions_v004_20240323.nc
+ ERR=0
+ ECNT=0
+ '[' 0 -eq 0 ']'
+ echo 'Fix GBBEPx successflully at 20240323'
Fix GBBEPx successflully at 20240323
++ /scratch2/NCEPDEV/nwprod/NCEPLIBS/utils/prod_util.v1.1.0/exec/ndate 24 2024032300
+ IDATE=2024032400
+ '[' 2024032400 -le 2024043000 ']'
+ ECNT=0
+ /bin/rm -rf input.nc.tmp input.nc.tmp2 input.nc.tmp3 input.nc
+ IY=2024
+ IM=03
+ ID=24
+ IYMD=20240324
+ SRCFILE='/scratch1/BMC/gsd-fv3-dev/MAPP_2018/bhuang/JEDI-2020/JEDI-FV3/expCodes/PACEData/GBBEPx/Prep_GBBEPx_2024030100_2024043000/2024032400/*.nc'
+ OUTFILE=/scratch1/BMC/gsd-fv3-dev/MAPP_2018/bhuang/JEDI-2020/JEDI-FV3/expCodes/PACEData/GBBEPx/Prep_GBBEPx_2024030100_2024043000/FixGBBEPx/GBBEPx_all01GRID.emissions_v004_20240324.nc
++ wc -l
++ ls /scratch1/BMC/gsd-fv3-dev/MAPP_2018/bhuang/JEDI-2020/JEDI-FV3/expCodes/PACEData/GBBEPx/Prep_GBBEPx_2024030100_2024043000/2024032400/GBBEPx-all01GRID_v4r0_blend_s202403240000000_e202403242359590_c202403250319160.nc
+ NNC=1
+ '[' 1 -eq 1 ']'
++ ls /scratch1/BMC/gsd-fv3-dev/MAPP_2018/bhuang/JEDI-2020/JEDI-FV3/expCodes/PACEData/GBBEPx/Prep_GBBEPx_2024030100_2024043000/2024032400/GBBEPx-all01GRID_v4r0_blend_s202403240000000_e202403242359590_c202403250319160.nc
+ for FILE in $(ls ${SRCFILE})
+ /bin/cp /scratch1/BMC/gsd-fv3-dev/MAPP_2018/bhuang/JEDI-2020/JEDI-FV3/expCodes/PACEData/GBBEPx/Prep_GBBEPx_2024030100_2024043000/2024032400/GBBEPx-all01GRID_v4r0_blend_s202403240000000_e202403242359590_c202403250319160.nc input.nc
+ ERR=0
+ ECNT=0
+ /home/Bo.Huang/JEDI-2020/UFS-Aerosols_RETcyc/UFS-Aerosols-EP4_JEDI-AeroDA-Reanl/misc/PrepPACE/GBBEPx/fix_GBBEPx_Li.sh input.nc 20240324
+ '[' -z '' ']'
+ case "$-" in
+ __lmod_vx=x
+ '[' -n x ']'
+ set +x
Shell debugging temporarily silenced: export LMOD_SH_DBG_ON=1 for this output (/apps/lmod/lmod/init/bash)
Shell debugging restarted
+ unset __lmod_vx
+ input_file=input.nc
+ yyyymmdd=20240324
+ nccopy -k classic input.nc input.nc.tmp
+ ncks --mk_rec_dmn Time input.nc.tmp -O -o input.nc.tmp
+ ncatted -O -a units,Longitude,m,c,degrees_east input.nc.tmp
+ ncrename -v Time,time -d Time,time input.nc.tmp -O -o input.nc.tmp
+ ncrename -v Latitude,lat -d Latitude,lat input.nc.tmp -O -o input.nc.tmp
+ ncrename -v Longitude,lon -d Longitude,lon input.nc.tmp -O -o input.nc.tmp
+ ncap2 -O -s 'time[time]=0' input.nc.tmp -o input.nc.tmp
+ ncks -C -O -x -v Max_emission,Max_emission_col,Max_emission_row input.nc.tmp input.nc.tmp
+ ncks -C -O -x -v QCAll,CloudPerc,FirePerc,NumSensor input.nc.tmp input.nc.tmp
+ ncks -C -O -x -v TotalEmis_region_Africa input.nc.tmp input.nc.tmp
+ ncks -C -O -x -v TotalEmis_region_Asia input.nc.tmp input.nc.tmp
+ ncks -C -O -x -v TotalEmis_region_Australia input.nc.tmp input.nc.tmp
+ ncks -C -O -x -v TotalEmis_region_Europe input.nc.tmp input.nc.tmp
+ ncks -C -O -x -v TotalEmis_region_NorthAmerica input.nc.tmp input.nc.tmp
+ ncks -C -O -x -v TotalEmis_region_SouthAmerica input.nc.tmp input.nc.tmp
+ ncks -C -O -x -v quality_information input.nc.tmp input.nc.tmp
+ ncks -O -d lat,-89.5,89.5 input.nc.tmp input.nc.tmp2
++ date -d 20240324 +%Y-%m-%d
+ d=2024-03-24
+ dd='hours since 2024-03-24 12:00:00'
+ ncatted -O -a 'units,time,c,c,hours since 2024-03-24 12:00:00' input.nc.tmp2
+ ncatted -O -a long_name,time,c,c,Time input.nc.tmp2
+ ncatted -O -a calendar,time,c,c,gregorian input.nc.tmp2
+ ncatted -O -a axis,time,c,c,T input.nc.tmp2
+ ncatted -O -a long_name,lat,m,c,latitude input.nc.tmp2
+ ncatted -O -a long_name,lon,m,c,longitude input.nc.tmp2
+ ncatted -O -a axis,lon,d,, input.nc.tmp2
+ ncatted -O -a bounds,lon,d,, input.nc.tmp2
+ ncatted -O -a valid_range,lon,d,, input.nc.tmp2
+ ncatted -O -a scale_factor,lon,d,, input.nc.tmp2
+ ncatted -O -a add_offset,lon,d,, input.nc.tmp2
+ ncatted -O -a _FillValue,lon,d,, input.nc.tmp2
+ ncatted -O -a axis,lat,d,, input.nc.tmp2
+ ncatted -O -a bounds,lat,d,, input.nc.tmp2
+ ncatted -O -a valid_range,lat,d,, input.nc.tmp2
+ ncatted -O -a scale_factor,lat,d,, input.nc.tmp2
+ ncatted -O -a add_offset,lat,d,, input.nc.tmp2
+ ncatted -O -a _FillValue,lat,d,, input.nc.tmp2
+ ncatted -O -a coordinates,SO2,d,, input.nc.tmp2
+ ncatted -O -a coordinates,PM2.5,d,, input.nc.tmp2
+ ncatted -O -a coordinates,OC,d,, input.nc.tmp2
+ ncatted -O -a coordinates,BC,d,, input.nc.tmp2
+ ncatted -O -a coordinates,CO,d,, input.nc.tmp2
+ ncatted -O -a coordinates,NOx,d,, input.nc.tmp2
+ ncatted -O -a coordinates,NH3,d,, input.nc.tmp2
+ ncatted -O -a valid_range,SO2,d,, input.nc.tmp2
+ ncatted -O -a valid_range,PM2.5,d,, input.nc.tmp2
+ ncatted -O -a valid_range,OC,d,, input.nc.tmp2
+ ncatted -O -a valid_range,BC,d,, input.nc.tmp2
+ ncatted -O -a valid_range,CO,d,, input.nc.tmp2
+ ncatted -O -a valid_range,NOx,d,, input.nc.tmp2
+ ncatted -O -a valid_range,NH3,d,, input.nc.tmp2
+ ncatted -O -a add_offset,SO2,d,, input.nc.tmp2
+ ncatted -O -a add_offset,PM2.5,d,, input.nc.tmp2
+ ncatted -O -a add_offset,OC,d,, input.nc.tmp2
+ ncatted -O -a add_offset,BC,d,, input.nc.tmp2
+ ncatted -O -a add_offset,CO,d,, input.nc.tmp2
+ ncatted -O -a add_offset,NOx,d,, input.nc.tmp2
+ ncatted -O -a add_offset,NH3,d,, input.nc.tmp2
+ ncatted -O -a add_offset,MeanFRP,d,, input.nc.tmp2
+ ncatted -O -a valid_range,MeanFRP,d,, input.nc.tmp2
+ ncatted -O -a coordinates,MeanFRP,d,, input.nc.tmp2
+ nccopy -k 'netCDF-4 classic model' input.nc.tmp2 input.nc.tmp3
+ nccopy -d1 input.nc.tmp3 input.nc.tmp4
+ ERR=0
+ ECNT=0
+ '[' 0 -eq 0 ']'
+ /bin/mv input.nc.tmp4 /scratch1/BMC/gsd-fv3-dev/MAPP_2018/bhuang/JEDI-2020/JEDI-FV3/expCodes/PACEData/GBBEPx/Prep_GBBEPx_2024030100_2024043000/FixGBBEPx/GBBEPx_all01GRID.emissions_v004_20240324.nc
+ ERR=0
+ ECNT=0
+ '[' 0 -eq 0 ']'
+ echo 'Fix GBBEPx successflully at 20240324'
Fix GBBEPx successflully at 20240324
++ /scratch2/NCEPDEV/nwprod/NCEPLIBS/utils/prod_util.v1.1.0/exec/ndate 24 2024032400
+ IDATE=2024032500
+ '[' 2024032500 -le 2024043000 ']'
+ ECNT=0
+ /bin/rm -rf input.nc.tmp input.nc.tmp2 input.nc.tmp3 input.nc
+ IY=2024
+ IM=03
+ ID=25
+ IYMD=20240325
+ SRCFILE='/scratch1/BMC/gsd-fv3-dev/MAPP_2018/bhuang/JEDI-2020/JEDI-FV3/expCodes/PACEData/GBBEPx/Prep_GBBEPx_2024030100_2024043000/2024032500/*.nc'
+ OUTFILE=/scratch1/BMC/gsd-fv3-dev/MAPP_2018/bhuang/JEDI-2020/JEDI-FV3/expCodes/PACEData/GBBEPx/Prep_GBBEPx_2024030100_2024043000/FixGBBEPx/GBBEPx_all01GRID.emissions_v004_20240325.nc
++ wc -l
++ ls /scratch1/BMC/gsd-fv3-dev/MAPP_2018/bhuang/JEDI-2020/JEDI-FV3/expCodes/PACEData/GBBEPx/Prep_GBBEPx_2024030100_2024043000/2024032500/GBBEPx-all01GRID_v4r0_blend_s202403250000000_e202403252359590_c202403260131530.nc
+ NNC=1
+ '[' 1 -eq 1 ']'
++ ls /scratch1/BMC/gsd-fv3-dev/MAPP_2018/bhuang/JEDI-2020/JEDI-FV3/expCodes/PACEData/GBBEPx/Prep_GBBEPx_2024030100_2024043000/2024032500/GBBEPx-all01GRID_v4r0_blend_s202403250000000_e202403252359590_c202403260131530.nc
+ for FILE in $(ls ${SRCFILE})
+ /bin/cp /scratch1/BMC/gsd-fv3-dev/MAPP_2018/bhuang/JEDI-2020/JEDI-FV3/expCodes/PACEData/GBBEPx/Prep_GBBEPx_2024030100_2024043000/2024032500/GBBEPx-all01GRID_v4r0_blend_s202403250000000_e202403252359590_c202403260131530.nc input.nc
+ ERR=0
+ ECNT=0
+ /home/Bo.Huang/JEDI-2020/UFS-Aerosols_RETcyc/UFS-Aerosols-EP4_JEDI-AeroDA-Reanl/misc/PrepPACE/GBBEPx/fix_GBBEPx_Li.sh input.nc 20240325
+ '[' -z '' ']'
+ case "$-" in
+ __lmod_vx=x
+ '[' -n x ']'
+ set +x
Shell debugging temporarily silenced: export LMOD_SH_DBG_ON=1 for this output (/apps/lmod/lmod/init/bash)
Shell debugging restarted
+ unset __lmod_vx
+ input_file=input.nc
+ yyyymmdd=20240325
+ nccopy -k classic input.nc input.nc.tmp
+ ncks --mk_rec_dmn Time input.nc.tmp -O -o input.nc.tmp
+ ncatted -O -a units,Longitude,m,c,degrees_east input.nc.tmp
+ ncrename -v Time,time -d Time,time input.nc.tmp -O -o input.nc.tmp
+ ncrename -v Latitude,lat -d Latitude,lat input.nc.tmp -O -o input.nc.tmp
+ ncrename -v Longitude,lon -d Longitude,lon input.nc.tmp -O -o input.nc.tmp
+ ncap2 -O -s 'time[time]=0' input.nc.tmp -o input.nc.tmp
+ ncks -C -O -x -v Max_emission,Max_emission_col,Max_emission_row input.nc.tmp input.nc.tmp
+ ncks -C -O -x -v QCAll,CloudPerc,FirePerc,NumSensor input.nc.tmp input.nc.tmp
+ ncks -C -O -x -v TotalEmis_region_Africa input.nc.tmp input.nc.tmp
+ ncks -C -O -x -v TotalEmis_region_Asia input.nc.tmp input.nc.tmp
+ ncks -C -O -x -v TotalEmis_region_Australia input.nc.tmp input.nc.tmp
+ ncks -C -O -x -v TotalEmis_region_Europe input.nc.tmp input.nc.tmp
+ ncks -C -O -x -v TotalEmis_region_NorthAmerica input.nc.tmp input.nc.tmp
+ ncks -C -O -x -v TotalEmis_region_SouthAmerica input.nc.tmp input.nc.tmp
+ ncks -C -O -x -v quality_information input.nc.tmp input.nc.tmp
+ ncks -O -d lat,-89.5,89.5 input.nc.tmp input.nc.tmp2
++ date -d 20240325 +%Y-%m-%d
+ d=2024-03-25
+ dd='hours since 2024-03-25 12:00:00'
+ ncatted -O -a 'units,time,c,c,hours since 2024-03-25 12:00:00' input.nc.tmp2
+ ncatted -O -a long_name,time,c,c,Time input.nc.tmp2
+ ncatted -O -a calendar,time,c,c,gregorian input.nc.tmp2
+ ncatted -O -a axis,time,c,c,T input.nc.tmp2
+ ncatted -O -a long_name,lat,m,c,latitude input.nc.tmp2
+ ncatted -O -a long_name,lon,m,c,longitude input.nc.tmp2
+ ncatted -O -a axis,lon,d,, input.nc.tmp2
+ ncatted -O -a bounds,lon,d,, input.nc.tmp2
+ ncatted -O -a valid_range,lon,d,, input.nc.tmp2
+ ncatted -O -a scale_factor,lon,d,, input.nc.tmp2
+ ncatted -O -a add_offset,lon,d,, input.nc.tmp2
+ ncatted -O -a _FillValue,lon,d,, input.nc.tmp2
+ ncatted -O -a axis,lat,d,, input.nc.tmp2
+ ncatted -O -a bounds,lat,d,, input.nc.tmp2
+ ncatted -O -a valid_range,lat,d,, input.nc.tmp2
+ ncatted -O -a scale_factor,lat,d,, input.nc.tmp2
+ ncatted -O -a add_offset,lat,d,, input.nc.tmp2
+ ncatted -O -a _FillValue,lat,d,, input.nc.tmp2
+ ncatted -O -a coordinates,SO2,d,, input.nc.tmp2
+ ncatted -O -a coordinates,PM2.5,d,, input.nc.tmp2
+ ncatted -O -a coordinates,OC,d,, input.nc.tmp2
+ ncatted -O -a coordinates,BC,d,, input.nc.tmp2
+ ncatted -O -a coordinates,CO,d,, input.nc.tmp2
+ ncatted -O -a coordinates,NOx,d,, input.nc.tmp2
+ ncatted -O -a coordinates,NH3,d,, input.nc.tmp2
+ ncatted -O -a valid_range,SO2,d,, input.nc.tmp2
+ ncatted -O -a valid_range,PM2.5,d,, input.nc.tmp2
+ ncatted -O -a valid_range,OC,d,, input.nc.tmp2
+ ncatted -O -a valid_range,BC,d,, input.nc.tmp2
+ ncatted -O -a valid_range,CO,d,, input.nc.tmp2
+ ncatted -O -a valid_range,NOx,d,, input.nc.tmp2
+ ncatted -O -a valid_range,NH3,d,, input.nc.tmp2
+ ncatted -O -a add_offset,SO2,d,, input.nc.tmp2
+ ncatted -O -a add_offset,PM2.5,d,, input.nc.tmp2
+ ncatted -O -a add_offset,OC,d,, input.nc.tmp2
+ ncatted -O -a add_offset,BC,d,, input.nc.tmp2
+ ncatted -O -a add_offset,CO,d,, input.nc.tmp2
+ ncatted -O -a add_offset,NOx,d,, input.nc.tmp2
+ ncatted -O -a add_offset,NH3,d,, input.nc.tmp2
+ ncatted -O -a add_offset,MeanFRP,d,, input.nc.tmp2
+ ncatted -O -a valid_range,MeanFRP,d,, input.nc.tmp2
+ ncatted -O -a coordinates,MeanFRP,d,, input.nc.tmp2
+ nccopy -k 'netCDF-4 classic model' input.nc.tmp2 input.nc.tmp3
+ nccopy -d1 input.nc.tmp3 input.nc.tmp4
+ ERR=0
+ ECNT=0
+ '[' 0 -eq 0 ']'
+ /bin/mv input.nc.tmp4 /scratch1/BMC/gsd-fv3-dev/MAPP_2018/bhuang/JEDI-2020/JEDI-FV3/expCodes/PACEData/GBBEPx/Prep_GBBEPx_2024030100_2024043000/FixGBBEPx/GBBEPx_all01GRID.emissions_v004_20240325.nc
+ ERR=0
+ ECNT=0
+ '[' 0 -eq 0 ']'
+ echo 'Fix GBBEPx successflully at 20240325'
Fix GBBEPx successflully at 20240325
++ /scratch2/NCEPDEV/nwprod/NCEPLIBS/utils/prod_util.v1.1.0/exec/ndate 24 2024032500
+ IDATE=2024032600
+ '[' 2024032600 -le 2024043000 ']'
+ ECNT=0
+ /bin/rm -rf input.nc.tmp input.nc.tmp2 input.nc.tmp3 input.nc
+ IY=2024
+ IM=03
+ ID=26
+ IYMD=20240326
+ SRCFILE='/scratch1/BMC/gsd-fv3-dev/MAPP_2018/bhuang/JEDI-2020/JEDI-FV3/expCodes/PACEData/GBBEPx/Prep_GBBEPx_2024030100_2024043000/2024032600/*.nc'
+ OUTFILE=/scratch1/BMC/gsd-fv3-dev/MAPP_2018/bhuang/JEDI-2020/JEDI-FV3/expCodes/PACEData/GBBEPx/Prep_GBBEPx_2024030100_2024043000/FixGBBEPx/GBBEPx_all01GRID.emissions_v004_20240326.nc
++ wc -l
++ ls /scratch1/BMC/gsd-fv3-dev/MAPP_2018/bhuang/JEDI-2020/JEDI-FV3/expCodes/PACEData/GBBEPx/Prep_GBBEPx_2024030100_2024043000/2024032600/GBBEPx-all01GRID_v4r0_blend_s202403260000000_e202403262359590_c202403270205220.nc
+ NNC=1
+ '[' 1 -eq 1 ']'
++ ls /scratch1/BMC/gsd-fv3-dev/MAPP_2018/bhuang/JEDI-2020/JEDI-FV3/expCodes/PACEData/GBBEPx/Prep_GBBEPx_2024030100_2024043000/2024032600/GBBEPx-all01GRID_v4r0_blend_s202403260000000_e202403262359590_c202403270205220.nc
+ for FILE in $(ls ${SRCFILE})
+ /bin/cp /scratch1/BMC/gsd-fv3-dev/MAPP_2018/bhuang/JEDI-2020/JEDI-FV3/expCodes/PACEData/GBBEPx/Prep_GBBEPx_2024030100_2024043000/2024032600/GBBEPx-all01GRID_v4r0_blend_s202403260000000_e202403262359590_c202403270205220.nc input.nc
+ ERR=0
+ ECNT=0
+ /home/Bo.Huang/JEDI-2020/UFS-Aerosols_RETcyc/UFS-Aerosols-EP4_JEDI-AeroDA-Reanl/misc/PrepPACE/GBBEPx/fix_GBBEPx_Li.sh input.nc 20240326
+ '[' -z '' ']'
+ case "$-" in
+ __lmod_vx=x
+ '[' -n x ']'
+ set +x
Shell debugging temporarily silenced: export LMOD_SH_DBG_ON=1 for this output (/apps/lmod/lmod/init/bash)
Shell debugging restarted
+ unset __lmod_vx
+ input_file=input.nc
+ yyyymmdd=20240326
+ nccopy -k classic input.nc input.nc.tmp
+ ncks --mk_rec_dmn Time input.nc.tmp -O -o input.nc.tmp
+ ncatted -O -a units,Longitude,m,c,degrees_east input.nc.tmp
+ ncrename -v Time,time -d Time,time input.nc.tmp -O -o input.nc.tmp
+ ncrename -v Latitude,lat -d Latitude,lat input.nc.tmp -O -o input.nc.tmp
+ ncrename -v Longitude,lon -d Longitude,lon input.nc.tmp -O -o input.nc.tmp
+ ncap2 -O -s 'time[time]=0' input.nc.tmp -o input.nc.tmp
+ ncks -C -O -x -v Max_emission,Max_emission_col,Max_emission_row input.nc.tmp input.nc.tmp
+ ncks -C -O -x -v QCAll,CloudPerc,FirePerc,NumSensor input.nc.tmp input.nc.tmp
+ ncks -C -O -x -v TotalEmis_region_Africa input.nc.tmp input.nc.tmp
+ ncks -C -O -x -v TotalEmis_region_Asia input.nc.tmp input.nc.tmp
+ ncks -C -O -x -v TotalEmis_region_Australia input.nc.tmp input.nc.tmp
+ ncks -C -O -x -v TotalEmis_region_Europe input.nc.tmp input.nc.tmp
+ ncks -C -O -x -v TotalEmis_region_NorthAmerica input.nc.tmp input.nc.tmp
+ ncks -C -O -x -v TotalEmis_region_SouthAmerica input.nc.tmp input.nc.tmp
+ ncks -C -O -x -v quality_information input.nc.tmp input.nc.tmp
+ ncks -O -d lat,-89.5,89.5 input.nc.tmp input.nc.tmp2
++ date -d 20240326 +%Y-%m-%d
+ d=2024-03-26
+ dd='hours since 2024-03-26 12:00:00'
+ ncatted -O -a 'units,time,c,c,hours since 2024-03-26 12:00:00' input.nc.tmp2
+ ncatted -O -a long_name,time,c,c,Time input.nc.tmp2
+ ncatted -O -a calendar,time,c,c,gregorian input.nc.tmp2
+ ncatted -O -a axis,time,c,c,T input.nc.tmp2
+ ncatted -O -a long_name,lat,m,c,latitude input.nc.tmp2
+ ncatted -O -a long_name,lon,m,c,longitude input.nc.tmp2
+ ncatted -O -a axis,lon,d,, input.nc.tmp2
+ ncatted -O -a bounds,lon,d,, input.nc.tmp2
+ ncatted -O -a valid_range,lon,d,, input.nc.tmp2
+ ncatted -O -a scale_factor,lon,d,, input.nc.tmp2
+ ncatted -O -a add_offset,lon,d,, input.nc.tmp2
+ ncatted -O -a _FillValue,lon,d,, input.nc.tmp2
+ ncatted -O -a axis,lat,d,, input.nc.tmp2
+ ncatted -O -a bounds,lat,d,, input.nc.tmp2
+ ncatted -O -a valid_range,lat,d,, input.nc.tmp2
+ ncatted -O -a scale_factor,lat,d,, input.nc.tmp2
+ ncatted -O -a add_offset,lat,d,, input.nc.tmp2
+ ncatted -O -a _FillValue,lat,d,, input.nc.tmp2
+ ncatted -O -a coordinates,SO2,d,, input.nc.tmp2
+ ncatted -O -a coordinates,PM2.5,d,, input.nc.tmp2
+ ncatted -O -a coordinates,OC,d,, input.nc.tmp2
+ ncatted -O -a coordinates,BC,d,, input.nc.tmp2
+ ncatted -O -a coordinates,CO,d,, input.nc.tmp2
+ ncatted -O -a coordinates,NOx,d,, input.nc.tmp2
+ ncatted -O -a coordinates,NH3,d,, input.nc.tmp2
+ ncatted -O -a valid_range,SO2,d,, input.nc.tmp2
+ ncatted -O -a valid_range,PM2.5,d,, input.nc.tmp2
+ ncatted -O -a valid_range,OC,d,, input.nc.tmp2
+ ncatted -O -a valid_range,BC,d,, input.nc.tmp2
+ ncatted -O -a valid_range,CO,d,, input.nc.tmp2
+ ncatted -O -a valid_range,NOx,d,, input.nc.tmp2
+ ncatted -O -a valid_range,NH3,d,, input.nc.tmp2
+ ncatted -O -a add_offset,SO2,d,, input.nc.tmp2
+ ncatted -O -a add_offset,PM2.5,d,, input.nc.tmp2
+ ncatted -O -a add_offset,OC,d,, input.nc.tmp2
+ ncatted -O -a add_offset,BC,d,, input.nc.tmp2
+ ncatted -O -a add_offset,CO,d,, input.nc.tmp2
+ ncatted -O -a add_offset,NOx,d,, input.nc.tmp2
+ ncatted -O -a add_offset,NH3,d,, input.nc.tmp2
+ ncatted -O -a add_offset,MeanFRP,d,, input.nc.tmp2
+ ncatted -O -a valid_range,MeanFRP,d,, input.nc.tmp2
+ ncatted -O -a coordinates,MeanFRP,d,, input.nc.tmp2
+ nccopy -k 'netCDF-4 classic model' input.nc.tmp2 input.nc.tmp3
+ nccopy -d1 input.nc.tmp3 input.nc.tmp4
+ ERR=0
+ ECNT=0
+ '[' 0 -eq 0 ']'
+ /bin/mv input.nc.tmp4 /scratch1/BMC/gsd-fv3-dev/MAPP_2018/bhuang/JEDI-2020/JEDI-FV3/expCodes/PACEData/GBBEPx/Prep_GBBEPx_2024030100_2024043000/FixGBBEPx/GBBEPx_all01GRID.emissions_v004_20240326.nc
+ ERR=0
+ ECNT=0
+ '[' 0 -eq 0 ']'
+ echo 'Fix GBBEPx successflully at 20240326'
Fix GBBEPx successflully at 20240326
++ /scratch2/NCEPDEV/nwprod/NCEPLIBS/utils/prod_util.v1.1.0/exec/ndate 24 2024032600
+ IDATE=2024032700
+ '[' 2024032700 -le 2024043000 ']'
+ ECNT=0
+ /bin/rm -rf input.nc.tmp input.nc.tmp2 input.nc.tmp3 input.nc
+ IY=2024
+ IM=03
+ ID=27
+ IYMD=20240327
+ SRCFILE='/scratch1/BMC/gsd-fv3-dev/MAPP_2018/bhuang/JEDI-2020/JEDI-FV3/expCodes/PACEData/GBBEPx/Prep_GBBEPx_2024030100_2024043000/2024032700/*.nc'
+ OUTFILE=/scratch1/BMC/gsd-fv3-dev/MAPP_2018/bhuang/JEDI-2020/JEDI-FV3/expCodes/PACEData/GBBEPx/Prep_GBBEPx_2024030100_2024043000/FixGBBEPx/GBBEPx_all01GRID.emissions_v004_20240327.nc
++ wc -l
++ ls /scratch1/BMC/gsd-fv3-dev/MAPP_2018/bhuang/JEDI-2020/JEDI-FV3/expCodes/PACEData/GBBEPx/Prep_GBBEPx_2024030100_2024043000/2024032700/GBBEPx-all01GRID_v4r0_blend_s202403270000000_e202403272359590_c202403280225550.nc
+ NNC=1
+ '[' 1 -eq 1 ']'
++ ls /scratch1/BMC/gsd-fv3-dev/MAPP_2018/bhuang/JEDI-2020/JEDI-FV3/expCodes/PACEData/GBBEPx/Prep_GBBEPx_2024030100_2024043000/2024032700/GBBEPx-all01GRID_v4r0_blend_s202403270000000_e202403272359590_c202403280225550.nc
+ for FILE in $(ls ${SRCFILE})
+ /bin/cp /scratch1/BMC/gsd-fv3-dev/MAPP_2018/bhuang/JEDI-2020/JEDI-FV3/expCodes/PACEData/GBBEPx/Prep_GBBEPx_2024030100_2024043000/2024032700/GBBEPx-all01GRID_v4r0_blend_s202403270000000_e202403272359590_c202403280225550.nc input.nc
+ ERR=0
+ ECNT=0
+ /home/Bo.Huang/JEDI-2020/UFS-Aerosols_RETcyc/UFS-Aerosols-EP4_JEDI-AeroDA-Reanl/misc/PrepPACE/GBBEPx/fix_GBBEPx_Li.sh input.nc 20240327
+ '[' -z '' ']'
+ case "$-" in
+ __lmod_vx=x
+ '[' -n x ']'
+ set +x
Shell debugging temporarily silenced: export LMOD_SH_DBG_ON=1 for this output (/apps/lmod/lmod/init/bash)
Shell debugging restarted
+ unset __lmod_vx
+ input_file=input.nc
+ yyyymmdd=20240327
+ nccopy -k classic input.nc input.nc.tmp
+ ncks --mk_rec_dmn Time input.nc.tmp -O -o input.nc.tmp
+ ncatted -O -a units,Longitude,m,c,degrees_east input.nc.tmp
+ ncrename -v Time,time -d Time,time input.nc.tmp -O -o input.nc.tmp
+ ncrename -v Latitude,lat -d Latitude,lat input.nc.tmp -O -o input.nc.tmp
+ ncrename -v Longitude,lon -d Longitude,lon input.nc.tmp -O -o input.nc.tmp
+ ncap2 -O -s 'time[time]=0' input.nc.tmp -o input.nc.tmp
+ ncks -C -O -x -v Max_emission,Max_emission_col,Max_emission_row input.nc.tmp input.nc.tmp
+ ncks -C -O -x -v QCAll,CloudPerc,FirePerc,NumSensor input.nc.tmp input.nc.tmp
+ ncks -C -O -x -v TotalEmis_region_Africa input.nc.tmp input.nc.tmp
+ ncks -C -O -x -v TotalEmis_region_Asia input.nc.tmp input.nc.tmp
+ ncks -C -O -x -v TotalEmis_region_Australia input.nc.tmp input.nc.tmp
+ ncks -C -O -x -v TotalEmis_region_Europe input.nc.tmp input.nc.tmp
+ ncks -C -O -x -v TotalEmis_region_NorthAmerica input.nc.tmp input.nc.tmp
+ ncks -C -O -x -v TotalEmis_region_SouthAmerica input.nc.tmp input.nc.tmp
+ ncks -C -O -x -v quality_information input.nc.tmp input.nc.tmp
+ ncks -O -d lat,-89.5,89.5 input.nc.tmp input.nc.tmp2
++ date -d 20240327 +%Y-%m-%d
+ d=2024-03-27
+ dd='hours since 2024-03-27 12:00:00'
+ ncatted -O -a 'units,time,c,c,hours since 2024-03-27 12:00:00' input.nc.tmp2
+ ncatted -O -a long_name,time,c,c,Time input.nc.tmp2
+ ncatted -O -a calendar,time,c,c,gregorian input.nc.tmp2
+ ncatted -O -a axis,time,c,c,T input.nc.tmp2
+ ncatted -O -a long_name,lat,m,c,latitude input.nc.tmp2
+ ncatted -O -a long_name,lon,m,c,longitude input.nc.tmp2
+ ncatted -O -a axis,lon,d,, input.nc.tmp2
+ ncatted -O -a bounds,lon,d,, input.nc.tmp2
+ ncatted -O -a valid_range,lon,d,, input.nc.tmp2
+ ncatted -O -a scale_factor,lon,d,, input.nc.tmp2
+ ncatted -O -a add_offset,lon,d,, input.nc.tmp2
+ ncatted -O -a _FillValue,lon,d,, input.nc.tmp2
+ ncatted -O -a axis,lat,d,, input.nc.tmp2
+ ncatted -O -a bounds,lat,d,, input.nc.tmp2
+ ncatted -O -a valid_range,lat,d,, input.nc.tmp2
+ ncatted -O -a scale_factor,lat,d,, input.nc.tmp2
+ ncatted -O -a add_offset,lat,d,, input.nc.tmp2
+ ncatted -O -a _FillValue,lat,d,, input.nc.tmp2
+ ncatted -O -a coordinates,SO2,d,, input.nc.tmp2
+ ncatted -O -a coordinates,PM2.5,d,, input.nc.tmp2
+ ncatted -O -a coordinates,OC,d,, input.nc.tmp2
+ ncatted -O -a coordinates,BC,d,, input.nc.tmp2
+ ncatted -O -a coordinates,CO,d,, input.nc.tmp2
+ ncatted -O -a coordinates,NOx,d,, input.nc.tmp2
+ ncatted -O -a coordinates,NH3,d,, input.nc.tmp2
+ ncatted -O -a valid_range,SO2,d,, input.nc.tmp2
+ ncatted -O -a valid_range,PM2.5,d,, input.nc.tmp2
+ ncatted -O -a valid_range,OC,d,, input.nc.tmp2
+ ncatted -O -a valid_range,BC,d,, input.nc.tmp2
+ ncatted -O -a valid_range,CO,d,, input.nc.tmp2
+ ncatted -O -a valid_range,NOx,d,, input.nc.tmp2
+ ncatted -O -a valid_range,NH3,d,, input.nc.tmp2
+ ncatted -O -a add_offset,SO2,d,, input.nc.tmp2
+ ncatted -O -a add_offset,PM2.5,d,, input.nc.tmp2
+ ncatted -O -a add_offset,OC,d,, input.nc.tmp2
+ ncatted -O -a add_offset,BC,d,, input.nc.tmp2
+ ncatted -O -a add_offset,CO,d,, input.nc.tmp2
+ ncatted -O -a add_offset,NOx,d,, input.nc.tmp2
+ ncatted -O -a add_offset,NH3,d,, input.nc.tmp2
+ ncatted -O -a add_offset,MeanFRP,d,, input.nc.tmp2
+ ncatted -O -a valid_range,MeanFRP,d,, input.nc.tmp2
+ ncatted -O -a coordinates,MeanFRP,d,, input.nc.tmp2
+ nccopy -k 'netCDF-4 classic model' input.nc.tmp2 input.nc.tmp3
+ nccopy -d1 input.nc.tmp3 input.nc.tmp4
+ ERR=0
+ ECNT=0
+ '[' 0 -eq 0 ']'
+ /bin/mv input.nc.tmp4 /scratch1/BMC/gsd-fv3-dev/MAPP_2018/bhuang/JEDI-2020/JEDI-FV3/expCodes/PACEData/GBBEPx/Prep_GBBEPx_2024030100_2024043000/FixGBBEPx/GBBEPx_all01GRID.emissions_v004_20240327.nc
+ ERR=0
+ ECNT=0
+ '[' 0 -eq 0 ']'
+ echo 'Fix GBBEPx successflully at 20240327'
Fix GBBEPx successflully at 20240327
++ /scratch2/NCEPDEV/nwprod/NCEPLIBS/utils/prod_util.v1.1.0/exec/ndate 24 2024032700
+ IDATE=2024032800
+ '[' 2024032800 -le 2024043000 ']'
+ ECNT=0
+ /bin/rm -rf input.nc.tmp input.nc.tmp2 input.nc.tmp3 input.nc
+ IY=2024
+ IM=03
+ ID=28
+ IYMD=20240328
+ SRCFILE='/scratch1/BMC/gsd-fv3-dev/MAPP_2018/bhuang/JEDI-2020/JEDI-FV3/expCodes/PACEData/GBBEPx/Prep_GBBEPx_2024030100_2024043000/2024032800/*.nc'
+ OUTFILE=/scratch1/BMC/gsd-fv3-dev/MAPP_2018/bhuang/JEDI-2020/JEDI-FV3/expCodes/PACEData/GBBEPx/Prep_GBBEPx_2024030100_2024043000/FixGBBEPx/GBBEPx_all01GRID.emissions_v004_20240328.nc
++ wc -l
++ ls /scratch1/BMC/gsd-fv3-dev/MAPP_2018/bhuang/JEDI-2020/JEDI-FV3/expCodes/PACEData/GBBEPx/Prep_GBBEPx_2024030100_2024043000/2024032800/GBBEPx-all01GRID_v4r0_blend_s202403280000000_e202403282359590_c202403290323400.nc
+ NNC=1
+ '[' 1 -eq 1 ']'
++ ls /scratch1/BMC/gsd-fv3-dev/MAPP_2018/bhuang/JEDI-2020/JEDI-FV3/expCodes/PACEData/GBBEPx/Prep_GBBEPx_2024030100_2024043000/2024032800/GBBEPx-all01GRID_v4r0_blend_s202403280000000_e202403282359590_c202403290323400.nc
+ for FILE in $(ls ${SRCFILE})
+ /bin/cp /scratch1/BMC/gsd-fv3-dev/MAPP_2018/bhuang/JEDI-2020/JEDI-FV3/expCodes/PACEData/GBBEPx/Prep_GBBEPx_2024030100_2024043000/2024032800/GBBEPx-all01GRID_v4r0_blend_s202403280000000_e202403282359590_c202403290323400.nc input.nc
+ ERR=0
+ ECNT=0
+ /home/Bo.Huang/JEDI-2020/UFS-Aerosols_RETcyc/UFS-Aerosols-EP4_JEDI-AeroDA-Reanl/misc/PrepPACE/GBBEPx/fix_GBBEPx_Li.sh input.nc 20240328
+ '[' -z '' ']'
+ case "$-" in
+ __lmod_vx=x
+ '[' -n x ']'
+ set +x
Shell debugging temporarily silenced: export LMOD_SH_DBG_ON=1 for this output (/apps/lmod/lmod/init/bash)
Shell debugging restarted
+ unset __lmod_vx
+ input_file=input.nc
+ yyyymmdd=20240328
+ nccopy -k classic input.nc input.nc.tmp
+ ncks --mk_rec_dmn Time input.nc.tmp -O -o input.nc.tmp
+ ncatted -O -a units,Longitude,m,c,degrees_east input.nc.tmp
+ ncrename -v Time,time -d Time,time input.nc.tmp -O -o input.nc.tmp
+ ncrename -v Latitude,lat -d Latitude,lat input.nc.tmp -O -o input.nc.tmp
+ ncrename -v Longitude,lon -d Longitude,lon input.nc.tmp -O -o input.nc.tmp
+ ncap2 -O -s 'time[time]=0' input.nc.tmp -o input.nc.tmp
+ ncks -C -O -x -v Max_emission,Max_emission_col,Max_emission_row input.nc.tmp input.nc.tmp
+ ncks -C -O -x -v QCAll,CloudPerc,FirePerc,NumSensor input.nc.tmp input.nc.tmp
+ ncks -C -O -x -v TotalEmis_region_Africa input.nc.tmp input.nc.tmp
+ ncks -C -O -x -v TotalEmis_region_Asia input.nc.tmp input.nc.tmp
+ ncks -C -O -x -v TotalEmis_region_Australia input.nc.tmp input.nc.tmp
+ ncks -C -O -x -v TotalEmis_region_Europe input.nc.tmp input.nc.tmp
+ ncks -C -O -x -v TotalEmis_region_NorthAmerica input.nc.tmp input.nc.tmp
+ ncks -C -O -x -v TotalEmis_region_SouthAmerica input.nc.tmp input.nc.tmp
+ ncks -C -O -x -v quality_information input.nc.tmp input.nc.tmp
+ ncks -O -d lat,-89.5,89.5 input.nc.tmp input.nc.tmp2
++ date -d 20240328 +%Y-%m-%d
+ d=2024-03-28
+ dd='hours since 2024-03-28 12:00:00'
+ ncatted -O -a 'units,time,c,c,hours since 2024-03-28 12:00:00' input.nc.tmp2
+ ncatted -O -a long_name,time,c,c,Time input.nc.tmp2
+ ncatted -O -a calendar,time,c,c,gregorian input.nc.tmp2
+ ncatted -O -a axis,time,c,c,T input.nc.tmp2
+ ncatted -O -a long_name,lat,m,c,latitude input.nc.tmp2
+ ncatted -O -a long_name,lon,m,c,longitude input.nc.tmp2
+ ncatted -O -a axis,lon,d,, input.nc.tmp2
+ ncatted -O -a bounds,lon,d,, input.nc.tmp2
+ ncatted -O -a valid_range,lon,d,, input.nc.tmp2
+ ncatted -O -a scale_factor,lon,d,, input.nc.tmp2
+ ncatted -O -a add_offset,lon,d,, input.nc.tmp2
+ ncatted -O -a _FillValue,lon,d,, input.nc.tmp2
+ ncatted -O -a axis,lat,d,, input.nc.tmp2
+ ncatted -O -a bounds,lat,d,, input.nc.tmp2
+ ncatted -O -a valid_range,lat,d,, input.nc.tmp2
+ ncatted -O -a scale_factor,lat,d,, input.nc.tmp2
+ ncatted -O -a add_offset,lat,d,, input.nc.tmp2
+ ncatted -O -a _FillValue,lat,d,, input.nc.tmp2
+ ncatted -O -a coordinates,SO2,d,, input.nc.tmp2
+ ncatted -O -a coordinates,PM2.5,d,, input.nc.tmp2
+ ncatted -O -a coordinates,OC,d,, input.nc.tmp2
+ ncatted -O -a coordinates,BC,d,, input.nc.tmp2
+ ncatted -O -a coordinates,CO,d,, input.nc.tmp2
+ ncatted -O -a coordinates,NOx,d,, input.nc.tmp2
+ ncatted -O -a coordinates,NH3,d,, input.nc.tmp2
+ ncatted -O -a valid_range,SO2,d,, input.nc.tmp2
+ ncatted -O -a valid_range,PM2.5,d,, input.nc.tmp2
+ ncatted -O -a valid_range,OC,d,, input.nc.tmp2
+ ncatted -O -a valid_range,BC,d,, input.nc.tmp2
+ ncatted -O -a valid_range,CO,d,, input.nc.tmp2
+ ncatted -O -a valid_range,NOx,d,, input.nc.tmp2
+ ncatted -O -a valid_range,NH3,d,, input.nc.tmp2
+ ncatted -O -a add_offset,SO2,d,, input.nc.tmp2
+ ncatted -O -a add_offset,PM2.5,d,, input.nc.tmp2
+ ncatted -O -a add_offset,OC,d,, input.nc.tmp2
+ ncatted -O -a add_offset,BC,d,, input.nc.tmp2
+ ncatted -O -a add_offset,CO,d,, input.nc.tmp2
+ ncatted -O -a add_offset,NOx,d,, input.nc.tmp2
+ ncatted -O -a add_offset,NH3,d,, input.nc.tmp2
+ ncatted -O -a add_offset,MeanFRP,d,, input.nc.tmp2
+ ncatted -O -a valid_range,MeanFRP,d,, input.nc.tmp2
+ ncatted -O -a coordinates,MeanFRP,d,, input.nc.tmp2
+ nccopy -k 'netCDF-4 classic model' input.nc.tmp2 input.nc.tmp3
+ nccopy -d1 input.nc.tmp3 input.nc.tmp4
+ ERR=0
+ ECNT=0
+ '[' 0 -eq 0 ']'
+ /bin/mv input.nc.tmp4 /scratch1/BMC/gsd-fv3-dev/MAPP_2018/bhuang/JEDI-2020/JEDI-FV3/expCodes/PACEData/GBBEPx/Prep_GBBEPx_2024030100_2024043000/FixGBBEPx/GBBEPx_all01GRID.emissions_v004_20240328.nc
+ ERR=0
+ ECNT=0
+ '[' 0 -eq 0 ']'
+ echo 'Fix GBBEPx successflully at 20240328'
Fix GBBEPx successflully at 20240328
++ /scratch2/NCEPDEV/nwprod/NCEPLIBS/utils/prod_util.v1.1.0/exec/ndate 24 2024032800
+ IDATE=2024032900
+ '[' 2024032900 -le 2024043000 ']'
+ ECNT=0
+ /bin/rm -rf input.nc.tmp input.nc.tmp2 input.nc.tmp3 input.nc
+ IY=2024
+ IM=03
+ ID=29
+ IYMD=20240329
+ SRCFILE='/scratch1/BMC/gsd-fv3-dev/MAPP_2018/bhuang/JEDI-2020/JEDI-FV3/expCodes/PACEData/GBBEPx/Prep_GBBEPx_2024030100_2024043000/2024032900/*.nc'
+ OUTFILE=/scratch1/BMC/gsd-fv3-dev/MAPP_2018/bhuang/JEDI-2020/JEDI-FV3/expCodes/PACEData/GBBEPx/Prep_GBBEPx_2024030100_2024043000/FixGBBEPx/GBBEPx_all01GRID.emissions_v004_20240329.nc
++ wc -l
++ ls /scratch1/BMC/gsd-fv3-dev/MAPP_2018/bhuang/JEDI-2020/JEDI-FV3/expCodes/PACEData/GBBEPx/Prep_GBBEPx_2024030100_2024043000/2024032900/GBBEPx-all01GRID_v4r0_blend_s202403290000000_e202403292359590_c202403300155350.nc
+ NNC=1
+ '[' 1 -eq 1 ']'
++ ls /scratch1/BMC/gsd-fv3-dev/MAPP_2018/bhuang/JEDI-2020/JEDI-FV3/expCodes/PACEData/GBBEPx/Prep_GBBEPx_2024030100_2024043000/2024032900/GBBEPx-all01GRID_v4r0_blend_s202403290000000_e202403292359590_c202403300155350.nc
+ for FILE in $(ls ${SRCFILE})
+ /bin/cp /scratch1/BMC/gsd-fv3-dev/MAPP_2018/bhuang/JEDI-2020/JEDI-FV3/expCodes/PACEData/GBBEPx/Prep_GBBEPx_2024030100_2024043000/2024032900/GBBEPx-all01GRID_v4r0_blend_s202403290000000_e202403292359590_c202403300155350.nc input.nc
+ ERR=0
+ ECNT=0
+ /home/Bo.Huang/JEDI-2020/UFS-Aerosols_RETcyc/UFS-Aerosols-EP4_JEDI-AeroDA-Reanl/misc/PrepPACE/GBBEPx/fix_GBBEPx_Li.sh input.nc 20240329
+ '[' -z '' ']'
+ case "$-" in
+ __lmod_vx=x
+ '[' -n x ']'
+ set +x
Shell debugging temporarily silenced: export LMOD_SH_DBG_ON=1 for this output (/apps/lmod/lmod/init/bash)
Shell debugging restarted
+ unset __lmod_vx
+ input_file=input.nc
+ yyyymmdd=20240329
+ nccopy -k classic input.nc input.nc.tmp
+ ncks --mk_rec_dmn Time input.nc.tmp -O -o input.nc.tmp
+ ncatted -O -a units,Longitude,m,c,degrees_east input.nc.tmp
+ ncrename -v Time,time -d Time,time input.nc.tmp -O -o input.nc.tmp
+ ncrename -v Latitude,lat -d Latitude,lat input.nc.tmp -O -o input.nc.tmp
+ ncrename -v Longitude,lon -d Longitude,lon input.nc.tmp -O -o input.nc.tmp
+ ncap2 -O -s 'time[time]=0' input.nc.tmp -o input.nc.tmp
+ ncks -C -O -x -v Max_emission,Max_emission_col,Max_emission_row input.nc.tmp input.nc.tmp
+ ncks -C -O -x -v QCAll,CloudPerc,FirePerc,NumSensor input.nc.tmp input.nc.tmp
+ ncks -C -O -x -v TotalEmis_region_Africa input.nc.tmp input.nc.tmp
+ ncks -C -O -x -v TotalEmis_region_Asia input.nc.tmp input.nc.tmp
+ ncks -C -O -x -v TotalEmis_region_Australia input.nc.tmp input.nc.tmp
+ ncks -C -O -x -v TotalEmis_region_Europe input.nc.tmp input.nc.tmp
+ ncks -C -O -x -v TotalEmis_region_NorthAmerica input.nc.tmp input.nc.tmp
+ ncks -C -O -x -v TotalEmis_region_SouthAmerica input.nc.tmp input.nc.tmp
+ ncks -C -O -x -v quality_information input.nc.tmp input.nc.tmp
+ ncks -O -d lat,-89.5,89.5 input.nc.tmp input.nc.tmp2
++ date -d 20240329 +%Y-%m-%d
+ d=2024-03-29
+ dd='hours since 2024-03-29 12:00:00'
+ ncatted -O -a 'units,time,c,c,hours since 2024-03-29 12:00:00' input.nc.tmp2
+ ncatted -O -a long_name,time,c,c,Time input.nc.tmp2
+ ncatted -O -a calendar,time,c,c,gregorian input.nc.tmp2
+ ncatted -O -a axis,time,c,c,T input.nc.tmp2
+ ncatted -O -a long_name,lat,m,c,latitude input.nc.tmp2
+ ncatted -O -a long_name,lon,m,c,longitude input.nc.tmp2
+ ncatted -O -a axis,lon,d,, input.nc.tmp2
+ ncatted -O -a bounds,lon,d,, input.nc.tmp2
+ ncatted -O -a valid_range,lon,d,, input.nc.tmp2
+ ncatted -O -a scale_factor,lon,d,, input.nc.tmp2
+ ncatted -O -a add_offset,lon,d,, input.nc.tmp2
+ ncatted -O -a _FillValue,lon,d,, input.nc.tmp2
+ ncatted -O -a axis,lat,d,, input.nc.tmp2
+ ncatted -O -a bounds,lat,d,, input.nc.tmp2
+ ncatted -O -a valid_range,lat,d,, input.nc.tmp2
+ ncatted -O -a scale_factor,lat,d,, input.nc.tmp2
+ ncatted -O -a add_offset,lat,d,, input.nc.tmp2
+ ncatted -O -a _FillValue,lat,d,, input.nc.tmp2
+ ncatted -O -a coordinates,SO2,d,, input.nc.tmp2
+ ncatted -O -a coordinates,PM2.5,d,, input.nc.tmp2
+ ncatted -O -a coordinates,OC,d,, input.nc.tmp2
+ ncatted -O -a coordinates,BC,d,, input.nc.tmp2
+ ncatted -O -a coordinates,CO,d,, input.nc.tmp2
+ ncatted -O -a coordinates,NOx,d,, input.nc.tmp2
+ ncatted -O -a coordinates,NH3,d,, input.nc.tmp2
+ ncatted -O -a valid_range,SO2,d,, input.nc.tmp2
+ ncatted -O -a valid_range,PM2.5,d,, input.nc.tmp2
+ ncatted -O -a valid_range,OC,d,, input.nc.tmp2
+ ncatted -O -a valid_range,BC,d,, input.nc.tmp2
+ ncatted -O -a valid_range,CO,d,, input.nc.tmp2
+ ncatted -O -a valid_range,NOx,d,, input.nc.tmp2
+ ncatted -O -a valid_range,NH3,d,, input.nc.tmp2
+ ncatted -O -a add_offset,SO2,d,, input.nc.tmp2
+ ncatted -O -a add_offset,PM2.5,d,, input.nc.tmp2
+ ncatted -O -a add_offset,OC,d,, input.nc.tmp2
+ ncatted -O -a add_offset,BC,d,, input.nc.tmp2
+ ncatted -O -a add_offset,CO,d,, input.nc.tmp2
+ ncatted -O -a add_offset,NOx,d,, input.nc.tmp2
+ ncatted -O -a add_offset,NH3,d,, input.nc.tmp2
+ ncatted -O -a add_offset,MeanFRP,d,, input.nc.tmp2
+ ncatted -O -a valid_range,MeanFRP,d,, input.nc.tmp2
+ ncatted -O -a coordinates,MeanFRP,d,, input.nc.tmp2
+ nccopy -k 'netCDF-4 classic model' input.nc.tmp2 input.nc.tmp3
+ nccopy -d1 input.nc.tmp3 input.nc.tmp4
+ ERR=0
+ ECNT=0
+ '[' 0 -eq 0 ']'
+ /bin/mv input.nc.tmp4 /scratch1/BMC/gsd-fv3-dev/MAPP_2018/bhuang/JEDI-2020/JEDI-FV3/expCodes/PACEData/GBBEPx/Prep_GBBEPx_2024030100_2024043000/FixGBBEPx/GBBEPx_all01GRID.emissions_v004_20240329.nc
+ ERR=0
+ ECNT=0
+ '[' 0 -eq 0 ']'
+ echo 'Fix GBBEPx successflully at 20240329'
Fix GBBEPx successflully at 20240329
++ /scratch2/NCEPDEV/nwprod/NCEPLIBS/utils/prod_util.v1.1.0/exec/ndate 24 2024032900
+ IDATE=2024033000
+ '[' 2024033000 -le 2024043000 ']'
+ ECNT=0
+ /bin/rm -rf input.nc.tmp input.nc.tmp2 input.nc.tmp3 input.nc
+ IY=2024
+ IM=03
+ ID=30
+ IYMD=20240330
+ SRCFILE='/scratch1/BMC/gsd-fv3-dev/MAPP_2018/bhuang/JEDI-2020/JEDI-FV3/expCodes/PACEData/GBBEPx/Prep_GBBEPx_2024030100_2024043000/2024033000/*.nc'
+ OUTFILE=/scratch1/BMC/gsd-fv3-dev/MAPP_2018/bhuang/JEDI-2020/JEDI-FV3/expCodes/PACEData/GBBEPx/Prep_GBBEPx_2024030100_2024043000/FixGBBEPx/GBBEPx_all01GRID.emissions_v004_20240330.nc
++ wc -l
++ ls /scratch1/BMC/gsd-fv3-dev/MAPP_2018/bhuang/JEDI-2020/JEDI-FV3/expCodes/PACEData/GBBEPx/Prep_GBBEPx_2024030100_2024043000/2024033000/GBBEPx-all01GRID_v4r0_blend_s202403300000000_e202403302359590_c202403310137360.nc
+ NNC=1
+ '[' 1 -eq 1 ']'
++ ls /scratch1/BMC/gsd-fv3-dev/MAPP_2018/bhuang/JEDI-2020/JEDI-FV3/expCodes/PACEData/GBBEPx/Prep_GBBEPx_2024030100_2024043000/2024033000/GBBEPx-all01GRID_v4r0_blend_s202403300000000_e202403302359590_c202403310137360.nc
+ for FILE in $(ls ${SRCFILE})
+ /bin/cp /scratch1/BMC/gsd-fv3-dev/MAPP_2018/bhuang/JEDI-2020/JEDI-FV3/expCodes/PACEData/GBBEPx/Prep_GBBEPx_2024030100_2024043000/2024033000/GBBEPx-all01GRID_v4r0_blend_s202403300000000_e202403302359590_c202403310137360.nc input.nc
+ ERR=0
+ ECNT=0
+ /home/Bo.Huang/JEDI-2020/UFS-Aerosols_RETcyc/UFS-Aerosols-EP4_JEDI-AeroDA-Reanl/misc/PrepPACE/GBBEPx/fix_GBBEPx_Li.sh input.nc 20240330
+ '[' -z '' ']'
+ case "$-" in
+ __lmod_vx=x
+ '[' -n x ']'
+ set +x
Shell debugging temporarily silenced: export LMOD_SH_DBG_ON=1 for this output (/apps/lmod/lmod/init/bash)
Shell debugging restarted
+ unset __lmod_vx
+ input_file=input.nc
+ yyyymmdd=20240330
+ nccopy -k classic input.nc input.nc.tmp
+ ncks --mk_rec_dmn Time input.nc.tmp -O -o input.nc.tmp
+ ncatted -O -a units,Longitude,m,c,degrees_east input.nc.tmp
+ ncrename -v Time,time -d Time,time input.nc.tmp -O -o input.nc.tmp
+ ncrename -v Latitude,lat -d Latitude,lat input.nc.tmp -O -o input.nc.tmp
+ ncrename -v Longitude,lon -d Longitude,lon input.nc.tmp -O -o input.nc.tmp
+ ncap2 -O -s 'time[time]=0' input.nc.tmp -o input.nc.tmp
+ ncks -C -O -x -v Max_emission,Max_emission_col,Max_emission_row input.nc.tmp input.nc.tmp
+ ncks -C -O -x -v QCAll,CloudPerc,FirePerc,NumSensor input.nc.tmp input.nc.tmp
+ ncks -C -O -x -v TotalEmis_region_Africa input.nc.tmp input.nc.tmp
+ ncks -C -O -x -v TotalEmis_region_Asia input.nc.tmp input.nc.tmp
+ ncks -C -O -x -v TotalEmis_region_Australia input.nc.tmp input.nc.tmp
+ ncks -C -O -x -v TotalEmis_region_Europe input.nc.tmp input.nc.tmp
+ ncks -C -O -x -v TotalEmis_region_NorthAmerica input.nc.tmp input.nc.tmp
+ ncks -C -O -x -v TotalEmis_region_SouthAmerica input.nc.tmp input.nc.tmp
+ ncks -C -O -x -v quality_information input.nc.tmp input.nc.tmp
+ ncks -O -d lat,-89.5,89.5 input.nc.tmp input.nc.tmp2
++ date -d 20240330 +%Y-%m-%d
+ d=2024-03-30
+ dd='hours since 2024-03-30 12:00:00'
+ ncatted -O -a 'units,time,c,c,hours since 2024-03-30 12:00:00' input.nc.tmp2
+ ncatted -O -a long_name,time,c,c,Time input.nc.tmp2
+ ncatted -O -a calendar,time,c,c,gregorian input.nc.tmp2
+ ncatted -O -a axis,time,c,c,T input.nc.tmp2
+ ncatted -O -a long_name,lat,m,c,latitude input.nc.tmp2
+ ncatted -O -a long_name,lon,m,c,longitude input.nc.tmp2
+ ncatted -O -a axis,lon,d,, input.nc.tmp2
+ ncatted -O -a bounds,lon,d,, input.nc.tmp2
+ ncatted -O -a valid_range,lon,d,, input.nc.tmp2
+ ncatted -O -a scale_factor,lon,d,, input.nc.tmp2
+ ncatted -O -a add_offset,lon,d,, input.nc.tmp2
+ ncatted -O -a _FillValue,lon,d,, input.nc.tmp2
+ ncatted -O -a axis,lat,d,, input.nc.tmp2
+ ncatted -O -a bounds,lat,d,, input.nc.tmp2
+ ncatted -O -a valid_range,lat,d,, input.nc.tmp2
+ ncatted -O -a scale_factor,lat,d,, input.nc.tmp2
+ ncatted -O -a add_offset,lat,d,, input.nc.tmp2
+ ncatted -O -a _FillValue,lat,d,, input.nc.tmp2
+ ncatted -O -a coordinates,SO2,d,, input.nc.tmp2
+ ncatted -O -a coordinates,PM2.5,d,, input.nc.tmp2
+ ncatted -O -a coordinates,OC,d,, input.nc.tmp2
+ ncatted -O -a coordinates,BC,d,, input.nc.tmp2
+ ncatted -O -a coordinates,CO,d,, input.nc.tmp2
+ ncatted -O -a coordinates,NOx,d,, input.nc.tmp2
+ ncatted -O -a coordinates,NH3,d,, input.nc.tmp2
+ ncatted -O -a valid_range,SO2,d,, input.nc.tmp2
+ ncatted -O -a valid_range,PM2.5,d,, input.nc.tmp2
+ ncatted -O -a valid_range,OC,d,, input.nc.tmp2
+ ncatted -O -a valid_range,BC,d,, input.nc.tmp2
+ ncatted -O -a valid_range,CO,d,, input.nc.tmp2
+ ncatted -O -a valid_range,NOx,d,, input.nc.tmp2
+ ncatted -O -a valid_range,NH3,d,, input.nc.tmp2
+ ncatted -O -a add_offset,SO2,d,, input.nc.tmp2
+ ncatted -O -a add_offset,PM2.5,d,, input.nc.tmp2
+ ncatted -O -a add_offset,OC,d,, input.nc.tmp2
+ ncatted -O -a add_offset,BC,d,, input.nc.tmp2
+ ncatted -O -a add_offset,CO,d,, input.nc.tmp2
+ ncatted -O -a add_offset,NOx,d,, input.nc.tmp2
+ ncatted -O -a add_offset,NH3,d,, input.nc.tmp2
+ ncatted -O -a add_offset,MeanFRP,d,, input.nc.tmp2
+ ncatted -O -a valid_range,MeanFRP,d,, input.nc.tmp2
+ ncatted -O -a coordinates,MeanFRP,d,, input.nc.tmp2
+ nccopy -k 'netCDF-4 classic model' input.nc.tmp2 input.nc.tmp3
+ nccopy -d1 input.nc.tmp3 input.nc.tmp4
+ ERR=0
+ ECNT=0
+ '[' 0 -eq 0 ']'
+ /bin/mv input.nc.tmp4 /scratch1/BMC/gsd-fv3-dev/MAPP_2018/bhuang/JEDI-2020/JEDI-FV3/expCodes/PACEData/GBBEPx/Prep_GBBEPx_2024030100_2024043000/FixGBBEPx/GBBEPx_all01GRID.emissions_v004_20240330.nc
+ ERR=0
+ ECNT=0
+ '[' 0 -eq 0 ']'
+ echo 'Fix GBBEPx successflully at 20240330'
Fix GBBEPx successflully at 20240330
++ /scratch2/NCEPDEV/nwprod/NCEPLIBS/utils/prod_util.v1.1.0/exec/ndate 24 2024033000
+ IDATE=2024033100
+ '[' 2024033100 -le 2024043000 ']'
+ ECNT=0
+ /bin/rm -rf input.nc.tmp input.nc.tmp2 input.nc.tmp3 input.nc
+ IY=2024
+ IM=03
+ ID=31
+ IYMD=20240331
+ SRCFILE='/scratch1/BMC/gsd-fv3-dev/MAPP_2018/bhuang/JEDI-2020/JEDI-FV3/expCodes/PACEData/GBBEPx/Prep_GBBEPx_2024030100_2024043000/2024033100/*.nc'
+ OUTFILE=/scratch1/BMC/gsd-fv3-dev/MAPP_2018/bhuang/JEDI-2020/JEDI-FV3/expCodes/PACEData/GBBEPx/Prep_GBBEPx_2024030100_2024043000/FixGBBEPx/GBBEPx_all01GRID.emissions_v004_20240331.nc
++ wc -l
++ ls /scratch1/BMC/gsd-fv3-dev/MAPP_2018/bhuang/JEDI-2020/JEDI-FV3/expCodes/PACEData/GBBEPx/Prep_GBBEPx_2024030100_2024043000/2024033100/GBBEPx-all01GRID_v4r0_blend_s202403310000000_e202403312359590_c202404010116270.nc
+ NNC=1
+ '[' 1 -eq 1 ']'
++ ls /scratch1/BMC/gsd-fv3-dev/MAPP_2018/bhuang/JEDI-2020/JEDI-FV3/expCodes/PACEData/GBBEPx/Prep_GBBEPx_2024030100_2024043000/2024033100/GBBEPx-all01GRID_v4r0_blend_s202403310000000_e202403312359590_c202404010116270.nc
+ for FILE in $(ls ${SRCFILE})
+ /bin/cp /scratch1/BMC/gsd-fv3-dev/MAPP_2018/bhuang/JEDI-2020/JEDI-FV3/expCodes/PACEData/GBBEPx/Prep_GBBEPx_2024030100_2024043000/2024033100/GBBEPx-all01GRID_v4r0_blend_s202403310000000_e202403312359590_c202404010116270.nc input.nc
+ ERR=0
+ ECNT=0
+ /home/Bo.Huang/JEDI-2020/UFS-Aerosols_RETcyc/UFS-Aerosols-EP4_JEDI-AeroDA-Reanl/misc/PrepPACE/GBBEPx/fix_GBBEPx_Li.sh input.nc 20240331
+ '[' -z '' ']'
+ case "$-" in
+ __lmod_vx=x
+ '[' -n x ']'
+ set +x
Shell debugging temporarily silenced: export LMOD_SH_DBG_ON=1 for this output (/apps/lmod/lmod/init/bash)
Shell debugging restarted
+ unset __lmod_vx
+ input_file=input.nc
+ yyyymmdd=20240331
+ nccopy -k classic input.nc input.nc.tmp
+ ncks --mk_rec_dmn Time input.nc.tmp -O -o input.nc.tmp
+ ncatted -O -a units,Longitude,m,c,degrees_east input.nc.tmp
+ ncrename -v Time,time -d Time,time input.nc.tmp -O -o input.nc.tmp
+ ncrename -v Latitude,lat -d Latitude,lat input.nc.tmp -O -o input.nc.tmp
+ ncrename -v Longitude,lon -d Longitude,lon input.nc.tmp -O -o input.nc.tmp
+ ncap2 -O -s 'time[time]=0' input.nc.tmp -o input.nc.tmp
+ ncks -C -O -x -v Max_emission,Max_emission_col,Max_emission_row input.nc.tmp input.nc.tmp
+ ncks -C -O -x -v QCAll,CloudPerc,FirePerc,NumSensor input.nc.tmp input.nc.tmp
+ ncks -C -O -x -v TotalEmis_region_Africa input.nc.tmp input.nc.tmp
+ ncks -C -O -x -v TotalEmis_region_Asia input.nc.tmp input.nc.tmp
+ ncks -C -O -x -v TotalEmis_region_Australia input.nc.tmp input.nc.tmp
+ ncks -C -O -x -v TotalEmis_region_Europe input.nc.tmp input.nc.tmp
+ ncks -C -O -x -v TotalEmis_region_NorthAmerica input.nc.tmp input.nc.tmp
+ ncks -C -O -x -v TotalEmis_region_SouthAmerica input.nc.tmp input.nc.tmp
+ ncks -C -O -x -v quality_information input.nc.tmp input.nc.tmp
+ ncks -O -d lat,-89.5,89.5 input.nc.tmp input.nc.tmp2
++ date -d 20240331 +%Y-%m-%d
+ d=2024-03-31
+ dd='hours since 2024-03-31 12:00:00'
+ ncatted -O -a 'units,time,c,c,hours since 2024-03-31 12:00:00' input.nc.tmp2
+ ncatted -O -a long_name,time,c,c,Time input.nc.tmp2
+ ncatted -O -a calendar,time,c,c,gregorian input.nc.tmp2
+ ncatted -O -a axis,time,c,c,T input.nc.tmp2
+ ncatted -O -a long_name,lat,m,c,latitude input.nc.tmp2
+ ncatted -O -a long_name,lon,m,c,longitude input.nc.tmp2
+ ncatted -O -a axis,lon,d,, input.nc.tmp2
+ ncatted -O -a bounds,lon,d,, input.nc.tmp2
+ ncatted -O -a valid_range,lon,d,, input.nc.tmp2
+ ncatted -O -a scale_factor,lon,d,, input.nc.tmp2
+ ncatted -O -a add_offset,lon,d,, input.nc.tmp2
+ ncatted -O -a _FillValue,lon,d,, input.nc.tmp2
+ ncatted -O -a axis,lat,d,, input.nc.tmp2
+ ncatted -O -a bounds,lat,d,, input.nc.tmp2
+ ncatted -O -a valid_range,lat,d,, input.nc.tmp2
+ ncatted -O -a scale_factor,lat,d,, input.nc.tmp2
+ ncatted -O -a add_offset,lat,d,, input.nc.tmp2
+ ncatted -O -a _FillValue,lat,d,, input.nc.tmp2
+ ncatted -O -a coordinates,SO2,d,, input.nc.tmp2
+ ncatted -O -a coordinates,PM2.5,d,, input.nc.tmp2
+ ncatted -O -a coordinates,OC,d,, input.nc.tmp2
+ ncatted -O -a coordinates,BC,d,, input.nc.tmp2
+ ncatted -O -a coordinates,CO,d,, input.nc.tmp2
+ ncatted -O -a coordinates,NOx,d,, input.nc.tmp2
+ ncatted -O -a coordinates,NH3,d,, input.nc.tmp2
+ ncatted -O -a valid_range,SO2,d,, input.nc.tmp2
+ ncatted -O -a valid_range,PM2.5,d,, input.nc.tmp2
+ ncatted -O -a valid_range,OC,d,, input.nc.tmp2
+ ncatted -O -a valid_range,BC,d,, input.nc.tmp2
+ ncatted -O -a valid_range,CO,d,, input.nc.tmp2
+ ncatted -O -a valid_range,NOx,d,, input.nc.tmp2
+ ncatted -O -a valid_range,NH3,d,, input.nc.tmp2
+ ncatted -O -a add_offset,SO2,d,, input.nc.tmp2
+ ncatted -O -a add_offset,PM2.5,d,, input.nc.tmp2
+ ncatted -O -a add_offset,OC,d,, input.nc.tmp2
+ ncatted -O -a add_offset,BC,d,, input.nc.tmp2
+ ncatted -O -a add_offset,CO,d,, input.nc.tmp2
+ ncatted -O -a add_offset,NOx,d,, input.nc.tmp2
+ ncatted -O -a add_offset,NH3,d,, input.nc.tmp2
+ ncatted -O -a add_offset,MeanFRP,d,, input.nc.tmp2
+ ncatted -O -a valid_range,MeanFRP,d,, input.nc.tmp2
+ ncatted -O -a coordinates,MeanFRP,d,, input.nc.tmp2
+ nccopy -k 'netCDF-4 classic model' input.nc.tmp2 input.nc.tmp3
+ nccopy -d1 input.nc.tmp3 input.nc.tmp4
+ ERR=0
+ ECNT=0
+ '[' 0 -eq 0 ']'
+ /bin/mv input.nc.tmp4 /scratch1/BMC/gsd-fv3-dev/MAPP_2018/bhuang/JEDI-2020/JEDI-FV3/expCodes/PACEData/GBBEPx/Prep_GBBEPx_2024030100_2024043000/FixGBBEPx/GBBEPx_all01GRID.emissions_v004_20240331.nc
+ ERR=0
+ ECNT=0
+ '[' 0 -eq 0 ']'
+ echo 'Fix GBBEPx successflully at 20240331'
Fix GBBEPx successflully at 20240331
++ /scratch2/NCEPDEV/nwprod/NCEPLIBS/utils/prod_util.v1.1.0/exec/ndate 24 2024033100
+ IDATE=2024040100
+ '[' 2024040100 -le 2024043000 ']'
+ ECNT=0
+ /bin/rm -rf input.nc.tmp input.nc.tmp2 input.nc.tmp3 input.nc
+ IY=2024
+ IM=04
+ ID=01
+ IYMD=20240401
+ SRCFILE='/scratch1/BMC/gsd-fv3-dev/MAPP_2018/bhuang/JEDI-2020/JEDI-FV3/expCodes/PACEData/GBBEPx/Prep_GBBEPx_2024030100_2024043000/2024040100/*.nc'
+ OUTFILE=/scratch1/BMC/gsd-fv3-dev/MAPP_2018/bhuang/JEDI-2020/JEDI-FV3/expCodes/PACEData/GBBEPx/Prep_GBBEPx_2024030100_2024043000/FixGBBEPx/GBBEPx_all01GRID.emissions_v004_20240401.nc
++ wc -l
++ ls /scratch1/BMC/gsd-fv3-dev/MAPP_2018/bhuang/JEDI-2020/JEDI-FV3/expCodes/PACEData/GBBEPx/Prep_GBBEPx_2024030100_2024043000/2024040100/GBBEPx-all01GRID_v4r0_blend_s202404010000000_e202404012359590_c202404020235390.nc
+ NNC=1
+ '[' 1 -eq 1 ']'
++ ls /scratch1/BMC/gsd-fv3-dev/MAPP_2018/bhuang/JEDI-2020/JEDI-FV3/expCodes/PACEData/GBBEPx/Prep_GBBEPx_2024030100_2024043000/2024040100/GBBEPx-all01GRID_v4r0_blend_s202404010000000_e202404012359590_c202404020235390.nc
+ for FILE in $(ls ${SRCFILE})
+ /bin/cp /scratch1/BMC/gsd-fv3-dev/MAPP_2018/bhuang/JEDI-2020/JEDI-FV3/expCodes/PACEData/GBBEPx/Prep_GBBEPx_2024030100_2024043000/2024040100/GBBEPx-all01GRID_v4r0_blend_s202404010000000_e202404012359590_c202404020235390.nc input.nc
+ ERR=0
+ ECNT=0
+ /home/Bo.Huang/JEDI-2020/UFS-Aerosols_RETcyc/UFS-Aerosols-EP4_JEDI-AeroDA-Reanl/misc/PrepPACE/GBBEPx/fix_GBBEPx_Li.sh input.nc 20240401
+ '[' -z '' ']'
+ case "$-" in
+ __lmod_vx=x
+ '[' -n x ']'
+ set +x
Shell debugging temporarily silenced: export LMOD_SH_DBG_ON=1 for this output (/apps/lmod/lmod/init/bash)
Shell debugging restarted
+ unset __lmod_vx
+ input_file=input.nc
+ yyyymmdd=20240401
+ nccopy -k classic input.nc input.nc.tmp
+ ncks --mk_rec_dmn Time input.nc.tmp -O -o input.nc.tmp
+ ncatted -O -a units,Longitude,m,c,degrees_east input.nc.tmp
+ ncrename -v Time,time -d Time,time input.nc.tmp -O -o input.nc.tmp
+ ncrename -v Latitude,lat -d Latitude,lat input.nc.tmp -O -o input.nc.tmp
+ ncrename -v Longitude,lon -d Longitude,lon input.nc.tmp -O -o input.nc.tmp
+ ncap2 -O -s 'time[time]=0' input.nc.tmp -o input.nc.tmp
+ ncks -C -O -x -v Max_emission,Max_emission_col,Max_emission_row input.nc.tmp input.nc.tmp
+ ncks -C -O -x -v QCAll,CloudPerc,FirePerc,NumSensor input.nc.tmp input.nc.tmp
+ ncks -C -O -x -v TotalEmis_region_Africa input.nc.tmp input.nc.tmp
+ ncks -C -O -x -v TotalEmis_region_Asia input.nc.tmp input.nc.tmp
+ ncks -C -O -x -v TotalEmis_region_Australia input.nc.tmp input.nc.tmp
+ ncks -C -O -x -v TotalEmis_region_Europe input.nc.tmp input.nc.tmp
+ ncks -C -O -x -v TotalEmis_region_NorthAmerica input.nc.tmp input.nc.tmp
+ ncks -C -O -x -v TotalEmis_region_SouthAmerica input.nc.tmp input.nc.tmp
+ ncks -C -O -x -v quality_information input.nc.tmp input.nc.tmp
+ ncks -O -d lat,-89.5,89.5 input.nc.tmp input.nc.tmp2
++ date -d 20240401 +%Y-%m-%d
+ d=2024-04-01
+ dd='hours since 2024-04-01 12:00:00'
+ ncatted -O -a 'units,time,c,c,hours since 2024-04-01 12:00:00' input.nc.tmp2
+ ncatted -O -a long_name,time,c,c,Time input.nc.tmp2
+ ncatted -O -a calendar,time,c,c,gregorian input.nc.tmp2
+ ncatted -O -a axis,time,c,c,T input.nc.tmp2
+ ncatted -O -a long_name,lat,m,c,latitude input.nc.tmp2
+ ncatted -O -a long_name,lon,m,c,longitude input.nc.tmp2
+ ncatted -O -a axis,lon,d,, input.nc.tmp2
+ ncatted -O -a bounds,lon,d,, input.nc.tmp2
+ ncatted -O -a valid_range,lon,d,, input.nc.tmp2
+ ncatted -O -a scale_factor,lon,d,, input.nc.tmp2
+ ncatted -O -a add_offset,lon,d,, input.nc.tmp2
+ ncatted -O -a _FillValue,lon,d,, input.nc.tmp2
+ ncatted -O -a axis,lat,d,, input.nc.tmp2
+ ncatted -O -a bounds,lat,d,, input.nc.tmp2
+ ncatted -O -a valid_range,lat,d,, input.nc.tmp2
+ ncatted -O -a scale_factor,lat,d,, input.nc.tmp2
+ ncatted -O -a add_offset,lat,d,, input.nc.tmp2
+ ncatted -O -a _FillValue,lat,d,, input.nc.tmp2
+ ncatted -O -a coordinates,SO2,d,, input.nc.tmp2
+ ncatted -O -a coordinates,PM2.5,d,, input.nc.tmp2
+ ncatted -O -a coordinates,OC,d,, input.nc.tmp2
+ ncatted -O -a coordinates,BC,d,, input.nc.tmp2
+ ncatted -O -a coordinates,CO,d,, input.nc.tmp2
+ ncatted -O -a coordinates,NOx,d,, input.nc.tmp2
+ ncatted -O -a coordinates,NH3,d,, input.nc.tmp2
+ ncatted -O -a valid_range,SO2,d,, input.nc.tmp2
+ ncatted -O -a valid_range,PM2.5,d,, input.nc.tmp2
+ ncatted -O -a valid_range,OC,d,, input.nc.tmp2
+ ncatted -O -a valid_range,BC,d,, input.nc.tmp2
+ ncatted -O -a valid_range,CO,d,, input.nc.tmp2
+ ncatted -O -a valid_range,NOx,d,, input.nc.tmp2
+ ncatted -O -a valid_range,NH3,d,, input.nc.tmp2
+ ncatted -O -a add_offset,SO2,d,, input.nc.tmp2
+ ncatted -O -a add_offset,PM2.5,d,, input.nc.tmp2
+ ncatted -O -a add_offset,OC,d,, input.nc.tmp2
+ ncatted -O -a add_offset,BC,d,, input.nc.tmp2
+ ncatted -O -a add_offset,CO,d,, input.nc.tmp2
+ ncatted -O -a add_offset,NOx,d,, input.nc.tmp2
+ ncatted -O -a add_offset,NH3,d,, input.nc.tmp2
+ ncatted -O -a add_offset,MeanFRP,d,, input.nc.tmp2
+ ncatted -O -a valid_range,MeanFRP,d,, input.nc.tmp2
+ ncatted -O -a coordinates,MeanFRP,d,, input.nc.tmp2
+ nccopy -k 'netCDF-4 classic model' input.nc.tmp2 input.nc.tmp3
+ nccopy -d1 input.nc.tmp3 input.nc.tmp4
+ ERR=0
+ ECNT=0
+ '[' 0 -eq 0 ']'
+ /bin/mv input.nc.tmp4 /scratch1/BMC/gsd-fv3-dev/MAPP_2018/bhuang/JEDI-2020/JEDI-FV3/expCodes/PACEData/GBBEPx/Prep_GBBEPx_2024030100_2024043000/FixGBBEPx/GBBEPx_all01GRID.emissions_v004_20240401.nc
+ ERR=0
+ ECNT=0
+ '[' 0 -eq 0 ']'
+ echo 'Fix GBBEPx successflully at 20240401'
Fix GBBEPx successflully at 20240401
++ /scratch2/NCEPDEV/nwprod/NCEPLIBS/utils/prod_util.v1.1.0/exec/ndate 24 2024040100
+ IDATE=2024040200
+ '[' 2024040200 -le 2024043000 ']'
+ ECNT=0
+ /bin/rm -rf input.nc.tmp input.nc.tmp2 input.nc.tmp3 input.nc
+ IY=2024
+ IM=04
+ ID=02
+ IYMD=20240402
+ SRCFILE='/scratch1/BMC/gsd-fv3-dev/MAPP_2018/bhuang/JEDI-2020/JEDI-FV3/expCodes/PACEData/GBBEPx/Prep_GBBEPx_2024030100_2024043000/2024040200/*.nc'
+ OUTFILE=/scratch1/BMC/gsd-fv3-dev/MAPP_2018/bhuang/JEDI-2020/JEDI-FV3/expCodes/PACEData/GBBEPx/Prep_GBBEPx_2024030100_2024043000/FixGBBEPx/GBBEPx_all01GRID.emissions_v004_20240402.nc
++ wc -l
++ ls /scratch1/BMC/gsd-fv3-dev/MAPP_2018/bhuang/JEDI-2020/JEDI-FV3/expCodes/PACEData/GBBEPx/Prep_GBBEPx_2024030100_2024043000/2024040200/GBBEPx-all01GRID_v4r0_blend_s202404020000000_e202404022359590_c202404030215450.nc
+ NNC=1
+ '[' 1 -eq 1 ']'
++ ls /scratch1/BMC/gsd-fv3-dev/MAPP_2018/bhuang/JEDI-2020/JEDI-FV3/expCodes/PACEData/GBBEPx/Prep_GBBEPx_2024030100_2024043000/2024040200/GBBEPx-all01GRID_v4r0_blend_s202404020000000_e202404022359590_c202404030215450.nc
+ for FILE in $(ls ${SRCFILE})
+ /bin/cp /scratch1/BMC/gsd-fv3-dev/MAPP_2018/bhuang/JEDI-2020/JEDI-FV3/expCodes/PACEData/GBBEPx/Prep_GBBEPx_2024030100_2024043000/2024040200/GBBEPx-all01GRID_v4r0_blend_s202404020000000_e202404022359590_c202404030215450.nc input.nc
+ ERR=0
+ ECNT=0
+ /home/Bo.Huang/JEDI-2020/UFS-Aerosols_RETcyc/UFS-Aerosols-EP4_JEDI-AeroDA-Reanl/misc/PrepPACE/GBBEPx/fix_GBBEPx_Li.sh input.nc 20240402
+ '[' -z '' ']'
+ case "$-" in
+ __lmod_vx=x
+ '[' -n x ']'
+ set +x
Shell debugging temporarily silenced: export LMOD_SH_DBG_ON=1 for this output (/apps/lmod/lmod/init/bash)
Shell debugging restarted
+ unset __lmod_vx
+ input_file=input.nc
+ yyyymmdd=20240402
+ nccopy -k classic input.nc input.nc.tmp
+ ncks --mk_rec_dmn Time input.nc.tmp -O -o input.nc.tmp
+ ncatted -O -a units,Longitude,m,c,degrees_east input.nc.tmp
+ ncrename -v Time,time -d Time,time input.nc.tmp -O -o input.nc.tmp
+ ncrename -v Latitude,lat -d Latitude,lat input.nc.tmp -O -o input.nc.tmp
+ ncrename -v Longitude,lon -d Longitude,lon input.nc.tmp -O -o input.nc.tmp
+ ncap2 -O -s 'time[time]=0' input.nc.tmp -o input.nc.tmp
+ ncks -C -O -x -v Max_emission,Max_emission_col,Max_emission_row input.nc.tmp input.nc.tmp
+ ncks -C -O -x -v QCAll,CloudPerc,FirePerc,NumSensor input.nc.tmp input.nc.tmp
+ ncks -C -O -x -v TotalEmis_region_Africa input.nc.tmp input.nc.tmp
+ ncks -C -O -x -v TotalEmis_region_Asia input.nc.tmp input.nc.tmp
+ ncks -C -O -x -v TotalEmis_region_Australia input.nc.tmp input.nc.tmp
+ ncks -C -O -x -v TotalEmis_region_Europe input.nc.tmp input.nc.tmp
+ ncks -C -O -x -v TotalEmis_region_NorthAmerica input.nc.tmp input.nc.tmp
+ ncks -C -O -x -v TotalEmis_region_SouthAmerica input.nc.tmp input.nc.tmp
+ ncks -C -O -x -v quality_information input.nc.tmp input.nc.tmp
+ ncks -O -d lat,-89.5,89.5 input.nc.tmp input.nc.tmp2
++ date -d 20240402 +%Y-%m-%d
+ d=2024-04-02
+ dd='hours since 2024-04-02 12:00:00'
+ ncatted -O -a 'units,time,c,c,hours since 2024-04-02 12:00:00' input.nc.tmp2
+ ncatted -O -a long_name,time,c,c,Time input.nc.tmp2
+ ncatted -O -a calendar,time,c,c,gregorian input.nc.tmp2
+ ncatted -O -a axis,time,c,c,T input.nc.tmp2
+ ncatted -O -a long_name,lat,m,c,latitude input.nc.tmp2
+ ncatted -O -a long_name,lon,m,c,longitude input.nc.tmp2
+ ncatted -O -a axis,lon,d,, input.nc.tmp2
+ ncatted -O -a bounds,lon,d,, input.nc.tmp2
+ ncatted -O -a valid_range,lon,d,, input.nc.tmp2
+ ncatted -O -a scale_factor,lon,d,, input.nc.tmp2
+ ncatted -O -a add_offset,lon,d,, input.nc.tmp2
+ ncatted -O -a _FillValue,lon,d,, input.nc.tmp2
+ ncatted -O -a axis,lat,d,, input.nc.tmp2
+ ncatted -O -a bounds,lat,d,, input.nc.tmp2
+ ncatted -O -a valid_range,lat,d,, input.nc.tmp2
+ ncatted -O -a scale_factor,lat,d,, input.nc.tmp2
+ ncatted -O -a add_offset,lat,d,, input.nc.tmp2
+ ncatted -O -a _FillValue,lat,d,, input.nc.tmp2
+ ncatted -O -a coordinates,SO2,d,, input.nc.tmp2
+ ncatted -O -a coordinates,PM2.5,d,, input.nc.tmp2
+ ncatted -O -a coordinates,OC,d,, input.nc.tmp2
+ ncatted -O -a coordinates,BC,d,, input.nc.tmp2
+ ncatted -O -a coordinates,CO,d,, input.nc.tmp2
+ ncatted -O -a coordinates,NOx,d,, input.nc.tmp2
+ ncatted -O -a coordinates,NH3,d,, input.nc.tmp2
+ ncatted -O -a valid_range,SO2,d,, input.nc.tmp2
+ ncatted -O -a valid_range,PM2.5,d,, input.nc.tmp2
+ ncatted -O -a valid_range,OC,d,, input.nc.tmp2
+ ncatted -O -a valid_range,BC,d,, input.nc.tmp2
+ ncatted -O -a valid_range,CO,d,, input.nc.tmp2
+ ncatted -O -a valid_range,NOx,d,, input.nc.tmp2
+ ncatted -O -a valid_range,NH3,d,, input.nc.tmp2
+ ncatted -O -a add_offset,SO2,d,, input.nc.tmp2
+ ncatted -O -a add_offset,PM2.5,d,, input.nc.tmp2
+ ncatted -O -a add_offset,OC,d,, input.nc.tmp2
+ ncatted -O -a add_offset,BC,d,, input.nc.tmp2
+ ncatted -O -a add_offset,CO,d,, input.nc.tmp2
+ ncatted -O -a add_offset,NOx,d,, input.nc.tmp2
+ ncatted -O -a add_offset,NH3,d,, input.nc.tmp2
+ ncatted -O -a add_offset,MeanFRP,d,, input.nc.tmp2
+ ncatted -O -a valid_range,MeanFRP,d,, input.nc.tmp2
+ ncatted -O -a coordinates,MeanFRP,d,, input.nc.tmp2
+ nccopy -k 'netCDF-4 classic model' input.nc.tmp2 input.nc.tmp3
+ nccopy -d1 input.nc.tmp3 input.nc.tmp4
+ ERR=0
+ ECNT=0
+ '[' 0 -eq 0 ']'
+ /bin/mv input.nc.tmp4 /scratch1/BMC/gsd-fv3-dev/MAPP_2018/bhuang/JEDI-2020/JEDI-FV3/expCodes/PACEData/GBBEPx/Prep_GBBEPx_2024030100_2024043000/FixGBBEPx/GBBEPx_all01GRID.emissions_v004_20240402.nc
+ ERR=0
+ ECNT=0
+ '[' 0 -eq 0 ']'
+ echo 'Fix GBBEPx successflully at 20240402'
Fix GBBEPx successflully at 20240402
++ /scratch2/NCEPDEV/nwprod/NCEPLIBS/utils/prod_util.v1.1.0/exec/ndate 24 2024040200
+ IDATE=2024040300
+ '[' 2024040300 -le 2024043000 ']'
+ ECNT=0
+ /bin/rm -rf input.nc.tmp input.nc.tmp2 input.nc.tmp3 input.nc
+ IY=2024
+ IM=04
+ ID=03
+ IYMD=20240403
+ SRCFILE='/scratch1/BMC/gsd-fv3-dev/MAPP_2018/bhuang/JEDI-2020/JEDI-FV3/expCodes/PACEData/GBBEPx/Prep_GBBEPx_2024030100_2024043000/2024040300/*.nc'
+ OUTFILE=/scratch1/BMC/gsd-fv3-dev/MAPP_2018/bhuang/JEDI-2020/JEDI-FV3/expCodes/PACEData/GBBEPx/Prep_GBBEPx_2024030100_2024043000/FixGBBEPx/GBBEPx_all01GRID.emissions_v004_20240403.nc
++ wc -l
++ ls /scratch1/BMC/gsd-fv3-dev/MAPP_2018/bhuang/JEDI-2020/JEDI-FV3/expCodes/PACEData/GBBEPx/Prep_GBBEPx_2024030100_2024043000/2024040300/GBBEPx-all01GRID_v4r0_blend_s202404030000000_e202404032359590_c202404040203580.nc
+ NNC=1
+ '[' 1 -eq 1 ']'
++ ls /scratch1/BMC/gsd-fv3-dev/MAPP_2018/bhuang/JEDI-2020/JEDI-FV3/expCodes/PACEData/GBBEPx/Prep_GBBEPx_2024030100_2024043000/2024040300/GBBEPx-all01GRID_v4r0_blend_s202404030000000_e202404032359590_c202404040203580.nc
+ for FILE in $(ls ${SRCFILE})
+ /bin/cp /scratch1/BMC/gsd-fv3-dev/MAPP_2018/bhuang/JEDI-2020/JEDI-FV3/expCodes/PACEData/GBBEPx/Prep_GBBEPx_2024030100_2024043000/2024040300/GBBEPx-all01GRID_v4r0_blend_s202404030000000_e202404032359590_c202404040203580.nc input.nc
+ ERR=0
+ ECNT=0
+ /home/Bo.Huang/JEDI-2020/UFS-Aerosols_RETcyc/UFS-Aerosols-EP4_JEDI-AeroDA-Reanl/misc/PrepPACE/GBBEPx/fix_GBBEPx_Li.sh input.nc 20240403
+ '[' -z '' ']'
+ case "$-" in
+ __lmod_vx=x
+ '[' -n x ']'
+ set +x
Shell debugging temporarily silenced: export LMOD_SH_DBG_ON=1 for this output (/apps/lmod/lmod/init/bash)
Shell debugging restarted
+ unset __lmod_vx
+ input_file=input.nc
+ yyyymmdd=20240403
+ nccopy -k classic input.nc input.nc.tmp
+ ncks --mk_rec_dmn Time input.nc.tmp -O -o input.nc.tmp
+ ncatted -O -a units,Longitude,m,c,degrees_east input.nc.tmp
+ ncrename -v Time,time -d Time,time input.nc.tmp -O -o input.nc.tmp
+ ncrename -v Latitude,lat -d Latitude,lat input.nc.tmp -O -o input.nc.tmp
+ ncrename -v Longitude,lon -d Longitude,lon input.nc.tmp -O -o input.nc.tmp
+ ncap2 -O -s 'time[time]=0' input.nc.tmp -o input.nc.tmp
+ ncks -C -O -x -v Max_emission,Max_emission_col,Max_emission_row input.nc.tmp input.nc.tmp
+ ncks -C -O -x -v QCAll,CloudPerc,FirePerc,NumSensor input.nc.tmp input.nc.tmp
+ ncks -C -O -x -v TotalEmis_region_Africa input.nc.tmp input.nc.tmp
+ ncks -C -O -x -v TotalEmis_region_Asia input.nc.tmp input.nc.tmp
+ ncks -C -O -x -v TotalEmis_region_Australia input.nc.tmp input.nc.tmp
+ ncks -C -O -x -v TotalEmis_region_Europe input.nc.tmp input.nc.tmp
+ ncks -C -O -x -v TotalEmis_region_NorthAmerica input.nc.tmp input.nc.tmp
+ ncks -C -O -x -v TotalEmis_region_SouthAmerica input.nc.tmp input.nc.tmp
+ ncks -C -O -x -v quality_information input.nc.tmp input.nc.tmp
+ ncks -O -d lat,-89.5,89.5 input.nc.tmp input.nc.tmp2
++ date -d 20240403 +%Y-%m-%d
+ d=2024-04-03
+ dd='hours since 2024-04-03 12:00:00'
+ ncatted -O -a 'units,time,c,c,hours since 2024-04-03 12:00:00' input.nc.tmp2
+ ncatted -O -a long_name,time,c,c,Time input.nc.tmp2
+ ncatted -O -a calendar,time,c,c,gregorian input.nc.tmp2
+ ncatted -O -a axis,time,c,c,T input.nc.tmp2
+ ncatted -O -a long_name,lat,m,c,latitude input.nc.tmp2
+ ncatted -O -a long_name,lon,m,c,longitude input.nc.tmp2
+ ncatted -O -a axis,lon,d,, input.nc.tmp2
+ ncatted -O -a bounds,lon,d,, input.nc.tmp2
+ ncatted -O -a valid_range,lon,d,, input.nc.tmp2
+ ncatted -O -a scale_factor,lon,d,, input.nc.tmp2
+ ncatted -O -a add_offset,lon,d,, input.nc.tmp2
+ ncatted -O -a _FillValue,lon,d,, input.nc.tmp2
+ ncatted -O -a axis,lat,d,, input.nc.tmp2
+ ncatted -O -a bounds,lat,d,, input.nc.tmp2
+ ncatted -O -a valid_range,lat,d,, input.nc.tmp2
+ ncatted -O -a scale_factor,lat,d,, input.nc.tmp2
+ ncatted -O -a add_offset,lat,d,, input.nc.tmp2
+ ncatted -O -a _FillValue,lat,d,, input.nc.tmp2
+ ncatted -O -a coordinates,SO2,d,, input.nc.tmp2
+ ncatted -O -a coordinates,PM2.5,d,, input.nc.tmp2
+ ncatted -O -a coordinates,OC,d,, input.nc.tmp2
+ ncatted -O -a coordinates,BC,d,, input.nc.tmp2
+ ncatted -O -a coordinates,CO,d,, input.nc.tmp2
+ ncatted -O -a coordinates,NOx,d,, input.nc.tmp2
+ ncatted -O -a coordinates,NH3,d,, input.nc.tmp2
+ ncatted -O -a valid_range,SO2,d,, input.nc.tmp2
+ ncatted -O -a valid_range,PM2.5,d,, input.nc.tmp2
+ ncatted -O -a valid_range,OC,d,, input.nc.tmp2
+ ncatted -O -a valid_range,BC,d,, input.nc.tmp2
+ ncatted -O -a valid_range,CO,d,, input.nc.tmp2
+ ncatted -O -a valid_range,NOx,d,, input.nc.tmp2
+ ncatted -O -a valid_range,NH3,d,, input.nc.tmp2
+ ncatted -O -a add_offset,SO2,d,, input.nc.tmp2
+ ncatted -O -a add_offset,PM2.5,d,, input.nc.tmp2
+ ncatted -O -a add_offset,OC,d,, input.nc.tmp2
+ ncatted -O -a add_offset,BC,d,, input.nc.tmp2
+ ncatted -O -a add_offset,CO,d,, input.nc.tmp2
+ ncatted -O -a add_offset,NOx,d,, input.nc.tmp2
+ ncatted -O -a add_offset,NH3,d,, input.nc.tmp2
+ ncatted -O -a add_offset,MeanFRP,d,, input.nc.tmp2
+ ncatted -O -a valid_range,MeanFRP,d,, input.nc.tmp2
+ ncatted -O -a coordinates,MeanFRP,d,, input.nc.tmp2
+ nccopy -k 'netCDF-4 classic model' input.nc.tmp2 input.nc.tmp3
+ nccopy -d1 input.nc.tmp3 input.nc.tmp4
+ ERR=0
+ ECNT=0
+ '[' 0 -eq 0 ']'
+ /bin/mv input.nc.tmp4 /scratch1/BMC/gsd-fv3-dev/MAPP_2018/bhuang/JEDI-2020/JEDI-FV3/expCodes/PACEData/GBBEPx/Prep_GBBEPx_2024030100_2024043000/FixGBBEPx/GBBEPx_all01GRID.emissions_v004_20240403.nc
+ ERR=0
+ ECNT=0
+ '[' 0 -eq 0 ']'
+ echo 'Fix GBBEPx successflully at 20240403'
Fix GBBEPx successflully at 20240403
++ /scratch2/NCEPDEV/nwprod/NCEPLIBS/utils/prod_util.v1.1.0/exec/ndate 24 2024040300
+ IDATE=2024040400
+ '[' 2024040400 -le 2024043000 ']'
+ ECNT=0
+ /bin/rm -rf input.nc.tmp input.nc.tmp2 input.nc.tmp3 input.nc
+ IY=2024
+ IM=04
+ ID=04
+ IYMD=20240404
+ SRCFILE='/scratch1/BMC/gsd-fv3-dev/MAPP_2018/bhuang/JEDI-2020/JEDI-FV3/expCodes/PACEData/GBBEPx/Prep_GBBEPx_2024030100_2024043000/2024040400/*.nc'
+ OUTFILE=/scratch1/BMC/gsd-fv3-dev/MAPP_2018/bhuang/JEDI-2020/JEDI-FV3/expCodes/PACEData/GBBEPx/Prep_GBBEPx_2024030100_2024043000/FixGBBEPx/GBBEPx_all01GRID.emissions_v004_20240404.nc
++ wc -l
++ ls /scratch1/BMC/gsd-fv3-dev/MAPP_2018/bhuang/JEDI-2020/JEDI-FV3/expCodes/PACEData/GBBEPx/Prep_GBBEPx_2024030100_2024043000/2024040400/GBBEPx-all01GRID_v4r0_blend_s202404040000000_e202404042359590_c202404050324580.nc
+ NNC=1
+ '[' 1 -eq 1 ']'
++ ls /scratch1/BMC/gsd-fv3-dev/MAPP_2018/bhuang/JEDI-2020/JEDI-FV3/expCodes/PACEData/GBBEPx/Prep_GBBEPx_2024030100_2024043000/2024040400/GBBEPx-all01GRID_v4r0_blend_s202404040000000_e202404042359590_c202404050324580.nc
+ for FILE in $(ls ${SRCFILE})
+ /bin/cp /scratch1/BMC/gsd-fv3-dev/MAPP_2018/bhuang/JEDI-2020/JEDI-FV3/expCodes/PACEData/GBBEPx/Prep_GBBEPx_2024030100_2024043000/2024040400/GBBEPx-all01GRID_v4r0_blend_s202404040000000_e202404042359590_c202404050324580.nc input.nc
+ ERR=0
+ ECNT=0
+ /home/Bo.Huang/JEDI-2020/UFS-Aerosols_RETcyc/UFS-Aerosols-EP4_JEDI-AeroDA-Reanl/misc/PrepPACE/GBBEPx/fix_GBBEPx_Li.sh input.nc 20240404
+ '[' -z '' ']'
+ case "$-" in
+ __lmod_vx=x
+ '[' -n x ']'
+ set +x
Shell debugging temporarily silenced: export LMOD_SH_DBG_ON=1 for this output (/apps/lmod/lmod/init/bash)
Shell debugging restarted
+ unset __lmod_vx
+ input_file=input.nc
+ yyyymmdd=20240404
+ nccopy -k classic input.nc input.nc.tmp
+ ncks --mk_rec_dmn Time input.nc.tmp -O -o input.nc.tmp
+ ncatted -O -a units,Longitude,m,c,degrees_east input.nc.tmp
+ ncrename -v Time,time -d Time,time input.nc.tmp -O -o input.nc.tmp
+ ncrename -v Latitude,lat -d Latitude,lat input.nc.tmp -O -o input.nc.tmp
+ ncrename -v Longitude,lon -d Longitude,lon input.nc.tmp -O -o input.nc.tmp
+ ncap2 -O -s 'time[time]=0' input.nc.tmp -o input.nc.tmp
+ ncks -C -O -x -v Max_emission,Max_emission_col,Max_emission_row input.nc.tmp input.nc.tmp
+ ncks -C -O -x -v QCAll,CloudPerc,FirePerc,NumSensor input.nc.tmp input.nc.tmp
+ ncks -C -O -x -v TotalEmis_region_Africa input.nc.tmp input.nc.tmp
+ ncks -C -O -x -v TotalEmis_region_Asia input.nc.tmp input.nc.tmp
+ ncks -C -O -x -v TotalEmis_region_Australia input.nc.tmp input.nc.tmp
+ ncks -C -O -x -v TotalEmis_region_Europe input.nc.tmp input.nc.tmp
+ ncks -C -O -x -v TotalEmis_region_NorthAmerica input.nc.tmp input.nc.tmp
+ ncks -C -O -x -v TotalEmis_region_SouthAmerica input.nc.tmp input.nc.tmp
+ ncks -C -O -x -v quality_information input.nc.tmp input.nc.tmp
+ ncks -O -d lat,-89.5,89.5 input.nc.tmp input.nc.tmp2
++ date -d 20240404 +%Y-%m-%d
+ d=2024-04-04
+ dd='hours since 2024-04-04 12:00:00'
+ ncatted -O -a 'units,time,c,c,hours since 2024-04-04 12:00:00' input.nc.tmp2
+ ncatted -O -a long_name,time,c,c,Time input.nc.tmp2
+ ncatted -O -a calendar,time,c,c,gregorian input.nc.tmp2
+ ncatted -O -a axis,time,c,c,T input.nc.tmp2
+ ncatted -O -a long_name,lat,m,c,latitude input.nc.tmp2
+ ncatted -O -a long_name,lon,m,c,longitude input.nc.tmp2
+ ncatted -O -a axis,lon,d,, input.nc.tmp2
+ ncatted -O -a bounds,lon,d,, input.nc.tmp2
+ ncatted -O -a valid_range,lon,d,, input.nc.tmp2
+ ncatted -O -a scale_factor,lon,d,, input.nc.tmp2
+ ncatted -O -a add_offset,lon,d,, input.nc.tmp2
+ ncatted -O -a _FillValue,lon,d,, input.nc.tmp2
+ ncatted -O -a axis,lat,d,, input.nc.tmp2
+ ncatted -O -a bounds,lat,d,, input.nc.tmp2
+ ncatted -O -a valid_range,lat,d,, input.nc.tmp2
+ ncatted -O -a scale_factor,lat,d,, input.nc.tmp2
+ ncatted -O -a add_offset,lat,d,, input.nc.tmp2
+ ncatted -O -a _FillValue,lat,d,, input.nc.tmp2
+ ncatted -O -a coordinates,SO2,d,, input.nc.tmp2
+ ncatted -O -a coordinates,PM2.5,d,, input.nc.tmp2
+ ncatted -O -a coordinates,OC,d,, input.nc.tmp2
+ ncatted -O -a coordinates,BC,d,, input.nc.tmp2
+ ncatted -O -a coordinates,CO,d,, input.nc.tmp2
+ ncatted -O -a coordinates,NOx,d,, input.nc.tmp2
+ ncatted -O -a coordinates,NH3,d,, input.nc.tmp2
+ ncatted -O -a valid_range,SO2,d,, input.nc.tmp2
+ ncatted -O -a valid_range,PM2.5,d,, input.nc.tmp2
+ ncatted -O -a valid_range,OC,d,, input.nc.tmp2
+ ncatted -O -a valid_range,BC,d,, input.nc.tmp2
+ ncatted -O -a valid_range,CO,d,, input.nc.tmp2
+ ncatted -O -a valid_range,NOx,d,, input.nc.tmp2
+ ncatted -O -a valid_range,NH3,d,, input.nc.tmp2
+ ncatted -O -a add_offset,SO2,d,, input.nc.tmp2
+ ncatted -O -a add_offset,PM2.5,d,, input.nc.tmp2
+ ncatted -O -a add_offset,OC,d,, input.nc.tmp2
+ ncatted -O -a add_offset,BC,d,, input.nc.tmp2
+ ncatted -O -a add_offset,CO,d,, input.nc.tmp2
+ ncatted -O -a add_offset,NOx,d,, input.nc.tmp2
+ ncatted -O -a add_offset,NH3,d,, input.nc.tmp2
+ ncatted -O -a add_offset,MeanFRP,d,, input.nc.tmp2
+ ncatted -O -a valid_range,MeanFRP,d,, input.nc.tmp2
+ ncatted -O -a coordinates,MeanFRP,d,, input.nc.tmp2
+ nccopy -k 'netCDF-4 classic model' input.nc.tmp2 input.nc.tmp3
+ nccopy -d1 input.nc.tmp3 input.nc.tmp4
+ ERR=0
+ ECNT=0
+ '[' 0 -eq 0 ']'
+ /bin/mv input.nc.tmp4 /scratch1/BMC/gsd-fv3-dev/MAPP_2018/bhuang/JEDI-2020/JEDI-FV3/expCodes/PACEData/GBBEPx/Prep_GBBEPx_2024030100_2024043000/FixGBBEPx/GBBEPx_all01GRID.emissions_v004_20240404.nc
+ ERR=0
+ ECNT=0
+ '[' 0 -eq 0 ']'
+ echo 'Fix GBBEPx successflully at 20240404'
Fix GBBEPx successflully at 20240404
++ /scratch2/NCEPDEV/nwprod/NCEPLIBS/utils/prod_util.v1.1.0/exec/ndate 24 2024040400
+ IDATE=2024040500
+ '[' 2024040500 -le 2024043000 ']'
+ ECNT=0
+ /bin/rm -rf input.nc.tmp input.nc.tmp2 input.nc.tmp3 input.nc
+ IY=2024
+ IM=04
+ ID=05
+ IYMD=20240405
+ SRCFILE='/scratch1/BMC/gsd-fv3-dev/MAPP_2018/bhuang/JEDI-2020/JEDI-FV3/expCodes/PACEData/GBBEPx/Prep_GBBEPx_2024030100_2024043000/2024040500/*.nc'
+ OUTFILE=/scratch1/BMC/gsd-fv3-dev/MAPP_2018/bhuang/JEDI-2020/JEDI-FV3/expCodes/PACEData/GBBEPx/Prep_GBBEPx_2024030100_2024043000/FixGBBEPx/GBBEPx_all01GRID.emissions_v004_20240405.nc
++ wc -l
++ ls /scratch1/BMC/gsd-fv3-dev/MAPP_2018/bhuang/JEDI-2020/JEDI-FV3/expCodes/PACEData/GBBEPx/Prep_GBBEPx_2024030100_2024043000/2024040500/GBBEPx-all01GRID_v4r0_blend_s202404050000000_e202404052359590_c202404060115430.nc
+ NNC=1
+ '[' 1 -eq 1 ']'
++ ls /scratch1/BMC/gsd-fv3-dev/MAPP_2018/bhuang/JEDI-2020/JEDI-FV3/expCodes/PACEData/GBBEPx/Prep_GBBEPx_2024030100_2024043000/2024040500/GBBEPx-all01GRID_v4r0_blend_s202404050000000_e202404052359590_c202404060115430.nc
+ for FILE in $(ls ${SRCFILE})
+ /bin/cp /scratch1/BMC/gsd-fv3-dev/MAPP_2018/bhuang/JEDI-2020/JEDI-FV3/expCodes/PACEData/GBBEPx/Prep_GBBEPx_2024030100_2024043000/2024040500/GBBEPx-all01GRID_v4r0_blend_s202404050000000_e202404052359590_c202404060115430.nc input.nc
+ ERR=0
+ ECNT=0
+ /home/Bo.Huang/JEDI-2020/UFS-Aerosols_RETcyc/UFS-Aerosols-EP4_JEDI-AeroDA-Reanl/misc/PrepPACE/GBBEPx/fix_GBBEPx_Li.sh input.nc 20240405
+ '[' -z '' ']'
+ case "$-" in
+ __lmod_vx=x
+ '[' -n x ']'
+ set +x
Shell debugging temporarily silenced: export LMOD_SH_DBG_ON=1 for this output (/apps/lmod/lmod/init/bash)
Shell debugging restarted
+ unset __lmod_vx
+ input_file=input.nc
+ yyyymmdd=20240405
+ nccopy -k classic input.nc input.nc.tmp
+ ncks --mk_rec_dmn Time input.nc.tmp -O -o input.nc.tmp
+ ncatted -O -a units,Longitude,m,c,degrees_east input.nc.tmp
+ ncrename -v Time,time -d Time,time input.nc.tmp -O -o input.nc.tmp
+ ncrename -v Latitude,lat -d Latitude,lat input.nc.tmp -O -o input.nc.tmp
+ ncrename -v Longitude,lon -d Longitude,lon input.nc.tmp -O -o input.nc.tmp
+ ncap2 -O -s 'time[time]=0' input.nc.tmp -o input.nc.tmp
+ ncks -C -O -x -v Max_emission,Max_emission_col,Max_emission_row input.nc.tmp input.nc.tmp
+ ncks -C -O -x -v QCAll,CloudPerc,FirePerc,NumSensor input.nc.tmp input.nc.tmp
+ ncks -C -O -x -v TotalEmis_region_Africa input.nc.tmp input.nc.tmp
+ ncks -C -O -x -v TotalEmis_region_Asia input.nc.tmp input.nc.tmp
+ ncks -C -O -x -v TotalEmis_region_Australia input.nc.tmp input.nc.tmp
+ ncks -C -O -x -v TotalEmis_region_Europe input.nc.tmp input.nc.tmp
+ ncks -C -O -x -v TotalEmis_region_NorthAmerica input.nc.tmp input.nc.tmp
+ ncks -C -O -x -v TotalEmis_region_SouthAmerica input.nc.tmp input.nc.tmp
+ ncks -C -O -x -v quality_information input.nc.tmp input.nc.tmp
+ ncks -O -d lat,-89.5,89.5 input.nc.tmp input.nc.tmp2
++ date -d 20240405 +%Y-%m-%d
+ d=2024-04-05
+ dd='hours since 2024-04-05 12:00:00'
+ ncatted -O -a 'units,time,c,c,hours since 2024-04-05 12:00:00' input.nc.tmp2
+ ncatted -O -a long_name,time,c,c,Time input.nc.tmp2
+ ncatted -O -a calendar,time,c,c,gregorian input.nc.tmp2
+ ncatted -O -a axis,time,c,c,T input.nc.tmp2
+ ncatted -O -a long_name,lat,m,c,latitude input.nc.tmp2
+ ncatted -O -a long_name,lon,m,c,longitude input.nc.tmp2
+ ncatted -O -a axis,lon,d,, input.nc.tmp2
+ ncatted -O -a bounds,lon,d,, input.nc.tmp2
+ ncatted -O -a valid_range,lon,d,, input.nc.tmp2
+ ncatted -O -a scale_factor,lon,d,, input.nc.tmp2
+ ncatted -O -a add_offset,lon,d,, input.nc.tmp2
+ ncatted -O -a _FillValue,lon,d,, input.nc.tmp2
+ ncatted -O -a axis,lat,d,, input.nc.tmp2
+ ncatted -O -a bounds,lat,d,, input.nc.tmp2
+ ncatted -O -a valid_range,lat,d,, input.nc.tmp2
+ ncatted -O -a scale_factor,lat,d,, input.nc.tmp2
+ ncatted -O -a add_offset,lat,d,, input.nc.tmp2
+ ncatted -O -a _FillValue,lat,d,, input.nc.tmp2
+ ncatted -O -a coordinates,SO2,d,, input.nc.tmp2
+ ncatted -O -a coordinates,PM2.5,d,, input.nc.tmp2
+ ncatted -O -a coordinates,OC,d,, input.nc.tmp2
+ ncatted -O -a coordinates,BC,d,, input.nc.tmp2
+ ncatted -O -a coordinates,CO,d,, input.nc.tmp2
+ ncatted -O -a coordinates,NOx,d,, input.nc.tmp2
+ ncatted -O -a coordinates,NH3,d,, input.nc.tmp2
+ ncatted -O -a valid_range,SO2,d,, input.nc.tmp2
+ ncatted -O -a valid_range,PM2.5,d,, input.nc.tmp2
+ ncatted -O -a valid_range,OC,d,, input.nc.tmp2
+ ncatted -O -a valid_range,BC,d,, input.nc.tmp2
+ ncatted -O -a valid_range,CO,d,, input.nc.tmp2
+ ncatted -O -a valid_range,NOx,d,, input.nc.tmp2
+ ncatted -O -a valid_range,NH3,d,, input.nc.tmp2
+ ncatted -O -a add_offset,SO2,d,, input.nc.tmp2
+ ncatted -O -a add_offset,PM2.5,d,, input.nc.tmp2
+ ncatted -O -a add_offset,OC,d,, input.nc.tmp2
+ ncatted -O -a add_offset,BC,d,, input.nc.tmp2
+ ncatted -O -a add_offset,CO,d,, input.nc.tmp2
+ ncatted -O -a add_offset,NOx,d,, input.nc.tmp2
+ ncatted -O -a add_offset,NH3,d,, input.nc.tmp2
+ ncatted -O -a add_offset,MeanFRP,d,, input.nc.tmp2
+ ncatted -O -a valid_range,MeanFRP,d,, input.nc.tmp2
+ ncatted -O -a coordinates,MeanFRP,d,, input.nc.tmp2
+ nccopy -k 'netCDF-4 classic model' input.nc.tmp2 input.nc.tmp3
+ nccopy -d1 input.nc.tmp3 input.nc.tmp4
+ ERR=0
+ ECNT=0
+ '[' 0 -eq 0 ']'
+ /bin/mv input.nc.tmp4 /scratch1/BMC/gsd-fv3-dev/MAPP_2018/bhuang/JEDI-2020/JEDI-FV3/expCodes/PACEData/GBBEPx/Prep_GBBEPx_2024030100_2024043000/FixGBBEPx/GBBEPx_all01GRID.emissions_v004_20240405.nc
+ ERR=0
+ ECNT=0
+ '[' 0 -eq 0 ']'
+ echo 'Fix GBBEPx successflully at 20240405'
Fix GBBEPx successflully at 20240405
++ /scratch2/NCEPDEV/nwprod/NCEPLIBS/utils/prod_util.v1.1.0/exec/ndate 24 2024040500
+ IDATE=2024040600
+ '[' 2024040600 -le 2024043000 ']'
+ ECNT=0
+ /bin/rm -rf input.nc.tmp input.nc.tmp2 input.nc.tmp3 input.nc
+ IY=2024
+ IM=04
+ ID=06
+ IYMD=20240406
+ SRCFILE='/scratch1/BMC/gsd-fv3-dev/MAPP_2018/bhuang/JEDI-2020/JEDI-FV3/expCodes/PACEData/GBBEPx/Prep_GBBEPx_2024030100_2024043000/2024040600/*.nc'
+ OUTFILE=/scratch1/BMC/gsd-fv3-dev/MAPP_2018/bhuang/JEDI-2020/JEDI-FV3/expCodes/PACEData/GBBEPx/Prep_GBBEPx_2024030100_2024043000/FixGBBEPx/GBBEPx_all01GRID.emissions_v004_20240406.nc
++ wc -l
++ ls /scratch1/BMC/gsd-fv3-dev/MAPP_2018/bhuang/JEDI-2020/JEDI-FV3/expCodes/PACEData/GBBEPx/Prep_GBBEPx_2024030100_2024043000/2024040600/GBBEPx-all01GRID_v4r0_blend_s202404060000000_e202404062359590_c202404070319420.nc
+ NNC=1
+ '[' 1 -eq 1 ']'
++ ls /scratch1/BMC/gsd-fv3-dev/MAPP_2018/bhuang/JEDI-2020/JEDI-FV3/expCodes/PACEData/GBBEPx/Prep_GBBEPx_2024030100_2024043000/2024040600/GBBEPx-all01GRID_v4r0_blend_s202404060000000_e202404062359590_c202404070319420.nc
+ for FILE in $(ls ${SRCFILE})
+ /bin/cp /scratch1/BMC/gsd-fv3-dev/MAPP_2018/bhuang/JEDI-2020/JEDI-FV3/expCodes/PACEData/GBBEPx/Prep_GBBEPx_2024030100_2024043000/2024040600/GBBEPx-all01GRID_v4r0_blend_s202404060000000_e202404062359590_c202404070319420.nc input.nc
+ ERR=0
+ ECNT=0
+ /home/Bo.Huang/JEDI-2020/UFS-Aerosols_RETcyc/UFS-Aerosols-EP4_JEDI-AeroDA-Reanl/misc/PrepPACE/GBBEPx/fix_GBBEPx_Li.sh input.nc 20240406
+ '[' -z '' ']'
+ case "$-" in
+ __lmod_vx=x
+ '[' -n x ']'
+ set +x
Shell debugging temporarily silenced: export LMOD_SH_DBG_ON=1 for this output (/apps/lmod/lmod/init/bash)
Shell debugging restarted
+ unset __lmod_vx
+ input_file=input.nc
+ yyyymmdd=20240406
+ nccopy -k classic input.nc input.nc.tmp
+ ncks --mk_rec_dmn Time input.nc.tmp -O -o input.nc.tmp
+ ncatted -O -a units,Longitude,m,c,degrees_east input.nc.tmp
+ ncrename -v Time,time -d Time,time input.nc.tmp -O -o input.nc.tmp
+ ncrename -v Latitude,lat -d Latitude,lat input.nc.tmp -O -o input.nc.tmp
+ ncrename -v Longitude,lon -d Longitude,lon input.nc.tmp -O -o input.nc.tmp
+ ncap2 -O -s 'time[time]=0' input.nc.tmp -o input.nc.tmp
+ ncks -C -O -x -v Max_emission,Max_emission_col,Max_emission_row input.nc.tmp input.nc.tmp
+ ncks -C -O -x -v QCAll,CloudPerc,FirePerc,NumSensor input.nc.tmp input.nc.tmp
+ ncks -C -O -x -v TotalEmis_region_Africa input.nc.tmp input.nc.tmp
+ ncks -C -O -x -v TotalEmis_region_Asia input.nc.tmp input.nc.tmp
+ ncks -C -O -x -v TotalEmis_region_Australia input.nc.tmp input.nc.tmp
+ ncks -C -O -x -v TotalEmis_region_Europe input.nc.tmp input.nc.tmp
+ ncks -C -O -x -v TotalEmis_region_NorthAmerica input.nc.tmp input.nc.tmp
+ ncks -C -O -x -v TotalEmis_region_SouthAmerica input.nc.tmp input.nc.tmp
+ ncks -C -O -x -v quality_information input.nc.tmp input.nc.tmp
+ ncks -O -d lat,-89.5,89.5 input.nc.tmp input.nc.tmp2
++ date -d 20240406 +%Y-%m-%d
+ d=2024-04-06
+ dd='hours since 2024-04-06 12:00:00'
+ ncatted -O -a 'units,time,c,c,hours since 2024-04-06 12:00:00' input.nc.tmp2
+ ncatted -O -a long_name,time,c,c,Time input.nc.tmp2
+ ncatted -O -a calendar,time,c,c,gregorian input.nc.tmp2
+ ncatted -O -a axis,time,c,c,T input.nc.tmp2
+ ncatted -O -a long_name,lat,m,c,latitude input.nc.tmp2
+ ncatted -O -a long_name,lon,m,c,longitude input.nc.tmp2
+ ncatted -O -a axis,lon,d,, input.nc.tmp2
+ ncatted -O -a bounds,lon,d,, input.nc.tmp2
+ ncatted -O -a valid_range,lon,d,, input.nc.tmp2
+ ncatted -O -a scale_factor,lon,d,, input.nc.tmp2
+ ncatted -O -a add_offset,lon,d,, input.nc.tmp2
+ ncatted -O -a _FillValue,lon,d,, input.nc.tmp2
+ ncatted -O -a axis,lat,d,, input.nc.tmp2
+ ncatted -O -a bounds,lat,d,, input.nc.tmp2
+ ncatted -O -a valid_range,lat,d,, input.nc.tmp2
+ ncatted -O -a scale_factor,lat,d,, input.nc.tmp2
+ ncatted -O -a add_offset,lat,d,, input.nc.tmp2
+ ncatted -O -a _FillValue,lat,d,, input.nc.tmp2
+ ncatted -O -a coordinates,SO2,d,, input.nc.tmp2
+ ncatted -O -a coordinates,PM2.5,d,, input.nc.tmp2
+ ncatted -O -a coordinates,OC,d,, input.nc.tmp2
+ ncatted -O -a coordinates,BC,d,, input.nc.tmp2
+ ncatted -O -a coordinates,CO,d,, input.nc.tmp2
+ ncatted -O -a coordinates,NOx,d,, input.nc.tmp2
+ ncatted -O -a coordinates,NH3,d,, input.nc.tmp2
+ ncatted -O -a valid_range,SO2,d,, input.nc.tmp2
+ ncatted -O -a valid_range,PM2.5,d,, input.nc.tmp2
+ ncatted -O -a valid_range,OC,d,, input.nc.tmp2
+ ncatted -O -a valid_range,BC,d,, input.nc.tmp2
+ ncatted -O -a valid_range,CO,d,, input.nc.tmp2
+ ncatted -O -a valid_range,NOx,d,, input.nc.tmp2
+ ncatted -O -a valid_range,NH3,d,, input.nc.tmp2
+ ncatted -O -a add_offset,SO2,d,, input.nc.tmp2
+ ncatted -O -a add_offset,PM2.5,d,, input.nc.tmp2
+ ncatted -O -a add_offset,OC,d,, input.nc.tmp2
+ ncatted -O -a add_offset,BC,d,, input.nc.tmp2
+ ncatted -O -a add_offset,CO,d,, input.nc.tmp2
+ ncatted -O -a add_offset,NOx,d,, input.nc.tmp2
+ ncatted -O -a add_offset,NH3,d,, input.nc.tmp2
+ ncatted -O -a add_offset,MeanFRP,d,, input.nc.tmp2
+ ncatted -O -a valid_range,MeanFRP,d,, input.nc.tmp2
+ ncatted -O -a coordinates,MeanFRP,d,, input.nc.tmp2
+ nccopy -k 'netCDF-4 classic model' input.nc.tmp2 input.nc.tmp3
+ nccopy -d1 input.nc.tmp3 input.nc.tmp4
+ ERR=0
+ ECNT=0
+ '[' 0 -eq 0 ']'
+ /bin/mv input.nc.tmp4 /scratch1/BMC/gsd-fv3-dev/MAPP_2018/bhuang/JEDI-2020/JEDI-FV3/expCodes/PACEData/GBBEPx/Prep_GBBEPx_2024030100_2024043000/FixGBBEPx/GBBEPx_all01GRID.emissions_v004_20240406.nc
+ ERR=0
+ ECNT=0
+ '[' 0 -eq 0 ']'
+ echo 'Fix GBBEPx successflully at 20240406'
Fix GBBEPx successflully at 20240406
++ /scratch2/NCEPDEV/nwprod/NCEPLIBS/utils/prod_util.v1.1.0/exec/ndate 24 2024040600
+ IDATE=2024040700
+ '[' 2024040700 -le 2024043000 ']'
+ ECNT=0
+ /bin/rm -rf input.nc.tmp input.nc.tmp2 input.nc.tmp3 input.nc
+ IY=2024
+ IM=04
+ ID=07
+ IYMD=20240407
+ SRCFILE='/scratch1/BMC/gsd-fv3-dev/MAPP_2018/bhuang/JEDI-2020/JEDI-FV3/expCodes/PACEData/GBBEPx/Prep_GBBEPx_2024030100_2024043000/2024040700/*.nc'
+ OUTFILE=/scratch1/BMC/gsd-fv3-dev/MAPP_2018/bhuang/JEDI-2020/JEDI-FV3/expCodes/PACEData/GBBEPx/Prep_GBBEPx_2024030100_2024043000/FixGBBEPx/GBBEPx_all01GRID.emissions_v004_20240407.nc
++ wc -l
++ ls /scratch1/BMC/gsd-fv3-dev/MAPP_2018/bhuang/JEDI-2020/JEDI-FV3/expCodes/PACEData/GBBEPx/Prep_GBBEPx_2024030100_2024043000/2024040700/GBBEPx-all01GRID_v4r0_blend_s202404070000000_e202404072359590_c202404080219280.nc
+ NNC=1
+ '[' 1 -eq 1 ']'
++ ls /scratch1/BMC/gsd-fv3-dev/MAPP_2018/bhuang/JEDI-2020/JEDI-FV3/expCodes/PACEData/GBBEPx/Prep_GBBEPx_2024030100_2024043000/2024040700/GBBEPx-all01GRID_v4r0_blend_s202404070000000_e202404072359590_c202404080219280.nc
+ for FILE in $(ls ${SRCFILE})
+ /bin/cp /scratch1/BMC/gsd-fv3-dev/MAPP_2018/bhuang/JEDI-2020/JEDI-FV3/expCodes/PACEData/GBBEPx/Prep_GBBEPx_2024030100_2024043000/2024040700/GBBEPx-all01GRID_v4r0_blend_s202404070000000_e202404072359590_c202404080219280.nc input.nc
+ ERR=0
+ ECNT=0
+ /home/Bo.Huang/JEDI-2020/UFS-Aerosols_RETcyc/UFS-Aerosols-EP4_JEDI-AeroDA-Reanl/misc/PrepPACE/GBBEPx/fix_GBBEPx_Li.sh input.nc 20240407
+ '[' -z '' ']'
+ case "$-" in
+ __lmod_vx=x
+ '[' -n x ']'
+ set +x
Shell debugging temporarily silenced: export LMOD_SH_DBG_ON=1 for this output (/apps/lmod/lmod/init/bash)
Shell debugging restarted
+ unset __lmod_vx
+ input_file=input.nc
+ yyyymmdd=20240407
+ nccopy -k classic input.nc input.nc.tmp
+ ncks --mk_rec_dmn Time input.nc.tmp -O -o input.nc.tmp
+ ncatted -O -a units,Longitude,m,c,degrees_east input.nc.tmp
+ ncrename -v Time,time -d Time,time input.nc.tmp -O -o input.nc.tmp
+ ncrename -v Latitude,lat -d Latitude,lat input.nc.tmp -O -o input.nc.tmp
+ ncrename -v Longitude,lon -d Longitude,lon input.nc.tmp -O -o input.nc.tmp
+ ncap2 -O -s 'time[time]=0' input.nc.tmp -o input.nc.tmp
+ ncks -C -O -x -v Max_emission,Max_emission_col,Max_emission_row input.nc.tmp input.nc.tmp
+ ncks -C -O -x -v QCAll,CloudPerc,FirePerc,NumSensor input.nc.tmp input.nc.tmp
+ ncks -C -O -x -v TotalEmis_region_Africa input.nc.tmp input.nc.tmp
+ ncks -C -O -x -v TotalEmis_region_Asia input.nc.tmp input.nc.tmp
+ ncks -C -O -x -v TotalEmis_region_Australia input.nc.tmp input.nc.tmp
+ ncks -C -O -x -v TotalEmis_region_Europe input.nc.tmp input.nc.tmp
+ ncks -C -O -x -v TotalEmis_region_NorthAmerica input.nc.tmp input.nc.tmp
+ ncks -C -O -x -v TotalEmis_region_SouthAmerica input.nc.tmp input.nc.tmp
+ ncks -C -O -x -v quality_information input.nc.tmp input.nc.tmp
+ ncks -O -d lat,-89.5,89.5 input.nc.tmp input.nc.tmp2
++ date -d 20240407 +%Y-%m-%d
+ d=2024-04-07
+ dd='hours since 2024-04-07 12:00:00'
+ ncatted -O -a 'units,time,c,c,hours since 2024-04-07 12:00:00' input.nc.tmp2
+ ncatted -O -a long_name,time,c,c,Time input.nc.tmp2
+ ncatted -O -a calendar,time,c,c,gregorian input.nc.tmp2
+ ncatted -O -a axis,time,c,c,T input.nc.tmp2
+ ncatted -O -a long_name,lat,m,c,latitude input.nc.tmp2
+ ncatted -O -a long_name,lon,m,c,longitude input.nc.tmp2
+ ncatted -O -a axis,lon,d,, input.nc.tmp2
+ ncatted -O -a bounds,lon,d,, input.nc.tmp2
+ ncatted -O -a valid_range,lon,d,, input.nc.tmp2
+ ncatted -O -a scale_factor,lon,d,, input.nc.tmp2
+ ncatted -O -a add_offset,lon,d,, input.nc.tmp2
+ ncatted -O -a _FillValue,lon,d,, input.nc.tmp2
+ ncatted -O -a axis,lat,d,, input.nc.tmp2
+ ncatted -O -a bounds,lat,d,, input.nc.tmp2
+ ncatted -O -a valid_range,lat,d,, input.nc.tmp2
+ ncatted -O -a scale_factor,lat,d,, input.nc.tmp2
+ ncatted -O -a add_offset,lat,d,, input.nc.tmp2
+ ncatted -O -a _FillValue,lat,d,, input.nc.tmp2
+ ncatted -O -a coordinates,SO2,d,, input.nc.tmp2
+ ncatted -O -a coordinates,PM2.5,d,, input.nc.tmp2
+ ncatted -O -a coordinates,OC,d,, input.nc.tmp2
+ ncatted -O -a coordinates,BC,d,, input.nc.tmp2
+ ncatted -O -a coordinates,CO,d,, input.nc.tmp2
+ ncatted -O -a coordinates,NOx,d,, input.nc.tmp2
+ ncatted -O -a coordinates,NH3,d,, input.nc.tmp2
+ ncatted -O -a valid_range,SO2,d,, input.nc.tmp2
+ ncatted -O -a valid_range,PM2.5,d,, input.nc.tmp2
+ ncatted -O -a valid_range,OC,d,, input.nc.tmp2
+ ncatted -O -a valid_range,BC,d,, input.nc.tmp2
+ ncatted -O -a valid_range,CO,d,, input.nc.tmp2
+ ncatted -O -a valid_range,NOx,d,, input.nc.tmp2
+ ncatted -O -a valid_range,NH3,d,, input.nc.tmp2
+ ncatted -O -a add_offset,SO2,d,, input.nc.tmp2
+ ncatted -O -a add_offset,PM2.5,d,, input.nc.tmp2
+ ncatted -O -a add_offset,OC,d,, input.nc.tmp2
+ ncatted -O -a add_offset,BC,d,, input.nc.tmp2
+ ncatted -O -a add_offset,CO,d,, input.nc.tmp2
+ ncatted -O -a add_offset,NOx,d,, input.nc.tmp2
+ ncatted -O -a add_offset,NH3,d,, input.nc.tmp2
+ ncatted -O -a add_offset,MeanFRP,d,, input.nc.tmp2
+ ncatted -O -a valid_range,MeanFRP,d,, input.nc.tmp2
+ ncatted -O -a coordinates,MeanFRP,d,, input.nc.tmp2
+ nccopy -k 'netCDF-4 classic model' input.nc.tmp2 input.nc.tmp3
+ nccopy -d1 input.nc.tmp3 input.nc.tmp4
+ ERR=0
+ ECNT=0
+ '[' 0 -eq 0 ']'
+ /bin/mv input.nc.tmp4 /scratch1/BMC/gsd-fv3-dev/MAPP_2018/bhuang/JEDI-2020/JEDI-FV3/expCodes/PACEData/GBBEPx/Prep_GBBEPx_2024030100_2024043000/FixGBBEPx/GBBEPx_all01GRID.emissions_v004_20240407.nc
+ ERR=0
+ ECNT=0
+ '[' 0 -eq 0 ']'
+ echo 'Fix GBBEPx successflully at 20240407'
Fix GBBEPx successflully at 20240407
++ /scratch2/NCEPDEV/nwprod/NCEPLIBS/utils/prod_util.v1.1.0/exec/ndate 24 2024040700
+ IDATE=2024040800
+ '[' 2024040800 -le 2024043000 ']'
+ ECNT=0
+ /bin/rm -rf input.nc.tmp input.nc.tmp2 input.nc.tmp3 input.nc
+ IY=2024
+ IM=04
+ ID=08
+ IYMD=20240408
+ SRCFILE='/scratch1/BMC/gsd-fv3-dev/MAPP_2018/bhuang/JEDI-2020/JEDI-FV3/expCodes/PACEData/GBBEPx/Prep_GBBEPx_2024030100_2024043000/2024040800/*.nc'
+ OUTFILE=/scratch1/BMC/gsd-fv3-dev/MAPP_2018/bhuang/JEDI-2020/JEDI-FV3/expCodes/PACEData/GBBEPx/Prep_GBBEPx_2024030100_2024043000/FixGBBEPx/GBBEPx_all01GRID.emissions_v004_20240408.nc
++ wc -l
++ ls /scratch1/BMC/gsd-fv3-dev/MAPP_2018/bhuang/JEDI-2020/JEDI-FV3/expCodes/PACEData/GBBEPx/Prep_GBBEPx_2024030100_2024043000/2024040800/GBBEPx-all01GRID_v4r0_blend_s202404080000000_e202404082359590_c202404090203410.nc
+ NNC=1
+ '[' 1 -eq 1 ']'
++ ls /scratch1/BMC/gsd-fv3-dev/MAPP_2018/bhuang/JEDI-2020/JEDI-FV3/expCodes/PACEData/GBBEPx/Prep_GBBEPx_2024030100_2024043000/2024040800/GBBEPx-all01GRID_v4r0_blend_s202404080000000_e202404082359590_c202404090203410.nc
+ for FILE in $(ls ${SRCFILE})
+ /bin/cp /scratch1/BMC/gsd-fv3-dev/MAPP_2018/bhuang/JEDI-2020/JEDI-FV3/expCodes/PACEData/GBBEPx/Prep_GBBEPx_2024030100_2024043000/2024040800/GBBEPx-all01GRID_v4r0_blend_s202404080000000_e202404082359590_c202404090203410.nc input.nc
+ ERR=0
+ ECNT=0
+ /home/Bo.Huang/JEDI-2020/UFS-Aerosols_RETcyc/UFS-Aerosols-EP4_JEDI-AeroDA-Reanl/misc/PrepPACE/GBBEPx/fix_GBBEPx_Li.sh input.nc 20240408
+ '[' -z '' ']'
+ case "$-" in
+ __lmod_vx=x
+ '[' -n x ']'
+ set +x
Shell debugging temporarily silenced: export LMOD_SH_DBG_ON=1 for this output (/apps/lmod/lmod/init/bash)
Shell debugging restarted
+ unset __lmod_vx
+ input_file=input.nc
+ yyyymmdd=20240408
+ nccopy -k classic input.nc input.nc.tmp
+ ncks --mk_rec_dmn Time input.nc.tmp -O -o input.nc.tmp
+ ncatted -O -a units,Longitude,m,c,degrees_east input.nc.tmp
+ ncrename -v Time,time -d Time,time input.nc.tmp -O -o input.nc.tmp
+ ncrename -v Latitude,lat -d Latitude,lat input.nc.tmp -O -o input.nc.tmp
+ ncrename -v Longitude,lon -d Longitude,lon input.nc.tmp -O -o input.nc.tmp
+ ncap2 -O -s 'time[time]=0' input.nc.tmp -o input.nc.tmp
+ ncks -C -O -x -v Max_emission,Max_emission_col,Max_emission_row input.nc.tmp input.nc.tmp
+ ncks -C -O -x -v QCAll,CloudPerc,FirePerc,NumSensor input.nc.tmp input.nc.tmp
+ ncks -C -O -x -v TotalEmis_region_Africa input.nc.tmp input.nc.tmp
+ ncks -C -O -x -v TotalEmis_region_Asia input.nc.tmp input.nc.tmp
+ ncks -C -O -x -v TotalEmis_region_Australia input.nc.tmp input.nc.tmp
+ ncks -C -O -x -v TotalEmis_region_Europe input.nc.tmp input.nc.tmp
+ ncks -C -O -x -v TotalEmis_region_NorthAmerica input.nc.tmp input.nc.tmp
+ ncks -C -O -x -v TotalEmis_region_SouthAmerica input.nc.tmp input.nc.tmp
+ ncks -C -O -x -v quality_information input.nc.tmp input.nc.tmp
+ ncks -O -d lat,-89.5,89.5 input.nc.tmp input.nc.tmp2
++ date -d 20240408 +%Y-%m-%d
+ d=2024-04-08
+ dd='hours since 2024-04-08 12:00:00'
+ ncatted -O -a 'units,time,c,c,hours since 2024-04-08 12:00:00' input.nc.tmp2
+ ncatted -O -a long_name,time,c,c,Time input.nc.tmp2
+ ncatted -O -a calendar,time,c,c,gregorian input.nc.tmp2
+ ncatted -O -a axis,time,c,c,T input.nc.tmp2
+ ncatted -O -a long_name,lat,m,c,latitude input.nc.tmp2
+ ncatted -O -a long_name,lon,m,c,longitude input.nc.tmp2
+ ncatted -O -a axis,lon,d,, input.nc.tmp2
+ ncatted -O -a bounds,lon,d,, input.nc.tmp2
+ ncatted -O -a valid_range,lon,d,, input.nc.tmp2
+ ncatted -O -a scale_factor,lon,d,, input.nc.tmp2
+ ncatted -O -a add_offset,lon,d,, input.nc.tmp2
+ ncatted -O -a _FillValue,lon,d,, input.nc.tmp2
+ ncatted -O -a axis,lat,d,, input.nc.tmp2
+ ncatted -O -a bounds,lat,d,, input.nc.tmp2
+ ncatted -O -a valid_range,lat,d,, input.nc.tmp2
+ ncatted -O -a scale_factor,lat,d,, input.nc.tmp2
+ ncatted -O -a add_offset,lat,d,, input.nc.tmp2
+ ncatted -O -a _FillValue,lat,d,, input.nc.tmp2
+ ncatted -O -a coordinates,SO2,d,, input.nc.tmp2
+ ncatted -O -a coordinates,PM2.5,d,, input.nc.tmp2
+ ncatted -O -a coordinates,OC,d,, input.nc.tmp2
+ ncatted -O -a coordinates,BC,d,, input.nc.tmp2
+ ncatted -O -a coordinates,CO,d,, input.nc.tmp2
+ ncatted -O -a coordinates,NOx,d,, input.nc.tmp2
+ ncatted -O -a coordinates,NH3,d,, input.nc.tmp2
+ ncatted -O -a valid_range,SO2,d,, input.nc.tmp2
+ ncatted -O -a valid_range,PM2.5,d,, input.nc.tmp2
+ ncatted -O -a valid_range,OC,d,, input.nc.tmp2
+ ncatted -O -a valid_range,BC,d,, input.nc.tmp2
+ ncatted -O -a valid_range,CO,d,, input.nc.tmp2
+ ncatted -O -a valid_range,NOx,d,, input.nc.tmp2
+ ncatted -O -a valid_range,NH3,d,, input.nc.tmp2
+ ncatted -O -a add_offset,SO2,d,, input.nc.tmp2
+ ncatted -O -a add_offset,PM2.5,d,, input.nc.tmp2
+ ncatted -O -a add_offset,OC,d,, input.nc.tmp2
+ ncatted -O -a add_offset,BC,d,, input.nc.tmp2
+ ncatted -O -a add_offset,CO,d,, input.nc.tmp2
+ ncatted -O -a add_offset,NOx,d,, input.nc.tmp2
+ ncatted -O -a add_offset,NH3,d,, input.nc.tmp2
+ ncatted -O -a add_offset,MeanFRP,d,, input.nc.tmp2
+ ncatted -O -a valid_range,MeanFRP,d,, input.nc.tmp2
+ ncatted -O -a coordinates,MeanFRP,d,, input.nc.tmp2
+ nccopy -k 'netCDF-4 classic model' input.nc.tmp2 input.nc.tmp3
+ nccopy -d1 input.nc.tmp3 input.nc.tmp4
+ ERR=0
+ ECNT=0
+ '[' 0 -eq 0 ']'
+ /bin/mv input.nc.tmp4 /scratch1/BMC/gsd-fv3-dev/MAPP_2018/bhuang/JEDI-2020/JEDI-FV3/expCodes/PACEData/GBBEPx/Prep_GBBEPx_2024030100_2024043000/FixGBBEPx/GBBEPx_all01GRID.emissions_v004_20240408.nc
+ ERR=0
+ ECNT=0
+ '[' 0 -eq 0 ']'
+ echo 'Fix GBBEPx successflully at 20240408'
Fix GBBEPx successflully at 20240408
++ /scratch2/NCEPDEV/nwprod/NCEPLIBS/utils/prod_util.v1.1.0/exec/ndate 24 2024040800
+ IDATE=2024040900
+ '[' 2024040900 -le 2024043000 ']'
+ ECNT=0
+ /bin/rm -rf input.nc.tmp input.nc.tmp2 input.nc.tmp3 input.nc
+ IY=2024
+ IM=04
+ ID=09
+ IYMD=20240409
+ SRCFILE='/scratch1/BMC/gsd-fv3-dev/MAPP_2018/bhuang/JEDI-2020/JEDI-FV3/expCodes/PACEData/GBBEPx/Prep_GBBEPx_2024030100_2024043000/2024040900/*.nc'
+ OUTFILE=/scratch1/BMC/gsd-fv3-dev/MAPP_2018/bhuang/JEDI-2020/JEDI-FV3/expCodes/PACEData/GBBEPx/Prep_GBBEPx_2024030100_2024043000/FixGBBEPx/GBBEPx_all01GRID.emissions_v004_20240409.nc
++ wc -l
++ ls /scratch1/BMC/gsd-fv3-dev/MAPP_2018/bhuang/JEDI-2020/JEDI-FV3/expCodes/PACEData/GBBEPx/Prep_GBBEPx_2024030100_2024043000/2024040900/GBBEPx-all01GRID_v4r0_blend_s202404090000000_e202404092359590_c202404100144440.nc
+ NNC=1
+ '[' 1 -eq 1 ']'
++ ls /scratch1/BMC/gsd-fv3-dev/MAPP_2018/bhuang/JEDI-2020/JEDI-FV3/expCodes/PACEData/GBBEPx/Prep_GBBEPx_2024030100_2024043000/2024040900/GBBEPx-all01GRID_v4r0_blend_s202404090000000_e202404092359590_c202404100144440.nc
+ for FILE in $(ls ${SRCFILE})
+ /bin/cp /scratch1/BMC/gsd-fv3-dev/MAPP_2018/bhuang/JEDI-2020/JEDI-FV3/expCodes/PACEData/GBBEPx/Prep_GBBEPx_2024030100_2024043000/2024040900/GBBEPx-all01GRID_v4r0_blend_s202404090000000_e202404092359590_c202404100144440.nc input.nc
+ ERR=0
+ ECNT=0
+ /home/Bo.Huang/JEDI-2020/UFS-Aerosols_RETcyc/UFS-Aerosols-EP4_JEDI-AeroDA-Reanl/misc/PrepPACE/GBBEPx/fix_GBBEPx_Li.sh input.nc 20240409
+ '[' -z '' ']'
+ case "$-" in
+ __lmod_vx=x
+ '[' -n x ']'
+ set +x
Shell debugging temporarily silenced: export LMOD_SH_DBG_ON=1 for this output (/apps/lmod/lmod/init/bash)
Shell debugging restarted
+ unset __lmod_vx
+ input_file=input.nc
+ yyyymmdd=20240409
+ nccopy -k classic input.nc input.nc.tmp
+ ncks --mk_rec_dmn Time input.nc.tmp -O -o input.nc.tmp
+ ncatted -O -a units,Longitude,m,c,degrees_east input.nc.tmp
+ ncrename -v Time,time -d Time,time input.nc.tmp -O -o input.nc.tmp
+ ncrename -v Latitude,lat -d Latitude,lat input.nc.tmp -O -o input.nc.tmp
+ ncrename -v Longitude,lon -d Longitude,lon input.nc.tmp -O -o input.nc.tmp
+ ncap2 -O -s 'time[time]=0' input.nc.tmp -o input.nc.tmp
+ ncks -C -O -x -v Max_emission,Max_emission_col,Max_emission_row input.nc.tmp input.nc.tmp
+ ncks -C -O -x -v QCAll,CloudPerc,FirePerc,NumSensor input.nc.tmp input.nc.tmp
+ ncks -C -O -x -v TotalEmis_region_Africa input.nc.tmp input.nc.tmp
+ ncks -C -O -x -v TotalEmis_region_Asia input.nc.tmp input.nc.tmp
+ ncks -C -O -x -v TotalEmis_region_Australia input.nc.tmp input.nc.tmp
+ ncks -C -O -x -v TotalEmis_region_Europe input.nc.tmp input.nc.tmp
+ ncks -C -O -x -v TotalEmis_region_NorthAmerica input.nc.tmp input.nc.tmp
+ ncks -C -O -x -v TotalEmis_region_SouthAmerica input.nc.tmp input.nc.tmp
+ ncks -C -O -x -v quality_information input.nc.tmp input.nc.tmp
+ ncks -O -d lat,-89.5,89.5 input.nc.tmp input.nc.tmp2
++ date -d 20240409 +%Y-%m-%d
+ d=2024-04-09
+ dd='hours since 2024-04-09 12:00:00'
+ ncatted -O -a 'units,time,c,c,hours since 2024-04-09 12:00:00' input.nc.tmp2
+ ncatted -O -a long_name,time,c,c,Time input.nc.tmp2
+ ncatted -O -a calendar,time,c,c,gregorian input.nc.tmp2
+ ncatted -O -a axis,time,c,c,T input.nc.tmp2
+ ncatted -O -a long_name,lat,m,c,latitude input.nc.tmp2
+ ncatted -O -a long_name,lon,m,c,longitude input.nc.tmp2
+ ncatted -O -a axis,lon,d,, input.nc.tmp2
+ ncatted -O -a bounds,lon,d,, input.nc.tmp2
+ ncatted -O -a valid_range,lon,d,, input.nc.tmp2
+ ncatted -O -a scale_factor,lon,d,, input.nc.tmp2
+ ncatted -O -a add_offset,lon,d,, input.nc.tmp2
+ ncatted -O -a _FillValue,lon,d,, input.nc.tmp2
+ ncatted -O -a axis,lat,d,, input.nc.tmp2
+ ncatted -O -a bounds,lat,d,, input.nc.tmp2
+ ncatted -O -a valid_range,lat,d,, input.nc.tmp2
+ ncatted -O -a scale_factor,lat,d,, input.nc.tmp2
+ ncatted -O -a add_offset,lat,d,, input.nc.tmp2
+ ncatted -O -a _FillValue,lat,d,, input.nc.tmp2
+ ncatted -O -a coordinates,SO2,d,, input.nc.tmp2
+ ncatted -O -a coordinates,PM2.5,d,, input.nc.tmp2
+ ncatted -O -a coordinates,OC,d,, input.nc.tmp2
+ ncatted -O -a coordinates,BC,d,, input.nc.tmp2
+ ncatted -O -a coordinates,CO,d,, input.nc.tmp2
+ ncatted -O -a coordinates,NOx,d,, input.nc.tmp2
+ ncatted -O -a coordinates,NH3,d,, input.nc.tmp2
+ ncatted -O -a valid_range,SO2,d,, input.nc.tmp2
+ ncatted -O -a valid_range,PM2.5,d,, input.nc.tmp2
+ ncatted -O -a valid_range,OC,d,, input.nc.tmp2
+ ncatted -O -a valid_range,BC,d,, input.nc.tmp2
+ ncatted -O -a valid_range,CO,d,, input.nc.tmp2
+ ncatted -O -a valid_range,NOx,d,, input.nc.tmp2
+ ncatted -O -a valid_range,NH3,d,, input.nc.tmp2
+ ncatted -O -a add_offset,SO2,d,, input.nc.tmp2
+ ncatted -O -a add_offset,PM2.5,d,, input.nc.tmp2
+ ncatted -O -a add_offset,OC,d,, input.nc.tmp2
+ ncatted -O -a add_offset,BC,d,, input.nc.tmp2
+ ncatted -O -a add_offset,CO,d,, input.nc.tmp2
+ ncatted -O -a add_offset,NOx,d,, input.nc.tmp2
+ ncatted -O -a add_offset,NH3,d,, input.nc.tmp2
+ ncatted -O -a add_offset,MeanFRP,d,, input.nc.tmp2
+ ncatted -O -a valid_range,MeanFRP,d,, input.nc.tmp2
+ ncatted -O -a coordinates,MeanFRP,d,, input.nc.tmp2
+ nccopy -k 'netCDF-4 classic model' input.nc.tmp2 input.nc.tmp3
+ nccopy -d1 input.nc.tmp3 input.nc.tmp4
+ ERR=0
+ ECNT=0
+ '[' 0 -eq 0 ']'
+ /bin/mv input.nc.tmp4 /scratch1/BMC/gsd-fv3-dev/MAPP_2018/bhuang/JEDI-2020/JEDI-FV3/expCodes/PACEData/GBBEPx/Prep_GBBEPx_2024030100_2024043000/FixGBBEPx/GBBEPx_all01GRID.emissions_v004_20240409.nc
+ ERR=0
+ ECNT=0
+ '[' 0 -eq 0 ']'
+ echo 'Fix GBBEPx successflully at 20240409'
Fix GBBEPx successflully at 20240409
++ /scratch2/NCEPDEV/nwprod/NCEPLIBS/utils/prod_util.v1.1.0/exec/ndate 24 2024040900
+ IDATE=2024041000
+ '[' 2024041000 -le 2024043000 ']'
+ ECNT=0
+ /bin/rm -rf input.nc.tmp input.nc.tmp2 input.nc.tmp3 input.nc
+ IY=2024
+ IM=04
+ ID=10
+ IYMD=20240410
+ SRCFILE='/scratch1/BMC/gsd-fv3-dev/MAPP_2018/bhuang/JEDI-2020/JEDI-FV3/expCodes/PACEData/GBBEPx/Prep_GBBEPx_2024030100_2024043000/2024041000/*.nc'
+ OUTFILE=/scratch1/BMC/gsd-fv3-dev/MAPP_2018/bhuang/JEDI-2020/JEDI-FV3/expCodes/PACEData/GBBEPx/Prep_GBBEPx_2024030100_2024043000/FixGBBEPx/GBBEPx_all01GRID.emissions_v004_20240410.nc
++ wc -l
++ ls /scratch1/BMC/gsd-fv3-dev/MAPP_2018/bhuang/JEDI-2020/JEDI-FV3/expCodes/PACEData/GBBEPx/Prep_GBBEPx_2024030100_2024043000/2024041000/GBBEPx-all01GRID_v4r0_blend_s202404100000000_e202404102359590_c202404110127540.nc
+ NNC=1
+ '[' 1 -eq 1 ']'
++ ls /scratch1/BMC/gsd-fv3-dev/MAPP_2018/bhuang/JEDI-2020/JEDI-FV3/expCodes/PACEData/GBBEPx/Prep_GBBEPx_2024030100_2024043000/2024041000/GBBEPx-all01GRID_v4r0_blend_s202404100000000_e202404102359590_c202404110127540.nc
+ for FILE in $(ls ${SRCFILE})
+ /bin/cp /scratch1/BMC/gsd-fv3-dev/MAPP_2018/bhuang/JEDI-2020/JEDI-FV3/expCodes/PACEData/GBBEPx/Prep_GBBEPx_2024030100_2024043000/2024041000/GBBEPx-all01GRID_v4r0_blend_s202404100000000_e202404102359590_c202404110127540.nc input.nc
+ ERR=0
+ ECNT=0
+ /home/Bo.Huang/JEDI-2020/UFS-Aerosols_RETcyc/UFS-Aerosols-EP4_JEDI-AeroDA-Reanl/misc/PrepPACE/GBBEPx/fix_GBBEPx_Li.sh input.nc 20240410
+ '[' -z '' ']'
+ case "$-" in
+ __lmod_vx=x
+ '[' -n x ']'
+ set +x
Shell debugging temporarily silenced: export LMOD_SH_DBG_ON=1 for this output (/apps/lmod/lmod/init/bash)
Shell debugging restarted
+ unset __lmod_vx
+ input_file=input.nc
+ yyyymmdd=20240410
+ nccopy -k classic input.nc input.nc.tmp
+ ncks --mk_rec_dmn Time input.nc.tmp -O -o input.nc.tmp
+ ncatted -O -a units,Longitude,m,c,degrees_east input.nc.tmp
+ ncrename -v Time,time -d Time,time input.nc.tmp -O -o input.nc.tmp
+ ncrename -v Latitude,lat -d Latitude,lat input.nc.tmp -O -o input.nc.tmp
+ ncrename -v Longitude,lon -d Longitude,lon input.nc.tmp -O -o input.nc.tmp
+ ncap2 -O -s 'time[time]=0' input.nc.tmp -o input.nc.tmp
+ ncks -C -O -x -v Max_emission,Max_emission_col,Max_emission_row input.nc.tmp input.nc.tmp
+ ncks -C -O -x -v QCAll,CloudPerc,FirePerc,NumSensor input.nc.tmp input.nc.tmp
+ ncks -C -O -x -v TotalEmis_region_Africa input.nc.tmp input.nc.tmp
+ ncks -C -O -x -v TotalEmis_region_Asia input.nc.tmp input.nc.tmp
+ ncks -C -O -x -v TotalEmis_region_Australia input.nc.tmp input.nc.tmp
+ ncks -C -O -x -v TotalEmis_region_Europe input.nc.tmp input.nc.tmp
+ ncks -C -O -x -v TotalEmis_region_NorthAmerica input.nc.tmp input.nc.tmp
+ ncks -C -O -x -v TotalEmis_region_SouthAmerica input.nc.tmp input.nc.tmp
+ ncks -C -O -x -v quality_information input.nc.tmp input.nc.tmp
+ ncks -O -d lat,-89.5,89.5 input.nc.tmp input.nc.tmp2
++ date -d 20240410 +%Y-%m-%d
+ d=2024-04-10
+ dd='hours since 2024-04-10 12:00:00'
+ ncatted -O -a 'units,time,c,c,hours since 2024-04-10 12:00:00' input.nc.tmp2
+ ncatted -O -a long_name,time,c,c,Time input.nc.tmp2
+ ncatted -O -a calendar,time,c,c,gregorian input.nc.tmp2
+ ncatted -O -a axis,time,c,c,T input.nc.tmp2
+ ncatted -O -a long_name,lat,m,c,latitude input.nc.tmp2
+ ncatted -O -a long_name,lon,m,c,longitude input.nc.tmp2
+ ncatted -O -a axis,lon,d,, input.nc.tmp2
+ ncatted -O -a bounds,lon,d,, input.nc.tmp2
+ ncatted -O -a valid_range,lon,d,, input.nc.tmp2
+ ncatted -O -a scale_factor,lon,d,, input.nc.tmp2
+ ncatted -O -a add_offset,lon,d,, input.nc.tmp2
+ ncatted -O -a _FillValue,lon,d,, input.nc.tmp2
+ ncatted -O -a axis,lat,d,, input.nc.tmp2
+ ncatted -O -a bounds,lat,d,, input.nc.tmp2
+ ncatted -O -a valid_range,lat,d,, input.nc.tmp2
+ ncatted -O -a scale_factor,lat,d,, input.nc.tmp2
+ ncatted -O -a add_offset,lat,d,, input.nc.tmp2
+ ncatted -O -a _FillValue,lat,d,, input.nc.tmp2
+ ncatted -O -a coordinates,SO2,d,, input.nc.tmp2
+ ncatted -O -a coordinates,PM2.5,d,, input.nc.tmp2
+ ncatted -O -a coordinates,OC,d,, input.nc.tmp2
+ ncatted -O -a coordinates,BC,d,, input.nc.tmp2
+ ncatted -O -a coordinates,CO,d,, input.nc.tmp2
+ ncatted -O -a coordinates,NOx,d,, input.nc.tmp2
+ ncatted -O -a coordinates,NH3,d,, input.nc.tmp2
+ ncatted -O -a valid_range,SO2,d,, input.nc.tmp2
+ ncatted -O -a valid_range,PM2.5,d,, input.nc.tmp2
+ ncatted -O -a valid_range,OC,d,, input.nc.tmp2
+ ncatted -O -a valid_range,BC,d,, input.nc.tmp2
+ ncatted -O -a valid_range,CO,d,, input.nc.tmp2
+ ncatted -O -a valid_range,NOx,d,, input.nc.tmp2
+ ncatted -O -a valid_range,NH3,d,, input.nc.tmp2
+ ncatted -O -a add_offset,SO2,d,, input.nc.tmp2
+ ncatted -O -a add_offset,PM2.5,d,, input.nc.tmp2
+ ncatted -O -a add_offset,OC,d,, input.nc.tmp2
+ ncatted -O -a add_offset,BC,d,, input.nc.tmp2
+ ncatted -O -a add_offset,CO,d,, input.nc.tmp2
+ ncatted -O -a add_offset,NOx,d,, input.nc.tmp2
+ ncatted -O -a add_offset,NH3,d,, input.nc.tmp2
+ ncatted -O -a add_offset,MeanFRP,d,, input.nc.tmp2
+ ncatted -O -a valid_range,MeanFRP,d,, input.nc.tmp2
+ ncatted -O -a coordinates,MeanFRP,d,, input.nc.tmp2
+ nccopy -k 'netCDF-4 classic model' input.nc.tmp2 input.nc.tmp3
+ nccopy -d1 input.nc.tmp3 input.nc.tmp4
+ ERR=0
+ ECNT=0
+ '[' 0 -eq 0 ']'
+ /bin/mv input.nc.tmp4 /scratch1/BMC/gsd-fv3-dev/MAPP_2018/bhuang/JEDI-2020/JEDI-FV3/expCodes/PACEData/GBBEPx/Prep_GBBEPx_2024030100_2024043000/FixGBBEPx/GBBEPx_all01GRID.emissions_v004_20240410.nc
+ ERR=0
+ ECNT=0
+ '[' 0 -eq 0 ']'
+ echo 'Fix GBBEPx successflully at 20240410'
Fix GBBEPx successflully at 20240410
++ /scratch2/NCEPDEV/nwprod/NCEPLIBS/utils/prod_util.v1.1.0/exec/ndate 24 2024041000
+ IDATE=2024041100
+ '[' 2024041100 -le 2024043000 ']'
+ ECNT=0
+ /bin/rm -rf input.nc.tmp input.nc.tmp2 input.nc.tmp3 input.nc
+ IY=2024
+ IM=04
+ ID=11
+ IYMD=20240411
+ SRCFILE='/scratch1/BMC/gsd-fv3-dev/MAPP_2018/bhuang/JEDI-2020/JEDI-FV3/expCodes/PACEData/GBBEPx/Prep_GBBEPx_2024030100_2024043000/2024041100/*.nc'
+ OUTFILE=/scratch1/BMC/gsd-fv3-dev/MAPP_2018/bhuang/JEDI-2020/JEDI-FV3/expCodes/PACEData/GBBEPx/Prep_GBBEPx_2024030100_2024043000/FixGBBEPx/GBBEPx_all01GRID.emissions_v004_20240411.nc
++ wc -l
++ ls /scratch1/BMC/gsd-fv3-dev/MAPP_2018/bhuang/JEDI-2020/JEDI-FV3/expCodes/PACEData/GBBEPx/Prep_GBBEPx_2024030100_2024043000/2024041100/GBBEPx-all01GRID_v4r0_blend_s202404110000000_e202404112359590_c202404120324050.nc
+ NNC=1
+ '[' 1 -eq 1 ']'
++ ls /scratch1/BMC/gsd-fv3-dev/MAPP_2018/bhuang/JEDI-2020/JEDI-FV3/expCodes/PACEData/GBBEPx/Prep_GBBEPx_2024030100_2024043000/2024041100/GBBEPx-all01GRID_v4r0_blend_s202404110000000_e202404112359590_c202404120324050.nc
+ for FILE in $(ls ${SRCFILE})
+ /bin/cp /scratch1/BMC/gsd-fv3-dev/MAPP_2018/bhuang/JEDI-2020/JEDI-FV3/expCodes/PACEData/GBBEPx/Prep_GBBEPx_2024030100_2024043000/2024041100/GBBEPx-all01GRID_v4r0_blend_s202404110000000_e202404112359590_c202404120324050.nc input.nc
+ ERR=0
+ ECNT=0
+ /home/Bo.Huang/JEDI-2020/UFS-Aerosols_RETcyc/UFS-Aerosols-EP4_JEDI-AeroDA-Reanl/misc/PrepPACE/GBBEPx/fix_GBBEPx_Li.sh input.nc 20240411
+ '[' -z '' ']'
+ case "$-" in
+ __lmod_vx=x
+ '[' -n x ']'
+ set +x
Shell debugging temporarily silenced: export LMOD_SH_DBG_ON=1 for this output (/apps/lmod/lmod/init/bash)
Shell debugging restarted
+ unset __lmod_vx
+ input_file=input.nc
+ yyyymmdd=20240411
+ nccopy -k classic input.nc input.nc.tmp
+ ncks --mk_rec_dmn Time input.nc.tmp -O -o input.nc.tmp
+ ncatted -O -a units,Longitude,m,c,degrees_east input.nc.tmp
+ ncrename -v Time,time -d Time,time input.nc.tmp -O -o input.nc.tmp
+ ncrename -v Latitude,lat -d Latitude,lat input.nc.tmp -O -o input.nc.tmp
+ ncrename -v Longitude,lon -d Longitude,lon input.nc.tmp -O -o input.nc.tmp
+ ncap2 -O -s 'time[time]=0' input.nc.tmp -o input.nc.tmp
+ ncks -C -O -x -v Max_emission,Max_emission_col,Max_emission_row input.nc.tmp input.nc.tmp
+ ncks -C -O -x -v QCAll,CloudPerc,FirePerc,NumSensor input.nc.tmp input.nc.tmp
+ ncks -C -O -x -v TotalEmis_region_Africa input.nc.tmp input.nc.tmp
+ ncks -C -O -x -v TotalEmis_region_Asia input.nc.tmp input.nc.tmp
+ ncks -C -O -x -v TotalEmis_region_Australia input.nc.tmp input.nc.tmp
+ ncks -C -O -x -v TotalEmis_region_Europe input.nc.tmp input.nc.tmp
+ ncks -C -O -x -v TotalEmis_region_NorthAmerica input.nc.tmp input.nc.tmp
+ ncks -C -O -x -v TotalEmis_region_SouthAmerica input.nc.tmp input.nc.tmp
+ ncks -C -O -x -v quality_information input.nc.tmp input.nc.tmp
+ ncks -O -d lat,-89.5,89.5 input.nc.tmp input.nc.tmp2
++ date -d 20240411 +%Y-%m-%d
+ d=2024-04-11
+ dd='hours since 2024-04-11 12:00:00'
+ ncatted -O -a 'units,time,c,c,hours since 2024-04-11 12:00:00' input.nc.tmp2
+ ncatted -O -a long_name,time,c,c,Time input.nc.tmp2
+ ncatted -O -a calendar,time,c,c,gregorian input.nc.tmp2
+ ncatted -O -a axis,time,c,c,T input.nc.tmp2
+ ncatted -O -a long_name,lat,m,c,latitude input.nc.tmp2
+ ncatted -O -a long_name,lon,m,c,longitude input.nc.tmp2
+ ncatted -O -a axis,lon,d,, input.nc.tmp2
+ ncatted -O -a bounds,lon,d,, input.nc.tmp2
+ ncatted -O -a valid_range,lon,d,, input.nc.tmp2
+ ncatted -O -a scale_factor,lon,d,, input.nc.tmp2
+ ncatted -O -a add_offset,lon,d,, input.nc.tmp2
+ ncatted -O -a _FillValue,lon,d,, input.nc.tmp2
+ ncatted -O -a axis,lat,d,, input.nc.tmp2
+ ncatted -O -a bounds,lat,d,, input.nc.tmp2
+ ncatted -O -a valid_range,lat,d,, input.nc.tmp2
+ ncatted -O -a scale_factor,lat,d,, input.nc.tmp2
+ ncatted -O -a add_offset,lat,d,, input.nc.tmp2
+ ncatted -O -a _FillValue,lat,d,, input.nc.tmp2
+ ncatted -O -a coordinates,SO2,d,, input.nc.tmp2
+ ncatted -O -a coordinates,PM2.5,d,, input.nc.tmp2
+ ncatted -O -a coordinates,OC,d,, input.nc.tmp2
+ ncatted -O -a coordinates,BC,d,, input.nc.tmp2
+ ncatted -O -a coordinates,CO,d,, input.nc.tmp2
+ ncatted -O -a coordinates,NOx,d,, input.nc.tmp2
+ ncatted -O -a coordinates,NH3,d,, input.nc.tmp2
+ ncatted -O -a valid_range,SO2,d,, input.nc.tmp2
+ ncatted -O -a valid_range,PM2.5,d,, input.nc.tmp2
+ ncatted -O -a valid_range,OC,d,, input.nc.tmp2
+ ncatted -O -a valid_range,BC,d,, input.nc.tmp2
+ ncatted -O -a valid_range,CO,d,, input.nc.tmp2
+ ncatted -O -a valid_range,NOx,d,, input.nc.tmp2
+ ncatted -O -a valid_range,NH3,d,, input.nc.tmp2
+ ncatted -O -a add_offset,SO2,d,, input.nc.tmp2
+ ncatted -O -a add_offset,PM2.5,d,, input.nc.tmp2
+ ncatted -O -a add_offset,OC,d,, input.nc.tmp2
+ ncatted -O -a add_offset,BC,d,, input.nc.tmp2
+ ncatted -O -a add_offset,CO,d,, input.nc.tmp2
+ ncatted -O -a add_offset,NOx,d,, input.nc.tmp2
+ ncatted -O -a add_offset,NH3,d,, input.nc.tmp2
+ ncatted -O -a add_offset,MeanFRP,d,, input.nc.tmp2
+ ncatted -O -a valid_range,MeanFRP,d,, input.nc.tmp2
+ ncatted -O -a coordinates,MeanFRP,d,, input.nc.tmp2
+ nccopy -k 'netCDF-4 classic model' input.nc.tmp2 input.nc.tmp3
+ nccopy -d1 input.nc.tmp3 input.nc.tmp4
+ ERR=0
+ ECNT=0
+ '[' 0 -eq 0 ']'
+ /bin/mv input.nc.tmp4 /scratch1/BMC/gsd-fv3-dev/MAPP_2018/bhuang/JEDI-2020/JEDI-FV3/expCodes/PACEData/GBBEPx/Prep_GBBEPx_2024030100_2024043000/FixGBBEPx/GBBEPx_all01GRID.emissions_v004_20240411.nc
+ ERR=0
+ ECNT=0
+ '[' 0 -eq 0 ']'
+ echo 'Fix GBBEPx successflully at 20240411'
Fix GBBEPx successflully at 20240411
++ /scratch2/NCEPDEV/nwprod/NCEPLIBS/utils/prod_util.v1.1.0/exec/ndate 24 2024041100
+ IDATE=2024041200
+ '[' 2024041200 -le 2024043000 ']'
+ ECNT=0
+ /bin/rm -rf input.nc.tmp input.nc.tmp2 input.nc.tmp3 input.nc
+ IY=2024
+ IM=04
+ ID=12
+ IYMD=20240412
+ SRCFILE='/scratch1/BMC/gsd-fv3-dev/MAPP_2018/bhuang/JEDI-2020/JEDI-FV3/expCodes/PACEData/GBBEPx/Prep_GBBEPx_2024030100_2024043000/2024041200/*.nc'
+ OUTFILE=/scratch1/BMC/gsd-fv3-dev/MAPP_2018/bhuang/JEDI-2020/JEDI-FV3/expCodes/PACEData/GBBEPx/Prep_GBBEPx_2024030100_2024043000/FixGBBEPx/GBBEPx_all01GRID.emissions_v004_20240412.nc
++ wc -l
++ ls /scratch1/BMC/gsd-fv3-dev/MAPP_2018/bhuang/JEDI-2020/JEDI-FV3/expCodes/PACEData/GBBEPx/Prep_GBBEPx_2024030100_2024043000/2024041200/GBBEPx-all01GRID_v4r0_blend_s202404120000000_e202404122359590_c202404130225340.nc
+ NNC=1
+ '[' 1 -eq 1 ']'
++ ls /scratch1/BMC/gsd-fv3-dev/MAPP_2018/bhuang/JEDI-2020/JEDI-FV3/expCodes/PACEData/GBBEPx/Prep_GBBEPx_2024030100_2024043000/2024041200/GBBEPx-all01GRID_v4r0_blend_s202404120000000_e202404122359590_c202404130225340.nc
+ for FILE in $(ls ${SRCFILE})
+ /bin/cp /scratch1/BMC/gsd-fv3-dev/MAPP_2018/bhuang/JEDI-2020/JEDI-FV3/expCodes/PACEData/GBBEPx/Prep_GBBEPx_2024030100_2024043000/2024041200/GBBEPx-all01GRID_v4r0_blend_s202404120000000_e202404122359590_c202404130225340.nc input.nc
+ ERR=0
+ ECNT=0
+ /home/Bo.Huang/JEDI-2020/UFS-Aerosols_RETcyc/UFS-Aerosols-EP4_JEDI-AeroDA-Reanl/misc/PrepPACE/GBBEPx/fix_GBBEPx_Li.sh input.nc 20240412
+ '[' -z '' ']'
+ case "$-" in
+ __lmod_vx=x
+ '[' -n x ']'
+ set +x
Shell debugging temporarily silenced: export LMOD_SH_DBG_ON=1 for this output (/apps/lmod/lmod/init/bash)
Shell debugging restarted
+ unset __lmod_vx
+ input_file=input.nc
+ yyyymmdd=20240412
+ nccopy -k classic input.nc input.nc.tmp
+ ncks --mk_rec_dmn Time input.nc.tmp -O -o input.nc.tmp
+ ncatted -O -a units,Longitude,m,c,degrees_east input.nc.tmp
+ ncrename -v Time,time -d Time,time input.nc.tmp -O -o input.nc.tmp
+ ncrename -v Latitude,lat -d Latitude,lat input.nc.tmp -O -o input.nc.tmp
+ ncrename -v Longitude,lon -d Longitude,lon input.nc.tmp -O -o input.nc.tmp
+ ncap2 -O -s 'time[time]=0' input.nc.tmp -o input.nc.tmp
+ ncks -C -O -x -v Max_emission,Max_emission_col,Max_emission_row input.nc.tmp input.nc.tmp
+ ncks -C -O -x -v QCAll,CloudPerc,FirePerc,NumSensor input.nc.tmp input.nc.tmp
+ ncks -C -O -x -v TotalEmis_region_Africa input.nc.tmp input.nc.tmp
+ ncks -C -O -x -v TotalEmis_region_Asia input.nc.tmp input.nc.tmp
+ ncks -C -O -x -v TotalEmis_region_Australia input.nc.tmp input.nc.tmp
+ ncks -C -O -x -v TotalEmis_region_Europe input.nc.tmp input.nc.tmp
+ ncks -C -O -x -v TotalEmis_region_NorthAmerica input.nc.tmp input.nc.tmp
+ ncks -C -O -x -v TotalEmis_region_SouthAmerica input.nc.tmp input.nc.tmp
+ ncks -C -O -x -v quality_information input.nc.tmp input.nc.tmp
+ ncks -O -d lat,-89.5,89.5 input.nc.tmp input.nc.tmp2
++ date -d 20240412 +%Y-%m-%d
+ d=2024-04-12
+ dd='hours since 2024-04-12 12:00:00'
+ ncatted -O -a 'units,time,c,c,hours since 2024-04-12 12:00:00' input.nc.tmp2
+ ncatted -O -a long_name,time,c,c,Time input.nc.tmp2
+ ncatted -O -a calendar,time,c,c,gregorian input.nc.tmp2
+ ncatted -O -a axis,time,c,c,T input.nc.tmp2
+ ncatted -O -a long_name,lat,m,c,latitude input.nc.tmp2
+ ncatted -O -a long_name,lon,m,c,longitude input.nc.tmp2
+ ncatted -O -a axis,lon,d,, input.nc.tmp2
+ ncatted -O -a bounds,lon,d,, input.nc.tmp2
+ ncatted -O -a valid_range,lon,d,, input.nc.tmp2
+ ncatted -O -a scale_factor,lon,d,, input.nc.tmp2
+ ncatted -O -a add_offset,lon,d,, input.nc.tmp2
+ ncatted -O -a _FillValue,lon,d,, input.nc.tmp2
+ ncatted -O -a axis,lat,d,, input.nc.tmp2
+ ncatted -O -a bounds,lat,d,, input.nc.tmp2
+ ncatted -O -a valid_range,lat,d,, input.nc.tmp2
+ ncatted -O -a scale_factor,lat,d,, input.nc.tmp2
+ ncatted -O -a add_offset,lat,d,, input.nc.tmp2
+ ncatted -O -a _FillValue,lat,d,, input.nc.tmp2
+ ncatted -O -a coordinates,SO2,d,, input.nc.tmp2
+ ncatted -O -a coordinates,PM2.5,d,, input.nc.tmp2
+ ncatted -O -a coordinates,OC,d,, input.nc.tmp2
+ ncatted -O -a coordinates,BC,d,, input.nc.tmp2
+ ncatted -O -a coordinates,CO,d,, input.nc.tmp2
+ ncatted -O -a coordinates,NOx,d,, input.nc.tmp2
+ ncatted -O -a coordinates,NH3,d,, input.nc.tmp2
+ ncatted -O -a valid_range,SO2,d,, input.nc.tmp2
+ ncatted -O -a valid_range,PM2.5,d,, input.nc.tmp2
+ ncatted -O -a valid_range,OC,d,, input.nc.tmp2
+ ncatted -O -a valid_range,BC,d,, input.nc.tmp2
+ ncatted -O -a valid_range,CO,d,, input.nc.tmp2
+ ncatted -O -a valid_range,NOx,d,, input.nc.tmp2
+ ncatted -O -a valid_range,NH3,d,, input.nc.tmp2
+ ncatted -O -a add_offset,SO2,d,, input.nc.tmp2
+ ncatted -O -a add_offset,PM2.5,d,, input.nc.tmp2
+ ncatted -O -a add_offset,OC,d,, input.nc.tmp2
+ ncatted -O -a add_offset,BC,d,, input.nc.tmp2
+ ncatted -O -a add_offset,CO,d,, input.nc.tmp2
+ ncatted -O -a add_offset,NOx,d,, input.nc.tmp2
+ ncatted -O -a add_offset,NH3,d,, input.nc.tmp2
+ ncatted -O -a add_offset,MeanFRP,d,, input.nc.tmp2
+ ncatted -O -a valid_range,MeanFRP,d,, input.nc.tmp2
+ ncatted -O -a coordinates,MeanFRP,d,, input.nc.tmp2
+ nccopy -k 'netCDF-4 classic model' input.nc.tmp2 input.nc.tmp3
+ nccopy -d1 input.nc.tmp3 input.nc.tmp4
+ ERR=0
+ ECNT=0
+ '[' 0 -eq 0 ']'
+ /bin/mv input.nc.tmp4 /scratch1/BMC/gsd-fv3-dev/MAPP_2018/bhuang/JEDI-2020/JEDI-FV3/expCodes/PACEData/GBBEPx/Prep_GBBEPx_2024030100_2024043000/FixGBBEPx/GBBEPx_all01GRID.emissions_v004_20240412.nc
+ ERR=0
+ ECNT=0
+ '[' 0 -eq 0 ']'
+ echo 'Fix GBBEPx successflully at 20240412'
Fix GBBEPx successflully at 20240412
++ /scratch2/NCEPDEV/nwprod/NCEPLIBS/utils/prod_util.v1.1.0/exec/ndate 24 2024041200
+ IDATE=2024041300
+ '[' 2024041300 -le 2024043000 ']'
+ ECNT=0
+ /bin/rm -rf input.nc.tmp input.nc.tmp2 input.nc.tmp3 input.nc
+ IY=2024
+ IM=04
+ ID=13
+ IYMD=20240413
+ SRCFILE='/scratch1/BMC/gsd-fv3-dev/MAPP_2018/bhuang/JEDI-2020/JEDI-FV3/expCodes/PACEData/GBBEPx/Prep_GBBEPx_2024030100_2024043000/2024041300/*.nc'
+ OUTFILE=/scratch1/BMC/gsd-fv3-dev/MAPP_2018/bhuang/JEDI-2020/JEDI-FV3/expCodes/PACEData/GBBEPx/Prep_GBBEPx_2024030100_2024043000/FixGBBEPx/GBBEPx_all01GRID.emissions_v004_20240413.nc
++ wc -l
++ ls /scratch1/BMC/gsd-fv3-dev/MAPP_2018/bhuang/JEDI-2020/JEDI-FV3/expCodes/PACEData/GBBEPx/Prep_GBBEPx_2024030100_2024043000/2024041300/GBBEPx-all01GRID_v4r0_blend_s202404130000000_e202404132359590_c202404140205150.nc
+ NNC=1
+ '[' 1 -eq 1 ']'
++ ls /scratch1/BMC/gsd-fv3-dev/MAPP_2018/bhuang/JEDI-2020/JEDI-FV3/expCodes/PACEData/GBBEPx/Prep_GBBEPx_2024030100_2024043000/2024041300/GBBEPx-all01GRID_v4r0_blend_s202404130000000_e202404132359590_c202404140205150.nc
+ for FILE in $(ls ${SRCFILE})
+ /bin/cp /scratch1/BMC/gsd-fv3-dev/MAPP_2018/bhuang/JEDI-2020/JEDI-FV3/expCodes/PACEData/GBBEPx/Prep_GBBEPx_2024030100_2024043000/2024041300/GBBEPx-all01GRID_v4r0_blend_s202404130000000_e202404132359590_c202404140205150.nc input.nc
+ ERR=0
+ ECNT=0
+ /home/Bo.Huang/JEDI-2020/UFS-Aerosols_RETcyc/UFS-Aerosols-EP4_JEDI-AeroDA-Reanl/misc/PrepPACE/GBBEPx/fix_GBBEPx_Li.sh input.nc 20240413
+ '[' -z '' ']'
+ case "$-" in
+ __lmod_vx=x
+ '[' -n x ']'
+ set +x
Shell debugging temporarily silenced: export LMOD_SH_DBG_ON=1 for this output (/apps/lmod/lmod/init/bash)
Shell debugging restarted
+ unset __lmod_vx
+ input_file=input.nc
+ yyyymmdd=20240413
+ nccopy -k classic input.nc input.nc.tmp
+ ncks --mk_rec_dmn Time input.nc.tmp -O -o input.nc.tmp
+ ncatted -O -a units,Longitude,m,c,degrees_east input.nc.tmp
+ ncrename -v Time,time -d Time,time input.nc.tmp -O -o input.nc.tmp
+ ncrename -v Latitude,lat -d Latitude,lat input.nc.tmp -O -o input.nc.tmp
+ ncrename -v Longitude,lon -d Longitude,lon input.nc.tmp -O -o input.nc.tmp
+ ncap2 -O -s 'time[time]=0' input.nc.tmp -o input.nc.tmp
+ ncks -C -O -x -v Max_emission,Max_emission_col,Max_emission_row input.nc.tmp input.nc.tmp
+ ncks -C -O -x -v QCAll,CloudPerc,FirePerc,NumSensor input.nc.tmp input.nc.tmp
+ ncks -C -O -x -v TotalEmis_region_Africa input.nc.tmp input.nc.tmp
+ ncks -C -O -x -v TotalEmis_region_Asia input.nc.tmp input.nc.tmp
+ ncks -C -O -x -v TotalEmis_region_Australia input.nc.tmp input.nc.tmp
+ ncks -C -O -x -v TotalEmis_region_Europe input.nc.tmp input.nc.tmp
+ ncks -C -O -x -v TotalEmis_region_NorthAmerica input.nc.tmp input.nc.tmp
+ ncks -C -O -x -v TotalEmis_region_SouthAmerica input.nc.tmp input.nc.tmp
+ ncks -C -O -x -v quality_information input.nc.tmp input.nc.tmp
+ ncks -O -d lat,-89.5,89.5 input.nc.tmp input.nc.tmp2
++ date -d 20240413 +%Y-%m-%d
+ d=2024-04-13
+ dd='hours since 2024-04-13 12:00:00'
+ ncatted -O -a 'units,time,c,c,hours since 2024-04-13 12:00:00' input.nc.tmp2
+ ncatted -O -a long_name,time,c,c,Time input.nc.tmp2
+ ncatted -O -a calendar,time,c,c,gregorian input.nc.tmp2
+ ncatted -O -a axis,time,c,c,T input.nc.tmp2
+ ncatted -O -a long_name,lat,m,c,latitude input.nc.tmp2
+ ncatted -O -a long_name,lon,m,c,longitude input.nc.tmp2
+ ncatted -O -a axis,lon,d,, input.nc.tmp2
+ ncatted -O -a bounds,lon,d,, input.nc.tmp2
+ ncatted -O -a valid_range,lon,d,, input.nc.tmp2
+ ncatted -O -a scale_factor,lon,d,, input.nc.tmp2
+ ncatted -O -a add_offset,lon,d,, input.nc.tmp2
+ ncatted -O -a _FillValue,lon,d,, input.nc.tmp2
+ ncatted -O -a axis,lat,d,, input.nc.tmp2
+ ncatted -O -a bounds,lat,d,, input.nc.tmp2
+ ncatted -O -a valid_range,lat,d,, input.nc.tmp2
+ ncatted -O -a scale_factor,lat,d,, input.nc.tmp2
+ ncatted -O -a add_offset,lat,d,, input.nc.tmp2
+ ncatted -O -a _FillValue,lat,d,, input.nc.tmp2
+ ncatted -O -a coordinates,SO2,d,, input.nc.tmp2
+ ncatted -O -a coordinates,PM2.5,d,, input.nc.tmp2
+ ncatted -O -a coordinates,OC,d,, input.nc.tmp2
+ ncatted -O -a coordinates,BC,d,, input.nc.tmp2
+ ncatted -O -a coordinates,CO,d,, input.nc.tmp2
+ ncatted -O -a coordinates,NOx,d,, input.nc.tmp2
+ ncatted -O -a coordinates,NH3,d,, input.nc.tmp2
+ ncatted -O -a valid_range,SO2,d,, input.nc.tmp2
+ ncatted -O -a valid_range,PM2.5,d,, input.nc.tmp2
+ ncatted -O -a valid_range,OC,d,, input.nc.tmp2
+ ncatted -O -a valid_range,BC,d,, input.nc.tmp2
+ ncatted -O -a valid_range,CO,d,, input.nc.tmp2
+ ncatted -O -a valid_range,NOx,d,, input.nc.tmp2
+ ncatted -O -a valid_range,NH3,d,, input.nc.tmp2
+ ncatted -O -a add_offset,SO2,d,, input.nc.tmp2
+ ncatted -O -a add_offset,PM2.5,d,, input.nc.tmp2
+ ncatted -O -a add_offset,OC,d,, input.nc.tmp2
+ ncatted -O -a add_offset,BC,d,, input.nc.tmp2
+ ncatted -O -a add_offset,CO,d,, input.nc.tmp2
+ ncatted -O -a add_offset,NOx,d,, input.nc.tmp2
+ ncatted -O -a add_offset,NH3,d,, input.nc.tmp2
+ ncatted -O -a add_offset,MeanFRP,d,, input.nc.tmp2
+ ncatted -O -a valid_range,MeanFRP,d,, input.nc.tmp2
+ ncatted -O -a coordinates,MeanFRP,d,, input.nc.tmp2
+ nccopy -k 'netCDF-4 classic model' input.nc.tmp2 input.nc.tmp3
+ nccopy -d1 input.nc.tmp3 input.nc.tmp4
+ ERR=0
+ ECNT=0
+ '[' 0 -eq 0 ']'
+ /bin/mv input.nc.tmp4 /scratch1/BMC/gsd-fv3-dev/MAPP_2018/bhuang/JEDI-2020/JEDI-FV3/expCodes/PACEData/GBBEPx/Prep_GBBEPx_2024030100_2024043000/FixGBBEPx/GBBEPx_all01GRID.emissions_v004_20240413.nc
+ ERR=0
+ ECNT=0
+ '[' 0 -eq 0 ']'
+ echo 'Fix GBBEPx successflully at 20240413'
Fix GBBEPx successflully at 20240413
++ /scratch2/NCEPDEV/nwprod/NCEPLIBS/utils/prod_util.v1.1.0/exec/ndate 24 2024041300
+ IDATE=2024041400
+ '[' 2024041400 -le 2024043000 ']'
+ ECNT=0
+ /bin/rm -rf input.nc.tmp input.nc.tmp2 input.nc.tmp3 input.nc
+ IY=2024
+ IM=04
+ ID=14
+ IYMD=20240414
+ SRCFILE='/scratch1/BMC/gsd-fv3-dev/MAPP_2018/bhuang/JEDI-2020/JEDI-FV3/expCodes/PACEData/GBBEPx/Prep_GBBEPx_2024030100_2024043000/2024041400/*.nc'
+ OUTFILE=/scratch1/BMC/gsd-fv3-dev/MAPP_2018/bhuang/JEDI-2020/JEDI-FV3/expCodes/PACEData/GBBEPx/Prep_GBBEPx_2024030100_2024043000/FixGBBEPx/GBBEPx_all01GRID.emissions_v004_20240414.nc
++ wc -l
++ ls /scratch1/BMC/gsd-fv3-dev/MAPP_2018/bhuang/JEDI-2020/JEDI-FV3/expCodes/PACEData/GBBEPx/Prep_GBBEPx_2024030100_2024043000/2024041400/GBBEPx-all01GRID_v4r0_blend_s202404140000000_e202404142359590_c202404150151220.nc
+ NNC=1
+ '[' 1 -eq 1 ']'
++ ls /scratch1/BMC/gsd-fv3-dev/MAPP_2018/bhuang/JEDI-2020/JEDI-FV3/expCodes/PACEData/GBBEPx/Prep_GBBEPx_2024030100_2024043000/2024041400/GBBEPx-all01GRID_v4r0_blend_s202404140000000_e202404142359590_c202404150151220.nc
+ for FILE in $(ls ${SRCFILE})
+ /bin/cp /scratch1/BMC/gsd-fv3-dev/MAPP_2018/bhuang/JEDI-2020/JEDI-FV3/expCodes/PACEData/GBBEPx/Prep_GBBEPx_2024030100_2024043000/2024041400/GBBEPx-all01GRID_v4r0_blend_s202404140000000_e202404142359590_c202404150151220.nc input.nc
+ ERR=0
+ ECNT=0
+ /home/Bo.Huang/JEDI-2020/UFS-Aerosols_RETcyc/UFS-Aerosols-EP4_JEDI-AeroDA-Reanl/misc/PrepPACE/GBBEPx/fix_GBBEPx_Li.sh input.nc 20240414
+ '[' -z '' ']'
+ case "$-" in
+ __lmod_vx=x
+ '[' -n x ']'
+ set +x
Shell debugging temporarily silenced: export LMOD_SH_DBG_ON=1 for this output (/apps/lmod/lmod/init/bash)
Shell debugging restarted
+ unset __lmod_vx
+ input_file=input.nc
+ yyyymmdd=20240414
+ nccopy -k classic input.nc input.nc.tmp
+ ncks --mk_rec_dmn Time input.nc.tmp -O -o input.nc.tmp
+ ncatted -O -a units,Longitude,m,c,degrees_east input.nc.tmp
+ ncrename -v Time,time -d Time,time input.nc.tmp -O -o input.nc.tmp
+ ncrename -v Latitude,lat -d Latitude,lat input.nc.tmp -O -o input.nc.tmp
+ ncrename -v Longitude,lon -d Longitude,lon input.nc.tmp -O -o input.nc.tmp
+ ncap2 -O -s 'time[time]=0' input.nc.tmp -o input.nc.tmp
+ ncks -C -O -x -v Max_emission,Max_emission_col,Max_emission_row input.nc.tmp input.nc.tmp
+ ncks -C -O -x -v QCAll,CloudPerc,FirePerc,NumSensor input.nc.tmp input.nc.tmp
+ ncks -C -O -x -v TotalEmis_region_Africa input.nc.tmp input.nc.tmp
+ ncks -C -O -x -v TotalEmis_region_Asia input.nc.tmp input.nc.tmp
+ ncks -C -O -x -v TotalEmis_region_Australia input.nc.tmp input.nc.tmp
+ ncks -C -O -x -v TotalEmis_region_Europe input.nc.tmp input.nc.tmp
+ ncks -C -O -x -v TotalEmis_region_NorthAmerica input.nc.tmp input.nc.tmp
+ ncks -C -O -x -v TotalEmis_region_SouthAmerica input.nc.tmp input.nc.tmp
+ ncks -C -O -x -v quality_information input.nc.tmp input.nc.tmp
+ ncks -O -d lat,-89.5,89.5 input.nc.tmp input.nc.tmp2
++ date -d 20240414 +%Y-%m-%d
+ d=2024-04-14
+ dd='hours since 2024-04-14 12:00:00'
+ ncatted -O -a 'units,time,c,c,hours since 2024-04-14 12:00:00' input.nc.tmp2
+ ncatted -O -a long_name,time,c,c,Time input.nc.tmp2
+ ncatted -O -a calendar,time,c,c,gregorian input.nc.tmp2
+ ncatted -O -a axis,time,c,c,T input.nc.tmp2
+ ncatted -O -a long_name,lat,m,c,latitude input.nc.tmp2
+ ncatted -O -a long_name,lon,m,c,longitude input.nc.tmp2
+ ncatted -O -a axis,lon,d,, input.nc.tmp2
+ ncatted -O -a bounds,lon,d,, input.nc.tmp2
+ ncatted -O -a valid_range,lon,d,, input.nc.tmp2
+ ncatted -O -a scale_factor,lon,d,, input.nc.tmp2
+ ncatted -O -a add_offset,lon,d,, input.nc.tmp2
+ ncatted -O -a _FillValue,lon,d,, input.nc.tmp2
+ ncatted -O -a axis,lat,d,, input.nc.tmp2
+ ncatted -O -a bounds,lat,d,, input.nc.tmp2
+ ncatted -O -a valid_range,lat,d,, input.nc.tmp2
+ ncatted -O -a scale_factor,lat,d,, input.nc.tmp2
+ ncatted -O -a add_offset,lat,d,, input.nc.tmp2
+ ncatted -O -a _FillValue,lat,d,, input.nc.tmp2
+ ncatted -O -a coordinates,SO2,d,, input.nc.tmp2
+ ncatted -O -a coordinates,PM2.5,d,, input.nc.tmp2
+ ncatted -O -a coordinates,OC,d,, input.nc.tmp2
+ ncatted -O -a coordinates,BC,d,, input.nc.tmp2
+ ncatted -O -a coordinates,CO,d,, input.nc.tmp2
+ ncatted -O -a coordinates,NOx,d,, input.nc.tmp2
+ ncatted -O -a coordinates,NH3,d,, input.nc.tmp2
+ ncatted -O -a valid_range,SO2,d,, input.nc.tmp2
+ ncatted -O -a valid_range,PM2.5,d,, input.nc.tmp2
+ ncatted -O -a valid_range,OC,d,, input.nc.tmp2
+ ncatted -O -a valid_range,BC,d,, input.nc.tmp2
+ ncatted -O -a valid_range,CO,d,, input.nc.tmp2
+ ncatted -O -a valid_range,NOx,d,, input.nc.tmp2
+ ncatted -O -a valid_range,NH3,d,, input.nc.tmp2
+ ncatted -O -a add_offset,SO2,d,, input.nc.tmp2
+ ncatted -O -a add_offset,PM2.5,d,, input.nc.tmp2
+ ncatted -O -a add_offset,OC,d,, input.nc.tmp2
+ ncatted -O -a add_offset,BC,d,, input.nc.tmp2
+ ncatted -O -a add_offset,CO,d,, input.nc.tmp2
+ ncatted -O -a add_offset,NOx,d,, input.nc.tmp2
+ ncatted -O -a add_offset,NH3,d,, input.nc.tmp2
+ ncatted -O -a add_offset,MeanFRP,d,, input.nc.tmp2
+ ncatted -O -a valid_range,MeanFRP,d,, input.nc.tmp2
+ ncatted -O -a coordinates,MeanFRP,d,, input.nc.tmp2
+ nccopy -k 'netCDF-4 classic model' input.nc.tmp2 input.nc.tmp3
+ nccopy -d1 input.nc.tmp3 input.nc.tmp4
+ ERR=0
+ ECNT=0
+ '[' 0 -eq 0 ']'
+ /bin/mv input.nc.tmp4 /scratch1/BMC/gsd-fv3-dev/MAPP_2018/bhuang/JEDI-2020/JEDI-FV3/expCodes/PACEData/GBBEPx/Prep_GBBEPx_2024030100_2024043000/FixGBBEPx/GBBEPx_all01GRID.emissions_v004_20240414.nc
+ ERR=0
+ ECNT=0
+ '[' 0 -eq 0 ']'
+ echo 'Fix GBBEPx successflully at 20240414'
Fix GBBEPx successflully at 20240414
++ /scratch2/NCEPDEV/nwprod/NCEPLIBS/utils/prod_util.v1.1.0/exec/ndate 24 2024041400
+ IDATE=2024041500
+ '[' 2024041500 -le 2024043000 ']'
+ ECNT=0
+ /bin/rm -rf input.nc.tmp input.nc.tmp2 input.nc.tmp3 input.nc
+ IY=2024
+ IM=04
+ ID=15
+ IYMD=20240415
+ SRCFILE='/scratch1/BMC/gsd-fv3-dev/MAPP_2018/bhuang/JEDI-2020/JEDI-FV3/expCodes/PACEData/GBBEPx/Prep_GBBEPx_2024030100_2024043000/2024041500/*.nc'
+ OUTFILE=/scratch1/BMC/gsd-fv3-dev/MAPP_2018/bhuang/JEDI-2020/JEDI-FV3/expCodes/PACEData/GBBEPx/Prep_GBBEPx_2024030100_2024043000/FixGBBEPx/GBBEPx_all01GRID.emissions_v004_20240415.nc
++ wc -l
++ ls /scratch1/BMC/gsd-fv3-dev/MAPP_2018/bhuang/JEDI-2020/JEDI-FV3/expCodes/PACEData/GBBEPx/Prep_GBBEPx_2024030100_2024043000/2024041500/GBBEPx-all01GRID_v4r0_blend_s202404150000000_e202404152359590_c202404160138380.nc
+ NNC=1
+ '[' 1 -eq 1 ']'
++ ls /scratch1/BMC/gsd-fv3-dev/MAPP_2018/bhuang/JEDI-2020/JEDI-FV3/expCodes/PACEData/GBBEPx/Prep_GBBEPx_2024030100_2024043000/2024041500/GBBEPx-all01GRID_v4r0_blend_s202404150000000_e202404152359590_c202404160138380.nc
+ for FILE in $(ls ${SRCFILE})
+ /bin/cp /scratch1/BMC/gsd-fv3-dev/MAPP_2018/bhuang/JEDI-2020/JEDI-FV3/expCodes/PACEData/GBBEPx/Prep_GBBEPx_2024030100_2024043000/2024041500/GBBEPx-all01GRID_v4r0_blend_s202404150000000_e202404152359590_c202404160138380.nc input.nc
+ ERR=0
+ ECNT=0
+ /home/Bo.Huang/JEDI-2020/UFS-Aerosols_RETcyc/UFS-Aerosols-EP4_JEDI-AeroDA-Reanl/misc/PrepPACE/GBBEPx/fix_GBBEPx_Li.sh input.nc 20240415
+ '[' -z '' ']'
+ case "$-" in
+ __lmod_vx=x
+ '[' -n x ']'
+ set +x
Shell debugging temporarily silenced: export LMOD_SH_DBG_ON=1 for this output (/apps/lmod/lmod/init/bash)
Shell debugging restarted
+ unset __lmod_vx
+ input_file=input.nc
+ yyyymmdd=20240415
+ nccopy -k classic input.nc input.nc.tmp
+ ncks --mk_rec_dmn Time input.nc.tmp -O -o input.nc.tmp
+ ncatted -O -a units,Longitude,m,c,degrees_east input.nc.tmp
+ ncrename -v Time,time -d Time,time input.nc.tmp -O -o input.nc.tmp
+ ncrename -v Latitude,lat -d Latitude,lat input.nc.tmp -O -o input.nc.tmp
+ ncrename -v Longitude,lon -d Longitude,lon input.nc.tmp -O -o input.nc.tmp
+ ncap2 -O -s 'time[time]=0' input.nc.tmp -o input.nc.tmp
+ ncks -C -O -x -v Max_emission,Max_emission_col,Max_emission_row input.nc.tmp input.nc.tmp
+ ncks -C -O -x -v QCAll,CloudPerc,FirePerc,NumSensor input.nc.tmp input.nc.tmp
+ ncks -C -O -x -v TotalEmis_region_Africa input.nc.tmp input.nc.tmp
+ ncks -C -O -x -v TotalEmis_region_Asia input.nc.tmp input.nc.tmp
+ ncks -C -O -x -v TotalEmis_region_Australia input.nc.tmp input.nc.tmp
+ ncks -C -O -x -v TotalEmis_region_Europe input.nc.tmp input.nc.tmp
+ ncks -C -O -x -v TotalEmis_region_NorthAmerica input.nc.tmp input.nc.tmp
+ ncks -C -O -x -v TotalEmis_region_SouthAmerica input.nc.tmp input.nc.tmp
+ ncks -C -O -x -v quality_information input.nc.tmp input.nc.tmp
+ ncks -O -d lat,-89.5,89.5 input.nc.tmp input.nc.tmp2
++ date -d 20240415 +%Y-%m-%d
+ d=2024-04-15
+ dd='hours since 2024-04-15 12:00:00'
+ ncatted -O -a 'units,time,c,c,hours since 2024-04-15 12:00:00' input.nc.tmp2
+ ncatted -O -a long_name,time,c,c,Time input.nc.tmp2
+ ncatted -O -a calendar,time,c,c,gregorian input.nc.tmp2
+ ncatted -O -a axis,time,c,c,T input.nc.tmp2
+ ncatted -O -a long_name,lat,m,c,latitude input.nc.tmp2
+ ncatted -O -a long_name,lon,m,c,longitude input.nc.tmp2
+ ncatted -O -a axis,lon,d,, input.nc.tmp2
+ ncatted -O -a bounds,lon,d,, input.nc.tmp2
+ ncatted -O -a valid_range,lon,d,, input.nc.tmp2
+ ncatted -O -a scale_factor,lon,d,, input.nc.tmp2
+ ncatted -O -a add_offset,lon,d,, input.nc.tmp2
+ ncatted -O -a _FillValue,lon,d,, input.nc.tmp2
+ ncatted -O -a axis,lat,d,, input.nc.tmp2
+ ncatted -O -a bounds,lat,d,, input.nc.tmp2
+ ncatted -O -a valid_range,lat,d,, input.nc.tmp2
+ ncatted -O -a scale_factor,lat,d,, input.nc.tmp2
+ ncatted -O -a add_offset,lat,d,, input.nc.tmp2
+ ncatted -O -a _FillValue,lat,d,, input.nc.tmp2
+ ncatted -O -a coordinates,SO2,d,, input.nc.tmp2
+ ncatted -O -a coordinates,PM2.5,d,, input.nc.tmp2
+ ncatted -O -a coordinates,OC,d,, input.nc.tmp2
+ ncatted -O -a coordinates,BC,d,, input.nc.tmp2
+ ncatted -O -a coordinates,CO,d,, input.nc.tmp2
+ ncatted -O -a coordinates,NOx,d,, input.nc.tmp2
+ ncatted -O -a coordinates,NH3,d,, input.nc.tmp2
+ ncatted -O -a valid_range,SO2,d,, input.nc.tmp2
+ ncatted -O -a valid_range,PM2.5,d,, input.nc.tmp2
+ ncatted -O -a valid_range,OC,d,, input.nc.tmp2
+ ncatted -O -a valid_range,BC,d,, input.nc.tmp2
+ ncatted -O -a valid_range,CO,d,, input.nc.tmp2
+ ncatted -O -a valid_range,NOx,d,, input.nc.tmp2
+ ncatted -O -a valid_range,NH3,d,, input.nc.tmp2
+ ncatted -O -a add_offset,SO2,d,, input.nc.tmp2
+ ncatted -O -a add_offset,PM2.5,d,, input.nc.tmp2
+ ncatted -O -a add_offset,OC,d,, input.nc.tmp2
+ ncatted -O -a add_offset,BC,d,, input.nc.tmp2
+ ncatted -O -a add_offset,CO,d,, input.nc.tmp2
+ ncatted -O -a add_offset,NOx,d,, input.nc.tmp2
+ ncatted -O -a add_offset,NH3,d,, input.nc.tmp2
+ ncatted -O -a add_offset,MeanFRP,d,, input.nc.tmp2
+ ncatted -O -a valid_range,MeanFRP,d,, input.nc.tmp2
+ ncatted -O -a coordinates,MeanFRP,d,, input.nc.tmp2
+ nccopy -k 'netCDF-4 classic model' input.nc.tmp2 input.nc.tmp3
+ nccopy -d1 input.nc.tmp3 input.nc.tmp4
+ ERR=0
+ ECNT=0
+ '[' 0 -eq 0 ']'
+ /bin/mv input.nc.tmp4 /scratch1/BMC/gsd-fv3-dev/MAPP_2018/bhuang/JEDI-2020/JEDI-FV3/expCodes/PACEData/GBBEPx/Prep_GBBEPx_2024030100_2024043000/FixGBBEPx/GBBEPx_all01GRID.emissions_v004_20240415.nc
+ ERR=0
+ ECNT=0
+ '[' 0 -eq 0 ']'
+ echo 'Fix GBBEPx successflully at 20240415'
Fix GBBEPx successflully at 20240415
++ /scratch2/NCEPDEV/nwprod/NCEPLIBS/utils/prod_util.v1.1.0/exec/ndate 24 2024041500
+ IDATE=2024041600
+ '[' 2024041600 -le 2024043000 ']'
+ ECNT=0
+ /bin/rm -rf input.nc.tmp input.nc.tmp2 input.nc.tmp3 input.nc
+ IY=2024
+ IM=04
+ ID=16
+ IYMD=20240416
+ SRCFILE='/scratch1/BMC/gsd-fv3-dev/MAPP_2018/bhuang/JEDI-2020/JEDI-FV3/expCodes/PACEData/GBBEPx/Prep_GBBEPx_2024030100_2024043000/2024041600/*.nc'
+ OUTFILE=/scratch1/BMC/gsd-fv3-dev/MAPP_2018/bhuang/JEDI-2020/JEDI-FV3/expCodes/PACEData/GBBEPx/Prep_GBBEPx_2024030100_2024043000/FixGBBEPx/GBBEPx_all01GRID.emissions_v004_20240416.nc
++ wc -l
++ ls /scratch1/BMC/gsd-fv3-dev/MAPP_2018/bhuang/JEDI-2020/JEDI-FV3/expCodes/PACEData/GBBEPx/Prep_GBBEPx_2024030100_2024043000/2024041600/GBBEPx-all01GRID_v4r0_blend_s202404160000000_e202404162359590_c202404170325110.nc
+ NNC=1
+ '[' 1 -eq 1 ']'
++ ls /scratch1/BMC/gsd-fv3-dev/MAPP_2018/bhuang/JEDI-2020/JEDI-FV3/expCodes/PACEData/GBBEPx/Prep_GBBEPx_2024030100_2024043000/2024041600/GBBEPx-all01GRID_v4r0_blend_s202404160000000_e202404162359590_c202404170325110.nc
+ for FILE in $(ls ${SRCFILE})
+ /bin/cp /scratch1/BMC/gsd-fv3-dev/MAPP_2018/bhuang/JEDI-2020/JEDI-FV3/expCodes/PACEData/GBBEPx/Prep_GBBEPx_2024030100_2024043000/2024041600/GBBEPx-all01GRID_v4r0_blend_s202404160000000_e202404162359590_c202404170325110.nc input.nc
+ ERR=0
+ ECNT=0
+ /home/Bo.Huang/JEDI-2020/UFS-Aerosols_RETcyc/UFS-Aerosols-EP4_JEDI-AeroDA-Reanl/misc/PrepPACE/GBBEPx/fix_GBBEPx_Li.sh input.nc 20240416
+ '[' -z '' ']'
+ case "$-" in
+ __lmod_vx=x
+ '[' -n x ']'
+ set +x
Shell debugging temporarily silenced: export LMOD_SH_DBG_ON=1 for this output (/apps/lmod/lmod/init/bash)
Shell debugging restarted
+ unset __lmod_vx
+ input_file=input.nc
+ yyyymmdd=20240416
+ nccopy -k classic input.nc input.nc.tmp
+ ncks --mk_rec_dmn Time input.nc.tmp -O -o input.nc.tmp
+ ncatted -O -a units,Longitude,m,c,degrees_east input.nc.tmp
+ ncrename -v Time,time -d Time,time input.nc.tmp -O -o input.nc.tmp
+ ncrename -v Latitude,lat -d Latitude,lat input.nc.tmp -O -o input.nc.tmp
+ ncrename -v Longitude,lon -d Longitude,lon input.nc.tmp -O -o input.nc.tmp
+ ncap2 -O -s 'time[time]=0' input.nc.tmp -o input.nc.tmp
+ ncks -C -O -x -v Max_emission,Max_emission_col,Max_emission_row input.nc.tmp input.nc.tmp
+ ncks -C -O -x -v QCAll,CloudPerc,FirePerc,NumSensor input.nc.tmp input.nc.tmp
+ ncks -C -O -x -v TotalEmis_region_Africa input.nc.tmp input.nc.tmp
+ ncks -C -O -x -v TotalEmis_region_Asia input.nc.tmp input.nc.tmp
+ ncks -C -O -x -v TotalEmis_region_Australia input.nc.tmp input.nc.tmp
+ ncks -C -O -x -v TotalEmis_region_Europe input.nc.tmp input.nc.tmp
+ ncks -C -O -x -v TotalEmis_region_NorthAmerica input.nc.tmp input.nc.tmp
+ ncks -C -O -x -v TotalEmis_region_SouthAmerica input.nc.tmp input.nc.tmp
+ ncks -C -O -x -v quality_information input.nc.tmp input.nc.tmp
+ ncks -O -d lat,-89.5,89.5 input.nc.tmp input.nc.tmp2
++ date -d 20240416 +%Y-%m-%d
+ d=2024-04-16
+ dd='hours since 2024-04-16 12:00:00'
+ ncatted -O -a 'units,time,c,c,hours since 2024-04-16 12:00:00' input.nc.tmp2
+ ncatted -O -a long_name,time,c,c,Time input.nc.tmp2
+ ncatted -O -a calendar,time,c,c,gregorian input.nc.tmp2
+ ncatted -O -a axis,time,c,c,T input.nc.tmp2
+ ncatted -O -a long_name,lat,m,c,latitude input.nc.tmp2
+ ncatted -O -a long_name,lon,m,c,longitude input.nc.tmp2
+ ncatted -O -a axis,lon,d,, input.nc.tmp2
+ ncatted -O -a bounds,lon,d,, input.nc.tmp2
+ ncatted -O -a valid_range,lon,d,, input.nc.tmp2
+ ncatted -O -a scale_factor,lon,d,, input.nc.tmp2
+ ncatted -O -a add_offset,lon,d,, input.nc.tmp2
+ ncatted -O -a _FillValue,lon,d,, input.nc.tmp2
+ ncatted -O -a axis,lat,d,, input.nc.tmp2
+ ncatted -O -a bounds,lat,d,, input.nc.tmp2
+ ncatted -O -a valid_range,lat,d,, input.nc.tmp2
+ ncatted -O -a scale_factor,lat,d,, input.nc.tmp2
+ ncatted -O -a add_offset,lat,d,, input.nc.tmp2
+ ncatted -O -a _FillValue,lat,d,, input.nc.tmp2
+ ncatted -O -a coordinates,SO2,d,, input.nc.tmp2
+ ncatted -O -a coordinates,PM2.5,d,, input.nc.tmp2
+ ncatted -O -a coordinates,OC,d,, input.nc.tmp2
+ ncatted -O -a coordinates,BC,d,, input.nc.tmp2
+ ncatted -O -a coordinates,CO,d,, input.nc.tmp2
+ ncatted -O -a coordinates,NOx,d,, input.nc.tmp2
+ ncatted -O -a coordinates,NH3,d,, input.nc.tmp2
+ ncatted -O -a valid_range,SO2,d,, input.nc.tmp2
+ ncatted -O -a valid_range,PM2.5,d,, input.nc.tmp2
+ ncatted -O -a valid_range,OC,d,, input.nc.tmp2
+ ncatted -O -a valid_range,BC,d,, input.nc.tmp2
+ ncatted -O -a valid_range,CO,d,, input.nc.tmp2
+ ncatted -O -a valid_range,NOx,d,, input.nc.tmp2
+ ncatted -O -a valid_range,NH3,d,, input.nc.tmp2
+ ncatted -O -a add_offset,SO2,d,, input.nc.tmp2
+ ncatted -O -a add_offset,PM2.5,d,, input.nc.tmp2
+ ncatted -O -a add_offset,OC,d,, input.nc.tmp2
+ ncatted -O -a add_offset,BC,d,, input.nc.tmp2
+ ncatted -O -a add_offset,CO,d,, input.nc.tmp2
+ ncatted -O -a add_offset,NOx,d,, input.nc.tmp2
+ ncatted -O -a add_offset,NH3,d,, input.nc.tmp2
+ ncatted -O -a add_offset,MeanFRP,d,, input.nc.tmp2
+ ncatted -O -a valid_range,MeanFRP,d,, input.nc.tmp2
+ ncatted -O -a coordinates,MeanFRP,d,, input.nc.tmp2
+ nccopy -k 'netCDF-4 classic model' input.nc.tmp2 input.nc.tmp3
+ nccopy -d1 input.nc.tmp3 input.nc.tmp4
+ ERR=0
+ ECNT=0
+ '[' 0 -eq 0 ']'
+ /bin/mv input.nc.tmp4 /scratch1/BMC/gsd-fv3-dev/MAPP_2018/bhuang/JEDI-2020/JEDI-FV3/expCodes/PACEData/GBBEPx/Prep_GBBEPx_2024030100_2024043000/FixGBBEPx/GBBEPx_all01GRID.emissions_v004_20240416.nc
+ ERR=0
+ ECNT=0
+ '[' 0 -eq 0 ']'
+ echo 'Fix GBBEPx successflully at 20240416'
Fix GBBEPx successflully at 20240416
++ /scratch2/NCEPDEV/nwprod/NCEPLIBS/utils/prod_util.v1.1.0/exec/ndate 24 2024041600
+ IDATE=2024041700
+ '[' 2024041700 -le 2024043000 ']'
+ ECNT=0
+ /bin/rm -rf input.nc.tmp input.nc.tmp2 input.nc.tmp3 input.nc
+ IY=2024
+ IM=04
+ ID=17
+ IYMD=20240417
+ SRCFILE='/scratch1/BMC/gsd-fv3-dev/MAPP_2018/bhuang/JEDI-2020/JEDI-FV3/expCodes/PACEData/GBBEPx/Prep_GBBEPx_2024030100_2024043000/2024041700/*.nc'
+ OUTFILE=/scratch1/BMC/gsd-fv3-dev/MAPP_2018/bhuang/JEDI-2020/JEDI-FV3/expCodes/PACEData/GBBEPx/Prep_GBBEPx_2024030100_2024043000/FixGBBEPx/GBBEPx_all01GRID.emissions_v004_20240417.nc
++ wc -l
++ ls /scratch1/BMC/gsd-fv3-dev/MAPP_2018/bhuang/JEDI-2020/JEDI-FV3/expCodes/PACEData/GBBEPx/Prep_GBBEPx_2024030100_2024043000/2024041700/GBBEPx-all01GRID_v4r0_blend_s202404170000000_e202404172359590_c202404180323040.nc
+ NNC=1
+ '[' 1 -eq 1 ']'
++ ls /scratch1/BMC/gsd-fv3-dev/MAPP_2018/bhuang/JEDI-2020/JEDI-FV3/expCodes/PACEData/GBBEPx/Prep_GBBEPx_2024030100_2024043000/2024041700/GBBEPx-all01GRID_v4r0_blend_s202404170000000_e202404172359590_c202404180323040.nc
+ for FILE in $(ls ${SRCFILE})
+ /bin/cp /scratch1/BMC/gsd-fv3-dev/MAPP_2018/bhuang/JEDI-2020/JEDI-FV3/expCodes/PACEData/GBBEPx/Prep_GBBEPx_2024030100_2024043000/2024041700/GBBEPx-all01GRID_v4r0_blend_s202404170000000_e202404172359590_c202404180323040.nc input.nc
+ ERR=0
+ ECNT=0
+ /home/Bo.Huang/JEDI-2020/UFS-Aerosols_RETcyc/UFS-Aerosols-EP4_JEDI-AeroDA-Reanl/misc/PrepPACE/GBBEPx/fix_GBBEPx_Li.sh input.nc 20240417
+ '[' -z '' ']'
+ case "$-" in
+ __lmod_vx=x
+ '[' -n x ']'
+ set +x
Shell debugging temporarily silenced: export LMOD_SH_DBG_ON=1 for this output (/apps/lmod/lmod/init/bash)
Shell debugging restarted
+ unset __lmod_vx
+ input_file=input.nc
+ yyyymmdd=20240417
+ nccopy -k classic input.nc input.nc.tmp
+ ncks --mk_rec_dmn Time input.nc.tmp -O -o input.nc.tmp
+ ncatted -O -a units,Longitude,m,c,degrees_east input.nc.tmp
+ ncrename -v Time,time -d Time,time input.nc.tmp -O -o input.nc.tmp
+ ncrename -v Latitude,lat -d Latitude,lat input.nc.tmp -O -o input.nc.tmp
+ ncrename -v Longitude,lon -d Longitude,lon input.nc.tmp -O -o input.nc.tmp
+ ncap2 -O -s 'time[time]=0' input.nc.tmp -o input.nc.tmp
+ ncks -C -O -x -v Max_emission,Max_emission_col,Max_emission_row input.nc.tmp input.nc.tmp
+ ncks -C -O -x -v QCAll,CloudPerc,FirePerc,NumSensor input.nc.tmp input.nc.tmp
+ ncks -C -O -x -v TotalEmis_region_Africa input.nc.tmp input.nc.tmp
+ ncks -C -O -x -v TotalEmis_region_Asia input.nc.tmp input.nc.tmp
+ ncks -C -O -x -v TotalEmis_region_Australia input.nc.tmp input.nc.tmp
+ ncks -C -O -x -v TotalEmis_region_Europe input.nc.tmp input.nc.tmp
+ ncks -C -O -x -v TotalEmis_region_NorthAmerica input.nc.tmp input.nc.tmp
+ ncks -C -O -x -v TotalEmis_region_SouthAmerica input.nc.tmp input.nc.tmp
+ ncks -C -O -x -v quality_information input.nc.tmp input.nc.tmp
+ ncks -O -d lat,-89.5,89.5 input.nc.tmp input.nc.tmp2
++ date -d 20240417 +%Y-%m-%d
+ d=2024-04-17
+ dd='hours since 2024-04-17 12:00:00'
+ ncatted -O -a 'units,time,c,c,hours since 2024-04-17 12:00:00' input.nc.tmp2
+ ncatted -O -a long_name,time,c,c,Time input.nc.tmp2
+ ncatted -O -a calendar,time,c,c,gregorian input.nc.tmp2
+ ncatted -O -a axis,time,c,c,T input.nc.tmp2
+ ncatted -O -a long_name,lat,m,c,latitude input.nc.tmp2
+ ncatted -O -a long_name,lon,m,c,longitude input.nc.tmp2
+ ncatted -O -a axis,lon,d,, input.nc.tmp2
+ ncatted -O -a bounds,lon,d,, input.nc.tmp2
+ ncatted -O -a valid_range,lon,d,, input.nc.tmp2
+ ncatted -O -a scale_factor,lon,d,, input.nc.tmp2
+ ncatted -O -a add_offset,lon,d,, input.nc.tmp2
+ ncatted -O -a _FillValue,lon,d,, input.nc.tmp2
+ ncatted -O -a axis,lat,d,, input.nc.tmp2
+ ncatted -O -a bounds,lat,d,, input.nc.tmp2
+ ncatted -O -a valid_range,lat,d,, input.nc.tmp2
+ ncatted -O -a scale_factor,lat,d,, input.nc.tmp2
+ ncatted -O -a add_offset,lat,d,, input.nc.tmp2
+ ncatted -O -a _FillValue,lat,d,, input.nc.tmp2
+ ncatted -O -a coordinates,SO2,d,, input.nc.tmp2
+ ncatted -O -a coordinates,PM2.5,d,, input.nc.tmp2
+ ncatted -O -a coordinates,OC,d,, input.nc.tmp2
+ ncatted -O -a coordinates,BC,d,, input.nc.tmp2
+ ncatted -O -a coordinates,CO,d,, input.nc.tmp2
+ ncatted -O -a coordinates,NOx,d,, input.nc.tmp2
+ ncatted -O -a coordinates,NH3,d,, input.nc.tmp2
+ ncatted -O -a valid_range,SO2,d,, input.nc.tmp2
+ ncatted -O -a valid_range,PM2.5,d,, input.nc.tmp2
+ ncatted -O -a valid_range,OC,d,, input.nc.tmp2
+ ncatted -O -a valid_range,BC,d,, input.nc.tmp2
+ ncatted -O -a valid_range,CO,d,, input.nc.tmp2
+ ncatted -O -a valid_range,NOx,d,, input.nc.tmp2
+ ncatted -O -a valid_range,NH3,d,, input.nc.tmp2
+ ncatted -O -a add_offset,SO2,d,, input.nc.tmp2
+ ncatted -O -a add_offset,PM2.5,d,, input.nc.tmp2
+ ncatted -O -a add_offset,OC,d,, input.nc.tmp2
+ ncatted -O -a add_offset,BC,d,, input.nc.tmp2
+ ncatted -O -a add_offset,CO,d,, input.nc.tmp2
+ ncatted -O -a add_offset,NOx,d,, input.nc.tmp2
+ ncatted -O -a add_offset,NH3,d,, input.nc.tmp2
+ ncatted -O -a add_offset,MeanFRP,d,, input.nc.tmp2
+ ncatted -O -a valid_range,MeanFRP,d,, input.nc.tmp2
+ ncatted -O -a coordinates,MeanFRP,d,, input.nc.tmp2
+ nccopy -k 'netCDF-4 classic model' input.nc.tmp2 input.nc.tmp3
+ nccopy -d1 input.nc.tmp3 input.nc.tmp4
+ ERR=0
+ ECNT=0
+ '[' 0 -eq 0 ']'
+ /bin/mv input.nc.tmp4 /scratch1/BMC/gsd-fv3-dev/MAPP_2018/bhuang/JEDI-2020/JEDI-FV3/expCodes/PACEData/GBBEPx/Prep_GBBEPx_2024030100_2024043000/FixGBBEPx/GBBEPx_all01GRID.emissions_v004_20240417.nc
+ ERR=0
+ ECNT=0
+ '[' 0 -eq 0 ']'
+ echo 'Fix GBBEPx successflully at 20240417'
Fix GBBEPx successflully at 20240417
++ /scratch2/NCEPDEV/nwprod/NCEPLIBS/utils/prod_util.v1.1.0/exec/ndate 24 2024041700
+ IDATE=2024041800
+ '[' 2024041800 -le 2024043000 ']'
+ ECNT=0
+ /bin/rm -rf input.nc.tmp input.nc.tmp2 input.nc.tmp3 input.nc
+ IY=2024
+ IM=04
+ ID=18
+ IYMD=20240418
+ SRCFILE='/scratch1/BMC/gsd-fv3-dev/MAPP_2018/bhuang/JEDI-2020/JEDI-FV3/expCodes/PACEData/GBBEPx/Prep_GBBEPx_2024030100_2024043000/2024041800/*.nc'
+ OUTFILE=/scratch1/BMC/gsd-fv3-dev/MAPP_2018/bhuang/JEDI-2020/JEDI-FV3/expCodes/PACEData/GBBEPx/Prep_GBBEPx_2024030100_2024043000/FixGBBEPx/GBBEPx_all01GRID.emissions_v004_20240418.nc
++ wc -l
++ ls /scratch1/BMC/gsd-fv3-dev/MAPP_2018/bhuang/JEDI-2020/JEDI-FV3/expCodes/PACEData/GBBEPx/Prep_GBBEPx_2024030100_2024043000/2024041800/GBBEPx-all01GRID_v4r0_blend_s202404180000000_e202404182359590_c202404190325000.nc
+ NNC=1
+ '[' 1 -eq 1 ']'
++ ls /scratch1/BMC/gsd-fv3-dev/MAPP_2018/bhuang/JEDI-2020/JEDI-FV3/expCodes/PACEData/GBBEPx/Prep_GBBEPx_2024030100_2024043000/2024041800/GBBEPx-all01GRID_v4r0_blend_s202404180000000_e202404182359590_c202404190325000.nc
+ for FILE in $(ls ${SRCFILE})
+ /bin/cp /scratch1/BMC/gsd-fv3-dev/MAPP_2018/bhuang/JEDI-2020/JEDI-FV3/expCodes/PACEData/GBBEPx/Prep_GBBEPx_2024030100_2024043000/2024041800/GBBEPx-all01GRID_v4r0_blend_s202404180000000_e202404182359590_c202404190325000.nc input.nc
+ ERR=0
+ ECNT=0
+ /home/Bo.Huang/JEDI-2020/UFS-Aerosols_RETcyc/UFS-Aerosols-EP4_JEDI-AeroDA-Reanl/misc/PrepPACE/GBBEPx/fix_GBBEPx_Li.sh input.nc 20240418
+ '[' -z '' ']'
+ case "$-" in
+ __lmod_vx=x
+ '[' -n x ']'
+ set +x
Shell debugging temporarily silenced: export LMOD_SH_DBG_ON=1 for this output (/apps/lmod/lmod/init/bash)
Shell debugging restarted
+ unset __lmod_vx
+ input_file=input.nc
+ yyyymmdd=20240418
+ nccopy -k classic input.nc input.nc.tmp
+ ncks --mk_rec_dmn Time input.nc.tmp -O -o input.nc.tmp
+ ncatted -O -a units,Longitude,m,c,degrees_east input.nc.tmp
+ ncrename -v Time,time -d Time,time input.nc.tmp -O -o input.nc.tmp
+ ncrename -v Latitude,lat -d Latitude,lat input.nc.tmp -O -o input.nc.tmp
+ ncrename -v Longitude,lon -d Longitude,lon input.nc.tmp -O -o input.nc.tmp
+ ncap2 -O -s 'time[time]=0' input.nc.tmp -o input.nc.tmp
+ ncks -C -O -x -v Max_emission,Max_emission_col,Max_emission_row input.nc.tmp input.nc.tmp
+ ncks -C -O -x -v QCAll,CloudPerc,FirePerc,NumSensor input.nc.tmp input.nc.tmp
+ ncks -C -O -x -v TotalEmis_region_Africa input.nc.tmp input.nc.tmp
+ ncks -C -O -x -v TotalEmis_region_Asia input.nc.tmp input.nc.tmp
+ ncks -C -O -x -v TotalEmis_region_Australia input.nc.tmp input.nc.tmp
+ ncks -C -O -x -v TotalEmis_region_Europe input.nc.tmp input.nc.tmp
+ ncks -C -O -x -v TotalEmis_region_NorthAmerica input.nc.tmp input.nc.tmp
+ ncks -C -O -x -v TotalEmis_region_SouthAmerica input.nc.tmp input.nc.tmp
+ ncks -C -O -x -v quality_information input.nc.tmp input.nc.tmp
+ ncks -O -d lat,-89.5,89.5 input.nc.tmp input.nc.tmp2
++ date -d 20240418 +%Y-%m-%d
+ d=2024-04-18
+ dd='hours since 2024-04-18 12:00:00'
+ ncatted -O -a 'units,time,c,c,hours since 2024-04-18 12:00:00' input.nc.tmp2
+ ncatted -O -a long_name,time,c,c,Time input.nc.tmp2
+ ncatted -O -a calendar,time,c,c,gregorian input.nc.tmp2
+ ncatted -O -a axis,time,c,c,T input.nc.tmp2
+ ncatted -O -a long_name,lat,m,c,latitude input.nc.tmp2
+ ncatted -O -a long_name,lon,m,c,longitude input.nc.tmp2
+ ncatted -O -a axis,lon,d,, input.nc.tmp2
+ ncatted -O -a bounds,lon,d,, input.nc.tmp2
+ ncatted -O -a valid_range,lon,d,, input.nc.tmp2
+ ncatted -O -a scale_factor,lon,d,, input.nc.tmp2
+ ncatted -O -a add_offset,lon,d,, input.nc.tmp2
+ ncatted -O -a _FillValue,lon,d,, input.nc.tmp2
+ ncatted -O -a axis,lat,d,, input.nc.tmp2
+ ncatted -O -a bounds,lat,d,, input.nc.tmp2
+ ncatted -O -a valid_range,lat,d,, input.nc.tmp2
+ ncatted -O -a scale_factor,lat,d,, input.nc.tmp2
+ ncatted -O -a add_offset,lat,d,, input.nc.tmp2
+ ncatted -O -a _FillValue,lat,d,, input.nc.tmp2
+ ncatted -O -a coordinates,SO2,d,, input.nc.tmp2
+ ncatted -O -a coordinates,PM2.5,d,, input.nc.tmp2
+ ncatted -O -a coordinates,OC,d,, input.nc.tmp2
+ ncatted -O -a coordinates,BC,d,, input.nc.tmp2
+ ncatted -O -a coordinates,CO,d,, input.nc.tmp2
+ ncatted -O -a coordinates,NOx,d,, input.nc.tmp2
+ ncatted -O -a coordinates,NH3,d,, input.nc.tmp2
+ ncatted -O -a valid_range,SO2,d,, input.nc.tmp2
+ ncatted -O -a valid_range,PM2.5,d,, input.nc.tmp2
+ ncatted -O -a valid_range,OC,d,, input.nc.tmp2
+ ncatted -O -a valid_range,BC,d,, input.nc.tmp2
+ ncatted -O -a valid_range,CO,d,, input.nc.tmp2
+ ncatted -O -a valid_range,NOx,d,, input.nc.tmp2
+ ncatted -O -a valid_range,NH3,d,, input.nc.tmp2
+ ncatted -O -a add_offset,SO2,d,, input.nc.tmp2
+ ncatted -O -a add_offset,PM2.5,d,, input.nc.tmp2
+ ncatted -O -a add_offset,OC,d,, input.nc.tmp2
+ ncatted -O -a add_offset,BC,d,, input.nc.tmp2
+ ncatted -O -a add_offset,CO,d,, input.nc.tmp2
+ ncatted -O -a add_offset,NOx,d,, input.nc.tmp2
+ ncatted -O -a add_offset,NH3,d,, input.nc.tmp2
+ ncatted -O -a add_offset,MeanFRP,d,, input.nc.tmp2
+ ncatted -O -a valid_range,MeanFRP,d,, input.nc.tmp2
+ ncatted -O -a coordinates,MeanFRP,d,, input.nc.tmp2
+ nccopy -k 'netCDF-4 classic model' input.nc.tmp2 input.nc.tmp3
+ nccopy -d1 input.nc.tmp3 input.nc.tmp4
+ ERR=0
+ ECNT=0
+ '[' 0 -eq 0 ']'
+ /bin/mv input.nc.tmp4 /scratch1/BMC/gsd-fv3-dev/MAPP_2018/bhuang/JEDI-2020/JEDI-FV3/expCodes/PACEData/GBBEPx/Prep_GBBEPx_2024030100_2024043000/FixGBBEPx/GBBEPx_all01GRID.emissions_v004_20240418.nc
+ ERR=0
+ ECNT=0
+ '[' 0 -eq 0 ']'
+ echo 'Fix GBBEPx successflully at 20240418'
Fix GBBEPx successflully at 20240418
++ /scratch2/NCEPDEV/nwprod/NCEPLIBS/utils/prod_util.v1.1.0/exec/ndate 24 2024041800
+ IDATE=2024041900
+ '[' 2024041900 -le 2024043000 ']'
+ ECNT=0
+ /bin/rm -rf input.nc.tmp input.nc.tmp2 input.nc.tmp3 input.nc
+ IY=2024
+ IM=04
+ ID=19
+ IYMD=20240419
+ SRCFILE='/scratch1/BMC/gsd-fv3-dev/MAPP_2018/bhuang/JEDI-2020/JEDI-FV3/expCodes/PACEData/GBBEPx/Prep_GBBEPx_2024030100_2024043000/2024041900/*.nc'
+ OUTFILE=/scratch1/BMC/gsd-fv3-dev/MAPP_2018/bhuang/JEDI-2020/JEDI-FV3/expCodes/PACEData/GBBEPx/Prep_GBBEPx_2024030100_2024043000/FixGBBEPx/GBBEPx_all01GRID.emissions_v004_20240419.nc
++ wc -l
++ ls /scratch1/BMC/gsd-fv3-dev/MAPP_2018/bhuang/JEDI-2020/JEDI-FV3/expCodes/PACEData/GBBEPx/Prep_GBBEPx_2024030100_2024043000/2024041900/GBBEPx-all01GRID_v4r0_blend_s202404190000000_e202404192359590_c202404200322470.nc
+ NNC=1
+ '[' 1 -eq 1 ']'
++ ls /scratch1/BMC/gsd-fv3-dev/MAPP_2018/bhuang/JEDI-2020/JEDI-FV3/expCodes/PACEData/GBBEPx/Prep_GBBEPx_2024030100_2024043000/2024041900/GBBEPx-all01GRID_v4r0_blend_s202404190000000_e202404192359590_c202404200322470.nc
+ for FILE in $(ls ${SRCFILE})
+ /bin/cp /scratch1/BMC/gsd-fv3-dev/MAPP_2018/bhuang/JEDI-2020/JEDI-FV3/expCodes/PACEData/GBBEPx/Prep_GBBEPx_2024030100_2024043000/2024041900/GBBEPx-all01GRID_v4r0_blend_s202404190000000_e202404192359590_c202404200322470.nc input.nc
+ ERR=0
+ ECNT=0
+ /home/Bo.Huang/JEDI-2020/UFS-Aerosols_RETcyc/UFS-Aerosols-EP4_JEDI-AeroDA-Reanl/misc/PrepPACE/GBBEPx/fix_GBBEPx_Li.sh input.nc 20240419
+ '[' -z '' ']'
+ case "$-" in
+ __lmod_vx=x
+ '[' -n x ']'
+ set +x
Shell debugging temporarily silenced: export LMOD_SH_DBG_ON=1 for this output (/apps/lmod/lmod/init/bash)
Shell debugging restarted
+ unset __lmod_vx
+ input_file=input.nc
+ yyyymmdd=20240419
+ nccopy -k classic input.nc input.nc.tmp
+ ncks --mk_rec_dmn Time input.nc.tmp -O -o input.nc.tmp
+ ncatted -O -a units,Longitude,m,c,degrees_east input.nc.tmp
+ ncrename -v Time,time -d Time,time input.nc.tmp -O -o input.nc.tmp
+ ncrename -v Latitude,lat -d Latitude,lat input.nc.tmp -O -o input.nc.tmp
+ ncrename -v Longitude,lon -d Longitude,lon input.nc.tmp -O -o input.nc.tmp
+ ncap2 -O -s 'time[time]=0' input.nc.tmp -o input.nc.tmp
+ ncks -C -O -x -v Max_emission,Max_emission_col,Max_emission_row input.nc.tmp input.nc.tmp
+ ncks -C -O -x -v QCAll,CloudPerc,FirePerc,NumSensor input.nc.tmp input.nc.tmp
+ ncks -C -O -x -v TotalEmis_region_Africa input.nc.tmp input.nc.tmp
+ ncks -C -O -x -v TotalEmis_region_Asia input.nc.tmp input.nc.tmp
+ ncks -C -O -x -v TotalEmis_region_Australia input.nc.tmp input.nc.tmp
+ ncks -C -O -x -v TotalEmis_region_Europe input.nc.tmp input.nc.tmp
+ ncks -C -O -x -v TotalEmis_region_NorthAmerica input.nc.tmp input.nc.tmp
+ ncks -C -O -x -v TotalEmis_region_SouthAmerica input.nc.tmp input.nc.tmp
+ ncks -C -O -x -v quality_information input.nc.tmp input.nc.tmp
+ ncks -O -d lat,-89.5,89.5 input.nc.tmp input.nc.tmp2
++ date -d 20240419 +%Y-%m-%d
+ d=2024-04-19
+ dd='hours since 2024-04-19 12:00:00'
+ ncatted -O -a 'units,time,c,c,hours since 2024-04-19 12:00:00' input.nc.tmp2
+ ncatted -O -a long_name,time,c,c,Time input.nc.tmp2
+ ncatted -O -a calendar,time,c,c,gregorian input.nc.tmp2
+ ncatted -O -a axis,time,c,c,T input.nc.tmp2
+ ncatted -O -a long_name,lat,m,c,latitude input.nc.tmp2
+ ncatted -O -a long_name,lon,m,c,longitude input.nc.tmp2
+ ncatted -O -a axis,lon,d,, input.nc.tmp2
+ ncatted -O -a bounds,lon,d,, input.nc.tmp2
+ ncatted -O -a valid_range,lon,d,, input.nc.tmp2
+ ncatted -O -a scale_factor,lon,d,, input.nc.tmp2
+ ncatted -O -a add_offset,lon,d,, input.nc.tmp2
+ ncatted -O -a _FillValue,lon,d,, input.nc.tmp2
+ ncatted -O -a axis,lat,d,, input.nc.tmp2
+ ncatted -O -a bounds,lat,d,, input.nc.tmp2
+ ncatted -O -a valid_range,lat,d,, input.nc.tmp2
+ ncatted -O -a scale_factor,lat,d,, input.nc.tmp2
+ ncatted -O -a add_offset,lat,d,, input.nc.tmp2
+ ncatted -O -a _FillValue,lat,d,, input.nc.tmp2
+ ncatted -O -a coordinates,SO2,d,, input.nc.tmp2
+ ncatted -O -a coordinates,PM2.5,d,, input.nc.tmp2
+ ncatted -O -a coordinates,OC,d,, input.nc.tmp2
+ ncatted -O -a coordinates,BC,d,, input.nc.tmp2
+ ncatted -O -a coordinates,CO,d,, input.nc.tmp2
+ ncatted -O -a coordinates,NOx,d,, input.nc.tmp2
+ ncatted -O -a coordinates,NH3,d,, input.nc.tmp2
+ ncatted -O -a valid_range,SO2,d,, input.nc.tmp2
+ ncatted -O -a valid_range,PM2.5,d,, input.nc.tmp2
+ ncatted -O -a valid_range,OC,d,, input.nc.tmp2
+ ncatted -O -a valid_range,BC,d,, input.nc.tmp2
+ ncatted -O -a valid_range,CO,d,, input.nc.tmp2
+ ncatted -O -a valid_range,NOx,d,, input.nc.tmp2
+ ncatted -O -a valid_range,NH3,d,, input.nc.tmp2
+ ncatted -O -a add_offset,SO2,d,, input.nc.tmp2
+ ncatted -O -a add_offset,PM2.5,d,, input.nc.tmp2
+ ncatted -O -a add_offset,OC,d,, input.nc.tmp2
+ ncatted -O -a add_offset,BC,d,, input.nc.tmp2
+ ncatted -O -a add_offset,CO,d,, input.nc.tmp2
+ ncatted -O -a add_offset,NOx,d,, input.nc.tmp2
+ ncatted -O -a add_offset,NH3,d,, input.nc.tmp2
+ ncatted -O -a add_offset,MeanFRP,d,, input.nc.tmp2
+ ncatted -O -a valid_range,MeanFRP,d,, input.nc.tmp2
+ ncatted -O -a coordinates,MeanFRP,d,, input.nc.tmp2
+ nccopy -k 'netCDF-4 classic model' input.nc.tmp2 input.nc.tmp3
+ nccopy -d1 input.nc.tmp3 input.nc.tmp4
+ ERR=0
+ ECNT=0
+ '[' 0 -eq 0 ']'
+ /bin/mv input.nc.tmp4 /scratch1/BMC/gsd-fv3-dev/MAPP_2018/bhuang/JEDI-2020/JEDI-FV3/expCodes/PACEData/GBBEPx/Prep_GBBEPx_2024030100_2024043000/FixGBBEPx/GBBEPx_all01GRID.emissions_v004_20240419.nc
+ ERR=0
+ ECNT=0
+ '[' 0 -eq 0 ']'
+ echo 'Fix GBBEPx successflully at 20240419'
Fix GBBEPx successflully at 20240419
++ /scratch2/NCEPDEV/nwprod/NCEPLIBS/utils/prod_util.v1.1.0/exec/ndate 24 2024041900
+ IDATE=2024042000
+ '[' 2024042000 -le 2024043000 ']'
+ ECNT=0
+ /bin/rm -rf input.nc.tmp input.nc.tmp2 input.nc.tmp3 input.nc
+ IY=2024
+ IM=04
+ ID=20
+ IYMD=20240420
+ SRCFILE='/scratch1/BMC/gsd-fv3-dev/MAPP_2018/bhuang/JEDI-2020/JEDI-FV3/expCodes/PACEData/GBBEPx/Prep_GBBEPx_2024030100_2024043000/2024042000/*.nc'
+ OUTFILE=/scratch1/BMC/gsd-fv3-dev/MAPP_2018/bhuang/JEDI-2020/JEDI-FV3/expCodes/PACEData/GBBEPx/Prep_GBBEPx_2024030100_2024043000/FixGBBEPx/GBBEPx_all01GRID.emissions_v004_20240420.nc
++ wc -l
++ ls /scratch1/BMC/gsd-fv3-dev/MAPP_2018/bhuang/JEDI-2020/JEDI-FV3/expCodes/PACEData/GBBEPx/Prep_GBBEPx_2024030100_2024043000/2024042000/GBBEPx-all01GRID_v4r0_blend_s202404200000000_e202404202359590_c202404210323200.nc
+ NNC=1
+ '[' 1 -eq 1 ']'
++ ls /scratch1/BMC/gsd-fv3-dev/MAPP_2018/bhuang/JEDI-2020/JEDI-FV3/expCodes/PACEData/GBBEPx/Prep_GBBEPx_2024030100_2024043000/2024042000/GBBEPx-all01GRID_v4r0_blend_s202404200000000_e202404202359590_c202404210323200.nc
+ for FILE in $(ls ${SRCFILE})
+ /bin/cp /scratch1/BMC/gsd-fv3-dev/MAPP_2018/bhuang/JEDI-2020/JEDI-FV3/expCodes/PACEData/GBBEPx/Prep_GBBEPx_2024030100_2024043000/2024042000/GBBEPx-all01GRID_v4r0_blend_s202404200000000_e202404202359590_c202404210323200.nc input.nc
+ ERR=0
+ ECNT=0
+ /home/Bo.Huang/JEDI-2020/UFS-Aerosols_RETcyc/UFS-Aerosols-EP4_JEDI-AeroDA-Reanl/misc/PrepPACE/GBBEPx/fix_GBBEPx_Li.sh input.nc 20240420
+ '[' -z '' ']'
+ case "$-" in
+ __lmod_vx=x
+ '[' -n x ']'
+ set +x
Shell debugging temporarily silenced: export LMOD_SH_DBG_ON=1 for this output (/apps/lmod/lmod/init/bash)
Shell debugging restarted
+ unset __lmod_vx
+ input_file=input.nc
+ yyyymmdd=20240420
+ nccopy -k classic input.nc input.nc.tmp
+ ncks --mk_rec_dmn Time input.nc.tmp -O -o input.nc.tmp
+ ncatted -O -a units,Longitude,m,c,degrees_east input.nc.tmp
+ ncrename -v Time,time -d Time,time input.nc.tmp -O -o input.nc.tmp
+ ncrename -v Latitude,lat -d Latitude,lat input.nc.tmp -O -o input.nc.tmp
+ ncrename -v Longitude,lon -d Longitude,lon input.nc.tmp -O -o input.nc.tmp
+ ncap2 -O -s 'time[time]=0' input.nc.tmp -o input.nc.tmp
+ ncks -C -O -x -v Max_emission,Max_emission_col,Max_emission_row input.nc.tmp input.nc.tmp
+ ncks -C -O -x -v QCAll,CloudPerc,FirePerc,NumSensor input.nc.tmp input.nc.tmp
+ ncks -C -O -x -v TotalEmis_region_Africa input.nc.tmp input.nc.tmp
+ ncks -C -O -x -v TotalEmis_region_Asia input.nc.tmp input.nc.tmp
+ ncks -C -O -x -v TotalEmis_region_Australia input.nc.tmp input.nc.tmp
+ ncks -C -O -x -v TotalEmis_region_Europe input.nc.tmp input.nc.tmp
+ ncks -C -O -x -v TotalEmis_region_NorthAmerica input.nc.tmp input.nc.tmp
+ ncks -C -O -x -v TotalEmis_region_SouthAmerica input.nc.tmp input.nc.tmp
+ ncks -C -O -x -v quality_information input.nc.tmp input.nc.tmp
+ ncks -O -d lat,-89.5,89.5 input.nc.tmp input.nc.tmp2
++ date -d 20240420 +%Y-%m-%d
+ d=2024-04-20
+ dd='hours since 2024-04-20 12:00:00'
+ ncatted -O -a 'units,time,c,c,hours since 2024-04-20 12:00:00' input.nc.tmp2
+ ncatted -O -a long_name,time,c,c,Time input.nc.tmp2
+ ncatted -O -a calendar,time,c,c,gregorian input.nc.tmp2
+ ncatted -O -a axis,time,c,c,T input.nc.tmp2
+ ncatted -O -a long_name,lat,m,c,latitude input.nc.tmp2
+ ncatted -O -a long_name,lon,m,c,longitude input.nc.tmp2
+ ncatted -O -a axis,lon,d,, input.nc.tmp2
+ ncatted -O -a bounds,lon,d,, input.nc.tmp2
+ ncatted -O -a valid_range,lon,d,, input.nc.tmp2
+ ncatted -O -a scale_factor,lon,d,, input.nc.tmp2
+ ncatted -O -a add_offset,lon,d,, input.nc.tmp2
+ ncatted -O -a _FillValue,lon,d,, input.nc.tmp2
+ ncatted -O -a axis,lat,d,, input.nc.tmp2
+ ncatted -O -a bounds,lat,d,, input.nc.tmp2
+ ncatted -O -a valid_range,lat,d,, input.nc.tmp2
+ ncatted -O -a scale_factor,lat,d,, input.nc.tmp2
+ ncatted -O -a add_offset,lat,d,, input.nc.tmp2
+ ncatted -O -a _FillValue,lat,d,, input.nc.tmp2
+ ncatted -O -a coordinates,SO2,d,, input.nc.tmp2
+ ncatted -O -a coordinates,PM2.5,d,, input.nc.tmp2
+ ncatted -O -a coordinates,OC,d,, input.nc.tmp2
+ ncatted -O -a coordinates,BC,d,, input.nc.tmp2
+ ncatted -O -a coordinates,CO,d,, input.nc.tmp2
+ ncatted -O -a coordinates,NOx,d,, input.nc.tmp2
+ ncatted -O -a coordinates,NH3,d,, input.nc.tmp2
+ ncatted -O -a valid_range,SO2,d,, input.nc.tmp2
+ ncatted -O -a valid_range,PM2.5,d,, input.nc.tmp2
+ ncatted -O -a valid_range,OC,d,, input.nc.tmp2
+ ncatted -O -a valid_range,BC,d,, input.nc.tmp2
+ ncatted -O -a valid_range,CO,d,, input.nc.tmp2
+ ncatted -O -a valid_range,NOx,d,, input.nc.tmp2
+ ncatted -O -a valid_range,NH3,d,, input.nc.tmp2
+ ncatted -O -a add_offset,SO2,d,, input.nc.tmp2
+ ncatted -O -a add_offset,PM2.5,d,, input.nc.tmp2
+ ncatted -O -a add_offset,OC,d,, input.nc.tmp2
+ ncatted -O -a add_offset,BC,d,, input.nc.tmp2
+ ncatted -O -a add_offset,CO,d,, input.nc.tmp2
+ ncatted -O -a add_offset,NOx,d,, input.nc.tmp2
+ ncatted -O -a add_offset,NH3,d,, input.nc.tmp2
+ ncatted -O -a add_offset,MeanFRP,d,, input.nc.tmp2
+ ncatted -O -a valid_range,MeanFRP,d,, input.nc.tmp2
+ ncatted -O -a coordinates,MeanFRP,d,, input.nc.tmp2
+ nccopy -k 'netCDF-4 classic model' input.nc.tmp2 input.nc.tmp3
+ nccopy -d1 input.nc.tmp3 input.nc.tmp4
+ ERR=0
+ ECNT=0
+ '[' 0 -eq 0 ']'
+ /bin/mv input.nc.tmp4 /scratch1/BMC/gsd-fv3-dev/MAPP_2018/bhuang/JEDI-2020/JEDI-FV3/expCodes/PACEData/GBBEPx/Prep_GBBEPx_2024030100_2024043000/FixGBBEPx/GBBEPx_all01GRID.emissions_v004_20240420.nc
+ ERR=0
+ ECNT=0
+ '[' 0 -eq 0 ']'
+ echo 'Fix GBBEPx successflully at 20240420'
Fix GBBEPx successflully at 20240420
++ /scratch2/NCEPDEV/nwprod/NCEPLIBS/utils/prod_util.v1.1.0/exec/ndate 24 2024042000
+ IDATE=2024042100
+ '[' 2024042100 -le 2024043000 ']'
+ ECNT=0
+ /bin/rm -rf input.nc.tmp input.nc.tmp2 input.nc.tmp3 input.nc
+ IY=2024
+ IM=04
+ ID=21
+ IYMD=20240421
+ SRCFILE='/scratch1/BMC/gsd-fv3-dev/MAPP_2018/bhuang/JEDI-2020/JEDI-FV3/expCodes/PACEData/GBBEPx/Prep_GBBEPx_2024030100_2024043000/2024042100/*.nc'
+ OUTFILE=/scratch1/BMC/gsd-fv3-dev/MAPP_2018/bhuang/JEDI-2020/JEDI-FV3/expCodes/PACEData/GBBEPx/Prep_GBBEPx_2024030100_2024043000/FixGBBEPx/GBBEPx_all01GRID.emissions_v004_20240421.nc
++ wc -l
++ ls /scratch1/BMC/gsd-fv3-dev/MAPP_2018/bhuang/JEDI-2020/JEDI-FV3/expCodes/PACEData/GBBEPx/Prep_GBBEPx_2024030100_2024043000/2024042100/GBBEPx-all01GRID_v4r0_blend_s202404210000000_e202404212359590_c202404220115140.nc
+ NNC=1
+ '[' 1 -eq 1 ']'
++ ls /scratch1/BMC/gsd-fv3-dev/MAPP_2018/bhuang/JEDI-2020/JEDI-FV3/expCodes/PACEData/GBBEPx/Prep_GBBEPx_2024030100_2024043000/2024042100/GBBEPx-all01GRID_v4r0_blend_s202404210000000_e202404212359590_c202404220115140.nc
+ for FILE in $(ls ${SRCFILE})
+ /bin/cp /scratch1/BMC/gsd-fv3-dev/MAPP_2018/bhuang/JEDI-2020/JEDI-FV3/expCodes/PACEData/GBBEPx/Prep_GBBEPx_2024030100_2024043000/2024042100/GBBEPx-all01GRID_v4r0_blend_s202404210000000_e202404212359590_c202404220115140.nc input.nc
+ ERR=0
+ ECNT=0
+ /home/Bo.Huang/JEDI-2020/UFS-Aerosols_RETcyc/UFS-Aerosols-EP4_JEDI-AeroDA-Reanl/misc/PrepPACE/GBBEPx/fix_GBBEPx_Li.sh input.nc 20240421
+ '[' -z '' ']'
+ case "$-" in
+ __lmod_vx=x
+ '[' -n x ']'
+ set +x
Shell debugging temporarily silenced: export LMOD_SH_DBG_ON=1 for this output (/apps/lmod/lmod/init/bash)
Shell debugging restarted
+ unset __lmod_vx
+ input_file=input.nc
+ yyyymmdd=20240421
+ nccopy -k classic input.nc input.nc.tmp
+ ncks --mk_rec_dmn Time input.nc.tmp -O -o input.nc.tmp
+ ncatted -O -a units,Longitude,m,c,degrees_east input.nc.tmp
+ ncrename -v Time,time -d Time,time input.nc.tmp -O -o input.nc.tmp
+ ncrename -v Latitude,lat -d Latitude,lat input.nc.tmp -O -o input.nc.tmp
+ ncrename -v Longitude,lon -d Longitude,lon input.nc.tmp -O -o input.nc.tmp
+ ncap2 -O -s 'time[time]=0' input.nc.tmp -o input.nc.tmp
+ ncks -C -O -x -v Max_emission,Max_emission_col,Max_emission_row input.nc.tmp input.nc.tmp
+ ncks -C -O -x -v QCAll,CloudPerc,FirePerc,NumSensor input.nc.tmp input.nc.tmp
+ ncks -C -O -x -v TotalEmis_region_Africa input.nc.tmp input.nc.tmp
+ ncks -C -O -x -v TotalEmis_region_Asia input.nc.tmp input.nc.tmp
+ ncks -C -O -x -v TotalEmis_region_Australia input.nc.tmp input.nc.tmp
+ ncks -C -O -x -v TotalEmis_region_Europe input.nc.tmp input.nc.tmp
+ ncks -C -O -x -v TotalEmis_region_NorthAmerica input.nc.tmp input.nc.tmp
+ ncks -C -O -x -v TotalEmis_region_SouthAmerica input.nc.tmp input.nc.tmp
+ ncks -C -O -x -v quality_information input.nc.tmp input.nc.tmp
+ ncks -O -d lat,-89.5,89.5 input.nc.tmp input.nc.tmp2
++ date -d 20240421 +%Y-%m-%d
+ d=2024-04-21
+ dd='hours since 2024-04-21 12:00:00'
+ ncatted -O -a 'units,time,c,c,hours since 2024-04-21 12:00:00' input.nc.tmp2
+ ncatted -O -a long_name,time,c,c,Time input.nc.tmp2
+ ncatted -O -a calendar,time,c,c,gregorian input.nc.tmp2
+ ncatted -O -a axis,time,c,c,T input.nc.tmp2
+ ncatted -O -a long_name,lat,m,c,latitude input.nc.tmp2
+ ncatted -O -a long_name,lon,m,c,longitude input.nc.tmp2
+ ncatted -O -a axis,lon,d,, input.nc.tmp2
+ ncatted -O -a bounds,lon,d,, input.nc.tmp2
+ ncatted -O -a valid_range,lon,d,, input.nc.tmp2
+ ncatted -O -a scale_factor,lon,d,, input.nc.tmp2
+ ncatted -O -a add_offset,lon,d,, input.nc.tmp2
+ ncatted -O -a _FillValue,lon,d,, input.nc.tmp2
+ ncatted -O -a axis,lat,d,, input.nc.tmp2
+ ncatted -O -a bounds,lat,d,, input.nc.tmp2
+ ncatted -O -a valid_range,lat,d,, input.nc.tmp2
+ ncatted -O -a scale_factor,lat,d,, input.nc.tmp2
+ ncatted -O -a add_offset,lat,d,, input.nc.tmp2
+ ncatted -O -a _FillValue,lat,d,, input.nc.tmp2
+ ncatted -O -a coordinates,SO2,d,, input.nc.tmp2
+ ncatted -O -a coordinates,PM2.5,d,, input.nc.tmp2
+ ncatted -O -a coordinates,OC,d,, input.nc.tmp2
+ ncatted -O -a coordinates,BC,d,, input.nc.tmp2
+ ncatted -O -a coordinates,CO,d,, input.nc.tmp2
+ ncatted -O -a coordinates,NOx,d,, input.nc.tmp2
+ ncatted -O -a coordinates,NH3,d,, input.nc.tmp2
+ ncatted -O -a valid_range,SO2,d,, input.nc.tmp2
+ ncatted -O -a valid_range,PM2.5,d,, input.nc.tmp2
+ ncatted -O -a valid_range,OC,d,, input.nc.tmp2
+ ncatted -O -a valid_range,BC,d,, input.nc.tmp2
+ ncatted -O -a valid_range,CO,d,, input.nc.tmp2
+ ncatted -O -a valid_range,NOx,d,, input.nc.tmp2
+ ncatted -O -a valid_range,NH3,d,, input.nc.tmp2
+ ncatted -O -a add_offset,SO2,d,, input.nc.tmp2
+ ncatted -O -a add_offset,PM2.5,d,, input.nc.tmp2
+ ncatted -O -a add_offset,OC,d,, input.nc.tmp2
+ ncatted -O -a add_offset,BC,d,, input.nc.tmp2
+ ncatted -O -a add_offset,CO,d,, input.nc.tmp2
+ ncatted -O -a add_offset,NOx,d,, input.nc.tmp2
+ ncatted -O -a add_offset,NH3,d,, input.nc.tmp2
+ ncatted -O -a add_offset,MeanFRP,d,, input.nc.tmp2
+ ncatted -O -a valid_range,MeanFRP,d,, input.nc.tmp2
+ ncatted -O -a coordinates,MeanFRP,d,, input.nc.tmp2
+ nccopy -k 'netCDF-4 classic model' input.nc.tmp2 input.nc.tmp3
+ nccopy -d1 input.nc.tmp3 input.nc.tmp4
+ ERR=0
+ ECNT=0
+ '[' 0 -eq 0 ']'
+ /bin/mv input.nc.tmp4 /scratch1/BMC/gsd-fv3-dev/MAPP_2018/bhuang/JEDI-2020/JEDI-FV3/expCodes/PACEData/GBBEPx/Prep_GBBEPx_2024030100_2024043000/FixGBBEPx/GBBEPx_all01GRID.emissions_v004_20240421.nc
+ ERR=0
+ ECNT=0
+ '[' 0 -eq 0 ']'
+ echo 'Fix GBBEPx successflully at 20240421'
Fix GBBEPx successflully at 20240421
++ /scratch2/NCEPDEV/nwprod/NCEPLIBS/utils/prod_util.v1.1.0/exec/ndate 24 2024042100
+ IDATE=2024042200
+ '[' 2024042200 -le 2024043000 ']'
+ ECNT=0
+ /bin/rm -rf input.nc.tmp input.nc.tmp2 input.nc.tmp3 input.nc
+ IY=2024
+ IM=04
+ ID=22
+ IYMD=20240422
+ SRCFILE='/scratch1/BMC/gsd-fv3-dev/MAPP_2018/bhuang/JEDI-2020/JEDI-FV3/expCodes/PACEData/GBBEPx/Prep_GBBEPx_2024030100_2024043000/2024042200/*.nc'
+ OUTFILE=/scratch1/BMC/gsd-fv3-dev/MAPP_2018/bhuang/JEDI-2020/JEDI-FV3/expCodes/PACEData/GBBEPx/Prep_GBBEPx_2024030100_2024043000/FixGBBEPx/GBBEPx_all01GRID.emissions_v004_20240422.nc
++ wc -l
++ ls /scratch1/BMC/gsd-fv3-dev/MAPP_2018/bhuang/JEDI-2020/JEDI-FV3/expCodes/PACEData/GBBEPx/Prep_GBBEPx_2024030100_2024043000/2024042200/GBBEPx-all01GRID_v4r0_blend_s202404220000000_e202404222359590_c202404230322060.nc
+ NNC=1
+ '[' 1 -eq 1 ']'
++ ls /scratch1/BMC/gsd-fv3-dev/MAPP_2018/bhuang/JEDI-2020/JEDI-FV3/expCodes/PACEData/GBBEPx/Prep_GBBEPx_2024030100_2024043000/2024042200/GBBEPx-all01GRID_v4r0_blend_s202404220000000_e202404222359590_c202404230322060.nc
+ for FILE in $(ls ${SRCFILE})
+ /bin/cp /scratch1/BMC/gsd-fv3-dev/MAPP_2018/bhuang/JEDI-2020/JEDI-FV3/expCodes/PACEData/GBBEPx/Prep_GBBEPx_2024030100_2024043000/2024042200/GBBEPx-all01GRID_v4r0_blend_s202404220000000_e202404222359590_c202404230322060.nc input.nc
+ ERR=0
+ ECNT=0
+ /home/Bo.Huang/JEDI-2020/UFS-Aerosols_RETcyc/UFS-Aerosols-EP4_JEDI-AeroDA-Reanl/misc/PrepPACE/GBBEPx/fix_GBBEPx_Li.sh input.nc 20240422
+ '[' -z '' ']'
+ case "$-" in
+ __lmod_vx=x
+ '[' -n x ']'
+ set +x
Shell debugging temporarily silenced: export LMOD_SH_DBG_ON=1 for this output (/apps/lmod/lmod/init/bash)
Shell debugging restarted
+ unset __lmod_vx
+ input_file=input.nc
+ yyyymmdd=20240422
+ nccopy -k classic input.nc input.nc.tmp
+ ncks --mk_rec_dmn Time input.nc.tmp -O -o input.nc.tmp
+ ncatted -O -a units,Longitude,m,c,degrees_east input.nc.tmp
+ ncrename -v Time,time -d Time,time input.nc.tmp -O -o input.nc.tmp
+ ncrename -v Latitude,lat -d Latitude,lat input.nc.tmp -O -o input.nc.tmp
+ ncrename -v Longitude,lon -d Longitude,lon input.nc.tmp -O -o input.nc.tmp
+ ncap2 -O -s 'time[time]=0' input.nc.tmp -o input.nc.tmp
+ ncks -C -O -x -v Max_emission,Max_emission_col,Max_emission_row input.nc.tmp input.nc.tmp
+ ncks -C -O -x -v QCAll,CloudPerc,FirePerc,NumSensor input.nc.tmp input.nc.tmp
+ ncks -C -O -x -v TotalEmis_region_Africa input.nc.tmp input.nc.tmp
+ ncks -C -O -x -v TotalEmis_region_Asia input.nc.tmp input.nc.tmp
+ ncks -C -O -x -v TotalEmis_region_Australia input.nc.tmp input.nc.tmp
+ ncks -C -O -x -v TotalEmis_region_Europe input.nc.tmp input.nc.tmp
+ ncks -C -O -x -v TotalEmis_region_NorthAmerica input.nc.tmp input.nc.tmp
+ ncks -C -O -x -v TotalEmis_region_SouthAmerica input.nc.tmp input.nc.tmp
+ ncks -C -O -x -v quality_information input.nc.tmp input.nc.tmp
+ ncks -O -d lat,-89.5,89.5 input.nc.tmp input.nc.tmp2
++ date -d 20240422 +%Y-%m-%d
+ d=2024-04-22
+ dd='hours since 2024-04-22 12:00:00'
+ ncatted -O -a 'units,time,c,c,hours since 2024-04-22 12:00:00' input.nc.tmp2
+ ncatted -O -a long_name,time,c,c,Time input.nc.tmp2
+ ncatted -O -a calendar,time,c,c,gregorian input.nc.tmp2
+ ncatted -O -a axis,time,c,c,T input.nc.tmp2
+ ncatted -O -a long_name,lat,m,c,latitude input.nc.tmp2
+ ncatted -O -a long_name,lon,m,c,longitude input.nc.tmp2
+ ncatted -O -a axis,lon,d,, input.nc.tmp2
+ ncatted -O -a bounds,lon,d,, input.nc.tmp2
+ ncatted -O -a valid_range,lon,d,, input.nc.tmp2
+ ncatted -O -a scale_factor,lon,d,, input.nc.tmp2
+ ncatted -O -a add_offset,lon,d,, input.nc.tmp2
+ ncatted -O -a _FillValue,lon,d,, input.nc.tmp2
+ ncatted -O -a axis,lat,d,, input.nc.tmp2
+ ncatted -O -a bounds,lat,d,, input.nc.tmp2
+ ncatted -O -a valid_range,lat,d,, input.nc.tmp2
+ ncatted -O -a scale_factor,lat,d,, input.nc.tmp2
+ ncatted -O -a add_offset,lat,d,, input.nc.tmp2
+ ncatted -O -a _FillValue,lat,d,, input.nc.tmp2
+ ncatted -O -a coordinates,SO2,d,, input.nc.tmp2
+ ncatted -O -a coordinates,PM2.5,d,, input.nc.tmp2
+ ncatted -O -a coordinates,OC,d,, input.nc.tmp2
+ ncatted -O -a coordinates,BC,d,, input.nc.tmp2
+ ncatted -O -a coordinates,CO,d,, input.nc.tmp2
+ ncatted -O -a coordinates,NOx,d,, input.nc.tmp2
+ ncatted -O -a coordinates,NH3,d,, input.nc.tmp2
+ ncatted -O -a valid_range,SO2,d,, input.nc.tmp2
+ ncatted -O -a valid_range,PM2.5,d,, input.nc.tmp2
+ ncatted -O -a valid_range,OC,d,, input.nc.tmp2
+ ncatted -O -a valid_range,BC,d,, input.nc.tmp2
+ ncatted -O -a valid_range,CO,d,, input.nc.tmp2
+ ncatted -O -a valid_range,NOx,d,, input.nc.tmp2
+ ncatted -O -a valid_range,NH3,d,, input.nc.tmp2
+ ncatted -O -a add_offset,SO2,d,, input.nc.tmp2
+ ncatted -O -a add_offset,PM2.5,d,, input.nc.tmp2
+ ncatted -O -a add_offset,OC,d,, input.nc.tmp2
+ ncatted -O -a add_offset,BC,d,, input.nc.tmp2
+ ncatted -O -a add_offset,CO,d,, input.nc.tmp2
+ ncatted -O -a add_offset,NOx,d,, input.nc.tmp2
+ ncatted -O -a add_offset,NH3,d,, input.nc.tmp2
+ ncatted -O -a add_offset,MeanFRP,d,, input.nc.tmp2
+ ncatted -O -a valid_range,MeanFRP,d,, input.nc.tmp2
+ ncatted -O -a coordinates,MeanFRP,d,, input.nc.tmp2
+ nccopy -k 'netCDF-4 classic model' input.nc.tmp2 input.nc.tmp3
+ nccopy -d1 input.nc.tmp3 input.nc.tmp4
+ ERR=0
+ ECNT=0
+ '[' 0 -eq 0 ']'
+ /bin/mv input.nc.tmp4 /scratch1/BMC/gsd-fv3-dev/MAPP_2018/bhuang/JEDI-2020/JEDI-FV3/expCodes/PACEData/GBBEPx/Prep_GBBEPx_2024030100_2024043000/FixGBBEPx/GBBEPx_all01GRID.emissions_v004_20240422.nc
+ ERR=0
+ ECNT=0
+ '[' 0 -eq 0 ']'
+ echo 'Fix GBBEPx successflully at 20240422'
Fix GBBEPx successflully at 20240422
++ /scratch2/NCEPDEV/nwprod/NCEPLIBS/utils/prod_util.v1.1.0/exec/ndate 24 2024042200
+ IDATE=2024042300
+ '[' 2024042300 -le 2024043000 ']'
+ ECNT=0
+ /bin/rm -rf input.nc.tmp input.nc.tmp2 input.nc.tmp3 input.nc
+ IY=2024
+ IM=04
+ ID=23
+ IYMD=20240423
+ SRCFILE='/scratch1/BMC/gsd-fv3-dev/MAPP_2018/bhuang/JEDI-2020/JEDI-FV3/expCodes/PACEData/GBBEPx/Prep_GBBEPx_2024030100_2024043000/2024042300/*.nc'
+ OUTFILE=/scratch1/BMC/gsd-fv3-dev/MAPP_2018/bhuang/JEDI-2020/JEDI-FV3/expCodes/PACEData/GBBEPx/Prep_GBBEPx_2024030100_2024043000/FixGBBEPx/GBBEPx_all01GRID.emissions_v004_20240423.nc
++ wc -l
++ ls /scratch1/BMC/gsd-fv3-dev/MAPP_2018/bhuang/JEDI-2020/JEDI-FV3/expCodes/PACEData/GBBEPx/Prep_GBBEPx_2024030100_2024043000/2024042300/GBBEPx-all01GRID_v4r0_blend_s202404230000000_e202404232359590_c202404240219540.nc
+ NNC=1
+ '[' 1 -eq 1 ']'
++ ls /scratch1/BMC/gsd-fv3-dev/MAPP_2018/bhuang/JEDI-2020/JEDI-FV3/expCodes/PACEData/GBBEPx/Prep_GBBEPx_2024030100_2024043000/2024042300/GBBEPx-all01GRID_v4r0_blend_s202404230000000_e202404232359590_c202404240219540.nc
+ for FILE in $(ls ${SRCFILE})
+ /bin/cp /scratch1/BMC/gsd-fv3-dev/MAPP_2018/bhuang/JEDI-2020/JEDI-FV3/expCodes/PACEData/GBBEPx/Prep_GBBEPx_2024030100_2024043000/2024042300/GBBEPx-all01GRID_v4r0_blend_s202404230000000_e202404232359590_c202404240219540.nc input.nc
+ ERR=0
+ ECNT=0
+ /home/Bo.Huang/JEDI-2020/UFS-Aerosols_RETcyc/UFS-Aerosols-EP4_JEDI-AeroDA-Reanl/misc/PrepPACE/GBBEPx/fix_GBBEPx_Li.sh input.nc 20240423
+ '[' -z '' ']'
+ case "$-" in
+ __lmod_vx=x
+ '[' -n x ']'
+ set +x
Shell debugging temporarily silenced: export LMOD_SH_DBG_ON=1 for this output (/apps/lmod/lmod/init/bash)
Shell debugging restarted
+ unset __lmod_vx
+ input_file=input.nc
+ yyyymmdd=20240423
+ nccopy -k classic input.nc input.nc.tmp
+ ncks --mk_rec_dmn Time input.nc.tmp -O -o input.nc.tmp
+ ncatted -O -a units,Longitude,m,c,degrees_east input.nc.tmp
+ ncrename -v Time,time -d Time,time input.nc.tmp -O -o input.nc.tmp
+ ncrename -v Latitude,lat -d Latitude,lat input.nc.tmp -O -o input.nc.tmp
+ ncrename -v Longitude,lon -d Longitude,lon input.nc.tmp -O -o input.nc.tmp
+ ncap2 -O -s 'time[time]=0' input.nc.tmp -o input.nc.tmp
+ ncks -C -O -x -v Max_emission,Max_emission_col,Max_emission_row input.nc.tmp input.nc.tmp
+ ncks -C -O -x -v QCAll,CloudPerc,FirePerc,NumSensor input.nc.tmp input.nc.tmp
+ ncks -C -O -x -v TotalEmis_region_Africa input.nc.tmp input.nc.tmp
+ ncks -C -O -x -v TotalEmis_region_Asia input.nc.tmp input.nc.tmp
+ ncks -C -O -x -v TotalEmis_region_Australia input.nc.tmp input.nc.tmp
+ ncks -C -O -x -v TotalEmis_region_Europe input.nc.tmp input.nc.tmp
+ ncks -C -O -x -v TotalEmis_region_NorthAmerica input.nc.tmp input.nc.tmp
+ ncks -C -O -x -v TotalEmis_region_SouthAmerica input.nc.tmp input.nc.tmp
+ ncks -C -O -x -v quality_information input.nc.tmp input.nc.tmp
+ ncks -O -d lat,-89.5,89.5 input.nc.tmp input.nc.tmp2
++ date -d 20240423 +%Y-%m-%d
+ d=2024-04-23
+ dd='hours since 2024-04-23 12:00:00'
+ ncatted -O -a 'units,time,c,c,hours since 2024-04-23 12:00:00' input.nc.tmp2
+ ncatted -O -a long_name,time,c,c,Time input.nc.tmp2
+ ncatted -O -a calendar,time,c,c,gregorian input.nc.tmp2
+ ncatted -O -a axis,time,c,c,T input.nc.tmp2
+ ncatted -O -a long_name,lat,m,c,latitude input.nc.tmp2
+ ncatted -O -a long_name,lon,m,c,longitude input.nc.tmp2
+ ncatted -O -a axis,lon,d,, input.nc.tmp2
+ ncatted -O -a bounds,lon,d,, input.nc.tmp2
+ ncatted -O -a valid_range,lon,d,, input.nc.tmp2
+ ncatted -O -a scale_factor,lon,d,, input.nc.tmp2
+ ncatted -O -a add_offset,lon,d,, input.nc.tmp2
+ ncatted -O -a _FillValue,lon,d,, input.nc.tmp2
+ ncatted -O -a axis,lat,d,, input.nc.tmp2
+ ncatted -O -a bounds,lat,d,, input.nc.tmp2
+ ncatted -O -a valid_range,lat,d,, input.nc.tmp2
+ ncatted -O -a scale_factor,lat,d,, input.nc.tmp2
+ ncatted -O -a add_offset,lat,d,, input.nc.tmp2
+ ncatted -O -a _FillValue,lat,d,, input.nc.tmp2
+ ncatted -O -a coordinates,SO2,d,, input.nc.tmp2
+ ncatted -O -a coordinates,PM2.5,d,, input.nc.tmp2
+ ncatted -O -a coordinates,OC,d,, input.nc.tmp2
+ ncatted -O -a coordinates,BC,d,, input.nc.tmp2
+ ncatted -O -a coordinates,CO,d,, input.nc.tmp2
+ ncatted -O -a coordinates,NOx,d,, input.nc.tmp2
+ ncatted -O -a coordinates,NH3,d,, input.nc.tmp2
+ ncatted -O -a valid_range,SO2,d,, input.nc.tmp2
+ ncatted -O -a valid_range,PM2.5,d,, input.nc.tmp2
+ ncatted -O -a valid_range,OC,d,, input.nc.tmp2
+ ncatted -O -a valid_range,BC,d,, input.nc.tmp2
+ ncatted -O -a valid_range,CO,d,, input.nc.tmp2
+ ncatted -O -a valid_range,NOx,d,, input.nc.tmp2
+ ncatted -O -a valid_range,NH3,d,, input.nc.tmp2
+ ncatted -O -a add_offset,SO2,d,, input.nc.tmp2
+ ncatted -O -a add_offset,PM2.5,d,, input.nc.tmp2
+ ncatted -O -a add_offset,OC,d,, input.nc.tmp2
+ ncatted -O -a add_offset,BC,d,, input.nc.tmp2
+ ncatted -O -a add_offset,CO,d,, input.nc.tmp2
+ ncatted -O -a add_offset,NOx,d,, input.nc.tmp2
+ ncatted -O -a add_offset,NH3,d,, input.nc.tmp2
+ ncatted -O -a add_offset,MeanFRP,d,, input.nc.tmp2
+ ncatted -O -a valid_range,MeanFRP,d,, input.nc.tmp2
+ ncatted -O -a coordinates,MeanFRP,d,, input.nc.tmp2
+ nccopy -k 'netCDF-4 classic model' input.nc.tmp2 input.nc.tmp3
+ nccopy -d1 input.nc.tmp3 input.nc.tmp4
+ ERR=0
+ ECNT=0
+ '[' 0 -eq 0 ']'
+ /bin/mv input.nc.tmp4 /scratch1/BMC/gsd-fv3-dev/MAPP_2018/bhuang/JEDI-2020/JEDI-FV3/expCodes/PACEData/GBBEPx/Prep_GBBEPx_2024030100_2024043000/FixGBBEPx/GBBEPx_all01GRID.emissions_v004_20240423.nc
+ ERR=0
+ ECNT=0
+ '[' 0 -eq 0 ']'
+ echo 'Fix GBBEPx successflully at 20240423'
Fix GBBEPx successflully at 20240423
++ /scratch2/NCEPDEV/nwprod/NCEPLIBS/utils/prod_util.v1.1.0/exec/ndate 24 2024042300
+ IDATE=2024042400
+ '[' 2024042400 -le 2024043000 ']'
+ ECNT=0
+ /bin/rm -rf input.nc.tmp input.nc.tmp2 input.nc.tmp3 input.nc
+ IY=2024
+ IM=04
+ ID=24
+ IYMD=20240424
+ SRCFILE='/scratch1/BMC/gsd-fv3-dev/MAPP_2018/bhuang/JEDI-2020/JEDI-FV3/expCodes/PACEData/GBBEPx/Prep_GBBEPx_2024030100_2024043000/2024042400/*.nc'
+ OUTFILE=/scratch1/BMC/gsd-fv3-dev/MAPP_2018/bhuang/JEDI-2020/JEDI-FV3/expCodes/PACEData/GBBEPx/Prep_GBBEPx_2024030100_2024043000/FixGBBEPx/GBBEPx_all01GRID.emissions_v004_20240424.nc
++ wc -l
++ ls /scratch1/BMC/gsd-fv3-dev/MAPP_2018/bhuang/JEDI-2020/JEDI-FV3/expCodes/PACEData/GBBEPx/Prep_GBBEPx_2024030100_2024043000/2024042400/GBBEPx-all01GRID_v4r0_blend_s202404240000000_e202404242359590_c202404250321280.nc
+ NNC=1
+ '[' 1 -eq 1 ']'
++ ls /scratch1/BMC/gsd-fv3-dev/MAPP_2018/bhuang/JEDI-2020/JEDI-FV3/expCodes/PACEData/GBBEPx/Prep_GBBEPx_2024030100_2024043000/2024042400/GBBEPx-all01GRID_v4r0_blend_s202404240000000_e202404242359590_c202404250321280.nc
+ for FILE in $(ls ${SRCFILE})
+ /bin/cp /scratch1/BMC/gsd-fv3-dev/MAPP_2018/bhuang/JEDI-2020/JEDI-FV3/expCodes/PACEData/GBBEPx/Prep_GBBEPx_2024030100_2024043000/2024042400/GBBEPx-all01GRID_v4r0_blend_s202404240000000_e202404242359590_c202404250321280.nc input.nc
+ ERR=0
+ ECNT=0
+ /home/Bo.Huang/JEDI-2020/UFS-Aerosols_RETcyc/UFS-Aerosols-EP4_JEDI-AeroDA-Reanl/misc/PrepPACE/GBBEPx/fix_GBBEPx_Li.sh input.nc 20240424
+ '[' -z '' ']'
+ case "$-" in
+ __lmod_vx=x
+ '[' -n x ']'
+ set +x
Shell debugging temporarily silenced: export LMOD_SH_DBG_ON=1 for this output (/apps/lmod/lmod/init/bash)
Shell debugging restarted
+ unset __lmod_vx
+ input_file=input.nc
+ yyyymmdd=20240424
+ nccopy -k classic input.nc input.nc.tmp
+ ncks --mk_rec_dmn Time input.nc.tmp -O -o input.nc.tmp
+ ncatted -O -a units,Longitude,m,c,degrees_east input.nc.tmp
+ ncrename -v Time,time -d Time,time input.nc.tmp -O -o input.nc.tmp
+ ncrename -v Latitude,lat -d Latitude,lat input.nc.tmp -O -o input.nc.tmp
+ ncrename -v Longitude,lon -d Longitude,lon input.nc.tmp -O -o input.nc.tmp
+ ncap2 -O -s 'time[time]=0' input.nc.tmp -o input.nc.tmp
+ ncks -C -O -x -v Max_emission,Max_emission_col,Max_emission_row input.nc.tmp input.nc.tmp
+ ncks -C -O -x -v QCAll,CloudPerc,FirePerc,NumSensor input.nc.tmp input.nc.tmp
+ ncks -C -O -x -v TotalEmis_region_Africa input.nc.tmp input.nc.tmp
+ ncks -C -O -x -v TotalEmis_region_Asia input.nc.tmp input.nc.tmp
+ ncks -C -O -x -v TotalEmis_region_Australia input.nc.tmp input.nc.tmp
+ ncks -C -O -x -v TotalEmis_region_Europe input.nc.tmp input.nc.tmp
+ ncks -C -O -x -v TotalEmis_region_NorthAmerica input.nc.tmp input.nc.tmp
+ ncks -C -O -x -v TotalEmis_region_SouthAmerica input.nc.tmp input.nc.tmp
+ ncks -C -O -x -v quality_information input.nc.tmp input.nc.tmp
+ ncks -O -d lat,-89.5,89.5 input.nc.tmp input.nc.tmp2
++ date -d 20240424 +%Y-%m-%d
+ d=2024-04-24
+ dd='hours since 2024-04-24 12:00:00'
+ ncatted -O -a 'units,time,c,c,hours since 2024-04-24 12:00:00' input.nc.tmp2
+ ncatted -O -a long_name,time,c,c,Time input.nc.tmp2
+ ncatted -O -a calendar,time,c,c,gregorian input.nc.tmp2
+ ncatted -O -a axis,time,c,c,T input.nc.tmp2
+ ncatted -O -a long_name,lat,m,c,latitude input.nc.tmp2
+ ncatted -O -a long_name,lon,m,c,longitude input.nc.tmp2
+ ncatted -O -a axis,lon,d,, input.nc.tmp2
+ ncatted -O -a bounds,lon,d,, input.nc.tmp2
+ ncatted -O -a valid_range,lon,d,, input.nc.tmp2
+ ncatted -O -a scale_factor,lon,d,, input.nc.tmp2
+ ncatted -O -a add_offset,lon,d,, input.nc.tmp2
+ ncatted -O -a _FillValue,lon,d,, input.nc.tmp2
+ ncatted -O -a axis,lat,d,, input.nc.tmp2
+ ncatted -O -a bounds,lat,d,, input.nc.tmp2
+ ncatted -O -a valid_range,lat,d,, input.nc.tmp2
+ ncatted -O -a scale_factor,lat,d,, input.nc.tmp2
+ ncatted -O -a add_offset,lat,d,, input.nc.tmp2
+ ncatted -O -a _FillValue,lat,d,, input.nc.tmp2
+ ncatted -O -a coordinates,SO2,d,, input.nc.tmp2
+ ncatted -O -a coordinates,PM2.5,d,, input.nc.tmp2
+ ncatted -O -a coordinates,OC,d,, input.nc.tmp2
+ ncatted -O -a coordinates,BC,d,, input.nc.tmp2
+ ncatted -O -a coordinates,CO,d,, input.nc.tmp2
+ ncatted -O -a coordinates,NOx,d,, input.nc.tmp2
+ ncatted -O -a coordinates,NH3,d,, input.nc.tmp2
+ ncatted -O -a valid_range,SO2,d,, input.nc.tmp2
+ ncatted -O -a valid_range,PM2.5,d,, input.nc.tmp2
+ ncatted -O -a valid_range,OC,d,, input.nc.tmp2
+ ncatted -O -a valid_range,BC,d,, input.nc.tmp2
+ ncatted -O -a valid_range,CO,d,, input.nc.tmp2
+ ncatted -O -a valid_range,NOx,d,, input.nc.tmp2
+ ncatted -O -a valid_range,NH3,d,, input.nc.tmp2
+ ncatted -O -a add_offset,SO2,d,, input.nc.tmp2
+ ncatted -O -a add_offset,PM2.5,d,, input.nc.tmp2
+ ncatted -O -a add_offset,OC,d,, input.nc.tmp2
+ ncatted -O -a add_offset,BC,d,, input.nc.tmp2
+ ncatted -O -a add_offset,CO,d,, input.nc.tmp2
+ ncatted -O -a add_offset,NOx,d,, input.nc.tmp2
+ ncatted -O -a add_offset,NH3,d,, input.nc.tmp2
+ ncatted -O -a add_offset,MeanFRP,d,, input.nc.tmp2
+ ncatted -O -a valid_range,MeanFRP,d,, input.nc.tmp2
+ ncatted -O -a coordinates,MeanFRP,d,, input.nc.tmp2
+ nccopy -k 'netCDF-4 classic model' input.nc.tmp2 input.nc.tmp3
+ nccopy -d1 input.nc.tmp3 input.nc.tmp4
+ ERR=0
+ ECNT=0
+ '[' 0 -eq 0 ']'
+ /bin/mv input.nc.tmp4 /scratch1/BMC/gsd-fv3-dev/MAPP_2018/bhuang/JEDI-2020/JEDI-FV3/expCodes/PACEData/GBBEPx/Prep_GBBEPx_2024030100_2024043000/FixGBBEPx/GBBEPx_all01GRID.emissions_v004_20240424.nc
+ ERR=0
+ ECNT=0
+ '[' 0 -eq 0 ']'
+ echo 'Fix GBBEPx successflully at 20240424'
Fix GBBEPx successflully at 20240424
++ /scratch2/NCEPDEV/nwprod/NCEPLIBS/utils/prod_util.v1.1.0/exec/ndate 24 2024042400
+ IDATE=2024042500
+ '[' 2024042500 -le 2024043000 ']'
+ ECNT=0
+ /bin/rm -rf input.nc.tmp input.nc.tmp2 input.nc.tmp3 input.nc
+ IY=2024
+ IM=04
+ ID=25
+ IYMD=20240425
+ SRCFILE='/scratch1/BMC/gsd-fv3-dev/MAPP_2018/bhuang/JEDI-2020/JEDI-FV3/expCodes/PACEData/GBBEPx/Prep_GBBEPx_2024030100_2024043000/2024042500/*.nc'
+ OUTFILE=/scratch1/BMC/gsd-fv3-dev/MAPP_2018/bhuang/JEDI-2020/JEDI-FV3/expCodes/PACEData/GBBEPx/Prep_GBBEPx_2024030100_2024043000/FixGBBEPx/GBBEPx_all01GRID.emissions_v004_20240425.nc
++ wc -l
++ ls /scratch1/BMC/gsd-fv3-dev/MAPP_2018/bhuang/JEDI-2020/JEDI-FV3/expCodes/PACEData/GBBEPx/Prep_GBBEPx_2024030100_2024043000/2024042500/GBBEPx-all01GRID_v4r0_blend_s202404250000000_e202404252359590_c202404260324110.nc
+ NNC=1
+ '[' 1 -eq 1 ']'
++ ls /scratch1/BMC/gsd-fv3-dev/MAPP_2018/bhuang/JEDI-2020/JEDI-FV3/expCodes/PACEData/GBBEPx/Prep_GBBEPx_2024030100_2024043000/2024042500/GBBEPx-all01GRID_v4r0_blend_s202404250000000_e202404252359590_c202404260324110.nc
+ for FILE in $(ls ${SRCFILE})
+ /bin/cp /scratch1/BMC/gsd-fv3-dev/MAPP_2018/bhuang/JEDI-2020/JEDI-FV3/expCodes/PACEData/GBBEPx/Prep_GBBEPx_2024030100_2024043000/2024042500/GBBEPx-all01GRID_v4r0_blend_s202404250000000_e202404252359590_c202404260324110.nc input.nc
+ ERR=0
+ ECNT=0
+ /home/Bo.Huang/JEDI-2020/UFS-Aerosols_RETcyc/UFS-Aerosols-EP4_JEDI-AeroDA-Reanl/misc/PrepPACE/GBBEPx/fix_GBBEPx_Li.sh input.nc 20240425
+ '[' -z '' ']'
+ case "$-" in
+ __lmod_vx=x
+ '[' -n x ']'
+ set +x
Shell debugging temporarily silenced: export LMOD_SH_DBG_ON=1 for this output (/apps/lmod/lmod/init/bash)
Shell debugging restarted
+ unset __lmod_vx
+ input_file=input.nc
+ yyyymmdd=20240425
+ nccopy -k classic input.nc input.nc.tmp
+ ncks --mk_rec_dmn Time input.nc.tmp -O -o input.nc.tmp
+ ncatted -O -a units,Longitude,m,c,degrees_east input.nc.tmp
+ ncrename -v Time,time -d Time,time input.nc.tmp -O -o input.nc.tmp
+ ncrename -v Latitude,lat -d Latitude,lat input.nc.tmp -O -o input.nc.tmp
+ ncrename -v Longitude,lon -d Longitude,lon input.nc.tmp -O -o input.nc.tmp
+ ncap2 -O -s 'time[time]=0' input.nc.tmp -o input.nc.tmp
+ ncks -C -O -x -v Max_emission,Max_emission_col,Max_emission_row input.nc.tmp input.nc.tmp
+ ncks -C -O -x -v QCAll,CloudPerc,FirePerc,NumSensor input.nc.tmp input.nc.tmp
+ ncks -C -O -x -v TotalEmis_region_Africa input.nc.tmp input.nc.tmp
+ ncks -C -O -x -v TotalEmis_region_Asia input.nc.tmp input.nc.tmp
+ ncks -C -O -x -v TotalEmis_region_Australia input.nc.tmp input.nc.tmp
+ ncks -C -O -x -v TotalEmis_region_Europe input.nc.tmp input.nc.tmp
+ ncks -C -O -x -v TotalEmis_region_NorthAmerica input.nc.tmp input.nc.tmp
+ ncks -C -O -x -v TotalEmis_region_SouthAmerica input.nc.tmp input.nc.tmp
+ ncks -C -O -x -v quality_information input.nc.tmp input.nc.tmp
+ ncks -O -d lat,-89.5,89.5 input.nc.tmp input.nc.tmp2
++ date -d 20240425 +%Y-%m-%d
+ d=2024-04-25
+ dd='hours since 2024-04-25 12:00:00'
+ ncatted -O -a 'units,time,c,c,hours since 2024-04-25 12:00:00' input.nc.tmp2
+ ncatted -O -a long_name,time,c,c,Time input.nc.tmp2
+ ncatted -O -a calendar,time,c,c,gregorian input.nc.tmp2
+ ncatted -O -a axis,time,c,c,T input.nc.tmp2
+ ncatted -O -a long_name,lat,m,c,latitude input.nc.tmp2
+ ncatted -O -a long_name,lon,m,c,longitude input.nc.tmp2
+ ncatted -O -a axis,lon,d,, input.nc.tmp2
+ ncatted -O -a bounds,lon,d,, input.nc.tmp2
+ ncatted -O -a valid_range,lon,d,, input.nc.tmp2
+ ncatted -O -a scale_factor,lon,d,, input.nc.tmp2
+ ncatted -O -a add_offset,lon,d,, input.nc.tmp2
+ ncatted -O -a _FillValue,lon,d,, input.nc.tmp2
+ ncatted -O -a axis,lat,d,, input.nc.tmp2
+ ncatted -O -a bounds,lat,d,, input.nc.tmp2
+ ncatted -O -a valid_range,lat,d,, input.nc.tmp2
+ ncatted -O -a scale_factor,lat,d,, input.nc.tmp2
+ ncatted -O -a add_offset,lat,d,, input.nc.tmp2
+ ncatted -O -a _FillValue,lat,d,, input.nc.tmp2
+ ncatted -O -a coordinates,SO2,d,, input.nc.tmp2
+ ncatted -O -a coordinates,PM2.5,d,, input.nc.tmp2
+ ncatted -O -a coordinates,OC,d,, input.nc.tmp2
+ ncatted -O -a coordinates,BC,d,, input.nc.tmp2
+ ncatted -O -a coordinates,CO,d,, input.nc.tmp2
+ ncatted -O -a coordinates,NOx,d,, input.nc.tmp2
+ ncatted -O -a coordinates,NH3,d,, input.nc.tmp2
+ ncatted -O -a valid_range,SO2,d,, input.nc.tmp2
+ ncatted -O -a valid_range,PM2.5,d,, input.nc.tmp2
+ ncatted -O -a valid_range,OC,d,, input.nc.tmp2
+ ncatted -O -a valid_range,BC,d,, input.nc.tmp2
+ ncatted -O -a valid_range,CO,d,, input.nc.tmp2
+ ncatted -O -a valid_range,NOx,d,, input.nc.tmp2
+ ncatted -O -a valid_range,NH3,d,, input.nc.tmp2
+ ncatted -O -a add_offset,SO2,d,, input.nc.tmp2
+ ncatted -O -a add_offset,PM2.5,d,, input.nc.tmp2
+ ncatted -O -a add_offset,OC,d,, input.nc.tmp2
+ ncatted -O -a add_offset,BC,d,, input.nc.tmp2
+ ncatted -O -a add_offset,CO,d,, input.nc.tmp2
+ ncatted -O -a add_offset,NOx,d,, input.nc.tmp2
+ ncatted -O -a add_offset,NH3,d,, input.nc.tmp2
+ ncatted -O -a add_offset,MeanFRP,d,, input.nc.tmp2
+ ncatted -O -a valid_range,MeanFRP,d,, input.nc.tmp2
+ ncatted -O -a coordinates,MeanFRP,d,, input.nc.tmp2
+ nccopy -k 'netCDF-4 classic model' input.nc.tmp2 input.nc.tmp3
+ nccopy -d1 input.nc.tmp3 input.nc.tmp4
+ ERR=0
+ ECNT=0
+ '[' 0 -eq 0 ']'
+ /bin/mv input.nc.tmp4 /scratch1/BMC/gsd-fv3-dev/MAPP_2018/bhuang/JEDI-2020/JEDI-FV3/expCodes/PACEData/GBBEPx/Prep_GBBEPx_2024030100_2024043000/FixGBBEPx/GBBEPx_all01GRID.emissions_v004_20240425.nc
+ ERR=0
+ ECNT=0
+ '[' 0 -eq 0 ']'
+ echo 'Fix GBBEPx successflully at 20240425'
Fix GBBEPx successflully at 20240425
++ /scratch2/NCEPDEV/nwprod/NCEPLIBS/utils/prod_util.v1.1.0/exec/ndate 24 2024042500
+ IDATE=2024042600
+ '[' 2024042600 -le 2024043000 ']'
+ ECNT=0
+ /bin/rm -rf input.nc.tmp input.nc.tmp2 input.nc.tmp3 input.nc
+ IY=2024
+ IM=04
+ ID=26
+ IYMD=20240426
+ SRCFILE='/scratch1/BMC/gsd-fv3-dev/MAPP_2018/bhuang/JEDI-2020/JEDI-FV3/expCodes/PACEData/GBBEPx/Prep_GBBEPx_2024030100_2024043000/2024042600/*.nc'
+ OUTFILE=/scratch1/BMC/gsd-fv3-dev/MAPP_2018/bhuang/JEDI-2020/JEDI-FV3/expCodes/PACEData/GBBEPx/Prep_GBBEPx_2024030100_2024043000/FixGBBEPx/GBBEPx_all01GRID.emissions_v004_20240426.nc
++ wc -l
++ ls /scratch1/BMC/gsd-fv3-dev/MAPP_2018/bhuang/JEDI-2020/JEDI-FV3/expCodes/PACEData/GBBEPx/Prep_GBBEPx_2024030100_2024043000/2024042600/GBBEPx-all01GRID_v4r0_blend_s202404260000000_e202404262359590_c202404270127280.nc
+ NNC=1
+ '[' 1 -eq 1 ']'
++ ls /scratch1/BMC/gsd-fv3-dev/MAPP_2018/bhuang/JEDI-2020/JEDI-FV3/expCodes/PACEData/GBBEPx/Prep_GBBEPx_2024030100_2024043000/2024042600/GBBEPx-all01GRID_v4r0_blend_s202404260000000_e202404262359590_c202404270127280.nc
+ for FILE in $(ls ${SRCFILE})
+ /bin/cp /scratch1/BMC/gsd-fv3-dev/MAPP_2018/bhuang/JEDI-2020/JEDI-FV3/expCodes/PACEData/GBBEPx/Prep_GBBEPx_2024030100_2024043000/2024042600/GBBEPx-all01GRID_v4r0_blend_s202404260000000_e202404262359590_c202404270127280.nc input.nc
+ ERR=0
+ ECNT=0
+ /home/Bo.Huang/JEDI-2020/UFS-Aerosols_RETcyc/UFS-Aerosols-EP4_JEDI-AeroDA-Reanl/misc/PrepPACE/GBBEPx/fix_GBBEPx_Li.sh input.nc 20240426
+ '[' -z '' ']'
+ case "$-" in
+ __lmod_vx=x
+ '[' -n x ']'
+ set +x
Shell debugging temporarily silenced: export LMOD_SH_DBG_ON=1 for this output (/apps/lmod/lmod/init/bash)
Shell debugging restarted
+ unset __lmod_vx
+ input_file=input.nc
+ yyyymmdd=20240426
+ nccopy -k classic input.nc input.nc.tmp
+ ncks --mk_rec_dmn Time input.nc.tmp -O -o input.nc.tmp
+ ncatted -O -a units,Longitude,m,c,degrees_east input.nc.tmp
+ ncrename -v Time,time -d Time,time input.nc.tmp -O -o input.nc.tmp
+ ncrename -v Latitude,lat -d Latitude,lat input.nc.tmp -O -o input.nc.tmp
+ ncrename -v Longitude,lon -d Longitude,lon input.nc.tmp -O -o input.nc.tmp
+ ncap2 -O -s 'time[time]=0' input.nc.tmp -o input.nc.tmp
+ ncks -C -O -x -v Max_emission,Max_emission_col,Max_emission_row input.nc.tmp input.nc.tmp
+ ncks -C -O -x -v QCAll,CloudPerc,FirePerc,NumSensor input.nc.tmp input.nc.tmp
+ ncks -C -O -x -v TotalEmis_region_Africa input.nc.tmp input.nc.tmp
+ ncks -C -O -x -v TotalEmis_region_Asia input.nc.tmp input.nc.tmp
+ ncks -C -O -x -v TotalEmis_region_Australia input.nc.tmp input.nc.tmp
+ ncks -C -O -x -v TotalEmis_region_Europe input.nc.tmp input.nc.tmp
+ ncks -C -O -x -v TotalEmis_region_NorthAmerica input.nc.tmp input.nc.tmp
+ ncks -C -O -x -v TotalEmis_region_SouthAmerica input.nc.tmp input.nc.tmp
+ ncks -C -O -x -v quality_information input.nc.tmp input.nc.tmp
+ ncks -O -d lat,-89.5,89.5 input.nc.tmp input.nc.tmp2
++ date -d 20240426 +%Y-%m-%d
+ d=2024-04-26
+ dd='hours since 2024-04-26 12:00:00'
+ ncatted -O -a 'units,time,c,c,hours since 2024-04-26 12:00:00' input.nc.tmp2
+ ncatted -O -a long_name,time,c,c,Time input.nc.tmp2
+ ncatted -O -a calendar,time,c,c,gregorian input.nc.tmp2
+ ncatted -O -a axis,time,c,c,T input.nc.tmp2
+ ncatted -O -a long_name,lat,m,c,latitude input.nc.tmp2
+ ncatted -O -a long_name,lon,m,c,longitude input.nc.tmp2
+ ncatted -O -a axis,lon,d,, input.nc.tmp2
+ ncatted -O -a bounds,lon,d,, input.nc.tmp2
+ ncatted -O -a valid_range,lon,d,, input.nc.tmp2
+ ncatted -O -a scale_factor,lon,d,, input.nc.tmp2
+ ncatted -O -a add_offset,lon,d,, input.nc.tmp2
+ ncatted -O -a _FillValue,lon,d,, input.nc.tmp2
+ ncatted -O -a axis,lat,d,, input.nc.tmp2
+ ncatted -O -a bounds,lat,d,, input.nc.tmp2
+ ncatted -O -a valid_range,lat,d,, input.nc.tmp2
+ ncatted -O -a scale_factor,lat,d,, input.nc.tmp2
+ ncatted -O -a add_offset,lat,d,, input.nc.tmp2
+ ncatted -O -a _FillValue,lat,d,, input.nc.tmp2
+ ncatted -O -a coordinates,SO2,d,, input.nc.tmp2
+ ncatted -O -a coordinates,PM2.5,d,, input.nc.tmp2
+ ncatted -O -a coordinates,OC,d,, input.nc.tmp2
+ ncatted -O -a coordinates,BC,d,, input.nc.tmp2
+ ncatted -O -a coordinates,CO,d,, input.nc.tmp2
+ ncatted -O -a coordinates,NOx,d,, input.nc.tmp2
+ ncatted -O -a coordinates,NH3,d,, input.nc.tmp2
+ ncatted -O -a valid_range,SO2,d,, input.nc.tmp2
+ ncatted -O -a valid_range,PM2.5,d,, input.nc.tmp2
+ ncatted -O -a valid_range,OC,d,, input.nc.tmp2
+ ncatted -O -a valid_range,BC,d,, input.nc.tmp2
+ ncatted -O -a valid_range,CO,d,, input.nc.tmp2
+ ncatted -O -a valid_range,NOx,d,, input.nc.tmp2
+ ncatted -O -a valid_range,NH3,d,, input.nc.tmp2
+ ncatted -O -a add_offset,SO2,d,, input.nc.tmp2
+ ncatted -O -a add_offset,PM2.5,d,, input.nc.tmp2
+ ncatted -O -a add_offset,OC,d,, input.nc.tmp2
+ ncatted -O -a add_offset,BC,d,, input.nc.tmp2
+ ncatted -O -a add_offset,CO,d,, input.nc.tmp2
+ ncatted -O -a add_offset,NOx,d,, input.nc.tmp2
+ ncatted -O -a add_offset,NH3,d,, input.nc.tmp2
+ ncatted -O -a add_offset,MeanFRP,d,, input.nc.tmp2
+ ncatted -O -a valid_range,MeanFRP,d,, input.nc.tmp2
+ ncatted -O -a coordinates,MeanFRP,d,, input.nc.tmp2
+ nccopy -k 'netCDF-4 classic model' input.nc.tmp2 input.nc.tmp3
+ nccopy -d1 input.nc.tmp3 input.nc.tmp4
+ ERR=0
+ ECNT=0
+ '[' 0 -eq 0 ']'
+ /bin/mv input.nc.tmp4 /scratch1/BMC/gsd-fv3-dev/MAPP_2018/bhuang/JEDI-2020/JEDI-FV3/expCodes/PACEData/GBBEPx/Prep_GBBEPx_2024030100_2024043000/FixGBBEPx/GBBEPx_all01GRID.emissions_v004_20240426.nc
+ ERR=0
+ ECNT=0
+ '[' 0 -eq 0 ']'
+ echo 'Fix GBBEPx successflully at 20240426'
Fix GBBEPx successflully at 20240426
++ /scratch2/NCEPDEV/nwprod/NCEPLIBS/utils/prod_util.v1.1.0/exec/ndate 24 2024042600
+ IDATE=2024042700
+ '[' 2024042700 -le 2024043000 ']'
+ ECNT=0
+ /bin/rm -rf input.nc.tmp input.nc.tmp2 input.nc.tmp3 input.nc
+ IY=2024
+ IM=04
+ ID=27
+ IYMD=20240427
+ SRCFILE='/scratch1/BMC/gsd-fv3-dev/MAPP_2018/bhuang/JEDI-2020/JEDI-FV3/expCodes/PACEData/GBBEPx/Prep_GBBEPx_2024030100_2024043000/2024042700/*.nc'
+ OUTFILE=/scratch1/BMC/gsd-fv3-dev/MAPP_2018/bhuang/JEDI-2020/JEDI-FV3/expCodes/PACEData/GBBEPx/Prep_GBBEPx_2024030100_2024043000/FixGBBEPx/GBBEPx_all01GRID.emissions_v004_20240427.nc
++ wc -l
++ ls /scratch1/BMC/gsd-fv3-dev/MAPP_2018/bhuang/JEDI-2020/JEDI-FV3/expCodes/PACEData/GBBEPx/Prep_GBBEPx_2024030100_2024043000/2024042700/GBBEPx-all01GRID_v4r0_blend_s202404270000000_e202404272359590_c202404280321580.nc
+ NNC=1
+ '[' 1 -eq 1 ']'
++ ls /scratch1/BMC/gsd-fv3-dev/MAPP_2018/bhuang/JEDI-2020/JEDI-FV3/expCodes/PACEData/GBBEPx/Prep_GBBEPx_2024030100_2024043000/2024042700/GBBEPx-all01GRID_v4r0_blend_s202404270000000_e202404272359590_c202404280321580.nc
+ for FILE in $(ls ${SRCFILE})
+ /bin/cp /scratch1/BMC/gsd-fv3-dev/MAPP_2018/bhuang/JEDI-2020/JEDI-FV3/expCodes/PACEData/GBBEPx/Prep_GBBEPx_2024030100_2024043000/2024042700/GBBEPx-all01GRID_v4r0_blend_s202404270000000_e202404272359590_c202404280321580.nc input.nc
+ ERR=0
+ ECNT=0
+ /home/Bo.Huang/JEDI-2020/UFS-Aerosols_RETcyc/UFS-Aerosols-EP4_JEDI-AeroDA-Reanl/misc/PrepPACE/GBBEPx/fix_GBBEPx_Li.sh input.nc 20240427
+ '[' -z '' ']'
+ case "$-" in
+ __lmod_vx=x
+ '[' -n x ']'
+ set +x
Shell debugging temporarily silenced: export LMOD_SH_DBG_ON=1 for this output (/apps/lmod/lmod/init/bash)
Shell debugging restarted
+ unset __lmod_vx
+ input_file=input.nc
+ yyyymmdd=20240427
+ nccopy -k classic input.nc input.nc.tmp
+ ncks --mk_rec_dmn Time input.nc.tmp -O -o input.nc.tmp
+ ncatted -O -a units,Longitude,m,c,degrees_east input.nc.tmp
+ ncrename -v Time,time -d Time,time input.nc.tmp -O -o input.nc.tmp
+ ncrename -v Latitude,lat -d Latitude,lat input.nc.tmp -O -o input.nc.tmp
+ ncrename -v Longitude,lon -d Longitude,lon input.nc.tmp -O -o input.nc.tmp
+ ncap2 -O -s 'time[time]=0' input.nc.tmp -o input.nc.tmp
+ ncks -C -O -x -v Max_emission,Max_emission_col,Max_emission_row input.nc.tmp input.nc.tmp
+ ncks -C -O -x -v QCAll,CloudPerc,FirePerc,NumSensor input.nc.tmp input.nc.tmp
+ ncks -C -O -x -v TotalEmis_region_Africa input.nc.tmp input.nc.tmp
+ ncks -C -O -x -v TotalEmis_region_Asia input.nc.tmp input.nc.tmp
+ ncks -C -O -x -v TotalEmis_region_Australia input.nc.tmp input.nc.tmp
+ ncks -C -O -x -v TotalEmis_region_Europe input.nc.tmp input.nc.tmp
+ ncks -C -O -x -v TotalEmis_region_NorthAmerica input.nc.tmp input.nc.tmp
+ ncks -C -O -x -v TotalEmis_region_SouthAmerica input.nc.tmp input.nc.tmp
+ ncks -C -O -x -v quality_information input.nc.tmp input.nc.tmp
+ ncks -O -d lat,-89.5,89.5 input.nc.tmp input.nc.tmp2
++ date -d 20240427 +%Y-%m-%d
+ d=2024-04-27
+ dd='hours since 2024-04-27 12:00:00'
+ ncatted -O -a 'units,time,c,c,hours since 2024-04-27 12:00:00' input.nc.tmp2
+ ncatted -O -a long_name,time,c,c,Time input.nc.tmp2
+ ncatted -O -a calendar,time,c,c,gregorian input.nc.tmp2
+ ncatted -O -a axis,time,c,c,T input.nc.tmp2
+ ncatted -O -a long_name,lat,m,c,latitude input.nc.tmp2
+ ncatted -O -a long_name,lon,m,c,longitude input.nc.tmp2
+ ncatted -O -a axis,lon,d,, input.nc.tmp2
+ ncatted -O -a bounds,lon,d,, input.nc.tmp2
+ ncatted -O -a valid_range,lon,d,, input.nc.tmp2
+ ncatted -O -a scale_factor,lon,d,, input.nc.tmp2
+ ncatted -O -a add_offset,lon,d,, input.nc.tmp2
+ ncatted -O -a _FillValue,lon,d,, input.nc.tmp2
+ ncatted -O -a axis,lat,d,, input.nc.tmp2
+ ncatted -O -a bounds,lat,d,, input.nc.tmp2
+ ncatted -O -a valid_range,lat,d,, input.nc.tmp2
+ ncatted -O -a scale_factor,lat,d,, input.nc.tmp2
+ ncatted -O -a add_offset,lat,d,, input.nc.tmp2
+ ncatted -O -a _FillValue,lat,d,, input.nc.tmp2
+ ncatted -O -a coordinates,SO2,d,, input.nc.tmp2
+ ncatted -O -a coordinates,PM2.5,d,, input.nc.tmp2
+ ncatted -O -a coordinates,OC,d,, input.nc.tmp2
+ ncatted -O -a coordinates,BC,d,, input.nc.tmp2
+ ncatted -O -a coordinates,CO,d,, input.nc.tmp2
+ ncatted -O -a coordinates,NOx,d,, input.nc.tmp2
+ ncatted -O -a coordinates,NH3,d,, input.nc.tmp2
+ ncatted -O -a valid_range,SO2,d,, input.nc.tmp2
+ ncatted -O -a valid_range,PM2.5,d,, input.nc.tmp2
+ ncatted -O -a valid_range,OC,d,, input.nc.tmp2
+ ncatted -O -a valid_range,BC,d,, input.nc.tmp2
+ ncatted -O -a valid_range,CO,d,, input.nc.tmp2
+ ncatted -O -a valid_range,NOx,d,, input.nc.tmp2
+ ncatted -O -a valid_range,NH3,d,, input.nc.tmp2
+ ncatted -O -a add_offset,SO2,d,, input.nc.tmp2
+ ncatted -O -a add_offset,PM2.5,d,, input.nc.tmp2
+ ncatted -O -a add_offset,OC,d,, input.nc.tmp2
+ ncatted -O -a add_offset,BC,d,, input.nc.tmp2
+ ncatted -O -a add_offset,CO,d,, input.nc.tmp2
+ ncatted -O -a add_offset,NOx,d,, input.nc.tmp2
+ ncatted -O -a add_offset,NH3,d,, input.nc.tmp2
+ ncatted -O -a add_offset,MeanFRP,d,, input.nc.tmp2
+ ncatted -O -a valid_range,MeanFRP,d,, input.nc.tmp2
+ ncatted -O -a coordinates,MeanFRP,d,, input.nc.tmp2
+ nccopy -k 'netCDF-4 classic model' input.nc.tmp2 input.nc.tmp3
+ nccopy -d1 input.nc.tmp3 input.nc.tmp4
+ ERR=0
+ ECNT=0
+ '[' 0 -eq 0 ']'
+ /bin/mv input.nc.tmp4 /scratch1/BMC/gsd-fv3-dev/MAPP_2018/bhuang/JEDI-2020/JEDI-FV3/expCodes/PACEData/GBBEPx/Prep_GBBEPx_2024030100_2024043000/FixGBBEPx/GBBEPx_all01GRID.emissions_v004_20240427.nc
+ ERR=0
+ ECNT=0
+ '[' 0 -eq 0 ']'
+ echo 'Fix GBBEPx successflully at 20240427'
Fix GBBEPx successflully at 20240427
++ /scratch2/NCEPDEV/nwprod/NCEPLIBS/utils/prod_util.v1.1.0/exec/ndate 24 2024042700
+ IDATE=2024042800
+ '[' 2024042800 -le 2024043000 ']'
+ ECNT=0
+ /bin/rm -rf input.nc.tmp input.nc.tmp2 input.nc.tmp3 input.nc
+ IY=2024
+ IM=04
+ ID=28
+ IYMD=20240428
+ SRCFILE='/scratch1/BMC/gsd-fv3-dev/MAPP_2018/bhuang/JEDI-2020/JEDI-FV3/expCodes/PACEData/GBBEPx/Prep_GBBEPx_2024030100_2024043000/2024042800/*.nc'
+ OUTFILE=/scratch1/BMC/gsd-fv3-dev/MAPP_2018/bhuang/JEDI-2020/JEDI-FV3/expCodes/PACEData/GBBEPx/Prep_GBBEPx_2024030100_2024043000/FixGBBEPx/GBBEPx_all01GRID.emissions_v004_20240428.nc
++ wc -l
++ ls /scratch1/BMC/gsd-fv3-dev/MAPP_2018/bhuang/JEDI-2020/JEDI-FV3/expCodes/PACEData/GBBEPx/Prep_GBBEPx_2024030100_2024043000/2024042800/GBBEPx-all01GRID_v4r0_blend_s202404280000000_e202404282359590_c202404290223530.nc
+ NNC=1
+ '[' 1 -eq 1 ']'
++ ls /scratch1/BMC/gsd-fv3-dev/MAPP_2018/bhuang/JEDI-2020/JEDI-FV3/expCodes/PACEData/GBBEPx/Prep_GBBEPx_2024030100_2024043000/2024042800/GBBEPx-all01GRID_v4r0_blend_s202404280000000_e202404282359590_c202404290223530.nc
+ for FILE in $(ls ${SRCFILE})
+ /bin/cp /scratch1/BMC/gsd-fv3-dev/MAPP_2018/bhuang/JEDI-2020/JEDI-FV3/expCodes/PACEData/GBBEPx/Prep_GBBEPx_2024030100_2024043000/2024042800/GBBEPx-all01GRID_v4r0_blend_s202404280000000_e202404282359590_c202404290223530.nc input.nc
+ ERR=0
+ ECNT=0
+ /home/Bo.Huang/JEDI-2020/UFS-Aerosols_RETcyc/UFS-Aerosols-EP4_JEDI-AeroDA-Reanl/misc/PrepPACE/GBBEPx/fix_GBBEPx_Li.sh input.nc 20240428
+ '[' -z '' ']'
+ case "$-" in
+ __lmod_vx=x
+ '[' -n x ']'
+ set +x
Shell debugging temporarily silenced: export LMOD_SH_DBG_ON=1 for this output (/apps/lmod/lmod/init/bash)
Shell debugging restarted
+ unset __lmod_vx
+ input_file=input.nc
+ yyyymmdd=20240428
+ nccopy -k classic input.nc input.nc.tmp
+ ncks --mk_rec_dmn Time input.nc.tmp -O -o input.nc.tmp
+ ncatted -O -a units,Longitude,m,c,degrees_east input.nc.tmp
+ ncrename -v Time,time -d Time,time input.nc.tmp -O -o input.nc.tmp
+ ncrename -v Latitude,lat -d Latitude,lat input.nc.tmp -O -o input.nc.tmp
+ ncrename -v Longitude,lon -d Longitude,lon input.nc.tmp -O -o input.nc.tmp
+ ncap2 -O -s 'time[time]=0' input.nc.tmp -o input.nc.tmp
+ ncks -C -O -x -v Max_emission,Max_emission_col,Max_emission_row input.nc.tmp input.nc.tmp
+ ncks -C -O -x -v QCAll,CloudPerc,FirePerc,NumSensor input.nc.tmp input.nc.tmp
+ ncks -C -O -x -v TotalEmis_region_Africa input.nc.tmp input.nc.tmp
+ ncks -C -O -x -v TotalEmis_region_Asia input.nc.tmp input.nc.tmp
+ ncks -C -O -x -v TotalEmis_region_Australia input.nc.tmp input.nc.tmp
+ ncks -C -O -x -v TotalEmis_region_Europe input.nc.tmp input.nc.tmp
+ ncks -C -O -x -v TotalEmis_region_NorthAmerica input.nc.tmp input.nc.tmp
+ ncks -C -O -x -v TotalEmis_region_SouthAmerica input.nc.tmp input.nc.tmp
+ ncks -C -O -x -v quality_information input.nc.tmp input.nc.tmp
+ ncks -O -d lat,-89.5,89.5 input.nc.tmp input.nc.tmp2
++ date -d 20240428 +%Y-%m-%d
+ d=2024-04-28
+ dd='hours since 2024-04-28 12:00:00'
+ ncatted -O -a 'units,time,c,c,hours since 2024-04-28 12:00:00' input.nc.tmp2
+ ncatted -O -a long_name,time,c,c,Time input.nc.tmp2
+ ncatted -O -a calendar,time,c,c,gregorian input.nc.tmp2
+ ncatted -O -a axis,time,c,c,T input.nc.tmp2
+ ncatted -O -a long_name,lat,m,c,latitude input.nc.tmp2
+ ncatted -O -a long_name,lon,m,c,longitude input.nc.tmp2
+ ncatted -O -a axis,lon,d,, input.nc.tmp2
+ ncatted -O -a bounds,lon,d,, input.nc.tmp2
+ ncatted -O -a valid_range,lon,d,, input.nc.tmp2
+ ncatted -O -a scale_factor,lon,d,, input.nc.tmp2
+ ncatted -O -a add_offset,lon,d,, input.nc.tmp2
+ ncatted -O -a _FillValue,lon,d,, input.nc.tmp2
+ ncatted -O -a axis,lat,d,, input.nc.tmp2
+ ncatted -O -a bounds,lat,d,, input.nc.tmp2
+ ncatted -O -a valid_range,lat,d,, input.nc.tmp2
+ ncatted -O -a scale_factor,lat,d,, input.nc.tmp2
+ ncatted -O -a add_offset,lat,d,, input.nc.tmp2
+ ncatted -O -a _FillValue,lat,d,, input.nc.tmp2
+ ncatted -O -a coordinates,SO2,d,, input.nc.tmp2
+ ncatted -O -a coordinates,PM2.5,d,, input.nc.tmp2
+ ncatted -O -a coordinates,OC,d,, input.nc.tmp2
+ ncatted -O -a coordinates,BC,d,, input.nc.tmp2
+ ncatted -O -a coordinates,CO,d,, input.nc.tmp2
+ ncatted -O -a coordinates,NOx,d,, input.nc.tmp2
+ ncatted -O -a coordinates,NH3,d,, input.nc.tmp2
+ ncatted -O -a valid_range,SO2,d,, input.nc.tmp2
+ ncatted -O -a valid_range,PM2.5,d,, input.nc.tmp2
+ ncatted -O -a valid_range,OC,d,, input.nc.tmp2
+ ncatted -O -a valid_range,BC,d,, input.nc.tmp2
+ ncatted -O -a valid_range,CO,d,, input.nc.tmp2
+ ncatted -O -a valid_range,NOx,d,, input.nc.tmp2
+ ncatted -O -a valid_range,NH3,d,, input.nc.tmp2
+ ncatted -O -a add_offset,SO2,d,, input.nc.tmp2
+ ncatted -O -a add_offset,PM2.5,d,, input.nc.tmp2
+ ncatted -O -a add_offset,OC,d,, input.nc.tmp2
+ ncatted -O -a add_offset,BC,d,, input.nc.tmp2
+ ncatted -O -a add_offset,CO,d,, input.nc.tmp2
+ ncatted -O -a add_offset,NOx,d,, input.nc.tmp2
+ ncatted -O -a add_offset,NH3,d,, input.nc.tmp2
+ ncatted -O -a add_offset,MeanFRP,d,, input.nc.tmp2
+ ncatted -O -a valid_range,MeanFRP,d,, input.nc.tmp2
+ ncatted -O -a coordinates,MeanFRP,d,, input.nc.tmp2
+ nccopy -k 'netCDF-4 classic model' input.nc.tmp2 input.nc.tmp3
+ nccopy -d1 input.nc.tmp3 input.nc.tmp4
+ ERR=0
+ ECNT=0
+ '[' 0 -eq 0 ']'
+ /bin/mv input.nc.tmp4 /scratch1/BMC/gsd-fv3-dev/MAPP_2018/bhuang/JEDI-2020/JEDI-FV3/expCodes/PACEData/GBBEPx/Prep_GBBEPx_2024030100_2024043000/FixGBBEPx/GBBEPx_all01GRID.emissions_v004_20240428.nc
+ ERR=0
+ ECNT=0
+ '[' 0 -eq 0 ']'
+ echo 'Fix GBBEPx successflully at 20240428'
Fix GBBEPx successflully at 20240428
++ /scratch2/NCEPDEV/nwprod/NCEPLIBS/utils/prod_util.v1.1.0/exec/ndate 24 2024042800
+ IDATE=2024042900
+ '[' 2024042900 -le 2024043000 ']'
+ ECNT=0
+ /bin/rm -rf input.nc.tmp input.nc.tmp2 input.nc.tmp3 input.nc
+ IY=2024
+ IM=04
+ ID=29
+ IYMD=20240429
+ SRCFILE='/scratch1/BMC/gsd-fv3-dev/MAPP_2018/bhuang/JEDI-2020/JEDI-FV3/expCodes/PACEData/GBBEPx/Prep_GBBEPx_2024030100_2024043000/2024042900/*.nc'
+ OUTFILE=/scratch1/BMC/gsd-fv3-dev/MAPP_2018/bhuang/JEDI-2020/JEDI-FV3/expCodes/PACEData/GBBEPx/Prep_GBBEPx_2024030100_2024043000/FixGBBEPx/GBBEPx_all01GRID.emissions_v004_20240429.nc
++ wc -l
++ ls /scratch1/BMC/gsd-fv3-dev/MAPP_2018/bhuang/JEDI-2020/JEDI-FV3/expCodes/PACEData/GBBEPx/Prep_GBBEPx_2024030100_2024043000/2024042900/GBBEPx-all01GRID_v4r0_blend_s202404290000000_e202404292359590_c202404300205030.nc
+ NNC=1
+ '[' 1 -eq 1 ']'
++ ls /scratch1/BMC/gsd-fv3-dev/MAPP_2018/bhuang/JEDI-2020/JEDI-FV3/expCodes/PACEData/GBBEPx/Prep_GBBEPx_2024030100_2024043000/2024042900/GBBEPx-all01GRID_v4r0_blend_s202404290000000_e202404292359590_c202404300205030.nc
+ for FILE in $(ls ${SRCFILE})
+ /bin/cp /scratch1/BMC/gsd-fv3-dev/MAPP_2018/bhuang/JEDI-2020/JEDI-FV3/expCodes/PACEData/GBBEPx/Prep_GBBEPx_2024030100_2024043000/2024042900/GBBEPx-all01GRID_v4r0_blend_s202404290000000_e202404292359590_c202404300205030.nc input.nc
+ ERR=0
+ ECNT=0
+ /home/Bo.Huang/JEDI-2020/UFS-Aerosols_RETcyc/UFS-Aerosols-EP4_JEDI-AeroDA-Reanl/misc/PrepPACE/GBBEPx/fix_GBBEPx_Li.sh input.nc 20240429
+ '[' -z '' ']'
+ case "$-" in
+ __lmod_vx=x
+ '[' -n x ']'
+ set +x
Shell debugging temporarily silenced: export LMOD_SH_DBG_ON=1 for this output (/apps/lmod/lmod/init/bash)
Shell debugging restarted
+ unset __lmod_vx
+ input_file=input.nc
+ yyyymmdd=20240429
+ nccopy -k classic input.nc input.nc.tmp
+ ncks --mk_rec_dmn Time input.nc.tmp -O -o input.nc.tmp
+ ncatted -O -a units,Longitude,m,c,degrees_east input.nc.tmp
+ ncrename -v Time,time -d Time,time input.nc.tmp -O -o input.nc.tmp
+ ncrename -v Latitude,lat -d Latitude,lat input.nc.tmp -O -o input.nc.tmp
+ ncrename -v Longitude,lon -d Longitude,lon input.nc.tmp -O -o input.nc.tmp
+ ncap2 -O -s 'time[time]=0' input.nc.tmp -o input.nc.tmp
+ ncks -C -O -x -v Max_emission,Max_emission_col,Max_emission_row input.nc.tmp input.nc.tmp
+ ncks -C -O -x -v QCAll,CloudPerc,FirePerc,NumSensor input.nc.tmp input.nc.tmp
+ ncks -C -O -x -v TotalEmis_region_Africa input.nc.tmp input.nc.tmp
+ ncks -C -O -x -v TotalEmis_region_Asia input.nc.tmp input.nc.tmp
+ ncks -C -O -x -v TotalEmis_region_Australia input.nc.tmp input.nc.tmp
+ ncks -C -O -x -v TotalEmis_region_Europe input.nc.tmp input.nc.tmp
+ ncks -C -O -x -v TotalEmis_region_NorthAmerica input.nc.tmp input.nc.tmp
+ ncks -C -O -x -v TotalEmis_region_SouthAmerica input.nc.tmp input.nc.tmp
+ ncks -C -O -x -v quality_information input.nc.tmp input.nc.tmp
+ ncks -O -d lat,-89.5,89.5 input.nc.tmp input.nc.tmp2
++ date -d 20240429 +%Y-%m-%d
+ d=2024-04-29
+ dd='hours since 2024-04-29 12:00:00'
+ ncatted -O -a 'units,time,c,c,hours since 2024-04-29 12:00:00' input.nc.tmp2
+ ncatted -O -a long_name,time,c,c,Time input.nc.tmp2
+ ncatted -O -a calendar,time,c,c,gregorian input.nc.tmp2
+ ncatted -O -a axis,time,c,c,T input.nc.tmp2
+ ncatted -O -a long_name,lat,m,c,latitude input.nc.tmp2
+ ncatted -O -a long_name,lon,m,c,longitude input.nc.tmp2
+ ncatted -O -a axis,lon,d,, input.nc.tmp2
+ ncatted -O -a bounds,lon,d,, input.nc.tmp2
+ ncatted -O -a valid_range,lon,d,, input.nc.tmp2
+ ncatted -O -a scale_factor,lon,d,, input.nc.tmp2
+ ncatted -O -a add_offset,lon,d,, input.nc.tmp2
+ ncatted -O -a _FillValue,lon,d,, input.nc.tmp2
+ ncatted -O -a axis,lat,d,, input.nc.tmp2
+ ncatted -O -a bounds,lat,d,, input.nc.tmp2
+ ncatted -O -a valid_range,lat,d,, input.nc.tmp2
+ ncatted -O -a scale_factor,lat,d,, input.nc.tmp2
+ ncatted -O -a add_offset,lat,d,, input.nc.tmp2
+ ncatted -O -a _FillValue,lat,d,, input.nc.tmp2
+ ncatted -O -a coordinates,SO2,d,, input.nc.tmp2
+ ncatted -O -a coordinates,PM2.5,d,, input.nc.tmp2
+ ncatted -O -a coordinates,OC,d,, input.nc.tmp2
+ ncatted -O -a coordinates,BC,d,, input.nc.tmp2
+ ncatted -O -a coordinates,CO,d,, input.nc.tmp2
+ ncatted -O -a coordinates,NOx,d,, input.nc.tmp2
+ ncatted -O -a coordinates,NH3,d,, input.nc.tmp2
+ ncatted -O -a valid_range,SO2,d,, input.nc.tmp2
+ ncatted -O -a valid_range,PM2.5,d,, input.nc.tmp2
+ ncatted -O -a valid_range,OC,d,, input.nc.tmp2
+ ncatted -O -a valid_range,BC,d,, input.nc.tmp2
+ ncatted -O -a valid_range,CO,d,, input.nc.tmp2
+ ncatted -O -a valid_range,NOx,d,, input.nc.tmp2
+ ncatted -O -a valid_range,NH3,d,, input.nc.tmp2
+ ncatted -O -a add_offset,SO2,d,, input.nc.tmp2
+ ncatted -O -a add_offset,PM2.5,d,, input.nc.tmp2
+ ncatted -O -a add_offset,OC,d,, input.nc.tmp2
+ ncatted -O -a add_offset,BC,d,, input.nc.tmp2
+ ncatted -O -a add_offset,CO,d,, input.nc.tmp2
+ ncatted -O -a add_offset,NOx,d,, input.nc.tmp2
+ ncatted -O -a add_offset,NH3,d,, input.nc.tmp2
+ ncatted -O -a add_offset,MeanFRP,d,, input.nc.tmp2
+ ncatted -O -a valid_range,MeanFRP,d,, input.nc.tmp2
+ ncatted -O -a coordinates,MeanFRP,d,, input.nc.tmp2
+ nccopy -k 'netCDF-4 classic model' input.nc.tmp2 input.nc.tmp3
+ nccopy -d1 input.nc.tmp3 input.nc.tmp4
+ ERR=0
+ ECNT=0
+ '[' 0 -eq 0 ']'
+ /bin/mv input.nc.tmp4 /scratch1/BMC/gsd-fv3-dev/MAPP_2018/bhuang/JEDI-2020/JEDI-FV3/expCodes/PACEData/GBBEPx/Prep_GBBEPx_2024030100_2024043000/FixGBBEPx/GBBEPx_all01GRID.emissions_v004_20240429.nc
+ ERR=0
+ ECNT=0
+ '[' 0 -eq 0 ']'
+ echo 'Fix GBBEPx successflully at 20240429'
Fix GBBEPx successflully at 20240429
++ /scratch2/NCEPDEV/nwprod/NCEPLIBS/utils/prod_util.v1.1.0/exec/ndate 24 2024042900
+ IDATE=2024043000
+ '[' 2024043000 -le 2024043000 ']'
+ ECNT=0
+ /bin/rm -rf input.nc.tmp input.nc.tmp2 input.nc.tmp3 input.nc
+ IY=2024
+ IM=04
+ ID=30
+ IYMD=20240430
+ SRCFILE='/scratch1/BMC/gsd-fv3-dev/MAPP_2018/bhuang/JEDI-2020/JEDI-FV3/expCodes/PACEData/GBBEPx/Prep_GBBEPx_2024030100_2024043000/2024043000/*.nc'
+ OUTFILE=/scratch1/BMC/gsd-fv3-dev/MAPP_2018/bhuang/JEDI-2020/JEDI-FV3/expCodes/PACEData/GBBEPx/Prep_GBBEPx_2024030100_2024043000/FixGBBEPx/GBBEPx_all01GRID.emissions_v004_20240430.nc
++ wc -l
++ ls /scratch1/BMC/gsd-fv3-dev/MAPP_2018/bhuang/JEDI-2020/JEDI-FV3/expCodes/PACEData/GBBEPx/Prep_GBBEPx_2024030100_2024043000/2024043000/GBBEPx-all01GRID_v4r0_blend_s202404300000000_e202404302359590_c202405010324040.nc
+ NNC=1
+ '[' 1 -eq 1 ']'
++ ls /scratch1/BMC/gsd-fv3-dev/MAPP_2018/bhuang/JEDI-2020/JEDI-FV3/expCodes/PACEData/GBBEPx/Prep_GBBEPx_2024030100_2024043000/2024043000/GBBEPx-all01GRID_v4r0_blend_s202404300000000_e202404302359590_c202405010324040.nc
+ for FILE in $(ls ${SRCFILE})
+ /bin/cp /scratch1/BMC/gsd-fv3-dev/MAPP_2018/bhuang/JEDI-2020/JEDI-FV3/expCodes/PACEData/GBBEPx/Prep_GBBEPx_2024030100_2024043000/2024043000/GBBEPx-all01GRID_v4r0_blend_s202404300000000_e202404302359590_c202405010324040.nc input.nc
+ ERR=0
+ ECNT=0
+ /home/Bo.Huang/JEDI-2020/UFS-Aerosols_RETcyc/UFS-Aerosols-EP4_JEDI-AeroDA-Reanl/misc/PrepPACE/GBBEPx/fix_GBBEPx_Li.sh input.nc 20240430
+ '[' -z '' ']'
+ case "$-" in
+ __lmod_vx=x
+ '[' -n x ']'
+ set +x
Shell debugging temporarily silenced: export LMOD_SH_DBG_ON=1 for this output (/apps/lmod/lmod/init/bash)
Shell debugging restarted
+ unset __lmod_vx
+ input_file=input.nc
+ yyyymmdd=20240430
+ nccopy -k classic input.nc input.nc.tmp
+ ncks --mk_rec_dmn Time input.nc.tmp -O -o input.nc.tmp
+ ncatted -O -a units,Longitude,m,c,degrees_east input.nc.tmp
+ ncrename -v Time,time -d Time,time input.nc.tmp -O -o input.nc.tmp
+ ncrename -v Latitude,lat -d Latitude,lat input.nc.tmp -O -o input.nc.tmp
+ ncrename -v Longitude,lon -d Longitude,lon input.nc.tmp -O -o input.nc.tmp
+ ncap2 -O -s 'time[time]=0' input.nc.tmp -o input.nc.tmp
+ ncks -C -O -x -v Max_emission,Max_emission_col,Max_emission_row input.nc.tmp input.nc.tmp
+ ncks -C -O -x -v QCAll,CloudPerc,FirePerc,NumSensor input.nc.tmp input.nc.tmp
+ ncks -C -O -x -v TotalEmis_region_Africa input.nc.tmp input.nc.tmp
+ ncks -C -O -x -v TotalEmis_region_Asia input.nc.tmp input.nc.tmp
+ ncks -C -O -x -v TotalEmis_region_Australia input.nc.tmp input.nc.tmp
+ ncks -C -O -x -v TotalEmis_region_Europe input.nc.tmp input.nc.tmp
+ ncks -C -O -x -v TotalEmis_region_NorthAmerica input.nc.tmp input.nc.tmp
+ ncks -C -O -x -v TotalEmis_region_SouthAmerica input.nc.tmp input.nc.tmp
+ ncks -C -O -x -v quality_information input.nc.tmp input.nc.tmp
+ ncks -O -d lat,-89.5,89.5 input.nc.tmp input.nc.tmp2
++ date -d 20240430 +%Y-%m-%d
+ d=2024-04-30
+ dd='hours since 2024-04-30 12:00:00'
+ ncatted -O -a 'units,time,c,c,hours since 2024-04-30 12:00:00' input.nc.tmp2
+ ncatted -O -a long_name,time,c,c,Time input.nc.tmp2
+ ncatted -O -a calendar,time,c,c,gregorian input.nc.tmp2
+ ncatted -O -a axis,time,c,c,T input.nc.tmp2
+ ncatted -O -a long_name,lat,m,c,latitude input.nc.tmp2
+ ncatted -O -a long_name,lon,m,c,longitude input.nc.tmp2
+ ncatted -O -a axis,lon,d,, input.nc.tmp2
+ ncatted -O -a bounds,lon,d,, input.nc.tmp2
+ ncatted -O -a valid_range,lon,d,, input.nc.tmp2
+ ncatted -O -a scale_factor,lon,d,, input.nc.tmp2
+ ncatted -O -a add_offset,lon,d,, input.nc.tmp2
+ ncatted -O -a _FillValue,lon,d,, input.nc.tmp2
+ ncatted -O -a axis,lat,d,, input.nc.tmp2
+ ncatted -O -a bounds,lat,d,, input.nc.tmp2
+ ncatted -O -a valid_range,lat,d,, input.nc.tmp2
+ ncatted -O -a scale_factor,lat,d,, input.nc.tmp2
+ ncatted -O -a add_offset,lat,d,, input.nc.tmp2
+ ncatted -O -a _FillValue,lat,d,, input.nc.tmp2
+ ncatted -O -a coordinates,SO2,d,, input.nc.tmp2
+ ncatted -O -a coordinates,PM2.5,d,, input.nc.tmp2
+ ncatted -O -a coordinates,OC,d,, input.nc.tmp2
+ ncatted -O -a coordinates,BC,d,, input.nc.tmp2
+ ncatted -O -a coordinates,CO,d,, input.nc.tmp2
+ ncatted -O -a coordinates,NOx,d,, input.nc.tmp2
+ ncatted -O -a coordinates,NH3,d,, input.nc.tmp2
+ ncatted -O -a valid_range,SO2,d,, input.nc.tmp2
+ ncatted -O -a valid_range,PM2.5,d,, input.nc.tmp2
+ ncatted -O -a valid_range,OC,d,, input.nc.tmp2
+ ncatted -O -a valid_range,BC,d,, input.nc.tmp2
+ ncatted -O -a valid_range,CO,d,, input.nc.tmp2
+ ncatted -O -a valid_range,NOx,d,, input.nc.tmp2
+ ncatted -O -a valid_range,NH3,d,, input.nc.tmp2
+ ncatted -O -a add_offset,SO2,d,, input.nc.tmp2
+ ncatted -O -a add_offset,PM2.5,d,, input.nc.tmp2
+ ncatted -O -a add_offset,OC,d,, input.nc.tmp2
+ ncatted -O -a add_offset,BC,d,, input.nc.tmp2
+ ncatted -O -a add_offset,CO,d,, input.nc.tmp2
+ ncatted -O -a add_offset,NOx,d,, input.nc.tmp2
+ ncatted -O -a add_offset,NH3,d,, input.nc.tmp2
+ ncatted -O -a add_offset,MeanFRP,d,, input.nc.tmp2
+ ncatted -O -a valid_range,MeanFRP,d,, input.nc.tmp2
+ ncatted -O -a coordinates,MeanFRP,d,, input.nc.tmp2
+ nccopy -k 'netCDF-4 classic model' input.nc.tmp2 input.nc.tmp3
+ nccopy -d1 input.nc.tmp3 input.nc.tmp4
+ ERR=0
+ ECNT=0
+ '[' 0 -eq 0 ']'
+ /bin/mv input.nc.tmp4 /scratch1/BMC/gsd-fv3-dev/MAPP_2018/bhuang/JEDI-2020/JEDI-FV3/expCodes/PACEData/GBBEPx/Prep_GBBEPx_2024030100_2024043000/FixGBBEPx/GBBEPx_all01GRID.emissions_v004_20240430.nc
+ ERR=0
+ ECNT=0
+ '[' 0 -eq 0 ']'
+ echo 'Fix GBBEPx successflully at 20240430'
Fix GBBEPx successflully at 20240430
++ /scratch2/NCEPDEV/nwprod/NCEPLIBS/utils/prod_util.v1.1.0/exec/ndate 24 2024043000
+ IDATE=2024050100
+ '[' 2024050100 -le 2024043000 ']'
+ exit 0
_______________________________________________________________
Start Epilog on node hfe03 for job 4103487 :: Fri Dec 20 22:27:45 UTC 2024
Job 4103487 finished for user Bo.Huang in partition service with exit code 0:0
_______________________________________________________________
End Epilogue Fri Dec 20 22:27:45 UTC 2024
