+ TOPDIR=/scratch1/BMC/gsd-fv3-dev/MAPP_2018/bhuang/JEDI-2020/JEDI-FV3/expCodes/PACEData/GBBEPx
+ SDATE=2024070100
++ cat EDAY.info
cat: EDAY.info: No such file or directory
+ EDATE=2024093000
+ EXP=Prep_GBBEPx_2024070100_2024093000
+ EXPDIR=/scratch1/BMC/gsd-fv3-dev/MAPP_2018/bhuang/JEDI-2020/JEDI-FV3/expCodes/PACEData/GBBEPx/Prep_GBBEPx_2024070100_2024093000
+ CYCINC=24
+ NDATE=/scratch2/NCEPDEV/nwprod/NCEPLIBS/utils/prod_util.v1.1.0/exec/ndate
++ /scratch2/NCEPDEV/nwprod/NCEPLIBS/utils/prod_util.v1.1.0/exec/ndate -24 2024070100
+ SDATE=2024063000
+ IDATE=2024063000
+ '[' 2024063000 -le 2024093000 ']'
+ ECNT=0
+ IY=2024
+ IM=06
+ ID=30
+ HPSSDIR=/BMC/fdr/Permanent/2024/06/30/data/grids/nesdis/GBBEPx/0p1deg
+ HERADIR=/scratch1/BMC/gsd-fv3-dev/MAPP_2018/bhuang/JEDI-2020/JEDI-FV3/expCodes/PACEData/GBBEPx/Prep_GBBEPx_2024070100_2024093000/2024063000
+ HPSSFILE=/BMC/fdr/Permanent/2024/06/30/data/grids/nesdis/GBBEPx/0p1deg/202406300000.zip
+ [[ -d /scratch1/BMC/gsd-fv3-dev/MAPP_2018/bhuang/JEDI-2020/JEDI-FV3/expCodes/PACEData/GBBEPx/Prep_GBBEPx_2024070100_2024093000/2024063000 ]]
+ mkdir -p /scratch1/BMC/gsd-fv3-dev/MAPP_2018/bhuang/JEDI-2020/JEDI-FV3/expCodes/PACEData/GBBEPx/Prep_GBBEPx_2024070100_2024093000/2024063000
+ cd /scratch1/BMC/gsd-fv3-dev/MAPP_2018/bhuang/JEDI-2020/JEDI-FV3/expCodes/PACEData/GBBEPx/Prep_GBBEPx_2024070100_2024093000/2024063000
+ hsi 'get /BMC/fdr/Permanent/2024/06/30/data/grids/nesdis/GBBEPx/0p1deg/202406300000.zip'
[connecting to hpsscore1.fairmont.rdhpcs.noaa.gov/1217]
******************************************************************
*   Welcome to the NESCC High Performance Storage System         *
*                                                                *
*   Current HPSS version: 9.3.10                                 * 
*                                                                * 
*       Please Submit Helpdesk Request to                        *
*        rdhpcs.hpss.help@noaa.gov                               *
*                                                                *
******************************************************************
Username: Bo.Huang  UID: 10872  Acct: 10872(10872) Copies: 1 COS: 0 Firewall: off [hsi.9.3.0.p0 Thu Feb 1 17:57:19 UTC 2024] 
/BMC/fdr/Permanent/2024/06/30/data/grids/nesdis/GBBEPx/0p1deg/202406300000.zip: (md5) OK
get  '/scratch1/BMC/gsd-fv3-dev/MAPP_2018/bhuang/JEDI-2020/JEDI-FV3/expCodes/PACEData/GBBEPx/Prep_GBBEPx_2024070100_2024093000/2024063000/202406300000.zip' : '/BMC/fdr/Permanent/2024/06/30/data/grids/nesdis/GBBEPx/0p1deg/202406300000.zip' (2024/07/06 05:58:21 2942716 bytes, 120130.1 KBS )
+ ERR=0
+ ECNT=0
+ unzip 202406300000.zip
Archive:  202406300000.zip
  inflating: GBBEPx-all01GRID_v5r0_blend_s202406300000000_e202406302359590_c202407010107310.nc  
+ ERR=0
+ ECNT=0
+ '[' 0 -ne 0 ']'
++ /scratch2/NCEPDEV/nwprod/NCEPLIBS/utils/prod_util.v1.1.0/exec/ndate 24 2024063000
+ IDATE=2024070100
+ '[' 2024070100 -le 2024093000 ']'
+ ECNT=0
+ IY=2024
+ IM=07
+ ID=01
+ HPSSDIR=/BMC/fdr/Permanent/2024/07/01/data/grids/nesdis/GBBEPx/0p1deg
+ HERADIR=/scratch1/BMC/gsd-fv3-dev/MAPP_2018/bhuang/JEDI-2020/JEDI-FV3/expCodes/PACEData/GBBEPx/Prep_GBBEPx_2024070100_2024093000/2024070100
+ HPSSFILE=/BMC/fdr/Permanent/2024/07/01/data/grids/nesdis/GBBEPx/0p1deg/202407010000.zip
+ [[ -d /scratch1/BMC/gsd-fv3-dev/MAPP_2018/bhuang/JEDI-2020/JEDI-FV3/expCodes/PACEData/GBBEPx/Prep_GBBEPx_2024070100_2024093000/2024070100 ]]
+ mkdir -p /scratch1/BMC/gsd-fv3-dev/MAPP_2018/bhuang/JEDI-2020/JEDI-FV3/expCodes/PACEData/GBBEPx/Prep_GBBEPx_2024070100_2024093000/2024070100
+ cd /scratch1/BMC/gsd-fv3-dev/MAPP_2018/bhuang/JEDI-2020/JEDI-FV3/expCodes/PACEData/GBBEPx/Prep_GBBEPx_2024070100_2024093000/2024070100
+ hsi 'get /BMC/fdr/Permanent/2024/07/01/data/grids/nesdis/GBBEPx/0p1deg/202407010000.zip'
[connecting to hpsscore1.fairmont.rdhpcs.noaa.gov/1217]
******************************************************************
*   Welcome to the NESCC High Performance Storage System         *
*                                                                *
*   Current HPSS version: 9.3.10                                 * 
*                                                                * 
*       Please Submit Helpdesk Request to                        *
*        rdhpcs.hpss.help@noaa.gov                               *
*                                                                *
******************************************************************
Username: Bo.Huang  UID: 10872  Acct: 10872(10872) Copies: 1 COS: 0 Firewall: off [hsi.9.3.0.p0 Thu Feb 1 17:57:19 UTC 2024] 
/BMC/fdr/Permanent/2024/07/01/data/grids/nesdis/GBBEPx/0p1deg/202407010000.zip: (md5) OK
get  '/scratch1/BMC/gsd-fv3-dev/MAPP_2018/bhuang/JEDI-2020/JEDI-FV3/expCodes/PACEData/GBBEPx/Prep_GBBEPx_2024070100_2024093000/2024070100/202407010000.zip' : '/BMC/fdr/Permanent/2024/07/01/data/grids/nesdis/GBBEPx/0p1deg/202407010000.zip' (2024/07/07 04:54:08 3376068 bytes, 143950.4 KBS )
+ ERR=0
+ ECNT=0
+ unzip 202407010000.zip
Archive:  202407010000.zip
  inflating: GBBEPx-all01GRID_v5r0_blend_s202407010000000_e202407012359590_c202407020241260.nc  
+ ERR=0
+ ECNT=0
+ '[' 0 -ne 0 ']'
++ /scratch2/NCEPDEV/nwprod/NCEPLIBS/utils/prod_util.v1.1.0/exec/ndate 24 2024070100
+ IDATE=2024070200
+ '[' 2024070200 -le 2024093000 ']'
+ ECNT=0
+ IY=2024
+ IM=07
+ ID=02
+ HPSSDIR=/BMC/fdr/Permanent/2024/07/02/data/grids/nesdis/GBBEPx/0p1deg
+ HERADIR=/scratch1/BMC/gsd-fv3-dev/MAPP_2018/bhuang/JEDI-2020/JEDI-FV3/expCodes/PACEData/GBBEPx/Prep_GBBEPx_2024070100_2024093000/2024070200
+ HPSSFILE=/BMC/fdr/Permanent/2024/07/02/data/grids/nesdis/GBBEPx/0p1deg/202407020000.zip
+ [[ -d /scratch1/BMC/gsd-fv3-dev/MAPP_2018/bhuang/JEDI-2020/JEDI-FV3/expCodes/PACEData/GBBEPx/Prep_GBBEPx_2024070100_2024093000/2024070200 ]]
+ mkdir -p /scratch1/BMC/gsd-fv3-dev/MAPP_2018/bhuang/JEDI-2020/JEDI-FV3/expCodes/PACEData/GBBEPx/Prep_GBBEPx_2024070100_2024093000/2024070200
+ cd /scratch1/BMC/gsd-fv3-dev/MAPP_2018/bhuang/JEDI-2020/JEDI-FV3/expCodes/PACEData/GBBEPx/Prep_GBBEPx_2024070100_2024093000/2024070200
+ hsi 'get /BMC/fdr/Permanent/2024/07/02/data/grids/nesdis/GBBEPx/0p1deg/202407020000.zip'
[connecting to hpsscore1.fairmont.rdhpcs.noaa.gov/1217]
******************************************************************
*   Welcome to the NESCC High Performance Storage System         *
*                                                                *
*   Current HPSS version: 9.3.10                                 * 
*                                                                * 
*       Please Submit Helpdesk Request to                        *
*        rdhpcs.hpss.help@noaa.gov                               *
*                                                                *
******************************************************************
Username: Bo.Huang  UID: 10872  Acct: 10872(10872) Copies: 1 COS: 0 Firewall: off [hsi.9.3.0.p0 Thu Feb 1 17:57:19 UTC 2024] 
/BMC/fdr/Permanent/2024/07/02/data/grids/nesdis/GBBEPx/0p1deg/202407020000.zip: (md5) OK
get  '/scratch1/BMC/gsd-fv3-dev/MAPP_2018/bhuang/JEDI-2020/JEDI-FV3/expCodes/PACEData/GBBEPx/Prep_GBBEPx_2024070100_2024093000/2024070200/202407020000.zip' : '/BMC/fdr/Permanent/2024/07/02/data/grids/nesdis/GBBEPx/0p1deg/202407020000.zip' (2024/07/08 05:02:32 3414120 bytes, 147114.8 KBS )
+ ERR=0
+ ECNT=0
+ unzip 202407020000.zip
Archive:  202407020000.zip
  inflating: GBBEPx-all01GRID_v5r0_blend_s202407020000000_e202407022359590_c202407030112580.nc  
+ ERR=0
+ ECNT=0
+ '[' 0 -ne 0 ']'
++ /scratch2/NCEPDEV/nwprod/NCEPLIBS/utils/prod_util.v1.1.0/exec/ndate 24 2024070200
+ IDATE=2024070300
+ '[' 2024070300 -le 2024093000 ']'
+ ECNT=0
+ IY=2024
+ IM=07
+ ID=03
+ HPSSDIR=/BMC/fdr/Permanent/2024/07/03/data/grids/nesdis/GBBEPx/0p1deg
+ HERADIR=/scratch1/BMC/gsd-fv3-dev/MAPP_2018/bhuang/JEDI-2020/JEDI-FV3/expCodes/PACEData/GBBEPx/Prep_GBBEPx_2024070100_2024093000/2024070300
+ HPSSFILE=/BMC/fdr/Permanent/2024/07/03/data/grids/nesdis/GBBEPx/0p1deg/202407030000.zip
+ [[ -d /scratch1/BMC/gsd-fv3-dev/MAPP_2018/bhuang/JEDI-2020/JEDI-FV3/expCodes/PACEData/GBBEPx/Prep_GBBEPx_2024070100_2024093000/2024070300 ]]
+ mkdir -p /scratch1/BMC/gsd-fv3-dev/MAPP_2018/bhuang/JEDI-2020/JEDI-FV3/expCodes/PACEData/GBBEPx/Prep_GBBEPx_2024070100_2024093000/2024070300
+ cd /scratch1/BMC/gsd-fv3-dev/MAPP_2018/bhuang/JEDI-2020/JEDI-FV3/expCodes/PACEData/GBBEPx/Prep_GBBEPx_2024070100_2024093000/2024070300
+ hsi 'get /BMC/fdr/Permanent/2024/07/03/data/grids/nesdis/GBBEPx/0p1deg/202407030000.zip'
[connecting to hpsscore1.fairmont.rdhpcs.noaa.gov/1217]
******************************************************************
*   Welcome to the NESCC High Performance Storage System         *
*                                                                *
*   Current HPSS version: 9.3.10                                 * 
*                                                                * 
*       Please Submit Helpdesk Request to                        *
*        rdhpcs.hpss.help@noaa.gov                               *
*                                                                *
******************************************************************
Username: Bo.Huang  UID: 10872  Acct: 10872(10872) Copies: 1 COS: 0 Firewall: off [hsi.9.3.0.p0 Thu Feb 1 17:57:19 UTC 2024] 
/BMC/fdr/Permanent/2024/07/03/data/grids/nesdis/GBBEPx/0p1deg/202407030000.zip: (md5) OK
get  '/scratch1/BMC/gsd-fv3-dev/MAPP_2018/bhuang/JEDI-2020/JEDI-FV3/expCodes/PACEData/GBBEPx/Prep_GBBEPx_2024070100_2024093000/2024070300/202407030000.zip' : '/BMC/fdr/Permanent/2024/07/03/data/grids/nesdis/GBBEPx/0p1deg/202407030000.zip' (2024/07/09 05:04:22 3411305 bytes, 1048362.4 KBS )
+ ERR=0
+ ECNT=0
+ unzip 202407030000.zip
Archive:  202407030000.zip
  inflating: GBBEPx-all01GRID_v5r0_blend_s202407030000000_e202407032359590_c202407040143470.nc  
+ ERR=0
+ ECNT=0
+ '[' 0 -ne 0 ']'
++ /scratch2/NCEPDEV/nwprod/NCEPLIBS/utils/prod_util.v1.1.0/exec/ndate 24 2024070300
+ IDATE=2024070400
+ '[' 2024070400 -le 2024093000 ']'
+ ECNT=0
+ IY=2024
+ IM=07
+ ID=04
+ HPSSDIR=/BMC/fdr/Permanent/2024/07/04/data/grids/nesdis/GBBEPx/0p1deg
+ HERADIR=/scratch1/BMC/gsd-fv3-dev/MAPP_2018/bhuang/JEDI-2020/JEDI-FV3/expCodes/PACEData/GBBEPx/Prep_GBBEPx_2024070100_2024093000/2024070400
+ HPSSFILE=/BMC/fdr/Permanent/2024/07/04/data/grids/nesdis/GBBEPx/0p1deg/202407040000.zip
+ [[ -d /scratch1/BMC/gsd-fv3-dev/MAPP_2018/bhuang/JEDI-2020/JEDI-FV3/expCodes/PACEData/GBBEPx/Prep_GBBEPx_2024070100_2024093000/2024070400 ]]
+ mkdir -p /scratch1/BMC/gsd-fv3-dev/MAPP_2018/bhuang/JEDI-2020/JEDI-FV3/expCodes/PACEData/GBBEPx/Prep_GBBEPx_2024070100_2024093000/2024070400
+ cd /scratch1/BMC/gsd-fv3-dev/MAPP_2018/bhuang/JEDI-2020/JEDI-FV3/expCodes/PACEData/GBBEPx/Prep_GBBEPx_2024070100_2024093000/2024070400
+ hsi 'get /BMC/fdr/Permanent/2024/07/04/data/grids/nesdis/GBBEPx/0p1deg/202407040000.zip'
[connecting to hpsscore1.fairmont.rdhpcs.noaa.gov/1217]
******************************************************************
*   Welcome to the NESCC High Performance Storage System         *
*                                                                *
*   Current HPSS version: 9.3.10                                 * 
*                                                                * 
*       Please Submit Helpdesk Request to                        *
*        rdhpcs.hpss.help@noaa.gov                               *
*                                                                *
******************************************************************
Username: Bo.Huang  UID: 10872  Acct: 10872(10872) Copies: 1 COS: 0 Firewall: off [hsi.9.3.0.p0 Thu Feb 1 17:57:19 UTC 2024] 
/BMC/fdr/Permanent/2024/07/04/data/grids/nesdis/GBBEPx/0p1deg/202407040000.zip: (md5) OK
get  '/scratch1/BMC/gsd-fv3-dev/MAPP_2018/bhuang/JEDI-2020/JEDI-FV3/expCodes/PACEData/GBBEPx/Prep_GBBEPx_2024070100_2024093000/2024070400/202407040000.zip' : '/BMC/fdr/Permanent/2024/07/04/data/grids/nesdis/GBBEPx/0p1deg/202407040000.zip' (2024/07/10 03:37:29 3634016 bytes, 783860.5 KBS )
+ ERR=0
+ ECNT=0
+ unzip 202407040000.zip
Archive:  202407040000.zip
  inflating: GBBEPx-all01GRID_v5r0_blend_s202407040000000_e202407042359590_c202407050122020.nc  
+ ERR=0
+ ECNT=0
+ '[' 0 -ne 0 ']'
++ /scratch2/NCEPDEV/nwprod/NCEPLIBS/utils/prod_util.v1.1.0/exec/ndate 24 2024070400
+ IDATE=2024070500
+ '[' 2024070500 -le 2024093000 ']'
+ ECNT=0
+ IY=2024
+ IM=07
+ ID=05
+ HPSSDIR=/BMC/fdr/Permanent/2024/07/05/data/grids/nesdis/GBBEPx/0p1deg
+ HERADIR=/scratch1/BMC/gsd-fv3-dev/MAPP_2018/bhuang/JEDI-2020/JEDI-FV3/expCodes/PACEData/GBBEPx/Prep_GBBEPx_2024070100_2024093000/2024070500
+ HPSSFILE=/BMC/fdr/Permanent/2024/07/05/data/grids/nesdis/GBBEPx/0p1deg/202407050000.zip
+ [[ -d /scratch1/BMC/gsd-fv3-dev/MAPP_2018/bhuang/JEDI-2020/JEDI-FV3/expCodes/PACEData/GBBEPx/Prep_GBBEPx_2024070100_2024093000/2024070500 ]]
+ mkdir -p /scratch1/BMC/gsd-fv3-dev/MAPP_2018/bhuang/JEDI-2020/JEDI-FV3/expCodes/PACEData/GBBEPx/Prep_GBBEPx_2024070100_2024093000/2024070500
+ cd /scratch1/BMC/gsd-fv3-dev/MAPP_2018/bhuang/JEDI-2020/JEDI-FV3/expCodes/PACEData/GBBEPx/Prep_GBBEPx_2024070100_2024093000/2024070500
+ hsi 'get /BMC/fdr/Permanent/2024/07/05/data/grids/nesdis/GBBEPx/0p1deg/202407050000.zip'
[connecting to hpsscore1.fairmont.rdhpcs.noaa.gov/1217]
******************************************************************
*   Welcome to the NESCC High Performance Storage System         *
*                                                                *
*   Current HPSS version: 9.3.10                                 * 
*                                                                * 
*       Please Submit Helpdesk Request to                        *
*        rdhpcs.hpss.help@noaa.gov                               *
*                                                                *
******************************************************************
Username: Bo.Huang  UID: 10872  Acct: 10872(10872) Copies: 1 COS: 0 Firewall: off [hsi.9.3.0.p0 Thu Feb 1 17:57:19 UTC 2024] 
/BMC/fdr/Permanent/2024/07/05/data/grids/nesdis/GBBEPx/0p1deg/202407050000.zip: (md5) OK
get  '/scratch1/BMC/gsd-fv3-dev/MAPP_2018/bhuang/JEDI-2020/JEDI-FV3/expCodes/PACEData/GBBEPx/Prep_GBBEPx_2024070100_2024093000/2024070500/202407050000.zip' : '/BMC/fdr/Permanent/2024/07/05/data/grids/nesdis/GBBEPx/0p1deg/202407050000.zip' (2024/07/11 03:09:12 3636777 bytes, 1125904.1 KBS )
+ ERR=0
+ ECNT=0
+ unzip 202407050000.zip
Archive:  202407050000.zip
  inflating: GBBEPx-all01GRID_v5r0_blend_s202407050000000_e202407052359590_c202407060107500.nc  
+ ERR=0
+ ECNT=0
+ '[' 0 -ne 0 ']'
++ /scratch2/NCEPDEV/nwprod/NCEPLIBS/utils/prod_util.v1.1.0/exec/ndate 24 2024070500
+ IDATE=2024070600
+ '[' 2024070600 -le 2024093000 ']'
+ ECNT=0
+ IY=2024
+ IM=07
+ ID=06
+ HPSSDIR=/BMC/fdr/Permanent/2024/07/06/data/grids/nesdis/GBBEPx/0p1deg
+ HERADIR=/scratch1/BMC/gsd-fv3-dev/MAPP_2018/bhuang/JEDI-2020/JEDI-FV3/expCodes/PACEData/GBBEPx/Prep_GBBEPx_2024070100_2024093000/2024070600
+ HPSSFILE=/BMC/fdr/Permanent/2024/07/06/data/grids/nesdis/GBBEPx/0p1deg/202407060000.zip
+ [[ -d /scratch1/BMC/gsd-fv3-dev/MAPP_2018/bhuang/JEDI-2020/JEDI-FV3/expCodes/PACEData/GBBEPx/Prep_GBBEPx_2024070100_2024093000/2024070600 ]]
+ mkdir -p /scratch1/BMC/gsd-fv3-dev/MAPP_2018/bhuang/JEDI-2020/JEDI-FV3/expCodes/PACEData/GBBEPx/Prep_GBBEPx_2024070100_2024093000/2024070600
+ cd /scratch1/BMC/gsd-fv3-dev/MAPP_2018/bhuang/JEDI-2020/JEDI-FV3/expCodes/PACEData/GBBEPx/Prep_GBBEPx_2024070100_2024093000/2024070600
+ hsi 'get /BMC/fdr/Permanent/2024/07/06/data/grids/nesdis/GBBEPx/0p1deg/202407060000.zip'
[connecting to hpsscore1.fairmont.rdhpcs.noaa.gov/1217]
******************************************************************
*   Welcome to the NESCC High Performance Storage System         *
*                                                                *
*   Current HPSS version: 9.3.10                                 * 
*                                                                * 
*       Please Submit Helpdesk Request to                        *
*        rdhpcs.hpss.help@noaa.gov                               *
*                                                                *
******************************************************************
Username: Bo.Huang  UID: 10872  Acct: 10872(10872) Copies: 1 COS: 0 Firewall: off [hsi.9.3.0.p0 Thu Feb 1 17:57:19 UTC 2024] 
/BMC/fdr/Permanent/2024/07/06/data/grids/nesdis/GBBEPx/0p1deg/202407060000.zip: (md5) OK
get  '/scratch1/BMC/gsd-fv3-dev/MAPP_2018/bhuang/JEDI-2020/JEDI-FV3/expCodes/PACEData/GBBEPx/Prep_GBBEPx_2024070100_2024093000/2024070600/202407060000.zip' : '/BMC/fdr/Permanent/2024/07/06/data/grids/nesdis/GBBEPx/0p1deg/202407060000.zip' (2024/07/12 02:56:15 3509259 bytes, 145221.2 KBS )
+ ERR=0
+ ECNT=0
+ unzip 202407060000.zip
Archive:  202407060000.zip
  inflating: GBBEPx-all01GRID_v5r0_blend_s202407060000000_e202407062359590_c202407070340060.nc  
+ ERR=0
+ ECNT=0
+ '[' 0 -ne 0 ']'
++ /scratch2/NCEPDEV/nwprod/NCEPLIBS/utils/prod_util.v1.1.0/exec/ndate 24 2024070600
+ IDATE=2024070700
+ '[' 2024070700 -le 2024093000 ']'
+ ECNT=0
+ IY=2024
+ IM=07
+ ID=07
+ HPSSDIR=/BMC/fdr/Permanent/2024/07/07/data/grids/nesdis/GBBEPx/0p1deg
+ HERADIR=/scratch1/BMC/gsd-fv3-dev/MAPP_2018/bhuang/JEDI-2020/JEDI-FV3/expCodes/PACEData/GBBEPx/Prep_GBBEPx_2024070100_2024093000/2024070700
+ HPSSFILE=/BMC/fdr/Permanent/2024/07/07/data/grids/nesdis/GBBEPx/0p1deg/202407070000.zip
+ [[ -d /scratch1/BMC/gsd-fv3-dev/MAPP_2018/bhuang/JEDI-2020/JEDI-FV3/expCodes/PACEData/GBBEPx/Prep_GBBEPx_2024070100_2024093000/2024070700 ]]
+ mkdir -p /scratch1/BMC/gsd-fv3-dev/MAPP_2018/bhuang/JEDI-2020/JEDI-FV3/expCodes/PACEData/GBBEPx/Prep_GBBEPx_2024070100_2024093000/2024070700
+ cd /scratch1/BMC/gsd-fv3-dev/MAPP_2018/bhuang/JEDI-2020/JEDI-FV3/expCodes/PACEData/GBBEPx/Prep_GBBEPx_2024070100_2024093000/2024070700
+ hsi 'get /BMC/fdr/Permanent/2024/07/07/data/grids/nesdis/GBBEPx/0p1deg/202407070000.zip'
[connecting to hpsscore1.fairmont.rdhpcs.noaa.gov/1217]
******************************************************************
*   Welcome to the NESCC High Performance Storage System         *
*                                                                *
*   Current HPSS version: 9.3.10                                 * 
*                                                                * 
*       Please Submit Helpdesk Request to                        *
*        rdhpcs.hpss.help@noaa.gov                               *
*                                                                *
******************************************************************
Username: Bo.Huang  UID: 10872  Acct: 10872(10872) Copies: 1 COS: 0 Firewall: off [hsi.9.3.0.p0 Thu Feb 1 17:57:19 UTC 2024] 
/BMC/fdr/Permanent/2024/07/07/data/grids/nesdis/GBBEPx/0p1deg/202407070000.zip: (md5) OK
get  '/scratch1/BMC/gsd-fv3-dev/MAPP_2018/bhuang/JEDI-2020/JEDI-FV3/expCodes/PACEData/GBBEPx/Prep_GBBEPx_2024070100_2024093000/2024070700/202407070000.zip' : '/BMC/fdr/Permanent/2024/07/07/data/grids/nesdis/GBBEPx/0p1deg/202407070000.zip' (2024/07/13 03:47:53 3283066 bytes, 141358.7 KBS )
+ ERR=0
+ ECNT=0
+ unzip 202407070000.zip
Archive:  202407070000.zip
  inflating: GBBEPx-all01GRID_v5r0_blend_s202407070000000_e202407072359590_c202407080112340.nc  
+ ERR=0
+ ECNT=0
+ '[' 0 -ne 0 ']'
++ /scratch2/NCEPDEV/nwprod/NCEPLIBS/utils/prod_util.v1.1.0/exec/ndate 24 2024070700
+ IDATE=2024070800
+ '[' 2024070800 -le 2024093000 ']'
+ ECNT=0
+ IY=2024
+ IM=07
+ ID=08
+ HPSSDIR=/BMC/fdr/Permanent/2024/07/08/data/grids/nesdis/GBBEPx/0p1deg
+ HERADIR=/scratch1/BMC/gsd-fv3-dev/MAPP_2018/bhuang/JEDI-2020/JEDI-FV3/expCodes/PACEData/GBBEPx/Prep_GBBEPx_2024070100_2024093000/2024070800
+ HPSSFILE=/BMC/fdr/Permanent/2024/07/08/data/grids/nesdis/GBBEPx/0p1deg/202407080000.zip
+ [[ -d /scratch1/BMC/gsd-fv3-dev/MAPP_2018/bhuang/JEDI-2020/JEDI-FV3/expCodes/PACEData/GBBEPx/Prep_GBBEPx_2024070100_2024093000/2024070800 ]]
+ mkdir -p /scratch1/BMC/gsd-fv3-dev/MAPP_2018/bhuang/JEDI-2020/JEDI-FV3/expCodes/PACEData/GBBEPx/Prep_GBBEPx_2024070100_2024093000/2024070800
+ cd /scratch1/BMC/gsd-fv3-dev/MAPP_2018/bhuang/JEDI-2020/JEDI-FV3/expCodes/PACEData/GBBEPx/Prep_GBBEPx_2024070100_2024093000/2024070800
+ hsi 'get /BMC/fdr/Permanent/2024/07/08/data/grids/nesdis/GBBEPx/0p1deg/202407080000.zip'
[connecting to hpsscore1.fairmont.rdhpcs.noaa.gov/1217]
******************************************************************
*   Welcome to the NESCC High Performance Storage System         *
*                                                                *
*   Current HPSS version: 9.3.10                                 * 
*                                                                * 
*       Please Submit Helpdesk Request to                        *
*        rdhpcs.hpss.help@noaa.gov                               *
*                                                                *
******************************************************************
Username: Bo.Huang  UID: 10872  Acct: 10872(10872) Copies: 1 COS: 0 Firewall: off [hsi.9.3.0.p0 Thu Feb 1 17:57:19 UTC 2024] 
/BMC/fdr/Permanent/2024/07/08/data/grids/nesdis/GBBEPx/0p1deg/202407080000.zip: (md5) OK
get  '/scratch1/BMC/gsd-fv3-dev/MAPP_2018/bhuang/JEDI-2020/JEDI-FV3/expCodes/PACEData/GBBEPx/Prep_GBBEPx_2024070100_2024093000/2024070800/202407080000.zip' : '/BMC/fdr/Permanent/2024/07/08/data/grids/nesdis/GBBEPx/0p1deg/202407080000.zip' (2024/07/14 06:41:24 3665908 bytes, 786492.7 KBS )
+ ERR=0
+ ECNT=0
+ unzip 202407080000.zip
Archive:  202407080000.zip
  inflating: GBBEPx-all01GRID_v5r0_blend_s202407080000000_e202407082359590_c202407090118110.nc  
+ ERR=0
+ ECNT=0
+ '[' 0 -ne 0 ']'
++ /scratch2/NCEPDEV/nwprod/NCEPLIBS/utils/prod_util.v1.1.0/exec/ndate 24 2024070800
+ IDATE=2024070900
+ '[' 2024070900 -le 2024093000 ']'
+ ECNT=0
+ IY=2024
+ IM=07
+ ID=09
+ HPSSDIR=/BMC/fdr/Permanent/2024/07/09/data/grids/nesdis/GBBEPx/0p1deg
+ HERADIR=/scratch1/BMC/gsd-fv3-dev/MAPP_2018/bhuang/JEDI-2020/JEDI-FV3/expCodes/PACEData/GBBEPx/Prep_GBBEPx_2024070100_2024093000/2024070900
+ HPSSFILE=/BMC/fdr/Permanent/2024/07/09/data/grids/nesdis/GBBEPx/0p1deg/202407090000.zip
+ [[ -d /scratch1/BMC/gsd-fv3-dev/MAPP_2018/bhuang/JEDI-2020/JEDI-FV3/expCodes/PACEData/GBBEPx/Prep_GBBEPx_2024070100_2024093000/2024070900 ]]
+ mkdir -p /scratch1/BMC/gsd-fv3-dev/MAPP_2018/bhuang/JEDI-2020/JEDI-FV3/expCodes/PACEData/GBBEPx/Prep_GBBEPx_2024070100_2024093000/2024070900
+ cd /scratch1/BMC/gsd-fv3-dev/MAPP_2018/bhuang/JEDI-2020/JEDI-FV3/expCodes/PACEData/GBBEPx/Prep_GBBEPx_2024070100_2024093000/2024070900
+ hsi 'get /BMC/fdr/Permanent/2024/07/09/data/grids/nesdis/GBBEPx/0p1deg/202407090000.zip'
[connecting to hpsscore1.fairmont.rdhpcs.noaa.gov/1217]
******************************************************************
*   Welcome to the NESCC High Performance Storage System         *
*                                                                *
*   Current HPSS version: 9.3.10                                 * 
*                                                                * 
*       Please Submit Helpdesk Request to                        *
*        rdhpcs.hpss.help@noaa.gov                               *
*                                                                *
******************************************************************
Username: Bo.Huang  UID: 10872  Acct: 10872(10872) Copies: 1 COS: 0 Firewall: off [hsi.9.3.0.p0 Thu Feb 1 17:57:19 UTC 2024] 
/BMC/fdr/Permanent/2024/07/09/data/grids/nesdis/GBBEPx/0p1deg/202407090000.zip: (md5) OK
get  '/scratch1/BMC/gsd-fv3-dev/MAPP_2018/bhuang/JEDI-2020/JEDI-FV3/expCodes/PACEData/GBBEPx/Prep_GBBEPx_2024070100_2024093000/2024070900/202407090000.zip' : '/BMC/fdr/Permanent/2024/07/09/data/grids/nesdis/GBBEPx/0p1deg/202407090000.zip' (2024/07/15 04:44:53 3841006 bytes, 162946.4 KBS )
+ ERR=0
+ ECNT=0
+ unzip 202407090000.zip
Archive:  202407090000.zip
  inflating: GBBEPx-all01GRID_v5r0_blend_s202407090000000_e202407092359590_c202407100133490.nc  
+ ERR=0
+ ECNT=0
+ '[' 0 -ne 0 ']'
++ /scratch2/NCEPDEV/nwprod/NCEPLIBS/utils/prod_util.v1.1.0/exec/ndate 24 2024070900
+ IDATE=2024071000
+ '[' 2024071000 -le 2024093000 ']'
+ ECNT=0
+ IY=2024
+ IM=07
+ ID=10
+ HPSSDIR=/BMC/fdr/Permanent/2024/07/10/data/grids/nesdis/GBBEPx/0p1deg
+ HERADIR=/scratch1/BMC/gsd-fv3-dev/MAPP_2018/bhuang/JEDI-2020/JEDI-FV3/expCodes/PACEData/GBBEPx/Prep_GBBEPx_2024070100_2024093000/2024071000
+ HPSSFILE=/BMC/fdr/Permanent/2024/07/10/data/grids/nesdis/GBBEPx/0p1deg/202407100000.zip
+ [[ -d /scratch1/BMC/gsd-fv3-dev/MAPP_2018/bhuang/JEDI-2020/JEDI-FV3/expCodes/PACEData/GBBEPx/Prep_GBBEPx_2024070100_2024093000/2024071000 ]]
+ mkdir -p /scratch1/BMC/gsd-fv3-dev/MAPP_2018/bhuang/JEDI-2020/JEDI-FV3/expCodes/PACEData/GBBEPx/Prep_GBBEPx_2024070100_2024093000/2024071000
+ cd /scratch1/BMC/gsd-fv3-dev/MAPP_2018/bhuang/JEDI-2020/JEDI-FV3/expCodes/PACEData/GBBEPx/Prep_GBBEPx_2024070100_2024093000/2024071000
+ hsi 'get /BMC/fdr/Permanent/2024/07/10/data/grids/nesdis/GBBEPx/0p1deg/202407100000.zip'
[connecting to hpsscore1.fairmont.rdhpcs.noaa.gov/1217]
******************************************************************
*   Welcome to the NESCC High Performance Storage System         *
*                                                                *
*   Current HPSS version: 9.3.10                                 * 
*                                                                * 
*       Please Submit Helpdesk Request to                        *
*        rdhpcs.hpss.help@noaa.gov                               *
*                                                                *
******************************************************************
Username: Bo.Huang  UID: 10872  Acct: 10872(10872) Copies: 1 COS: 0 Firewall: off [hsi.9.3.0.p0 Thu Feb 1 17:57:19 UTC 2024] 
/BMC/fdr/Permanent/2024/07/10/data/grids/nesdis/GBBEPx/0p1deg/202407100000.zip: (md5) OK
get  '/scratch1/BMC/gsd-fv3-dev/MAPP_2018/bhuang/JEDI-2020/JEDI-FV3/expCodes/PACEData/GBBEPx/Prep_GBBEPx_2024070100_2024093000/2024071000/202407100000.zip' : '/BMC/fdr/Permanent/2024/07/10/data/grids/nesdis/GBBEPx/0p1deg/202407100000.zip' (2024/07/16 05:44:58 3888547 bytes, 166855.1 KBS )
+ ERR=0
+ ECNT=0
+ unzip 202407100000.zip
Archive:  202407100000.zip
  inflating: GBBEPx-all01GRID_v5r0_blend_s202407100000000_e202407102359590_c202407110113280.nc  
+ ERR=0
+ ECNT=0
+ '[' 0 -ne 0 ']'
++ /scratch2/NCEPDEV/nwprod/NCEPLIBS/utils/prod_util.v1.1.0/exec/ndate 24 2024071000
+ IDATE=2024071100
+ '[' 2024071100 -le 2024093000 ']'
+ ECNT=0
+ IY=2024
+ IM=07
+ ID=11
+ HPSSDIR=/BMC/fdr/Permanent/2024/07/11/data/grids/nesdis/GBBEPx/0p1deg
+ HERADIR=/scratch1/BMC/gsd-fv3-dev/MAPP_2018/bhuang/JEDI-2020/JEDI-FV3/expCodes/PACEData/GBBEPx/Prep_GBBEPx_2024070100_2024093000/2024071100
+ HPSSFILE=/BMC/fdr/Permanent/2024/07/11/data/grids/nesdis/GBBEPx/0p1deg/202407110000.zip
+ [[ -d /scratch1/BMC/gsd-fv3-dev/MAPP_2018/bhuang/JEDI-2020/JEDI-FV3/expCodes/PACEData/GBBEPx/Prep_GBBEPx_2024070100_2024093000/2024071100 ]]
+ mkdir -p /scratch1/BMC/gsd-fv3-dev/MAPP_2018/bhuang/JEDI-2020/JEDI-FV3/expCodes/PACEData/GBBEPx/Prep_GBBEPx_2024070100_2024093000/2024071100
+ cd /scratch1/BMC/gsd-fv3-dev/MAPP_2018/bhuang/JEDI-2020/JEDI-FV3/expCodes/PACEData/GBBEPx/Prep_GBBEPx_2024070100_2024093000/2024071100
+ hsi 'get /BMC/fdr/Permanent/2024/07/11/data/grids/nesdis/GBBEPx/0p1deg/202407110000.zip'
[connecting to hpsscore1.fairmont.rdhpcs.noaa.gov/1217]
******************************************************************
*   Welcome to the NESCC High Performance Storage System         *
*                                                                *
*   Current HPSS version: 9.3.10                                 * 
*                                                                * 
*       Please Submit Helpdesk Request to                        *
*        rdhpcs.hpss.help@noaa.gov                               *
*                                                                *
******************************************************************
Username: Bo.Huang  UID: 10872  Acct: 10872(10872) Copies: 1 COS: 0 Firewall: off [hsi.9.3.0.p0 Thu Feb 1 17:57:19 UTC 2024] 
/BMC/fdr/Permanent/2024/07/11/data/grids/nesdis/GBBEPx/0p1deg/202407110000.zip: (md5) OK
get  '/scratch1/BMC/gsd-fv3-dev/MAPP_2018/bhuang/JEDI-2020/JEDI-FV3/expCodes/PACEData/GBBEPx/Prep_GBBEPx_2024070100_2024093000/2024071100/202407110000.zip' : '/BMC/fdr/Permanent/2024/07/11/data/grids/nesdis/GBBEPx/0p1deg/202407110000.zip' (2024/07/17 02:55:20 3841914 bytes, 164825.4 KBS )
+ ERR=0
+ ECNT=0
+ unzip 202407110000.zip
Archive:  202407110000.zip
  inflating: GBBEPx-all01GRID_v5r0_blend_s202407110000000_e202407112359590_c202407120134330.nc  
+ ERR=0
+ ECNT=0
+ '[' 0 -ne 0 ']'
++ /scratch2/NCEPDEV/nwprod/NCEPLIBS/utils/prod_util.v1.1.0/exec/ndate 24 2024071100
+ IDATE=2024071200
+ '[' 2024071200 -le 2024093000 ']'
+ ECNT=0
+ IY=2024
+ IM=07
+ ID=12
+ HPSSDIR=/BMC/fdr/Permanent/2024/07/12/data/grids/nesdis/GBBEPx/0p1deg
+ HERADIR=/scratch1/BMC/gsd-fv3-dev/MAPP_2018/bhuang/JEDI-2020/JEDI-FV3/expCodes/PACEData/GBBEPx/Prep_GBBEPx_2024070100_2024093000/2024071200
+ HPSSFILE=/BMC/fdr/Permanent/2024/07/12/data/grids/nesdis/GBBEPx/0p1deg/202407120000.zip
+ [[ -d /scratch1/BMC/gsd-fv3-dev/MAPP_2018/bhuang/JEDI-2020/JEDI-FV3/expCodes/PACEData/GBBEPx/Prep_GBBEPx_2024070100_2024093000/2024071200 ]]
+ mkdir -p /scratch1/BMC/gsd-fv3-dev/MAPP_2018/bhuang/JEDI-2020/JEDI-FV3/expCodes/PACEData/GBBEPx/Prep_GBBEPx_2024070100_2024093000/2024071200
+ cd /scratch1/BMC/gsd-fv3-dev/MAPP_2018/bhuang/JEDI-2020/JEDI-FV3/expCodes/PACEData/GBBEPx/Prep_GBBEPx_2024070100_2024093000/2024071200
+ hsi 'get /BMC/fdr/Permanent/2024/07/12/data/grids/nesdis/GBBEPx/0p1deg/202407120000.zip'
[connecting to hpsscore1.fairmont.rdhpcs.noaa.gov/1217]
******************************************************************
*   Welcome to the NESCC High Performance Storage System         *
*                                                                *
*   Current HPSS version: 9.3.10                                 * 
*                                                                * 
*       Please Submit Helpdesk Request to                        *
*        rdhpcs.hpss.help@noaa.gov                               *
*                                                                *
******************************************************************
Username: Bo.Huang  UID: 10872  Acct: 10872(10872) Copies: 1 COS: 0 Firewall: off [hsi.9.3.0.p0 Thu Feb 1 17:57:19 UTC 2024] 
/BMC/fdr/Permanent/2024/07/12/data/grids/nesdis/GBBEPx/0p1deg/202407120000.zip: (md5) OK
get  '/scratch1/BMC/gsd-fv3-dev/MAPP_2018/bhuang/JEDI-2020/JEDI-FV3/expCodes/PACEData/GBBEPx/Prep_GBBEPx_2024070100_2024093000/2024071200/202407120000.zip' : '/BMC/fdr/Permanent/2024/07/12/data/grids/nesdis/GBBEPx/0p1deg/202407120000.zip' (2024/07/18 05:41:59 3731086 bytes, 16204.6 KBS )
+ ERR=0
+ ECNT=0
+ unzip 202407120000.zip
Archive:  202407120000.zip
  inflating: GBBEPx-all01GRID_v5r0_blend_s202407120000000_e202407122359590_c202407130116470.nc  
+ ERR=0
+ ECNT=0
+ '[' 0 -ne 0 ']'
++ /scratch2/NCEPDEV/nwprod/NCEPLIBS/utils/prod_util.v1.1.0/exec/ndate 24 2024071200
+ IDATE=2024071300
+ '[' 2024071300 -le 2024093000 ']'
+ ECNT=0
+ IY=2024
+ IM=07
+ ID=13
+ HPSSDIR=/BMC/fdr/Permanent/2024/07/13/data/grids/nesdis/GBBEPx/0p1deg
+ HERADIR=/scratch1/BMC/gsd-fv3-dev/MAPP_2018/bhuang/JEDI-2020/JEDI-FV3/expCodes/PACEData/GBBEPx/Prep_GBBEPx_2024070100_2024093000/2024071300
+ HPSSFILE=/BMC/fdr/Permanent/2024/07/13/data/grids/nesdis/GBBEPx/0p1deg/202407130000.zip
+ [[ -d /scratch1/BMC/gsd-fv3-dev/MAPP_2018/bhuang/JEDI-2020/JEDI-FV3/expCodes/PACEData/GBBEPx/Prep_GBBEPx_2024070100_2024093000/2024071300 ]]
+ mkdir -p /scratch1/BMC/gsd-fv3-dev/MAPP_2018/bhuang/JEDI-2020/JEDI-FV3/expCodes/PACEData/GBBEPx/Prep_GBBEPx_2024070100_2024093000/2024071300
+ cd /scratch1/BMC/gsd-fv3-dev/MAPP_2018/bhuang/JEDI-2020/JEDI-FV3/expCodes/PACEData/GBBEPx/Prep_GBBEPx_2024070100_2024093000/2024071300
+ hsi 'get /BMC/fdr/Permanent/2024/07/13/data/grids/nesdis/GBBEPx/0p1deg/202407130000.zip'
[connecting to hpsscore1.fairmont.rdhpcs.noaa.gov/1217]
******************************************************************
*   Welcome to the NESCC High Performance Storage System         *
*                                                                *
*   Current HPSS version: 9.3.10                                 * 
*                                                                * 
*       Please Submit Helpdesk Request to                        *
*        rdhpcs.hpss.help@noaa.gov                               *
*                                                                *
******************************************************************
Username: Bo.Huang  UID: 10872  Acct: 10872(10872) Copies: 1 COS: 0 Firewall: off [hsi.9.3.0.p0 Thu Feb 1 17:57:19 UTC 2024] 
/BMC/fdr/Permanent/2024/07/13/data/grids/nesdis/GBBEPx/0p1deg/202407130000.zip: (md5) OK
get  '/scratch1/BMC/gsd-fv3-dev/MAPP_2018/bhuang/JEDI-2020/JEDI-FV3/expCodes/PACEData/GBBEPx/Prep_GBBEPx_2024070100_2024093000/2024071300/202407130000.zip' : '/BMC/fdr/Permanent/2024/07/13/data/grids/nesdis/GBBEPx/0p1deg/202407130000.zip' (2024/07/19 03:49:09 3675935 bytes, 133287.1 KBS )
+ ERR=0
+ ECNT=0
+ unzip 202407130000.zip
Archive:  202407130000.zip
  inflating: GBBEPx-all01GRID_v5r0_blend_s202407130000000_e202407132359590_c202407140337510.nc  
+ ERR=0
+ ECNT=0
+ '[' 0 -ne 0 ']'
++ /scratch2/NCEPDEV/nwprod/NCEPLIBS/utils/prod_util.v1.1.0/exec/ndate 24 2024071300
+ IDATE=2024071400
+ '[' 2024071400 -le 2024093000 ']'
+ ECNT=0
+ IY=2024
+ IM=07
+ ID=14
+ HPSSDIR=/BMC/fdr/Permanent/2024/07/14/data/grids/nesdis/GBBEPx/0p1deg
+ HERADIR=/scratch1/BMC/gsd-fv3-dev/MAPP_2018/bhuang/JEDI-2020/JEDI-FV3/expCodes/PACEData/GBBEPx/Prep_GBBEPx_2024070100_2024093000/2024071400
+ HPSSFILE=/BMC/fdr/Permanent/2024/07/14/data/grids/nesdis/GBBEPx/0p1deg/202407140000.zip
+ [[ -d /scratch1/BMC/gsd-fv3-dev/MAPP_2018/bhuang/JEDI-2020/JEDI-FV3/expCodes/PACEData/GBBEPx/Prep_GBBEPx_2024070100_2024093000/2024071400 ]]
+ mkdir -p /scratch1/BMC/gsd-fv3-dev/MAPP_2018/bhuang/JEDI-2020/JEDI-FV3/expCodes/PACEData/GBBEPx/Prep_GBBEPx_2024070100_2024093000/2024071400
+ cd /scratch1/BMC/gsd-fv3-dev/MAPP_2018/bhuang/JEDI-2020/JEDI-FV3/expCodes/PACEData/GBBEPx/Prep_GBBEPx_2024070100_2024093000/2024071400
+ hsi 'get /BMC/fdr/Permanent/2024/07/14/data/grids/nesdis/GBBEPx/0p1deg/202407140000.zip'
[connecting to hpsscore1.fairmont.rdhpcs.noaa.gov/1217]
******************************************************************
*   Welcome to the NESCC High Performance Storage System         *
*                                                                *
*   Current HPSS version: 9.3.10                                 * 
*                                                                * 
*       Please Submit Helpdesk Request to                        *
*        rdhpcs.hpss.help@noaa.gov                               *
*                                                                *
******************************************************************
Username: Bo.Huang  UID: 10872  Acct: 10872(10872) Copies: 1 COS: 0 Firewall: off [hsi.9.3.0.p0 Thu Feb 1 17:57:19 UTC 2024] 
/BMC/fdr/Permanent/2024/07/14/data/grids/nesdis/GBBEPx/0p1deg/202407140000.zip: (md5) OK
get  '/scratch1/BMC/gsd-fv3-dev/MAPP_2018/bhuang/JEDI-2020/JEDI-FV3/expCodes/PACEData/GBBEPx/Prep_GBBEPx_2024070100_2024093000/2024071400/202407140000.zip' : '/BMC/fdr/Permanent/2024/07/14/data/grids/nesdis/GBBEPx/0p1deg/202407140000.zip' (2024/07/20 01:50:35 3536440 bytes, 141849.4 KBS )
+ ERR=0
+ ECNT=0
+ unzip 202407140000.zip
Archive:  202407140000.zip
  inflating: GBBEPx-all01GRID_v5r0_blend_s202407140000000_e202407142359590_c202407150340160.nc  
+ ERR=0
+ ECNT=0
+ '[' 0 -ne 0 ']'
++ /scratch2/NCEPDEV/nwprod/NCEPLIBS/utils/prod_util.v1.1.0/exec/ndate 24 2024071400
+ IDATE=2024071500
+ '[' 2024071500 -le 2024093000 ']'
+ ECNT=0
+ IY=2024
+ IM=07
+ ID=15
+ HPSSDIR=/BMC/fdr/Permanent/2024/07/15/data/grids/nesdis/GBBEPx/0p1deg
+ HERADIR=/scratch1/BMC/gsd-fv3-dev/MAPP_2018/bhuang/JEDI-2020/JEDI-FV3/expCodes/PACEData/GBBEPx/Prep_GBBEPx_2024070100_2024093000/2024071500
+ HPSSFILE=/BMC/fdr/Permanent/2024/07/15/data/grids/nesdis/GBBEPx/0p1deg/202407150000.zip
+ [[ -d /scratch1/BMC/gsd-fv3-dev/MAPP_2018/bhuang/JEDI-2020/JEDI-FV3/expCodes/PACEData/GBBEPx/Prep_GBBEPx_2024070100_2024093000/2024071500 ]]
+ mkdir -p /scratch1/BMC/gsd-fv3-dev/MAPP_2018/bhuang/JEDI-2020/JEDI-FV3/expCodes/PACEData/GBBEPx/Prep_GBBEPx_2024070100_2024093000/2024071500
+ cd /scratch1/BMC/gsd-fv3-dev/MAPP_2018/bhuang/JEDI-2020/JEDI-FV3/expCodes/PACEData/GBBEPx/Prep_GBBEPx_2024070100_2024093000/2024071500
+ hsi 'get /BMC/fdr/Permanent/2024/07/15/data/grids/nesdis/GBBEPx/0p1deg/202407150000.zip'
[connecting to hpsscore1.fairmont.rdhpcs.noaa.gov/1217]
******************************************************************
*   Welcome to the NESCC High Performance Storage System         *
*                                                                *
*   Current HPSS version: 9.3.10                                 * 
*                                                                * 
*       Please Submit Helpdesk Request to                        *
*        rdhpcs.hpss.help@noaa.gov                               *
*                                                                *
******************************************************************
Username: Bo.Huang  UID: 10872  Acct: 10872(10872) Copies: 1 COS: 0 Firewall: off [hsi.9.3.0.p0 Thu Feb 1 17:57:19 UTC 2024] 
/BMC/fdr/Permanent/2024/07/15/data/grids/nesdis/GBBEPx/0p1deg/202407150000.zip: (md5) OK
get  '/scratch1/BMC/gsd-fv3-dev/MAPP_2018/bhuang/JEDI-2020/JEDI-FV3/expCodes/PACEData/GBBEPx/Prep_GBBEPx_2024070100_2024093000/2024071500/202407150000.zip' : '/BMC/fdr/Permanent/2024/07/15/data/grids/nesdis/GBBEPx/0p1deg/202407150000.zip' (2024/07/21 04:54:18 3784859 bytes, 151526.7 KBS )
+ ERR=0
+ ECNT=0
+ unzip 202407150000.zip
Archive:  202407150000.zip
  inflating: GBBEPx-all01GRID_v5r0_blend_s202407150000000_e202407152359590_c202407160119240.nc  
+ ERR=0
+ ECNT=0
+ '[' 0 -ne 0 ']'
++ /scratch2/NCEPDEV/nwprod/NCEPLIBS/utils/prod_util.v1.1.0/exec/ndate 24 2024071500
+ IDATE=2024071600
+ '[' 2024071600 -le 2024093000 ']'
+ ECNT=0
+ IY=2024
+ IM=07
+ ID=16
+ HPSSDIR=/BMC/fdr/Permanent/2024/07/16/data/grids/nesdis/GBBEPx/0p1deg
+ HERADIR=/scratch1/BMC/gsd-fv3-dev/MAPP_2018/bhuang/JEDI-2020/JEDI-FV3/expCodes/PACEData/GBBEPx/Prep_GBBEPx_2024070100_2024093000/2024071600
+ HPSSFILE=/BMC/fdr/Permanent/2024/07/16/data/grids/nesdis/GBBEPx/0p1deg/202407160000.zip
+ [[ -d /scratch1/BMC/gsd-fv3-dev/MAPP_2018/bhuang/JEDI-2020/JEDI-FV3/expCodes/PACEData/GBBEPx/Prep_GBBEPx_2024070100_2024093000/2024071600 ]]
+ mkdir -p /scratch1/BMC/gsd-fv3-dev/MAPP_2018/bhuang/JEDI-2020/JEDI-FV3/expCodes/PACEData/GBBEPx/Prep_GBBEPx_2024070100_2024093000/2024071600
+ cd /scratch1/BMC/gsd-fv3-dev/MAPP_2018/bhuang/JEDI-2020/JEDI-FV3/expCodes/PACEData/GBBEPx/Prep_GBBEPx_2024070100_2024093000/2024071600
+ hsi 'get /BMC/fdr/Permanent/2024/07/16/data/grids/nesdis/GBBEPx/0p1deg/202407160000.zip'
[connecting to hpsscore1.fairmont.rdhpcs.noaa.gov/1217]
******************************************************************
*   Welcome to the NESCC High Performance Storage System         *
*                                                                *
*   Current HPSS version: 9.3.10                                 * 
*                                                                * 
*       Please Submit Helpdesk Request to                        *
*        rdhpcs.hpss.help@noaa.gov                               *
*                                                                *
******************************************************************
Username: Bo.Huang  UID: 10872  Acct: 10872(10872) Copies: 1 COS: 0 Firewall: off [hsi.9.3.0.p0 Thu Feb 1 17:57:19 UTC 2024] 
/BMC/fdr/Permanent/2024/07/16/data/grids/nesdis/GBBEPx/0p1deg/202407160000.zip: (md5) OK
get  '/scratch1/BMC/gsd-fv3-dev/MAPP_2018/bhuang/JEDI-2020/JEDI-FV3/expCodes/PACEData/GBBEPx/Prep_GBBEPx_2024070100_2024093000/2024071600/202407160000.zip' : '/BMC/fdr/Permanent/2024/07/16/data/grids/nesdis/GBBEPx/0p1deg/202407160000.zip' (2024/07/22 04:47:06 3990611 bytes, 155306.4 KBS )
+ ERR=0
+ ECNT=0
+ unzip 202407160000.zip
Archive:  202407160000.zip
  inflating: GBBEPx-all01GRID_v5r0_blend_s202407160000000_e202407162359590_c202407170112190.nc  
+ ERR=0
+ ECNT=0
+ '[' 0 -ne 0 ']'
++ /scratch2/NCEPDEV/nwprod/NCEPLIBS/utils/prod_util.v1.1.0/exec/ndate 24 2024071600
+ IDATE=2024071700
+ '[' 2024071700 -le 2024093000 ']'
+ ECNT=0
+ IY=2024
+ IM=07
+ ID=17
+ HPSSDIR=/BMC/fdr/Permanent/2024/07/17/data/grids/nesdis/GBBEPx/0p1deg
+ HERADIR=/scratch1/BMC/gsd-fv3-dev/MAPP_2018/bhuang/JEDI-2020/JEDI-FV3/expCodes/PACEData/GBBEPx/Prep_GBBEPx_2024070100_2024093000/2024071700
+ HPSSFILE=/BMC/fdr/Permanent/2024/07/17/data/grids/nesdis/GBBEPx/0p1deg/202407170000.zip
+ [[ -d /scratch1/BMC/gsd-fv3-dev/MAPP_2018/bhuang/JEDI-2020/JEDI-FV3/expCodes/PACEData/GBBEPx/Prep_GBBEPx_2024070100_2024093000/2024071700 ]]
+ mkdir -p /scratch1/BMC/gsd-fv3-dev/MAPP_2018/bhuang/JEDI-2020/JEDI-FV3/expCodes/PACEData/GBBEPx/Prep_GBBEPx_2024070100_2024093000/2024071700
+ cd /scratch1/BMC/gsd-fv3-dev/MAPP_2018/bhuang/JEDI-2020/JEDI-FV3/expCodes/PACEData/GBBEPx/Prep_GBBEPx_2024070100_2024093000/2024071700
+ hsi 'get /BMC/fdr/Permanent/2024/07/17/data/grids/nesdis/GBBEPx/0p1deg/202407170000.zip'
[connecting to hpsscore1.fairmont.rdhpcs.noaa.gov/1217]
******************************************************************
*   Welcome to the NESCC High Performance Storage System         *
*                                                                *
*   Current HPSS version: 9.3.10                                 * 
*                                                                * 
*       Please Submit Helpdesk Request to                        *
*        rdhpcs.hpss.help@noaa.gov                               *
*                                                                *
******************************************************************
Username: Bo.Huang  UID: 10872  Acct: 10872(10872) Copies: 1 COS: 0 Firewall: off [hsi.9.3.0.p0 Thu Feb 1 17:57:19 UTC 2024] 
/BMC/fdr/Permanent/2024/07/17/data/grids/nesdis/GBBEPx/0p1deg/202407170000.zip: (md5) OK
get  '/scratch1/BMC/gsd-fv3-dev/MAPP_2018/bhuang/JEDI-2020/JEDI-FV3/expCodes/PACEData/GBBEPx/Prep_GBBEPx_2024070100_2024093000/2024071700/202407170000.zip' : '/BMC/fdr/Permanent/2024/07/17/data/grids/nesdis/GBBEPx/0p1deg/202407170000.zip' (2024/07/23 02:57:45 3935832 bytes, 1048997.6 KBS )
+ ERR=0
+ ECNT=0
+ unzip 202407170000.zip
Archive:  202407170000.zip
  inflating: GBBEPx-all01GRID_v5r0_blend_s202407170000000_e202407172359590_c202407180132060.nc  
+ ERR=0
+ ECNT=0
+ '[' 0 -ne 0 ']'
++ /scratch2/NCEPDEV/nwprod/NCEPLIBS/utils/prod_util.v1.1.0/exec/ndate 24 2024071700
+ IDATE=2024071800
+ '[' 2024071800 -le 2024093000 ']'
+ ECNT=0
+ IY=2024
+ IM=07
+ ID=18
+ HPSSDIR=/BMC/fdr/Permanent/2024/07/18/data/grids/nesdis/GBBEPx/0p1deg
+ HERADIR=/scratch1/BMC/gsd-fv3-dev/MAPP_2018/bhuang/JEDI-2020/JEDI-FV3/expCodes/PACEData/GBBEPx/Prep_GBBEPx_2024070100_2024093000/2024071800
+ HPSSFILE=/BMC/fdr/Permanent/2024/07/18/data/grids/nesdis/GBBEPx/0p1deg/202407180000.zip
+ [[ -d /scratch1/BMC/gsd-fv3-dev/MAPP_2018/bhuang/JEDI-2020/JEDI-FV3/expCodes/PACEData/GBBEPx/Prep_GBBEPx_2024070100_2024093000/2024071800 ]]
+ mkdir -p /scratch1/BMC/gsd-fv3-dev/MAPP_2018/bhuang/JEDI-2020/JEDI-FV3/expCodes/PACEData/GBBEPx/Prep_GBBEPx_2024070100_2024093000/2024071800
+ cd /scratch1/BMC/gsd-fv3-dev/MAPP_2018/bhuang/JEDI-2020/JEDI-FV3/expCodes/PACEData/GBBEPx/Prep_GBBEPx_2024070100_2024093000/2024071800
+ hsi 'get /BMC/fdr/Permanent/2024/07/18/data/grids/nesdis/GBBEPx/0p1deg/202407180000.zip'
[connecting to hpsscore1.fairmont.rdhpcs.noaa.gov/1217]
******************************************************************
*   Welcome to the NESCC High Performance Storage System         *
*                                                                *
*   Current HPSS version: 9.3.10                                 * 
*                                                                * 
*       Please Submit Helpdesk Request to                        *
*        rdhpcs.hpss.help@noaa.gov                               *
*                                                                *
******************************************************************
Username: Bo.Huang  UID: 10872  Acct: 10872(10872) Copies: 1 COS: 0 Firewall: off [hsi.9.3.0.p0 Thu Feb 1 17:57:19 UTC 2024] 
/BMC/fdr/Permanent/2024/07/18/data/grids/nesdis/GBBEPx/0p1deg/202407180000.zip: (md5) OK
get  '/scratch1/BMC/gsd-fv3-dev/MAPP_2018/bhuang/JEDI-2020/JEDI-FV3/expCodes/PACEData/GBBEPx/Prep_GBBEPx_2024070100_2024093000/2024071800/202407180000.zip' : '/BMC/fdr/Permanent/2024/07/18/data/grids/nesdis/GBBEPx/0p1deg/202407180000.zip' (2024/07/24 04:58:36 4171866 bytes, 1141426.9 KBS )
+ ERR=0
+ ECNT=0
+ unzip 202407180000.zip
Archive:  202407180000.zip
  inflating: GBBEPx-all01GRID_v5r0_blend_s202407180000000_e202407182359590_c202407190114290.nc  
+ ERR=0
+ ECNT=0
+ '[' 0 -ne 0 ']'
++ /scratch2/NCEPDEV/nwprod/NCEPLIBS/utils/prod_util.v1.1.0/exec/ndate 24 2024071800
+ IDATE=2024071900
+ '[' 2024071900 -le 2024093000 ']'
+ ECNT=0
+ IY=2024
+ IM=07
+ ID=19
+ HPSSDIR=/BMC/fdr/Permanent/2024/07/19/data/grids/nesdis/GBBEPx/0p1deg
+ HERADIR=/scratch1/BMC/gsd-fv3-dev/MAPP_2018/bhuang/JEDI-2020/JEDI-FV3/expCodes/PACEData/GBBEPx/Prep_GBBEPx_2024070100_2024093000/2024071900
+ HPSSFILE=/BMC/fdr/Permanent/2024/07/19/data/grids/nesdis/GBBEPx/0p1deg/202407190000.zip
+ [[ -d /scratch1/BMC/gsd-fv3-dev/MAPP_2018/bhuang/JEDI-2020/JEDI-FV3/expCodes/PACEData/GBBEPx/Prep_GBBEPx_2024070100_2024093000/2024071900 ]]
+ mkdir -p /scratch1/BMC/gsd-fv3-dev/MAPP_2018/bhuang/JEDI-2020/JEDI-FV3/expCodes/PACEData/GBBEPx/Prep_GBBEPx_2024070100_2024093000/2024071900
+ cd /scratch1/BMC/gsd-fv3-dev/MAPP_2018/bhuang/JEDI-2020/JEDI-FV3/expCodes/PACEData/GBBEPx/Prep_GBBEPx_2024070100_2024093000/2024071900
+ hsi 'get /BMC/fdr/Permanent/2024/07/19/data/grids/nesdis/GBBEPx/0p1deg/202407190000.zip'
[connecting to hpsscore1.fairmont.rdhpcs.noaa.gov/1217]
******************************************************************
*   Welcome to the NESCC High Performance Storage System         *
*                                                                *
*   Current HPSS version: 9.3.10                                 * 
*                                                                * 
*       Please Submit Helpdesk Request to                        *
*        rdhpcs.hpss.help@noaa.gov                               *
*                                                                *
******************************************************************
Username: Bo.Huang  UID: 10872  Acct: 10872(10872) Copies: 1 COS: 0 Firewall: off [hsi.9.3.0.p0 Thu Feb 1 17:57:19 UTC 2024] 
/BMC/fdr/Permanent/2024/07/19/data/grids/nesdis/GBBEPx/0p1deg/202407190000.zip: (md5) OK
get  '/scratch1/BMC/gsd-fv3-dev/MAPP_2018/bhuang/JEDI-2020/JEDI-FV3/expCodes/PACEData/GBBEPx/Prep_GBBEPx_2024070100_2024093000/2024071900/202407190000.zip' : '/BMC/fdr/Permanent/2024/07/19/data/grids/nesdis/GBBEPx/0p1deg/202407190000.zip' (2024/07/25 01:54:09 4041357 bytes, 879321.5 KBS )
+ ERR=0
+ ECNT=0
+ unzip 202407190000.zip
Archive:  202407190000.zip
  inflating: GBBEPx-all01GRID_v5r0_blend_s202407190000000_e202407192359590_c202407200345050.nc  
+ ERR=0
+ ECNT=0
+ '[' 0 -ne 0 ']'
++ /scratch2/NCEPDEV/nwprod/NCEPLIBS/utils/prod_util.v1.1.0/exec/ndate 24 2024071900
+ IDATE=2024072000
+ '[' 2024072000 -le 2024093000 ']'
+ ECNT=0
+ IY=2024
+ IM=07
+ ID=20
+ HPSSDIR=/BMC/fdr/Permanent/2024/07/20/data/grids/nesdis/GBBEPx/0p1deg
+ HERADIR=/scratch1/BMC/gsd-fv3-dev/MAPP_2018/bhuang/JEDI-2020/JEDI-FV3/expCodes/PACEData/GBBEPx/Prep_GBBEPx_2024070100_2024093000/2024072000
+ HPSSFILE=/BMC/fdr/Permanent/2024/07/20/data/grids/nesdis/GBBEPx/0p1deg/202407200000.zip
+ [[ -d /scratch1/BMC/gsd-fv3-dev/MAPP_2018/bhuang/JEDI-2020/JEDI-FV3/expCodes/PACEData/GBBEPx/Prep_GBBEPx_2024070100_2024093000/2024072000 ]]
+ mkdir -p /scratch1/BMC/gsd-fv3-dev/MAPP_2018/bhuang/JEDI-2020/JEDI-FV3/expCodes/PACEData/GBBEPx/Prep_GBBEPx_2024070100_2024093000/2024072000
+ cd /scratch1/BMC/gsd-fv3-dev/MAPP_2018/bhuang/JEDI-2020/JEDI-FV3/expCodes/PACEData/GBBEPx/Prep_GBBEPx_2024070100_2024093000/2024072000
+ hsi 'get /BMC/fdr/Permanent/2024/07/20/data/grids/nesdis/GBBEPx/0p1deg/202407200000.zip'
[connecting to hpsscore1.fairmont.rdhpcs.noaa.gov/1217]
******************************************************************
*   Welcome to the NESCC High Performance Storage System         *
*                                                                *
*   Current HPSS version: 9.3.10                                 * 
*                                                                * 
*       Please Submit Helpdesk Request to                        *
*        rdhpcs.hpss.help@noaa.gov                               *
*                                                                *
******************************************************************
Username: Bo.Huang  UID: 10872  Acct: 10872(10872) Copies: 1 COS: 0 Firewall: off [hsi.9.3.0.p0 Thu Feb 1 17:57:19 UTC 2024] 
/BMC/fdr/Permanent/2024/07/20/data/grids/nesdis/GBBEPx/0p1deg/202407200000.zip: (md5) OK
get  '/scratch1/BMC/gsd-fv3-dev/MAPP_2018/bhuang/JEDI-2020/JEDI-FV3/expCodes/PACEData/GBBEPx/Prep_GBBEPx_2024070100_2024093000/2024072000/202407200000.zip' : '/BMC/fdr/Permanent/2024/07/20/data/grids/nesdis/GBBEPx/0p1deg/202407200000.zip' (2024/07/26 03:46:19 3374264 bytes, 135632.3 KBS )
+ ERR=0
+ ECNT=0
+ unzip 202407200000.zip
Archive:  202407200000.zip
  inflating: GBBEPx-all01GRID_v5r0_blend_s202407200000000_e202407202359590_c202407210333520.nc  
+ ERR=0
+ ECNT=0
+ '[' 0 -ne 0 ']'
++ /scratch2/NCEPDEV/nwprod/NCEPLIBS/utils/prod_util.v1.1.0/exec/ndate 24 2024072000
+ IDATE=2024072100
+ '[' 2024072100 -le 2024093000 ']'
+ ECNT=0
+ IY=2024
+ IM=07
+ ID=21
+ HPSSDIR=/BMC/fdr/Permanent/2024/07/21/data/grids/nesdis/GBBEPx/0p1deg
+ HERADIR=/scratch1/BMC/gsd-fv3-dev/MAPP_2018/bhuang/JEDI-2020/JEDI-FV3/expCodes/PACEData/GBBEPx/Prep_GBBEPx_2024070100_2024093000/2024072100
+ HPSSFILE=/BMC/fdr/Permanent/2024/07/21/data/grids/nesdis/GBBEPx/0p1deg/202407210000.zip
+ [[ -d /scratch1/BMC/gsd-fv3-dev/MAPP_2018/bhuang/JEDI-2020/JEDI-FV3/expCodes/PACEData/GBBEPx/Prep_GBBEPx_2024070100_2024093000/2024072100 ]]
+ mkdir -p /scratch1/BMC/gsd-fv3-dev/MAPP_2018/bhuang/JEDI-2020/JEDI-FV3/expCodes/PACEData/GBBEPx/Prep_GBBEPx_2024070100_2024093000/2024072100
+ cd /scratch1/BMC/gsd-fv3-dev/MAPP_2018/bhuang/JEDI-2020/JEDI-FV3/expCodes/PACEData/GBBEPx/Prep_GBBEPx_2024070100_2024093000/2024072100
+ hsi 'get /BMC/fdr/Permanent/2024/07/21/data/grids/nesdis/GBBEPx/0p1deg/202407210000.zip'
[connecting to hpsscore1.fairmont.rdhpcs.noaa.gov/1217]
******************************************************************
*   Welcome to the NESCC High Performance Storage System         *
*                                                                *
*   Current HPSS version: 9.3.10                                 * 
*                                                                * 
*       Please Submit Helpdesk Request to                        *
*        rdhpcs.hpss.help@noaa.gov                               *
*                                                                *
******************************************************************
Username: Bo.Huang  UID: 10872  Acct: 10872(10872) Copies: 1 COS: 0 Firewall: off [hsi.9.3.0.p0 Thu Feb 1 17:57:19 UTC 2024] 
/BMC/fdr/Permanent/2024/07/21/data/grids/nesdis/GBBEPx/0p1deg/202407210000.zip: (md5) OK
get  '/scratch1/BMC/gsd-fv3-dev/MAPP_2018/bhuang/JEDI-2020/JEDI-FV3/expCodes/PACEData/GBBEPx/Prep_GBBEPx_2024070100_2024093000/2024072100/202407210000.zip' : '/BMC/fdr/Permanent/2024/07/21/data/grids/nesdis/GBBEPx/0p1deg/202407210000.zip' (2024/07/27 02:56:46 3638774 bytes, 149959.5 KBS )
+ ERR=0
+ ECNT=0
+ unzip 202407210000.zip
Archive:  202407210000.zip
  inflating: GBBEPx-all01GRID_v5r0_blend_s202407210000000_e202407212359590_c202407220108460.nc  
+ ERR=0
+ ECNT=0
+ '[' 0 -ne 0 ']'
++ /scratch2/NCEPDEV/nwprod/NCEPLIBS/utils/prod_util.v1.1.0/exec/ndate 24 2024072100
+ IDATE=2024072200
+ '[' 2024072200 -le 2024093000 ']'
+ ECNT=0
+ IY=2024
+ IM=07
+ ID=22
+ HPSSDIR=/BMC/fdr/Permanent/2024/07/22/data/grids/nesdis/GBBEPx/0p1deg
+ HERADIR=/scratch1/BMC/gsd-fv3-dev/MAPP_2018/bhuang/JEDI-2020/JEDI-FV3/expCodes/PACEData/GBBEPx/Prep_GBBEPx_2024070100_2024093000/2024072200
+ HPSSFILE=/BMC/fdr/Permanent/2024/07/22/data/grids/nesdis/GBBEPx/0p1deg/202407220000.zip
+ [[ -d /scratch1/BMC/gsd-fv3-dev/MAPP_2018/bhuang/JEDI-2020/JEDI-FV3/expCodes/PACEData/GBBEPx/Prep_GBBEPx_2024070100_2024093000/2024072200 ]]
+ mkdir -p /scratch1/BMC/gsd-fv3-dev/MAPP_2018/bhuang/JEDI-2020/JEDI-FV3/expCodes/PACEData/GBBEPx/Prep_GBBEPx_2024070100_2024093000/2024072200
+ cd /scratch1/BMC/gsd-fv3-dev/MAPP_2018/bhuang/JEDI-2020/JEDI-FV3/expCodes/PACEData/GBBEPx/Prep_GBBEPx_2024070100_2024093000/2024072200
+ hsi 'get /BMC/fdr/Permanent/2024/07/22/data/grids/nesdis/GBBEPx/0p1deg/202407220000.zip'
[connecting to hpsscore1.fairmont.rdhpcs.noaa.gov/1217]
******************************************************************
*   Welcome to the NESCC High Performance Storage System         *
*                                                                *
*   Current HPSS version: 9.3.10                                 * 
*                                                                * 
*       Please Submit Helpdesk Request to                        *
*        rdhpcs.hpss.help@noaa.gov                               *
*                                                                *
******************************************************************
Username: Bo.Huang  UID: 10872  Acct: 10872(10872) Copies: 1 COS: 0 Firewall: off [hsi.9.3.0.p0 Thu Feb 1 17:57:19 UTC 2024] 
/BMC/fdr/Permanent/2024/07/22/data/grids/nesdis/GBBEPx/0p1deg/202407220000.zip: (md5) OK
get  '/scratch1/BMC/gsd-fv3-dev/MAPP_2018/bhuang/JEDI-2020/JEDI-FV3/expCodes/PACEData/GBBEPx/Prep_GBBEPx_2024070100_2024093000/2024072200/202407220000.zip' : '/BMC/fdr/Permanent/2024/07/22/data/grids/nesdis/GBBEPx/0p1deg/202407220000.zip' (2024/07/28 04:01:05 3975685 bytes, 153424.3 KBS )
+ ERR=0
+ ECNT=0
+ unzip 202407220000.zip
Archive:  202407220000.zip
  inflating: GBBEPx-all01GRID_v5r0_blend_s202407220000000_e202407222359590_c202407230136570.nc  
+ ERR=0
+ ECNT=0
+ '[' 0 -ne 0 ']'
++ /scratch2/NCEPDEV/nwprod/NCEPLIBS/utils/prod_util.v1.1.0/exec/ndate 24 2024072200
+ IDATE=2024072300
+ '[' 2024072300 -le 2024093000 ']'
+ ECNT=0
+ IY=2024
+ IM=07
+ ID=23
+ HPSSDIR=/BMC/fdr/Permanent/2024/07/23/data/grids/nesdis/GBBEPx/0p1deg
+ HERADIR=/scratch1/BMC/gsd-fv3-dev/MAPP_2018/bhuang/JEDI-2020/JEDI-FV3/expCodes/PACEData/GBBEPx/Prep_GBBEPx_2024070100_2024093000/2024072300
+ HPSSFILE=/BMC/fdr/Permanent/2024/07/23/data/grids/nesdis/GBBEPx/0p1deg/202407230000.zip
+ [[ -d /scratch1/BMC/gsd-fv3-dev/MAPP_2018/bhuang/JEDI-2020/JEDI-FV3/expCodes/PACEData/GBBEPx/Prep_GBBEPx_2024070100_2024093000/2024072300 ]]
+ mkdir -p /scratch1/BMC/gsd-fv3-dev/MAPP_2018/bhuang/JEDI-2020/JEDI-FV3/expCodes/PACEData/GBBEPx/Prep_GBBEPx_2024070100_2024093000/2024072300
+ cd /scratch1/BMC/gsd-fv3-dev/MAPP_2018/bhuang/JEDI-2020/JEDI-FV3/expCodes/PACEData/GBBEPx/Prep_GBBEPx_2024070100_2024093000/2024072300
+ hsi 'get /BMC/fdr/Permanent/2024/07/23/data/grids/nesdis/GBBEPx/0p1deg/202407230000.zip'
[connecting to hpsscore1.fairmont.rdhpcs.noaa.gov/1217]
******************************************************************
*   Welcome to the NESCC High Performance Storage System         *
*                                                                *
*   Current HPSS version: 9.3.10                                 * 
*                                                                * 
*       Please Submit Helpdesk Request to                        *
*        rdhpcs.hpss.help@noaa.gov                               *
*                                                                *
******************************************************************
Username: Bo.Huang  UID: 10872  Acct: 10872(10872) Copies: 1 COS: 0 Firewall: off [hsi.9.3.0.p0 Thu Feb 1 17:57:19 UTC 2024] 
/BMC/fdr/Permanent/2024/07/23/data/grids/nesdis/GBBEPx/0p1deg/202407230000.zip: (md5) OK
get  '/scratch1/BMC/gsd-fv3-dev/MAPP_2018/bhuang/JEDI-2020/JEDI-FV3/expCodes/PACEData/GBBEPx/Prep_GBBEPx_2024070100_2024093000/2024072300/202407230000.zip' : '/BMC/fdr/Permanent/2024/07/23/data/grids/nesdis/GBBEPx/0p1deg/202407230000.zip' (2024/07/29 02:52:57 4274515 bytes, 18568.8 KBS )
+ ERR=0
+ ECNT=0
+ unzip 202407230000.zip
Archive:  202407230000.zip
  inflating: GBBEPx-all01GRID_v5r0_blend_s202407230000000_e202407232359590_c202407240120330.nc  
+ ERR=0
+ ECNT=0
+ '[' 0 -ne 0 ']'
++ /scratch2/NCEPDEV/nwprod/NCEPLIBS/utils/prod_util.v1.1.0/exec/ndate 24 2024072300
+ IDATE=2024072400
+ '[' 2024072400 -le 2024093000 ']'
+ ECNT=0
+ IY=2024
+ IM=07
+ ID=24
+ HPSSDIR=/BMC/fdr/Permanent/2024/07/24/data/grids/nesdis/GBBEPx/0p1deg
+ HERADIR=/scratch1/BMC/gsd-fv3-dev/MAPP_2018/bhuang/JEDI-2020/JEDI-FV3/expCodes/PACEData/GBBEPx/Prep_GBBEPx_2024070100_2024093000/2024072400
+ HPSSFILE=/BMC/fdr/Permanent/2024/07/24/data/grids/nesdis/GBBEPx/0p1deg/202407240000.zip
+ [[ -d /scratch1/BMC/gsd-fv3-dev/MAPP_2018/bhuang/JEDI-2020/JEDI-FV3/expCodes/PACEData/GBBEPx/Prep_GBBEPx_2024070100_2024093000/2024072400 ]]
+ mkdir -p /scratch1/BMC/gsd-fv3-dev/MAPP_2018/bhuang/JEDI-2020/JEDI-FV3/expCodes/PACEData/GBBEPx/Prep_GBBEPx_2024070100_2024093000/2024072400
+ cd /scratch1/BMC/gsd-fv3-dev/MAPP_2018/bhuang/JEDI-2020/JEDI-FV3/expCodes/PACEData/GBBEPx/Prep_GBBEPx_2024070100_2024093000/2024072400
+ hsi 'get /BMC/fdr/Permanent/2024/07/24/data/grids/nesdis/GBBEPx/0p1deg/202407240000.zip'
[connecting to hpsscore1.fairmont.rdhpcs.noaa.gov/1217]
******************************************************************
*   Welcome to the NESCC High Performance Storage System         *
*                                                                *
*   Current HPSS version: 9.3.10                                 * 
*                                                                * 
*       Please Submit Helpdesk Request to                        *
*        rdhpcs.hpss.help@noaa.gov                               *
*                                                                *
******************************************************************
Username: Bo.Huang  UID: 10872  Acct: 10872(10872) Copies: 1 COS: 0 Firewall: off [hsi.9.3.0.p0 Thu Feb 1 17:57:19 UTC 2024] 
/BMC/fdr/Permanent/2024/07/24/data/grids/nesdis/GBBEPx/0p1deg/202407240000.zip: (md5) OK
get  '/scratch1/BMC/gsd-fv3-dev/MAPP_2018/bhuang/JEDI-2020/JEDI-FV3/expCodes/PACEData/GBBEPx/Prep_GBBEPx_2024070100_2024093000/2024072400/202407240000.zip' : '/BMC/fdr/Permanent/2024/07/24/data/grids/nesdis/GBBEPx/0p1deg/202407240000.zip' (2024/07/30 04:54:40 4517046 bytes, 182631.9 KBS )
+ ERR=0
+ ECNT=0
+ unzip 202407240000.zip
Archive:  202407240000.zip
  inflating: GBBEPx-all01GRID_v5r0_blend_s202407240000000_e202407242359590_c202407250122060.nc  
+ ERR=0
+ ECNT=0
+ '[' 0 -ne 0 ']'
++ /scratch2/NCEPDEV/nwprod/NCEPLIBS/utils/prod_util.v1.1.0/exec/ndate 24 2024072400
+ IDATE=2024072500
+ '[' 2024072500 -le 2024093000 ']'
+ ECNT=0
+ IY=2024
+ IM=07
+ ID=25
+ HPSSDIR=/BMC/fdr/Permanent/2024/07/25/data/grids/nesdis/GBBEPx/0p1deg
+ HERADIR=/scratch1/BMC/gsd-fv3-dev/MAPP_2018/bhuang/JEDI-2020/JEDI-FV3/expCodes/PACEData/GBBEPx/Prep_GBBEPx_2024070100_2024093000/2024072500
+ HPSSFILE=/BMC/fdr/Permanent/2024/07/25/data/grids/nesdis/GBBEPx/0p1deg/202407250000.zip
+ [[ -d /scratch1/BMC/gsd-fv3-dev/MAPP_2018/bhuang/JEDI-2020/JEDI-FV3/expCodes/PACEData/GBBEPx/Prep_GBBEPx_2024070100_2024093000/2024072500 ]]
+ mkdir -p /scratch1/BMC/gsd-fv3-dev/MAPP_2018/bhuang/JEDI-2020/JEDI-FV3/expCodes/PACEData/GBBEPx/Prep_GBBEPx_2024070100_2024093000/2024072500
+ cd /scratch1/BMC/gsd-fv3-dev/MAPP_2018/bhuang/JEDI-2020/JEDI-FV3/expCodes/PACEData/GBBEPx/Prep_GBBEPx_2024070100_2024093000/2024072500
+ hsi 'get /BMC/fdr/Permanent/2024/07/25/data/grids/nesdis/GBBEPx/0p1deg/202407250000.zip'
[connecting to hpsscore1.fairmont.rdhpcs.noaa.gov/1217]
******************************************************************
*   Welcome to the NESCC High Performance Storage System         *
*                                                                *
*   Current HPSS version: 9.3.10                                 * 
*                                                                * 
*       Please Submit Helpdesk Request to                        *
*        rdhpcs.hpss.help@noaa.gov                               *
*                                                                *
******************************************************************
Username: Bo.Huang  UID: 10872  Acct: 10872(10872) Copies: 1 COS: 0 Firewall: off [hsi.9.3.0.p0 Thu Feb 1 17:57:19 UTC 2024] 
/BMC/fdr/Permanent/2024/07/25/data/grids/nesdis/GBBEPx/0p1deg/202407250000.zip: (md5) OK
get  '/scratch1/BMC/gsd-fv3-dev/MAPP_2018/bhuang/JEDI-2020/JEDI-FV3/expCodes/PACEData/GBBEPx/Prep_GBBEPx_2024070100_2024093000/2024072500/202407250000.zip' : '/BMC/fdr/Permanent/2024/07/25/data/grids/nesdis/GBBEPx/0p1deg/202407250000.zip' (2024/07/31 04:50:35 4409622 bytes, 180160.7 KBS )
+ ERR=0
+ ECNT=0
+ unzip 202407250000.zip
Archive:  202407250000.zip
  inflating: GBBEPx-all01GRID_v5r0_blend_s202407250000000_e202407252359590_c202407260131310.nc  
+ ERR=0
+ ECNT=0
+ '[' 0 -ne 0 ']'
++ /scratch2/NCEPDEV/nwprod/NCEPLIBS/utils/prod_util.v1.1.0/exec/ndate 24 2024072500
+ IDATE=2024072600
+ '[' 2024072600 -le 2024093000 ']'
+ ECNT=0
+ IY=2024
+ IM=07
+ ID=26
+ HPSSDIR=/BMC/fdr/Permanent/2024/07/26/data/grids/nesdis/GBBEPx/0p1deg
+ HERADIR=/scratch1/BMC/gsd-fv3-dev/MAPP_2018/bhuang/JEDI-2020/JEDI-FV3/expCodes/PACEData/GBBEPx/Prep_GBBEPx_2024070100_2024093000/2024072600
+ HPSSFILE=/BMC/fdr/Permanent/2024/07/26/data/grids/nesdis/GBBEPx/0p1deg/202407260000.zip
+ [[ -d /scratch1/BMC/gsd-fv3-dev/MAPP_2018/bhuang/JEDI-2020/JEDI-FV3/expCodes/PACEData/GBBEPx/Prep_GBBEPx_2024070100_2024093000/2024072600 ]]
+ mkdir -p /scratch1/BMC/gsd-fv3-dev/MAPP_2018/bhuang/JEDI-2020/JEDI-FV3/expCodes/PACEData/GBBEPx/Prep_GBBEPx_2024070100_2024093000/2024072600
+ cd /scratch1/BMC/gsd-fv3-dev/MAPP_2018/bhuang/JEDI-2020/JEDI-FV3/expCodes/PACEData/GBBEPx/Prep_GBBEPx_2024070100_2024093000/2024072600
+ hsi 'get /BMC/fdr/Permanent/2024/07/26/data/grids/nesdis/GBBEPx/0p1deg/202407260000.zip'
[connecting to hpsscore1.fairmont.rdhpcs.noaa.gov/1217]
******************************************************************
*   Welcome to the NESCC High Performance Storage System         *
*                                                                *
*   Current HPSS version: 9.3.10                                 * 
*                                                                * 
*       Please Submit Helpdesk Request to                        *
*        rdhpcs.hpss.help@noaa.gov                               *
*                                                                *
******************************************************************
Username: Bo.Huang  UID: 10872  Acct: 10872(10872) Copies: 1 COS: 0 Firewall: off [hsi.9.3.0.p0 Thu Feb 1 17:57:19 UTC 2024] 
/BMC/fdr/Permanent/2024/07/26/data/grids/nesdis/GBBEPx/0p1deg/202407260000.zip: (md5) OK
get  '/scratch1/BMC/gsd-fv3-dev/MAPP_2018/bhuang/JEDI-2020/JEDI-FV3/expCodes/PACEData/GBBEPx/Prep_GBBEPx_2024070100_2024093000/2024072600/202407260000.zip' : '/BMC/fdr/Permanent/2024/07/26/data/grids/nesdis/GBBEPx/0p1deg/202407260000.zip' (2024/08/01 05:43:58 4256818 bytes, 173407.6 KBS )
+ ERR=0
+ ECNT=0
+ unzip 202407260000.zip
Archive:  202407260000.zip
  inflating: GBBEPx-all01GRID_v5r0_blend_s202407260000000_e202407262359590_c202407270344520.nc  
+ ERR=0
+ ECNT=0
+ '[' 0 -ne 0 ']'
++ /scratch2/NCEPDEV/nwprod/NCEPLIBS/utils/prod_util.v1.1.0/exec/ndate 24 2024072600
+ IDATE=2024072700
+ '[' 2024072700 -le 2024093000 ']'
+ ECNT=0
+ IY=2024
+ IM=07
+ ID=27
+ HPSSDIR=/BMC/fdr/Permanent/2024/07/27/data/grids/nesdis/GBBEPx/0p1deg
+ HERADIR=/scratch1/BMC/gsd-fv3-dev/MAPP_2018/bhuang/JEDI-2020/JEDI-FV3/expCodes/PACEData/GBBEPx/Prep_GBBEPx_2024070100_2024093000/2024072700
+ HPSSFILE=/BMC/fdr/Permanent/2024/07/27/data/grids/nesdis/GBBEPx/0p1deg/202407270000.zip
+ [[ -d /scratch1/BMC/gsd-fv3-dev/MAPP_2018/bhuang/JEDI-2020/JEDI-FV3/expCodes/PACEData/GBBEPx/Prep_GBBEPx_2024070100_2024093000/2024072700 ]]
+ mkdir -p /scratch1/BMC/gsd-fv3-dev/MAPP_2018/bhuang/JEDI-2020/JEDI-FV3/expCodes/PACEData/GBBEPx/Prep_GBBEPx_2024070100_2024093000/2024072700
+ cd /scratch1/BMC/gsd-fv3-dev/MAPP_2018/bhuang/JEDI-2020/JEDI-FV3/expCodes/PACEData/GBBEPx/Prep_GBBEPx_2024070100_2024093000/2024072700
+ hsi 'get /BMC/fdr/Permanent/2024/07/27/data/grids/nesdis/GBBEPx/0p1deg/202407270000.zip'
[connecting to hpsscore1.fairmont.rdhpcs.noaa.gov/1217]
******************************************************************
*   Welcome to the NESCC High Performance Storage System         *
*                                                                *
*   Current HPSS version: 9.3.10                                 * 
*                                                                * 
*       Please Submit Helpdesk Request to                        *
*        rdhpcs.hpss.help@noaa.gov                               *
*                                                                *
******************************************************************
Username: Bo.Huang  UID: 10872  Acct: 10872(10872) Copies: 1 COS: 0 Firewall: off [hsi.9.3.0.p0 Thu Feb 1 17:57:19 UTC 2024] 
/BMC/fdr/Permanent/2024/07/27/data/grids/nesdis/GBBEPx/0p1deg/202407270000.zip: (md5) OK
get  '/scratch1/BMC/gsd-fv3-dev/MAPP_2018/bhuang/JEDI-2020/JEDI-FV3/expCodes/PACEData/GBBEPx/Prep_GBBEPx_2024070100_2024093000/2024072700/202407270000.zip' : '/BMC/fdr/Permanent/2024/07/27/data/grids/nesdis/GBBEPx/0p1deg/202407270000.zip' (2024/08/02 05:45:58 4231848 bytes, 544568.2 KBS )
+ ERR=0
+ ECNT=0
+ unzip 202407270000.zip
Archive:  202407270000.zip
  inflating: GBBEPx-all01GRID_v5r0_blend_s202407270000000_e202407272359590_c202407280344270.nc  
+ ERR=0
+ ECNT=0
+ '[' 0 -ne 0 ']'
++ /scratch2/NCEPDEV/nwprod/NCEPLIBS/utils/prod_util.v1.1.0/exec/ndate 24 2024072700
+ IDATE=2024072800
+ '[' 2024072800 -le 2024093000 ']'
+ ECNT=0
+ IY=2024
+ IM=07
+ ID=28
+ HPSSDIR=/BMC/fdr/Permanent/2024/07/28/data/grids/nesdis/GBBEPx/0p1deg
+ HERADIR=/scratch1/BMC/gsd-fv3-dev/MAPP_2018/bhuang/JEDI-2020/JEDI-FV3/expCodes/PACEData/GBBEPx/Prep_GBBEPx_2024070100_2024093000/2024072800
+ HPSSFILE=/BMC/fdr/Permanent/2024/07/28/data/grids/nesdis/GBBEPx/0p1deg/202407280000.zip
+ [[ -d /scratch1/BMC/gsd-fv3-dev/MAPP_2018/bhuang/JEDI-2020/JEDI-FV3/expCodes/PACEData/GBBEPx/Prep_GBBEPx_2024070100_2024093000/2024072800 ]]
+ mkdir -p /scratch1/BMC/gsd-fv3-dev/MAPP_2018/bhuang/JEDI-2020/JEDI-FV3/expCodes/PACEData/GBBEPx/Prep_GBBEPx_2024070100_2024093000/2024072800
+ cd /scratch1/BMC/gsd-fv3-dev/MAPP_2018/bhuang/JEDI-2020/JEDI-FV3/expCodes/PACEData/GBBEPx/Prep_GBBEPx_2024070100_2024093000/2024072800
+ hsi 'get /BMC/fdr/Permanent/2024/07/28/data/grids/nesdis/GBBEPx/0p1deg/202407280000.zip'
[connecting to hpsscore1.fairmont.rdhpcs.noaa.gov/1217]
******************************************************************
*   Welcome to the NESCC High Performance Storage System         *
*                                                                *
*   Current HPSS version: 9.3.10                                 * 
*                                                                * 
*       Please Submit Helpdesk Request to                        *
*        rdhpcs.hpss.help@noaa.gov                               *
*                                                                *
******************************************************************
Username: Bo.Huang  UID: 10872  Acct: 10872(10872) Copies: 1 COS: 0 Firewall: off [hsi.9.3.0.p0 Thu Feb 1 17:57:19 UTC 2024] 
/BMC/fdr/Permanent/2024/07/28/data/grids/nesdis/GBBEPx/0p1deg/202407280000.zip: (md5) OK
get  '/scratch1/BMC/gsd-fv3-dev/MAPP_2018/bhuang/JEDI-2020/JEDI-FV3/expCodes/PACEData/GBBEPx/Prep_GBBEPx_2024070100_2024093000/2024072800/202407280000.zip' : '/BMC/fdr/Permanent/2024/07/28/data/grids/nesdis/GBBEPx/0p1deg/202407280000.zip' (2024/08/03 03:50:25 3957433 bytes, 160977.2 KBS )
+ ERR=0
+ ECNT=0
+ unzip 202407280000.zip
Archive:  202407280000.zip
  inflating: GBBEPx-all01GRID_v5r0_blend_s202407280000000_e202407282359590_c202407290345590.nc  
+ ERR=0
+ ECNT=0
+ '[' 0 -ne 0 ']'
++ /scratch2/NCEPDEV/nwprod/NCEPLIBS/utils/prod_util.v1.1.0/exec/ndate 24 2024072800
+ IDATE=2024072900
+ '[' 2024072900 -le 2024093000 ']'
+ ECNT=0
+ IY=2024
+ IM=07
+ ID=29
+ HPSSDIR=/BMC/fdr/Permanent/2024/07/29/data/grids/nesdis/GBBEPx/0p1deg
+ HERADIR=/scratch1/BMC/gsd-fv3-dev/MAPP_2018/bhuang/JEDI-2020/JEDI-FV3/expCodes/PACEData/GBBEPx/Prep_GBBEPx_2024070100_2024093000/2024072900
+ HPSSFILE=/BMC/fdr/Permanent/2024/07/29/data/grids/nesdis/GBBEPx/0p1deg/202407290000.zip
+ [[ -d /scratch1/BMC/gsd-fv3-dev/MAPP_2018/bhuang/JEDI-2020/JEDI-FV3/expCodes/PACEData/GBBEPx/Prep_GBBEPx_2024070100_2024093000/2024072900 ]]
+ mkdir -p /scratch1/BMC/gsd-fv3-dev/MAPP_2018/bhuang/JEDI-2020/JEDI-FV3/expCodes/PACEData/GBBEPx/Prep_GBBEPx_2024070100_2024093000/2024072900
+ cd /scratch1/BMC/gsd-fv3-dev/MAPP_2018/bhuang/JEDI-2020/JEDI-FV3/expCodes/PACEData/GBBEPx/Prep_GBBEPx_2024070100_2024093000/2024072900
+ hsi 'get /BMC/fdr/Permanent/2024/07/29/data/grids/nesdis/GBBEPx/0p1deg/202407290000.zip'
[connecting to hpsscore1.fairmont.rdhpcs.noaa.gov/1217]
******************************************************************
*   Welcome to the NESCC High Performance Storage System         *
*                                                                *
*   Current HPSS version: 9.3.10                                 * 
*                                                                * 
*       Please Submit Helpdesk Request to                        *
*        rdhpcs.hpss.help@noaa.gov                               *
*                                                                *
******************************************************************
Username: Bo.Huang  UID: 10872  Acct: 10872(10872) Copies: 1 COS: 0 Firewall: off [hsi.9.3.0.p0 Thu Feb 1 17:57:19 UTC 2024] 
/BMC/fdr/Permanent/2024/07/29/data/grids/nesdis/GBBEPx/0p1deg/202407290000.zip: (md5) OK
get  '/scratch1/BMC/gsd-fv3-dev/MAPP_2018/bhuang/JEDI-2020/JEDI-FV3/expCodes/PACEData/GBBEPx/Prep_GBBEPx_2024070100_2024093000/2024072900/202407290000.zip' : '/BMC/fdr/Permanent/2024/07/29/data/grids/nesdis/GBBEPx/0p1deg/202407290000.zip' (2024/08/04 04:57:29 4210453 bytes, 174482.7 KBS )
+ ERR=0
+ ECNT=0
+ unzip 202407290000.zip
Archive:  202407290000.zip
  inflating: GBBEPx-all01GRID_v5r0_blend_s202407290000000_e202407292359590_c202407300112180.nc  
+ ERR=0
+ ECNT=0
+ '[' 0 -ne 0 ']'
++ /scratch2/NCEPDEV/nwprod/NCEPLIBS/utils/prod_util.v1.1.0/exec/ndate 24 2024072900
+ IDATE=2024073000
+ '[' 2024073000 -le 2024093000 ']'
+ ECNT=0
+ IY=2024
+ IM=07
+ ID=30
+ HPSSDIR=/BMC/fdr/Permanent/2024/07/30/data/grids/nesdis/GBBEPx/0p1deg
+ HERADIR=/scratch1/BMC/gsd-fv3-dev/MAPP_2018/bhuang/JEDI-2020/JEDI-FV3/expCodes/PACEData/GBBEPx/Prep_GBBEPx_2024070100_2024093000/2024073000
+ HPSSFILE=/BMC/fdr/Permanent/2024/07/30/data/grids/nesdis/GBBEPx/0p1deg/202407300000.zip
+ [[ -d /scratch1/BMC/gsd-fv3-dev/MAPP_2018/bhuang/JEDI-2020/JEDI-FV3/expCodes/PACEData/GBBEPx/Prep_GBBEPx_2024070100_2024093000/2024073000 ]]
+ mkdir -p /scratch1/BMC/gsd-fv3-dev/MAPP_2018/bhuang/JEDI-2020/JEDI-FV3/expCodes/PACEData/GBBEPx/Prep_GBBEPx_2024070100_2024093000/2024073000
+ cd /scratch1/BMC/gsd-fv3-dev/MAPP_2018/bhuang/JEDI-2020/JEDI-FV3/expCodes/PACEData/GBBEPx/Prep_GBBEPx_2024070100_2024093000/2024073000
+ hsi 'get /BMC/fdr/Permanent/2024/07/30/data/grids/nesdis/GBBEPx/0p1deg/202407300000.zip'
[connecting to hpsscore1.fairmont.rdhpcs.noaa.gov/1217]
******************************************************************
*   Welcome to the NESCC High Performance Storage System         *
*                                                                *
*   Current HPSS version: 9.3.10                                 * 
*                                                                * 
*       Please Submit Helpdesk Request to                        *
*        rdhpcs.hpss.help@noaa.gov                               *
*                                                                *
******************************************************************
Username: Bo.Huang  UID: 10872  Acct: 10872(10872) Copies: 1 COS: 0 Firewall: off [hsi.9.3.0.p0 Thu Feb 1 17:57:19 UTC 2024] 
/BMC/fdr/Permanent/2024/07/30/data/grids/nesdis/GBBEPx/0p1deg/202407300000.zip: (md5) OK
get  '/scratch1/BMC/gsd-fv3-dev/MAPP_2018/bhuang/JEDI-2020/JEDI-FV3/expCodes/PACEData/GBBEPx/Prep_GBBEPx_2024070100_2024093000/2024073000/202407300000.zip' : '/BMC/fdr/Permanent/2024/07/30/data/grids/nesdis/GBBEPx/0p1deg/202407300000.zip' (2024/08/05 01:57:59 4013060 bytes, 154040.4 KBS )
+ ERR=0
+ ECNT=0
+ unzip 202407300000.zip
Archive:  202407300000.zip
  inflating: GBBEPx-all01GRID_v5r0_blend_s202407300000000_e202407302359590_c202407310141010.nc  
+ ERR=0
+ ECNT=0
+ '[' 0 -ne 0 ']'
++ /scratch2/NCEPDEV/nwprod/NCEPLIBS/utils/prod_util.v1.1.0/exec/ndate 24 2024073000
+ IDATE=2024073100
+ '[' 2024073100 -le 2024093000 ']'
+ ECNT=0
+ IY=2024
+ IM=07
+ ID=31
+ HPSSDIR=/BMC/fdr/Permanent/2024/07/31/data/grids/nesdis/GBBEPx/0p1deg
+ HERADIR=/scratch1/BMC/gsd-fv3-dev/MAPP_2018/bhuang/JEDI-2020/JEDI-FV3/expCodes/PACEData/GBBEPx/Prep_GBBEPx_2024070100_2024093000/2024073100
+ HPSSFILE=/BMC/fdr/Permanent/2024/07/31/data/grids/nesdis/GBBEPx/0p1deg/202407310000.zip
+ [[ -d /scratch1/BMC/gsd-fv3-dev/MAPP_2018/bhuang/JEDI-2020/JEDI-FV3/expCodes/PACEData/GBBEPx/Prep_GBBEPx_2024070100_2024093000/2024073100 ]]
+ mkdir -p /scratch1/BMC/gsd-fv3-dev/MAPP_2018/bhuang/JEDI-2020/JEDI-FV3/expCodes/PACEData/GBBEPx/Prep_GBBEPx_2024070100_2024093000/2024073100
+ cd /scratch1/BMC/gsd-fv3-dev/MAPP_2018/bhuang/JEDI-2020/JEDI-FV3/expCodes/PACEData/GBBEPx/Prep_GBBEPx_2024070100_2024093000/2024073100
+ hsi 'get /BMC/fdr/Permanent/2024/07/31/data/grids/nesdis/GBBEPx/0p1deg/202407310000.zip'
[connecting to hpsscore1.fairmont.rdhpcs.noaa.gov/1217]
******************************************************************
*   Welcome to the NESCC High Performance Storage System         *
*                                                                *
*   Current HPSS version: 9.3.10                                 * 
*                                                                * 
*       Please Submit Helpdesk Request to                        *
*        rdhpcs.hpss.help@noaa.gov                               *
*                                                                *
******************************************************************
Username: Bo.Huang  UID: 10872  Acct: 10872(10872) Copies: 1 COS: 0 Firewall: off [hsi.9.3.0.p0 Thu Feb 1 17:57:19 UTC 2024] 
/BMC/fdr/Permanent/2024/07/31/data/grids/nesdis/GBBEPx/0p1deg/202407310000.zip: (md5) OK
get  '/scratch1/BMC/gsd-fv3-dev/MAPP_2018/bhuang/JEDI-2020/JEDI-FV3/expCodes/PACEData/GBBEPx/Prep_GBBEPx_2024070100_2024093000/2024073100/202407310000.zip' : '/BMC/fdr/Permanent/2024/07/31/data/grids/nesdis/GBBEPx/0p1deg/202407310000.zip' (2024/08/06 04:55:32 4131934 bytes, 175364.7 KBS )
+ ERR=0
+ ECNT=0
+ unzip 202407310000.zip
Archive:  202407310000.zip
  inflating: GBBEPx-all01GRID_v5r0_blend_s202407310000000_e202407312359590_c202408010124360.nc  
+ ERR=0
+ ECNT=0
+ '[' 0 -ne 0 ']'
++ /scratch2/NCEPDEV/nwprod/NCEPLIBS/utils/prod_util.v1.1.0/exec/ndate 24 2024073100
+ IDATE=2024080100
+ '[' 2024080100 -le 2024093000 ']'
+ ECNT=0
+ IY=2024
+ IM=08
+ ID=01
+ HPSSDIR=/BMC/fdr/Permanent/2024/08/01/data/grids/nesdis/GBBEPx/0p1deg
+ HERADIR=/scratch1/BMC/gsd-fv3-dev/MAPP_2018/bhuang/JEDI-2020/JEDI-FV3/expCodes/PACEData/GBBEPx/Prep_GBBEPx_2024070100_2024093000/2024080100
+ HPSSFILE=/BMC/fdr/Permanent/2024/08/01/data/grids/nesdis/GBBEPx/0p1deg/202408010000.zip
+ [[ -d /scratch1/BMC/gsd-fv3-dev/MAPP_2018/bhuang/JEDI-2020/JEDI-FV3/expCodes/PACEData/GBBEPx/Prep_GBBEPx_2024070100_2024093000/2024080100 ]]
+ mkdir -p /scratch1/BMC/gsd-fv3-dev/MAPP_2018/bhuang/JEDI-2020/JEDI-FV3/expCodes/PACEData/GBBEPx/Prep_GBBEPx_2024070100_2024093000/2024080100
+ cd /scratch1/BMC/gsd-fv3-dev/MAPP_2018/bhuang/JEDI-2020/JEDI-FV3/expCodes/PACEData/GBBEPx/Prep_GBBEPx_2024070100_2024093000/2024080100
+ hsi 'get /BMC/fdr/Permanent/2024/08/01/data/grids/nesdis/GBBEPx/0p1deg/202408010000.zip'
[connecting to hpsscore1.fairmont.rdhpcs.noaa.gov/1217]
******************************************************************
*   Welcome to the NESCC High Performance Storage System         *
*                                                                *
*   Current HPSS version: 9.3.10                                 * 
*                                                                * 
*       Please Submit Helpdesk Request to                        *
*        rdhpcs.hpss.help@noaa.gov                               *
*                                                                *
******************************************************************
Username: Bo.Huang  UID: 10872  Acct: 10872(10872) Copies: 1 COS: 0 Firewall: off [hsi.9.3.0.p0 Thu Feb 1 17:57:19 UTC 2024] 
/BMC/fdr/Permanent/2024/08/01/data/grids/nesdis/GBBEPx/0p1deg/202408010000.zip: (md5) OK
get  '/scratch1/BMC/gsd-fv3-dev/MAPP_2018/bhuang/JEDI-2020/JEDI-FV3/expCodes/PACEData/GBBEPx/Prep_GBBEPx_2024070100_2024093000/2024080100/202408010000.zip' : '/BMC/fdr/Permanent/2024/08/01/data/grids/nesdis/GBBEPx/0p1deg/202408010000.zip' (2024/08/07 06:41:53 4231778 bytes, 177708.7 KBS )
+ ERR=0
+ ECNT=0
+ unzip 202408010000.zip
Archive:  202408010000.zip
  inflating: GBBEPx-all01GRID_v5r0_blend_s202408010000000_e202408012359590_c202408020117410.nc  
+ ERR=0
+ ECNT=0
+ '[' 0 -ne 0 ']'
++ /scratch2/NCEPDEV/nwprod/NCEPLIBS/utils/prod_util.v1.1.0/exec/ndate 24 2024080100
+ IDATE=2024080200
+ '[' 2024080200 -le 2024093000 ']'
+ ECNT=0
+ IY=2024
+ IM=08
+ ID=02
+ HPSSDIR=/BMC/fdr/Permanent/2024/08/02/data/grids/nesdis/GBBEPx/0p1deg
+ HERADIR=/scratch1/BMC/gsd-fv3-dev/MAPP_2018/bhuang/JEDI-2020/JEDI-FV3/expCodes/PACEData/GBBEPx/Prep_GBBEPx_2024070100_2024093000/2024080200
+ HPSSFILE=/BMC/fdr/Permanent/2024/08/02/data/grids/nesdis/GBBEPx/0p1deg/202408020000.zip
+ [[ -d /scratch1/BMC/gsd-fv3-dev/MAPP_2018/bhuang/JEDI-2020/JEDI-FV3/expCodes/PACEData/GBBEPx/Prep_GBBEPx_2024070100_2024093000/2024080200 ]]
+ mkdir -p /scratch1/BMC/gsd-fv3-dev/MAPP_2018/bhuang/JEDI-2020/JEDI-FV3/expCodes/PACEData/GBBEPx/Prep_GBBEPx_2024070100_2024093000/2024080200
+ cd /scratch1/BMC/gsd-fv3-dev/MAPP_2018/bhuang/JEDI-2020/JEDI-FV3/expCodes/PACEData/GBBEPx/Prep_GBBEPx_2024070100_2024093000/2024080200
+ hsi 'get /BMC/fdr/Permanent/2024/08/02/data/grids/nesdis/GBBEPx/0p1deg/202408020000.zip'
[connecting to hpsscore1.fairmont.rdhpcs.noaa.gov/1217]
******************************************************************
*   Welcome to the NESCC High Performance Storage System         *
*                                                                *
*   Current HPSS version: 9.3.10                                 * 
*                                                                * 
*       Please Submit Helpdesk Request to                        *
*        rdhpcs.hpss.help@noaa.gov                               *
*                                                                *
******************************************************************
Username: Bo.Huang  UID: 10872  Acct: 10872(10872) Copies: 1 COS: 0 Firewall: off [hsi.9.3.0.p0 Thu Feb 1 17:57:19 UTC 2024] 
/BMC/fdr/Permanent/2024/08/02/data/grids/nesdis/GBBEPx/0p1deg/202408020000.zip: (md5) OK
get  '/scratch1/BMC/gsd-fv3-dev/MAPP_2018/bhuang/JEDI-2020/JEDI-FV3/expCodes/PACEData/GBBEPx/Prep_GBBEPx_2024070100_2024093000/2024080200/202408020000.zip' : '/BMC/fdr/Permanent/2024/08/02/data/grids/nesdis/GBBEPx/0p1deg/202408020000.zip' (2024/08/08 03:01:21 4433438 bytes, 570229.6 KBS )
+ ERR=0
+ ECNT=0
+ unzip 202408020000.zip
Archive:  202408020000.zip
  inflating: GBBEPx-all01GRID_v5r0_blend_s202408020000000_e202408022359590_c202408030130340.nc  
+ ERR=0
+ ECNT=0
+ '[' 0 -ne 0 ']'
++ /scratch2/NCEPDEV/nwprod/NCEPLIBS/utils/prod_util.v1.1.0/exec/ndate 24 2024080200
+ IDATE=2024080300
+ '[' 2024080300 -le 2024093000 ']'
+ ECNT=0
+ IY=2024
+ IM=08
+ ID=03
+ HPSSDIR=/BMC/fdr/Permanent/2024/08/03/data/grids/nesdis/GBBEPx/0p1deg
+ HERADIR=/scratch1/BMC/gsd-fv3-dev/MAPP_2018/bhuang/JEDI-2020/JEDI-FV3/expCodes/PACEData/GBBEPx/Prep_GBBEPx_2024070100_2024093000/2024080300
+ HPSSFILE=/BMC/fdr/Permanent/2024/08/03/data/grids/nesdis/GBBEPx/0p1deg/202408030000.zip
+ [[ -d /scratch1/BMC/gsd-fv3-dev/MAPP_2018/bhuang/JEDI-2020/JEDI-FV3/expCodes/PACEData/GBBEPx/Prep_GBBEPx_2024070100_2024093000/2024080300 ]]
+ mkdir -p /scratch1/BMC/gsd-fv3-dev/MAPP_2018/bhuang/JEDI-2020/JEDI-FV3/expCodes/PACEData/GBBEPx/Prep_GBBEPx_2024070100_2024093000/2024080300
+ cd /scratch1/BMC/gsd-fv3-dev/MAPP_2018/bhuang/JEDI-2020/JEDI-FV3/expCodes/PACEData/GBBEPx/Prep_GBBEPx_2024070100_2024093000/2024080300
+ hsi 'get /BMC/fdr/Permanent/2024/08/03/data/grids/nesdis/GBBEPx/0p1deg/202408030000.zip'
[connecting to hpsscore1.fairmont.rdhpcs.noaa.gov/1217]
******************************************************************
*   Welcome to the NESCC High Performance Storage System         *
*                                                                *
*   Current HPSS version: 9.3.10                                 * 
*                                                                * 
*       Please Submit Helpdesk Request to                        *
*        rdhpcs.hpss.help@noaa.gov                               *
*                                                                *
******************************************************************
Username: Bo.Huang  UID: 10872  Acct: 10872(10872) Copies: 1 COS: 0 Firewall: off [hsi.9.3.0.p0 Thu Feb 1 17:57:19 UTC 2024] 
/BMC/fdr/Permanent/2024/08/03/data/grids/nesdis/GBBEPx/0p1deg/202408030000.zip: (md5) OK
get  '/scratch1/BMC/gsd-fv3-dev/MAPP_2018/bhuang/JEDI-2020/JEDI-FV3/expCodes/PACEData/GBBEPx/Prep_GBBEPx_2024070100_2024093000/2024080300/202408030000.zip' : '/BMC/fdr/Permanent/2024/08/03/data/grids/nesdis/GBBEPx/0p1deg/202408030000.zip' (2024/08/09 04:47:30 4366362 bytes, 165680.7 KBS )
+ ERR=0
+ ECNT=0
+ unzip 202408030000.zip
Archive:  202408030000.zip
  inflating: GBBEPx-all01GRID_v5r0_blend_s202408030000000_e202408032359590_c202408040108550.nc  
+ ERR=0
+ ECNT=0
+ '[' 0 -ne 0 ']'
++ /scratch2/NCEPDEV/nwprod/NCEPLIBS/utils/prod_util.v1.1.0/exec/ndate 24 2024080300
+ IDATE=2024080400
+ '[' 2024080400 -le 2024093000 ']'
+ ECNT=0
+ IY=2024
+ IM=08
+ ID=04
+ HPSSDIR=/BMC/fdr/Permanent/2024/08/04/data/grids/nesdis/GBBEPx/0p1deg
+ HERADIR=/scratch1/BMC/gsd-fv3-dev/MAPP_2018/bhuang/JEDI-2020/JEDI-FV3/expCodes/PACEData/GBBEPx/Prep_GBBEPx_2024070100_2024093000/2024080400
+ HPSSFILE=/BMC/fdr/Permanent/2024/08/04/data/grids/nesdis/GBBEPx/0p1deg/202408040000.zip
+ [[ -d /scratch1/BMC/gsd-fv3-dev/MAPP_2018/bhuang/JEDI-2020/JEDI-FV3/expCodes/PACEData/GBBEPx/Prep_GBBEPx_2024070100_2024093000/2024080400 ]]
+ mkdir -p /scratch1/BMC/gsd-fv3-dev/MAPP_2018/bhuang/JEDI-2020/JEDI-FV3/expCodes/PACEData/GBBEPx/Prep_GBBEPx_2024070100_2024093000/2024080400
+ cd /scratch1/BMC/gsd-fv3-dev/MAPP_2018/bhuang/JEDI-2020/JEDI-FV3/expCodes/PACEData/GBBEPx/Prep_GBBEPx_2024070100_2024093000/2024080400
+ hsi 'get /BMC/fdr/Permanent/2024/08/04/data/grids/nesdis/GBBEPx/0p1deg/202408040000.zip'
[connecting to hpsscore1.fairmont.rdhpcs.noaa.gov/1217]
******************************************************************
*   Welcome to the NESCC High Performance Storage System         *
*                                                                *
*   Current HPSS version: 9.3.10                                 * 
*                                                                * 
*       Please Submit Helpdesk Request to                        *
*        rdhpcs.hpss.help@noaa.gov                               *
*                                                                *
******************************************************************
Username: Bo.Huang  UID: 10872  Acct: 10872(10872) Copies: 1 COS: 0 Firewall: off [hsi.9.3.0.p0 Thu Feb 1 17:57:19 UTC 2024] 
/BMC/fdr/Permanent/2024/08/04/data/grids/nesdis/GBBEPx/0p1deg/202408040000.zip: (md5) OK
get  '/scratch1/BMC/gsd-fv3-dev/MAPP_2018/bhuang/JEDI-2020/JEDI-FV3/expCodes/PACEData/GBBEPx/Prep_GBBEPx_2024070100_2024093000/2024080400/202408040000.zip' : '/BMC/fdr/Permanent/2024/08/04/data/grids/nesdis/GBBEPx/0p1deg/202408040000.zip' (2024/08/10 04:00:20 3911326 bytes, 154043.2 KBS )
+ ERR=0
+ ECNT=0
+ unzip 202408040000.zip
Archive:  202408040000.zip
  inflating: GBBEPx-all01GRID_v5r0_blend_s202408040000000_e202408042359590_c202408050133410.nc  
+ ERR=0
+ ECNT=0
+ '[' 0 -ne 0 ']'
++ /scratch2/NCEPDEV/nwprod/NCEPLIBS/utils/prod_util.v1.1.0/exec/ndate 24 2024080400
+ IDATE=2024080500
+ '[' 2024080500 -le 2024093000 ']'
+ ECNT=0
+ IY=2024
+ IM=08
+ ID=05
+ HPSSDIR=/BMC/fdr/Permanent/2024/08/05/data/grids/nesdis/GBBEPx/0p1deg
+ HERADIR=/scratch1/BMC/gsd-fv3-dev/MAPP_2018/bhuang/JEDI-2020/JEDI-FV3/expCodes/PACEData/GBBEPx/Prep_GBBEPx_2024070100_2024093000/2024080500
+ HPSSFILE=/BMC/fdr/Permanent/2024/08/05/data/grids/nesdis/GBBEPx/0p1deg/202408050000.zip
+ [[ -d /scratch1/BMC/gsd-fv3-dev/MAPP_2018/bhuang/JEDI-2020/JEDI-FV3/expCodes/PACEData/GBBEPx/Prep_GBBEPx_2024070100_2024093000/2024080500 ]]
+ mkdir -p /scratch1/BMC/gsd-fv3-dev/MAPP_2018/bhuang/JEDI-2020/JEDI-FV3/expCodes/PACEData/GBBEPx/Prep_GBBEPx_2024070100_2024093000/2024080500
+ cd /scratch1/BMC/gsd-fv3-dev/MAPP_2018/bhuang/JEDI-2020/JEDI-FV3/expCodes/PACEData/GBBEPx/Prep_GBBEPx_2024070100_2024093000/2024080500
+ hsi 'get /BMC/fdr/Permanent/2024/08/05/data/grids/nesdis/GBBEPx/0p1deg/202408050000.zip'
[connecting to hpsscore1.fairmont.rdhpcs.noaa.gov/1217]
******************************************************************
*   Welcome to the NESCC High Performance Storage System         *
*                                                                *
*   Current HPSS version: 9.3.10                                 * 
*                                                                * 
*       Please Submit Helpdesk Request to                        *
*        rdhpcs.hpss.help@noaa.gov                               *
*                                                                *
******************************************************************
Username: Bo.Huang  UID: 10872  Acct: 10872(10872) Copies: 1 COS: 0 Firewall: off [hsi.9.3.0.p0 Thu Feb 1 17:57:19 UTC 2024] 
/BMC/fdr/Permanent/2024/08/05/data/grids/nesdis/GBBEPx/0p1deg/202408050000.zip: (md5) OK
get  '/scratch1/BMC/gsd-fv3-dev/MAPP_2018/bhuang/JEDI-2020/JEDI-FV3/expCodes/PACEData/GBBEPx/Prep_GBBEPx_2024070100_2024093000/2024080500/202408050000.zip' : '/BMC/fdr/Permanent/2024/08/05/data/grids/nesdis/GBBEPx/0p1deg/202408050000.zip' (2024/08/11 03:48:59 4135350 bytes, 492893.3 KBS )
+ ERR=0
+ ECNT=0
+ unzip 202408050000.zip
Archive:  202408050000.zip
  inflating: GBBEPx-all01GRID_v5r0_blend_s202408050000000_e202408052359590_c202408060201470.nc  
+ ERR=0
+ ECNT=0
+ '[' 0 -ne 0 ']'
++ /scratch2/NCEPDEV/nwprod/NCEPLIBS/utils/prod_util.v1.1.0/exec/ndate 24 2024080500
+ IDATE=2024080600
+ '[' 2024080600 -le 2024093000 ']'
+ ECNT=0
+ IY=2024
+ IM=08
+ ID=06
+ HPSSDIR=/BMC/fdr/Permanent/2024/08/06/data/grids/nesdis/GBBEPx/0p1deg
+ HERADIR=/scratch1/BMC/gsd-fv3-dev/MAPP_2018/bhuang/JEDI-2020/JEDI-FV3/expCodes/PACEData/GBBEPx/Prep_GBBEPx_2024070100_2024093000/2024080600
+ HPSSFILE=/BMC/fdr/Permanent/2024/08/06/data/grids/nesdis/GBBEPx/0p1deg/202408060000.zip
+ [[ -d /scratch1/BMC/gsd-fv3-dev/MAPP_2018/bhuang/JEDI-2020/JEDI-FV3/expCodes/PACEData/GBBEPx/Prep_GBBEPx_2024070100_2024093000/2024080600 ]]
+ mkdir -p /scratch1/BMC/gsd-fv3-dev/MAPP_2018/bhuang/JEDI-2020/JEDI-FV3/expCodes/PACEData/GBBEPx/Prep_GBBEPx_2024070100_2024093000/2024080600
+ cd /scratch1/BMC/gsd-fv3-dev/MAPP_2018/bhuang/JEDI-2020/JEDI-FV3/expCodes/PACEData/GBBEPx/Prep_GBBEPx_2024070100_2024093000/2024080600
+ hsi 'get /BMC/fdr/Permanent/2024/08/06/data/grids/nesdis/GBBEPx/0p1deg/202408060000.zip'
[connecting to hpsscore1.fairmont.rdhpcs.noaa.gov/1217]
******************************************************************
*   Welcome to the NESCC High Performance Storage System         *
*                                                                *
*   Current HPSS version: 9.3.10                                 * 
*                                                                * 
*       Please Submit Helpdesk Request to                        *
*        rdhpcs.hpss.help@noaa.gov                               *
*                                                                *
******************************************************************
Username: Bo.Huang  UID: 10872  Acct: 10872(10872) Copies: 1 COS: 0 Firewall: off [hsi.9.3.0.p0 Thu Feb 1 17:57:19 UTC 2024] 
/BMC/fdr/Permanent/2024/08/06/data/grids/nesdis/GBBEPx/0p1deg/202408060000.zip: (md5) OK
get  '/scratch1/BMC/gsd-fv3-dev/MAPP_2018/bhuang/JEDI-2020/JEDI-FV3/expCodes/PACEData/GBBEPx/Prep_GBBEPx_2024070100_2024093000/2024080600/202408060000.zip' : '/BMC/fdr/Permanent/2024/08/06/data/grids/nesdis/GBBEPx/0p1deg/202408060000.zip' (2024/08/12 04:46:47 4326168 bytes, 169959.9 KBS )
+ ERR=0
+ ECNT=0
+ unzip 202408060000.zip
Archive:  202408060000.zip
  inflating: GBBEPx-all01GRID_v5r0_blend_s202408060000000_e202408062359590_c202408070118540.nc  
+ ERR=0
+ ECNT=0
+ '[' 0 -ne 0 ']'
++ /scratch2/NCEPDEV/nwprod/NCEPLIBS/utils/prod_util.v1.1.0/exec/ndate 24 2024080600
+ IDATE=2024080700
+ '[' 2024080700 -le 2024093000 ']'
+ ECNT=0
+ IY=2024
+ IM=08
+ ID=07
+ HPSSDIR=/BMC/fdr/Permanent/2024/08/07/data/grids/nesdis/GBBEPx/0p1deg
+ HERADIR=/scratch1/BMC/gsd-fv3-dev/MAPP_2018/bhuang/JEDI-2020/JEDI-FV3/expCodes/PACEData/GBBEPx/Prep_GBBEPx_2024070100_2024093000/2024080700
+ HPSSFILE=/BMC/fdr/Permanent/2024/08/07/data/grids/nesdis/GBBEPx/0p1deg/202408070000.zip
+ [[ -d /scratch1/BMC/gsd-fv3-dev/MAPP_2018/bhuang/JEDI-2020/JEDI-FV3/expCodes/PACEData/GBBEPx/Prep_GBBEPx_2024070100_2024093000/2024080700 ]]
+ mkdir -p /scratch1/BMC/gsd-fv3-dev/MAPP_2018/bhuang/JEDI-2020/JEDI-FV3/expCodes/PACEData/GBBEPx/Prep_GBBEPx_2024070100_2024093000/2024080700
+ cd /scratch1/BMC/gsd-fv3-dev/MAPP_2018/bhuang/JEDI-2020/JEDI-FV3/expCodes/PACEData/GBBEPx/Prep_GBBEPx_2024070100_2024093000/2024080700
+ hsi 'get /BMC/fdr/Permanent/2024/08/07/data/grids/nesdis/GBBEPx/0p1deg/202408070000.zip'
[connecting to hpsscore1.fairmont.rdhpcs.noaa.gov/1217]
******************************************************************
*   Welcome to the NESCC High Performance Storage System         *
*                                                                *
*   Current HPSS version: 9.3.10                                 * 
*                                                                * 
*       Please Submit Helpdesk Request to                        *
*        rdhpcs.hpss.help@noaa.gov                               *
*                                                                *
******************************************************************
Username: Bo.Huang  UID: 10872  Acct: 10872(10872) Copies: 1 COS: 0 Firewall: off [hsi.9.3.0.p0 Thu Feb 1 17:57:19 UTC 2024] 
/BMC/fdr/Permanent/2024/08/07/data/grids/nesdis/GBBEPx/0p1deg/202408070000.zip: (md5) OK
get  '/scratch1/BMC/gsd-fv3-dev/MAPP_2018/bhuang/JEDI-2020/JEDI-FV3/expCodes/PACEData/GBBEPx/Prep_GBBEPx_2024070100_2024093000/2024080700/202408070000.zip' : '/BMC/fdr/Permanent/2024/08/07/data/grids/nesdis/GBBEPx/0p1deg/202408070000.zip' (2024/08/13 02:51:45 4338717 bytes, 171871.2 KBS )
+ ERR=0
+ ECNT=0
+ unzip 202408070000.zip
Archive:  202408070000.zip
  inflating: GBBEPx-all01GRID_v5r0_blend_s202408070000000_e202408072359590_c202408080138450.nc  
+ ERR=0
+ ECNT=0
+ '[' 0 -ne 0 ']'
++ /scratch2/NCEPDEV/nwprod/NCEPLIBS/utils/prod_util.v1.1.0/exec/ndate 24 2024080700
+ IDATE=2024080800
+ '[' 2024080800 -le 2024093000 ']'
+ ECNT=0
+ IY=2024
+ IM=08
+ ID=08
+ HPSSDIR=/BMC/fdr/Permanent/2024/08/08/data/grids/nesdis/GBBEPx/0p1deg
+ HERADIR=/scratch1/BMC/gsd-fv3-dev/MAPP_2018/bhuang/JEDI-2020/JEDI-FV3/expCodes/PACEData/GBBEPx/Prep_GBBEPx_2024070100_2024093000/2024080800
+ HPSSFILE=/BMC/fdr/Permanent/2024/08/08/data/grids/nesdis/GBBEPx/0p1deg/202408080000.zip
+ [[ -d /scratch1/BMC/gsd-fv3-dev/MAPP_2018/bhuang/JEDI-2020/JEDI-FV3/expCodes/PACEData/GBBEPx/Prep_GBBEPx_2024070100_2024093000/2024080800 ]]
+ mkdir -p /scratch1/BMC/gsd-fv3-dev/MAPP_2018/bhuang/JEDI-2020/JEDI-FV3/expCodes/PACEData/GBBEPx/Prep_GBBEPx_2024070100_2024093000/2024080800
+ cd /scratch1/BMC/gsd-fv3-dev/MAPP_2018/bhuang/JEDI-2020/JEDI-FV3/expCodes/PACEData/GBBEPx/Prep_GBBEPx_2024070100_2024093000/2024080800
+ hsi 'get /BMC/fdr/Permanent/2024/08/08/data/grids/nesdis/GBBEPx/0p1deg/202408080000.zip'
[connecting to hpsscore1.fairmont.rdhpcs.noaa.gov/1217]
******************************************************************
*   Welcome to the NESCC High Performance Storage System         *
*                                                                *
*   Current HPSS version: 9.3.10                                 * 
*                                                                * 
*       Please Submit Helpdesk Request to                        *
*        rdhpcs.hpss.help@noaa.gov                               *
*                                                                *
******************************************************************
Username: Bo.Huang  UID: 10872  Acct: 10872(10872) Copies: 1 COS: 0 Firewall: off [hsi.9.3.0.p0 Thu Feb 1 17:57:19 UTC 2024] 
/BMC/fdr/Permanent/2024/08/08/data/grids/nesdis/GBBEPx/0p1deg/202408080000.zip: (md5) OK
get  '/scratch1/BMC/gsd-fv3-dev/MAPP_2018/bhuang/JEDI-2020/JEDI-FV3/expCodes/PACEData/GBBEPx/Prep_GBBEPx_2024070100_2024093000/2024080800/202408080000.zip' : '/BMC/fdr/Permanent/2024/08/08/data/grids/nesdis/GBBEPx/0p1deg/202408080000.zip' (2024/08/14 03:51:05 4266192 bytes, 1112377.6 KBS )
+ ERR=0
+ ECNT=0
+ unzip 202408080000.zip
Archive:  202408080000.zip
  inflating: GBBEPx-all01GRID_v5r0_blend_s202408080000000_e202408082359590_c202408090120220.nc  
+ ERR=0
+ ECNT=0
+ '[' 0 -ne 0 ']'
++ /scratch2/NCEPDEV/nwprod/NCEPLIBS/utils/prod_util.v1.1.0/exec/ndate 24 2024080800
+ IDATE=2024080900
+ '[' 2024080900 -le 2024093000 ']'
+ ECNT=0
+ IY=2024
+ IM=08
+ ID=09
+ HPSSDIR=/BMC/fdr/Permanent/2024/08/09/data/grids/nesdis/GBBEPx/0p1deg
+ HERADIR=/scratch1/BMC/gsd-fv3-dev/MAPP_2018/bhuang/JEDI-2020/JEDI-FV3/expCodes/PACEData/GBBEPx/Prep_GBBEPx_2024070100_2024093000/2024080900
+ HPSSFILE=/BMC/fdr/Permanent/2024/08/09/data/grids/nesdis/GBBEPx/0p1deg/202408090000.zip
+ [[ -d /scratch1/BMC/gsd-fv3-dev/MAPP_2018/bhuang/JEDI-2020/JEDI-FV3/expCodes/PACEData/GBBEPx/Prep_GBBEPx_2024070100_2024093000/2024080900 ]]
+ mkdir -p /scratch1/BMC/gsd-fv3-dev/MAPP_2018/bhuang/JEDI-2020/JEDI-FV3/expCodes/PACEData/GBBEPx/Prep_GBBEPx_2024070100_2024093000/2024080900
+ cd /scratch1/BMC/gsd-fv3-dev/MAPP_2018/bhuang/JEDI-2020/JEDI-FV3/expCodes/PACEData/GBBEPx/Prep_GBBEPx_2024070100_2024093000/2024080900
+ hsi 'get /BMC/fdr/Permanent/2024/08/09/data/grids/nesdis/GBBEPx/0p1deg/202408090000.zip'
[connecting to hpsscore1.fairmont.rdhpcs.noaa.gov/1217]
******************************************************************
*   Welcome to the NESCC High Performance Storage System         *
*                                                                *
*   Current HPSS version: 9.3.10                                 * 
*                                                                * 
*       Please Submit Helpdesk Request to                        *
*        rdhpcs.hpss.help@noaa.gov                               *
*                                                                *
******************************************************************
Username: Bo.Huang  UID: 10872  Acct: 10872(10872) Copies: 1 COS: 0 Firewall: off [hsi.9.3.0.p0 Thu Feb 1 17:57:19 UTC 2024] 
/BMC/fdr/Permanent/2024/08/09/data/grids/nesdis/GBBEPx/0p1deg/202408090000.zip: (md5) OK
get  '/scratch1/BMC/gsd-fv3-dev/MAPP_2018/bhuang/JEDI-2020/JEDI-FV3/expCodes/PACEData/GBBEPx/Prep_GBBEPx_2024070100_2024093000/2024080900/202408090000.zip' : '/BMC/fdr/Permanent/2024/08/09/data/grids/nesdis/GBBEPx/0p1deg/202408090000.zip' (2024/08/15 02:55:37 4317514 bytes, 141599.1 KBS )
+ ERR=0
+ ECNT=0
+ unzip 202408090000.zip
Archive:  202408090000.zip
  inflating: GBBEPx-all01GRID_v5r0_blend_s202408090000000_e202408092359590_c202408100116210.nc  
+ ERR=0
+ ECNT=0
+ '[' 0 -ne 0 ']'
++ /scratch2/NCEPDEV/nwprod/NCEPLIBS/utils/prod_util.v1.1.0/exec/ndate 24 2024080900
+ IDATE=2024081000
+ '[' 2024081000 -le 2024093000 ']'
+ ECNT=0
+ IY=2024
+ IM=08
+ ID=10
+ HPSSDIR=/BMC/fdr/Permanent/2024/08/10/data/grids/nesdis/GBBEPx/0p1deg
+ HERADIR=/scratch1/BMC/gsd-fv3-dev/MAPP_2018/bhuang/JEDI-2020/JEDI-FV3/expCodes/PACEData/GBBEPx/Prep_GBBEPx_2024070100_2024093000/2024081000
+ HPSSFILE=/BMC/fdr/Permanent/2024/08/10/data/grids/nesdis/GBBEPx/0p1deg/202408100000.zip
+ [[ -d /scratch1/BMC/gsd-fv3-dev/MAPP_2018/bhuang/JEDI-2020/JEDI-FV3/expCodes/PACEData/GBBEPx/Prep_GBBEPx_2024070100_2024093000/2024081000 ]]
+ mkdir -p /scratch1/BMC/gsd-fv3-dev/MAPP_2018/bhuang/JEDI-2020/JEDI-FV3/expCodes/PACEData/GBBEPx/Prep_GBBEPx_2024070100_2024093000/2024081000
+ cd /scratch1/BMC/gsd-fv3-dev/MAPP_2018/bhuang/JEDI-2020/JEDI-FV3/expCodes/PACEData/GBBEPx/Prep_GBBEPx_2024070100_2024093000/2024081000
+ hsi 'get /BMC/fdr/Permanent/2024/08/10/data/grids/nesdis/GBBEPx/0p1deg/202408100000.zip'
[connecting to hpsscore1.fairmont.rdhpcs.noaa.gov/1217]
******************************************************************
*   Welcome to the NESCC High Performance Storage System         *
*                                                                *
*   Current HPSS version: 9.3.10                                 * 
*                                                                * 
*       Please Submit Helpdesk Request to                        *
*        rdhpcs.hpss.help@noaa.gov                               *
*                                                                *
******************************************************************
Username: Bo.Huang  UID: 10872  Acct: 10872(10872) Copies: 1 COS: 0 Firewall: off [hsi.9.3.0.p0 Thu Feb 1 17:57:19 UTC 2024] 
/BMC/fdr/Permanent/2024/08/10/data/grids/nesdis/GBBEPx/0p1deg/202408100000.zip: (md5) OK
get  '/scratch1/BMC/gsd-fv3-dev/MAPP_2018/bhuang/JEDI-2020/JEDI-FV3/expCodes/PACEData/GBBEPx/Prep_GBBEPx_2024070100_2024093000/2024081000/202408100000.zip' : '/BMC/fdr/Permanent/2024/08/10/data/grids/nesdis/GBBEPx/0p1deg/202408100000.zip' (2024/08/16 03:52:04 4360767 bytes, 158666.0 KBS )
+ ERR=0
+ ECNT=0
+ unzip 202408100000.zip
Archive:  202408100000.zip
  inflating: GBBEPx-all01GRID_v5r0_blend_s202408100000000_e202408102359590_c202408110129430.nc  
+ ERR=0
+ ECNT=0
+ '[' 0 -ne 0 ']'
++ /scratch2/NCEPDEV/nwprod/NCEPLIBS/utils/prod_util.v1.1.0/exec/ndate 24 2024081000
+ IDATE=2024081100
+ '[' 2024081100 -le 2024093000 ']'
+ ECNT=0
+ IY=2024
+ IM=08
+ ID=11
+ HPSSDIR=/BMC/fdr/Permanent/2024/08/11/data/grids/nesdis/GBBEPx/0p1deg
+ HERADIR=/scratch1/BMC/gsd-fv3-dev/MAPP_2018/bhuang/JEDI-2020/JEDI-FV3/expCodes/PACEData/GBBEPx/Prep_GBBEPx_2024070100_2024093000/2024081100
+ HPSSFILE=/BMC/fdr/Permanent/2024/08/11/data/grids/nesdis/GBBEPx/0p1deg/202408110000.zip
+ [[ -d /scratch1/BMC/gsd-fv3-dev/MAPP_2018/bhuang/JEDI-2020/JEDI-FV3/expCodes/PACEData/GBBEPx/Prep_GBBEPx_2024070100_2024093000/2024081100 ]]
+ mkdir -p /scratch1/BMC/gsd-fv3-dev/MAPP_2018/bhuang/JEDI-2020/JEDI-FV3/expCodes/PACEData/GBBEPx/Prep_GBBEPx_2024070100_2024093000/2024081100
+ cd /scratch1/BMC/gsd-fv3-dev/MAPP_2018/bhuang/JEDI-2020/JEDI-FV3/expCodes/PACEData/GBBEPx/Prep_GBBEPx_2024070100_2024093000/2024081100
+ hsi 'get /BMC/fdr/Permanent/2024/08/11/data/grids/nesdis/GBBEPx/0p1deg/202408110000.zip'
[connecting to hpsscore1.fairmont.rdhpcs.noaa.gov/1217]
******************************************************************
*   Welcome to the NESCC High Performance Storage System         *
*                                                                *
*   Current HPSS version: 9.3.10                                 * 
*                                                                * 
*       Please Submit Helpdesk Request to                        *
*        rdhpcs.hpss.help@noaa.gov                               *
*                                                                *
******************************************************************
Username: Bo.Huang  UID: 10872  Acct: 10872(10872) Copies: 1 COS: 0 Firewall: off [hsi.9.3.0.p0 Thu Feb 1 17:57:19 UTC 2024] 
/BMC/fdr/Permanent/2024/08/11/data/grids/nesdis/GBBEPx/0p1deg/202408110000.zip: (md5) OK
get  '/scratch1/BMC/gsd-fv3-dev/MAPP_2018/bhuang/JEDI-2020/JEDI-FV3/expCodes/PACEData/GBBEPx/Prep_GBBEPx_2024070100_2024093000/2024081100/202408110000.zip' : '/BMC/fdr/Permanent/2024/08/11/data/grids/nesdis/GBBEPx/0p1deg/202408110000.zip' (2024/08/17 03:04:09 4070856 bytes, 173154.4 KBS )
+ ERR=0
+ ECNT=0
+ unzip 202408110000.zip
Archive:  202408110000.zip
  inflating: GBBEPx-all01GRID_v5r0_blend_s202408110000000_e202408112359590_c202408120113370.nc  
+ ERR=0
+ ECNT=0
+ '[' 0 -ne 0 ']'
++ /scratch2/NCEPDEV/nwprod/NCEPLIBS/utils/prod_util.v1.1.0/exec/ndate 24 2024081100
+ IDATE=2024081200
+ '[' 2024081200 -le 2024093000 ']'
+ ECNT=0
+ IY=2024
+ IM=08
+ ID=12
+ HPSSDIR=/BMC/fdr/Permanent/2024/08/12/data/grids/nesdis/GBBEPx/0p1deg
+ HERADIR=/scratch1/BMC/gsd-fv3-dev/MAPP_2018/bhuang/JEDI-2020/JEDI-FV3/expCodes/PACEData/GBBEPx/Prep_GBBEPx_2024070100_2024093000/2024081200
+ HPSSFILE=/BMC/fdr/Permanent/2024/08/12/data/grids/nesdis/GBBEPx/0p1deg/202408120000.zip
+ [[ -d /scratch1/BMC/gsd-fv3-dev/MAPP_2018/bhuang/JEDI-2020/JEDI-FV3/expCodes/PACEData/GBBEPx/Prep_GBBEPx_2024070100_2024093000/2024081200 ]]
+ mkdir -p /scratch1/BMC/gsd-fv3-dev/MAPP_2018/bhuang/JEDI-2020/JEDI-FV3/expCodes/PACEData/GBBEPx/Prep_GBBEPx_2024070100_2024093000/2024081200
+ cd /scratch1/BMC/gsd-fv3-dev/MAPP_2018/bhuang/JEDI-2020/JEDI-FV3/expCodes/PACEData/GBBEPx/Prep_GBBEPx_2024070100_2024093000/2024081200
+ hsi 'get /BMC/fdr/Permanent/2024/08/12/data/grids/nesdis/GBBEPx/0p1deg/202408120000.zip'
[connecting to hpsscore1.fairmont.rdhpcs.noaa.gov/1217]
******************************************************************
*   Welcome to the NESCC High Performance Storage System         *
*                                                                *
*   Current HPSS version: 9.3.10                                 * 
*                                                                * 
*       Please Submit Helpdesk Request to                        *
*        rdhpcs.hpss.help@noaa.gov                               *
*                                                                *
******************************************************************
Username: Bo.Huang  UID: 10872  Acct: 10872(10872) Copies: 1 COS: 0 Firewall: off [hsi.9.3.0.p0 Thu Feb 1 17:57:19 UTC 2024] 
/BMC/fdr/Permanent/2024/08/12/data/grids/nesdis/GBBEPx/0p1deg/202408120000.zip: (md5) OK
get  '/scratch1/BMC/gsd-fv3-dev/MAPP_2018/bhuang/JEDI-2020/JEDI-FV3/expCodes/PACEData/GBBEPx/Prep_GBBEPx_2024070100_2024093000/2024081200/202408120000.zip' : '/BMC/fdr/Permanent/2024/08/12/data/grids/nesdis/GBBEPx/0p1deg/202408120000.zip' (2024/08/18 02:59:34 4589442 bytes, 1123206.6 KBS )
+ ERR=0
+ ECNT=0
+ unzip 202408120000.zip
Archive:  202408120000.zip
  inflating: GBBEPx-all01GRID_v5r0_blend_s202408120000000_e202408122359590_c202408130140510.nc  
+ ERR=0
+ ECNT=0
+ '[' 0 -ne 0 ']'
++ /scratch2/NCEPDEV/nwprod/NCEPLIBS/utils/prod_util.v1.1.0/exec/ndate 24 2024081200
+ IDATE=2024081300
+ '[' 2024081300 -le 2024093000 ']'
+ ECNT=0
+ IY=2024
+ IM=08
+ ID=13
+ HPSSDIR=/BMC/fdr/Permanent/2024/08/13/data/grids/nesdis/GBBEPx/0p1deg
+ HERADIR=/scratch1/BMC/gsd-fv3-dev/MAPP_2018/bhuang/JEDI-2020/JEDI-FV3/expCodes/PACEData/GBBEPx/Prep_GBBEPx_2024070100_2024093000/2024081300
+ HPSSFILE=/BMC/fdr/Permanent/2024/08/13/data/grids/nesdis/GBBEPx/0p1deg/202408130000.zip
+ [[ -d /scratch1/BMC/gsd-fv3-dev/MAPP_2018/bhuang/JEDI-2020/JEDI-FV3/expCodes/PACEData/GBBEPx/Prep_GBBEPx_2024070100_2024093000/2024081300 ]]
+ mkdir -p /scratch1/BMC/gsd-fv3-dev/MAPP_2018/bhuang/JEDI-2020/JEDI-FV3/expCodes/PACEData/GBBEPx/Prep_GBBEPx_2024070100_2024093000/2024081300
+ cd /scratch1/BMC/gsd-fv3-dev/MAPP_2018/bhuang/JEDI-2020/JEDI-FV3/expCodes/PACEData/GBBEPx/Prep_GBBEPx_2024070100_2024093000/2024081300
+ hsi 'get /BMC/fdr/Permanent/2024/08/13/data/grids/nesdis/GBBEPx/0p1deg/202408130000.zip'
[connecting to hpsscore1.fairmont.rdhpcs.noaa.gov/1217]
******************************************************************
*   Welcome to the NESCC High Performance Storage System         *
*                                                                *
*   Current HPSS version: 9.3.10                                 * 
*                                                                * 
*       Please Submit Helpdesk Request to                        *
*        rdhpcs.hpss.help@noaa.gov                               *
*                                                                *
******************************************************************
Username: Bo.Huang  UID: 10872  Acct: 10872(10872) Copies: 1 COS: 0 Firewall: off [hsi.9.3.0.p0 Thu Feb 1 17:57:19 UTC 2024] 
/BMC/fdr/Permanent/2024/08/13/data/grids/nesdis/GBBEPx/0p1deg/202408130000.zip: (md5) OK
get  '/scratch1/BMC/gsd-fv3-dev/MAPP_2018/bhuang/JEDI-2020/JEDI-FV3/expCodes/PACEData/GBBEPx/Prep_GBBEPx_2024070100_2024093000/2024081300/202408130000.zip' : '/BMC/fdr/Permanent/2024/08/13/data/grids/nesdis/GBBEPx/0p1deg/202408130000.zip' (2024/08/19 03:51:28 4718601 bytes, 180872.5 KBS )
+ ERR=0
+ ECNT=0
+ unzip 202408130000.zip
Archive:  202408130000.zip
  inflating: GBBEPx-all01GRID_v5r0_blend_s202408130000000_e202408132359590_c202408140126350.nc  
+ ERR=0
+ ECNT=0
+ '[' 0 -ne 0 ']'
++ /scratch2/NCEPDEV/nwprod/NCEPLIBS/utils/prod_util.v1.1.0/exec/ndate 24 2024081300
+ IDATE=2024081400
+ '[' 2024081400 -le 2024093000 ']'
+ ECNT=0
+ IY=2024
+ IM=08
+ ID=14
+ HPSSDIR=/BMC/fdr/Permanent/2024/08/14/data/grids/nesdis/GBBEPx/0p1deg
+ HERADIR=/scratch1/BMC/gsd-fv3-dev/MAPP_2018/bhuang/JEDI-2020/JEDI-FV3/expCodes/PACEData/GBBEPx/Prep_GBBEPx_2024070100_2024093000/2024081400
+ HPSSFILE=/BMC/fdr/Permanent/2024/08/14/data/grids/nesdis/GBBEPx/0p1deg/202408140000.zip
+ [[ -d /scratch1/BMC/gsd-fv3-dev/MAPP_2018/bhuang/JEDI-2020/JEDI-FV3/expCodes/PACEData/GBBEPx/Prep_GBBEPx_2024070100_2024093000/2024081400 ]]
+ mkdir -p /scratch1/BMC/gsd-fv3-dev/MAPP_2018/bhuang/JEDI-2020/JEDI-FV3/expCodes/PACEData/GBBEPx/Prep_GBBEPx_2024070100_2024093000/2024081400
+ cd /scratch1/BMC/gsd-fv3-dev/MAPP_2018/bhuang/JEDI-2020/JEDI-FV3/expCodes/PACEData/GBBEPx/Prep_GBBEPx_2024070100_2024093000/2024081400
+ hsi 'get /BMC/fdr/Permanent/2024/08/14/data/grids/nesdis/GBBEPx/0p1deg/202408140000.zip'
[connecting to hpsscore1.fairmont.rdhpcs.noaa.gov/1217]
******************************************************************
*   Welcome to the NESCC High Performance Storage System         *
*                                                                *
*   Current HPSS version: 9.3.10                                 * 
*                                                                * 
*       Please Submit Helpdesk Request to                        *
*        rdhpcs.hpss.help@noaa.gov                               *
*                                                                *
******************************************************************
Username: Bo.Huang  UID: 10872  Acct: 10872(10872) Copies: 1 COS: 0 Firewall: off [hsi.9.3.0.p0 Thu Feb 1 17:57:19 UTC 2024] 
/BMC/fdr/Permanent/2024/08/14/data/grids/nesdis/GBBEPx/0p1deg/202408140000.zip: (md5) OK
get  '/scratch1/BMC/gsd-fv3-dev/MAPP_2018/bhuang/JEDI-2020/JEDI-FV3/expCodes/PACEData/GBBEPx/Prep_GBBEPx_2024070100_2024093000/2024081400/202408140000.zip' : '/BMC/fdr/Permanent/2024/08/14/data/grids/nesdis/GBBEPx/0p1deg/202408140000.zip' (2024/08/20 03:50:21 4450599 bytes, 1021962.4 KBS )
+ ERR=0
+ ECNT=0
+ unzip 202408140000.zip
Archive:  202408140000.zip
  inflating: GBBEPx-all01GRID_v5r0_blend_s202408140000000_e202408142359590_c202408150115420.nc  
+ ERR=0
+ ECNT=0
+ '[' 0 -ne 0 ']'
++ /scratch2/NCEPDEV/nwprod/NCEPLIBS/utils/prod_util.v1.1.0/exec/ndate 24 2024081400
+ IDATE=2024081500
+ '[' 2024081500 -le 2024093000 ']'
+ ECNT=0
+ IY=2024
+ IM=08
+ ID=15
+ HPSSDIR=/BMC/fdr/Permanent/2024/08/15/data/grids/nesdis/GBBEPx/0p1deg
+ HERADIR=/scratch1/BMC/gsd-fv3-dev/MAPP_2018/bhuang/JEDI-2020/JEDI-FV3/expCodes/PACEData/GBBEPx/Prep_GBBEPx_2024070100_2024093000/2024081500
+ HPSSFILE=/BMC/fdr/Permanent/2024/08/15/data/grids/nesdis/GBBEPx/0p1deg/202408150000.zip
+ [[ -d /scratch1/BMC/gsd-fv3-dev/MAPP_2018/bhuang/JEDI-2020/JEDI-FV3/expCodes/PACEData/GBBEPx/Prep_GBBEPx_2024070100_2024093000/2024081500 ]]
+ mkdir -p /scratch1/BMC/gsd-fv3-dev/MAPP_2018/bhuang/JEDI-2020/JEDI-FV3/expCodes/PACEData/GBBEPx/Prep_GBBEPx_2024070100_2024093000/2024081500
+ cd /scratch1/BMC/gsd-fv3-dev/MAPP_2018/bhuang/JEDI-2020/JEDI-FV3/expCodes/PACEData/GBBEPx/Prep_GBBEPx_2024070100_2024093000/2024081500
+ hsi 'get /BMC/fdr/Permanent/2024/08/15/data/grids/nesdis/GBBEPx/0p1deg/202408150000.zip'
[connecting to hpsscore1.fairmont.rdhpcs.noaa.gov/1217]
******************************************************************
*   Welcome to the NESCC High Performance Storage System         *
*                                                                *
*   Current HPSS version: 9.3.10                                 * 
*                                                                * 
*       Please Submit Helpdesk Request to                        *
*        rdhpcs.hpss.help@noaa.gov                               *
*                                                                *
******************************************************************
Username: Bo.Huang  UID: 10872  Acct: 10872(10872) Copies: 1 COS: 0 Firewall: off [hsi.9.3.0.p0 Thu Feb 1 17:57:19 UTC 2024] 
/BMC/fdr/Permanent/2024/08/15/data/grids/nesdis/GBBEPx/0p1deg/202408150000.zip: (md5) OK
get  '/scratch1/BMC/gsd-fv3-dev/MAPP_2018/bhuang/JEDI-2020/JEDI-FV3/expCodes/PACEData/GBBEPx/Prep_GBBEPx_2024070100_2024093000/2024081500/202408150000.zip' : '/BMC/fdr/Permanent/2024/08/15/data/grids/nesdis/GBBEPx/0p1deg/202408150000.zip' (2024/08/21 03:00:23 4628219 bytes, 1048738.9 KBS )
+ ERR=0
+ ECNT=0
+ unzip 202408150000.zip
Archive:  202408150000.zip
  inflating: GBBEPx-all01GRID_v5r0_blend_s202408150000000_e202408152359590_c202408160344580.nc  
+ ERR=0
+ ECNT=0
+ '[' 0 -ne 0 ']'
++ /scratch2/NCEPDEV/nwprod/NCEPLIBS/utils/prod_util.v1.1.0/exec/ndate 24 2024081500
+ IDATE=2024081600
+ '[' 2024081600 -le 2024093000 ']'
+ ECNT=0
+ IY=2024
+ IM=08
+ ID=16
+ HPSSDIR=/BMC/fdr/Permanent/2024/08/16/data/grids/nesdis/GBBEPx/0p1deg
+ HERADIR=/scratch1/BMC/gsd-fv3-dev/MAPP_2018/bhuang/JEDI-2020/JEDI-FV3/expCodes/PACEData/GBBEPx/Prep_GBBEPx_2024070100_2024093000/2024081600
+ HPSSFILE=/BMC/fdr/Permanent/2024/08/16/data/grids/nesdis/GBBEPx/0p1deg/202408160000.zip
+ [[ -d /scratch1/BMC/gsd-fv3-dev/MAPP_2018/bhuang/JEDI-2020/JEDI-FV3/expCodes/PACEData/GBBEPx/Prep_GBBEPx_2024070100_2024093000/2024081600 ]]
+ mkdir -p /scratch1/BMC/gsd-fv3-dev/MAPP_2018/bhuang/JEDI-2020/JEDI-FV3/expCodes/PACEData/GBBEPx/Prep_GBBEPx_2024070100_2024093000/2024081600
+ cd /scratch1/BMC/gsd-fv3-dev/MAPP_2018/bhuang/JEDI-2020/JEDI-FV3/expCodes/PACEData/GBBEPx/Prep_GBBEPx_2024070100_2024093000/2024081600
+ hsi 'get /BMC/fdr/Permanent/2024/08/16/data/grids/nesdis/GBBEPx/0p1deg/202408160000.zip'
[connecting to hpsscore1.fairmont.rdhpcs.noaa.gov/1217]
******************************************************************
*   Welcome to the NESCC High Performance Storage System         *
*                                                                *
*   Current HPSS version: 9.3.10                                 * 
*                                                                * 
*       Please Submit Helpdesk Request to                        *
*        rdhpcs.hpss.help@noaa.gov                               *
*                                                                *
******************************************************************
Username: Bo.Huang  UID: 10872  Acct: 10872(10872) Copies: 1 COS: 0 Firewall: off [hsi.9.3.0.p0 Thu Feb 1 17:57:19 UTC 2024] 
/BMC/fdr/Permanent/2024/08/16/data/grids/nesdis/GBBEPx/0p1deg/202408160000.zip: (md5) OK
get  '/scratch1/BMC/gsd-fv3-dev/MAPP_2018/bhuang/JEDI-2020/JEDI-FV3/expCodes/PACEData/GBBEPx/Prep_GBBEPx_2024070100_2024093000/2024081600/202408160000.zip' : '/BMC/fdr/Permanent/2024/08/16/data/grids/nesdis/GBBEPx/0p1deg/202408160000.zip' (2024/08/22 02:58:21 4732960 bytes, 191422.5 KBS )
+ ERR=0
+ ECNT=0
+ unzip 202408160000.zip
Archive:  202408160000.zip
  inflating: GBBEPx-all01GRID_v5r0_blend_s202408160000000_e202408162359590_c202408170339090.nc  
+ ERR=0
+ ECNT=0
+ '[' 0 -ne 0 ']'
++ /scratch2/NCEPDEV/nwprod/NCEPLIBS/utils/prod_util.v1.1.0/exec/ndate 24 2024081600
+ IDATE=2024081700
+ '[' 2024081700 -le 2024093000 ']'
+ ECNT=0
+ IY=2024
+ IM=08
+ ID=17
+ HPSSDIR=/BMC/fdr/Permanent/2024/08/17/data/grids/nesdis/GBBEPx/0p1deg
+ HERADIR=/scratch1/BMC/gsd-fv3-dev/MAPP_2018/bhuang/JEDI-2020/JEDI-FV3/expCodes/PACEData/GBBEPx/Prep_GBBEPx_2024070100_2024093000/2024081700
+ HPSSFILE=/BMC/fdr/Permanent/2024/08/17/data/grids/nesdis/GBBEPx/0p1deg/202408170000.zip
+ [[ -d /scratch1/BMC/gsd-fv3-dev/MAPP_2018/bhuang/JEDI-2020/JEDI-FV3/expCodes/PACEData/GBBEPx/Prep_GBBEPx_2024070100_2024093000/2024081700 ]]
+ mkdir -p /scratch1/BMC/gsd-fv3-dev/MAPP_2018/bhuang/JEDI-2020/JEDI-FV3/expCodes/PACEData/GBBEPx/Prep_GBBEPx_2024070100_2024093000/2024081700
+ cd /scratch1/BMC/gsd-fv3-dev/MAPP_2018/bhuang/JEDI-2020/JEDI-FV3/expCodes/PACEData/GBBEPx/Prep_GBBEPx_2024070100_2024093000/2024081700
+ hsi 'get /BMC/fdr/Permanent/2024/08/17/data/grids/nesdis/GBBEPx/0p1deg/202408170000.zip'
[connecting to hpsscore1.fairmont.rdhpcs.noaa.gov/1217]
******************************************************************
*   Welcome to the NESCC High Performance Storage System         *
*                                                                *
*   Current HPSS version: 9.3.10                                 * 
*                                                                * 
*       Please Submit Helpdesk Request to                        *
*        rdhpcs.hpss.help@noaa.gov                               *
*                                                                *
******************************************************************
Username: Bo.Huang  UID: 10872  Acct: 10872(10872) Copies: 1 COS: 0 Firewall: off [hsi.9.3.0.p0 Thu Feb 1 17:57:19 UTC 2024] 
/BMC/fdr/Permanent/2024/08/17/data/grids/nesdis/GBBEPx/0p1deg/202408170000.zip: (md5) OK
get  '/scratch1/BMC/gsd-fv3-dev/MAPP_2018/bhuang/JEDI-2020/JEDI-FV3/expCodes/PACEData/GBBEPx/Prep_GBBEPx_2024070100_2024093000/2024081700/202408170000.zip' : '/BMC/fdr/Permanent/2024/08/17/data/grids/nesdis/GBBEPx/0p1deg/202408170000.zip' (2024/08/23 03:49:06 4632134 bytes, 1230046.1 KBS )
+ ERR=0
+ ECNT=0
+ unzip 202408170000.zip
Archive:  202408170000.zip
  inflating: GBBEPx-all01GRID_v5r0_blend_s202408170000000_e202408172359590_c202408180342340.nc  
+ ERR=0
+ ECNT=0
+ '[' 0 -ne 0 ']'
++ /scratch2/NCEPDEV/nwprod/NCEPLIBS/utils/prod_util.v1.1.0/exec/ndate 24 2024081700
+ IDATE=2024081800
+ '[' 2024081800 -le 2024093000 ']'
+ ECNT=0
+ IY=2024
+ IM=08
+ ID=18
+ HPSSDIR=/BMC/fdr/Permanent/2024/08/18/data/grids/nesdis/GBBEPx/0p1deg
+ HERADIR=/scratch1/BMC/gsd-fv3-dev/MAPP_2018/bhuang/JEDI-2020/JEDI-FV3/expCodes/PACEData/GBBEPx/Prep_GBBEPx_2024070100_2024093000/2024081800
+ HPSSFILE=/BMC/fdr/Permanent/2024/08/18/data/grids/nesdis/GBBEPx/0p1deg/202408180000.zip
+ [[ -d /scratch1/BMC/gsd-fv3-dev/MAPP_2018/bhuang/JEDI-2020/JEDI-FV3/expCodes/PACEData/GBBEPx/Prep_GBBEPx_2024070100_2024093000/2024081800 ]]
+ mkdir -p /scratch1/BMC/gsd-fv3-dev/MAPP_2018/bhuang/JEDI-2020/JEDI-FV3/expCodes/PACEData/GBBEPx/Prep_GBBEPx_2024070100_2024093000/2024081800
+ cd /scratch1/BMC/gsd-fv3-dev/MAPP_2018/bhuang/JEDI-2020/JEDI-FV3/expCodes/PACEData/GBBEPx/Prep_GBBEPx_2024070100_2024093000/2024081800
+ hsi 'get /BMC/fdr/Permanent/2024/08/18/data/grids/nesdis/GBBEPx/0p1deg/202408180000.zip'
[connecting to hpsscore1.fairmont.rdhpcs.noaa.gov/1217]
******************************************************************
*   Welcome to the NESCC High Performance Storage System         *
*                                                                *
*   Current HPSS version: 9.3.10                                 * 
*                                                                * 
*       Please Submit Helpdesk Request to                        *
*        rdhpcs.hpss.help@noaa.gov                               *
*                                                                *
******************************************************************
Username: Bo.Huang  UID: 10872  Acct: 10872(10872) Copies: 1 COS: 0 Firewall: off [hsi.9.3.0.p0 Thu Feb 1 17:57:19 UTC 2024] 
/BMC/fdr/Permanent/2024/08/18/data/grids/nesdis/GBBEPx/0p1deg/202408180000.zip: (md5) OK
get  '/scratch1/BMC/gsd-fv3-dev/MAPP_2018/bhuang/JEDI-2020/JEDI-FV3/expCodes/PACEData/GBBEPx/Prep_GBBEPx_2024070100_2024093000/2024081800/202408180000.zip' : '/BMC/fdr/Permanent/2024/08/18/data/grids/nesdis/GBBEPx/0p1deg/202408180000.zip' (2024/08/24 03:48:02 4558004 bytes, 166605.6 KBS )
+ ERR=0
+ ECNT=0
+ unzip 202408180000.zip
Archive:  202408180000.zip
  inflating: GBBEPx-all01GRID_v5r0_blend_s202408180000000_e202408182359590_c202408190129000.nc  
+ ERR=0
+ ECNT=0
+ '[' 0 -ne 0 ']'
++ /scratch2/NCEPDEV/nwprod/NCEPLIBS/utils/prod_util.v1.1.0/exec/ndate 24 2024081800
+ IDATE=2024081900
+ '[' 2024081900 -le 2024093000 ']'
+ ECNT=0
+ IY=2024
+ IM=08
+ ID=19
+ HPSSDIR=/BMC/fdr/Permanent/2024/08/19/data/grids/nesdis/GBBEPx/0p1deg
+ HERADIR=/scratch1/BMC/gsd-fv3-dev/MAPP_2018/bhuang/JEDI-2020/JEDI-FV3/expCodes/PACEData/GBBEPx/Prep_GBBEPx_2024070100_2024093000/2024081900
+ HPSSFILE=/BMC/fdr/Permanent/2024/08/19/data/grids/nesdis/GBBEPx/0p1deg/202408190000.zip
+ [[ -d /scratch1/BMC/gsd-fv3-dev/MAPP_2018/bhuang/JEDI-2020/JEDI-FV3/expCodes/PACEData/GBBEPx/Prep_GBBEPx_2024070100_2024093000/2024081900 ]]
+ mkdir -p /scratch1/BMC/gsd-fv3-dev/MAPP_2018/bhuang/JEDI-2020/JEDI-FV3/expCodes/PACEData/GBBEPx/Prep_GBBEPx_2024070100_2024093000/2024081900
+ cd /scratch1/BMC/gsd-fv3-dev/MAPP_2018/bhuang/JEDI-2020/JEDI-FV3/expCodes/PACEData/GBBEPx/Prep_GBBEPx_2024070100_2024093000/2024081900
+ hsi 'get /BMC/fdr/Permanent/2024/08/19/data/grids/nesdis/GBBEPx/0p1deg/202408190000.zip'
[connecting to hpsscore1.fairmont.rdhpcs.noaa.gov/1217]
******************************************************************
*   Welcome to the NESCC High Performance Storage System         *
*                                                                *
*   Current HPSS version: 9.3.10                                 * 
*                                                                * 
*       Please Submit Helpdesk Request to                        *
*        rdhpcs.hpss.help@noaa.gov                               *
*                                                                *
******************************************************************
Username: Bo.Huang  UID: 10872  Acct: 10872(10872) Copies: 1 COS: 0 Firewall: off [hsi.9.3.0.p0 Thu Feb 1 17:57:19 UTC 2024] 
/BMC/fdr/Permanent/2024/08/19/data/grids/nesdis/GBBEPx/0p1deg/202408190000.zip: (md5) OK
get  '/scratch1/BMC/gsd-fv3-dev/MAPP_2018/bhuang/JEDI-2020/JEDI-FV3/expCodes/PACEData/GBBEPx/Prep_GBBEPx_2024070100_2024093000/2024081900/202408190000.zip' : '/BMC/fdr/Permanent/2024/08/19/data/grids/nesdis/GBBEPx/0p1deg/202408190000.zip' (2024/08/25 02:48:25 4769418 bytes, 170305.2 KBS )
+ ERR=0
+ ECNT=0
+ unzip 202408190000.zip
Archive:  202408190000.zip
  inflating: GBBEPx-all01GRID_v5r0_blend_s202408190000000_e202408192359590_c202408200348340.nc  
+ ERR=0
+ ECNT=0
+ '[' 0 -ne 0 ']'
++ /scratch2/NCEPDEV/nwprod/NCEPLIBS/utils/prod_util.v1.1.0/exec/ndate 24 2024081900
+ IDATE=2024082000
+ '[' 2024082000 -le 2024093000 ']'
+ ECNT=0
+ IY=2024
+ IM=08
+ ID=20
+ HPSSDIR=/BMC/fdr/Permanent/2024/08/20/data/grids/nesdis/GBBEPx/0p1deg
+ HERADIR=/scratch1/BMC/gsd-fv3-dev/MAPP_2018/bhuang/JEDI-2020/JEDI-FV3/expCodes/PACEData/GBBEPx/Prep_GBBEPx_2024070100_2024093000/2024082000
+ HPSSFILE=/BMC/fdr/Permanent/2024/08/20/data/grids/nesdis/GBBEPx/0p1deg/202408200000.zip
+ [[ -d /scratch1/BMC/gsd-fv3-dev/MAPP_2018/bhuang/JEDI-2020/JEDI-FV3/expCodes/PACEData/GBBEPx/Prep_GBBEPx_2024070100_2024093000/2024082000 ]]
+ mkdir -p /scratch1/BMC/gsd-fv3-dev/MAPP_2018/bhuang/JEDI-2020/JEDI-FV3/expCodes/PACEData/GBBEPx/Prep_GBBEPx_2024070100_2024093000/2024082000
+ cd /scratch1/BMC/gsd-fv3-dev/MAPP_2018/bhuang/JEDI-2020/JEDI-FV3/expCodes/PACEData/GBBEPx/Prep_GBBEPx_2024070100_2024093000/2024082000
+ hsi 'get /BMC/fdr/Permanent/2024/08/20/data/grids/nesdis/GBBEPx/0p1deg/202408200000.zip'
[connecting to hpsscore1.fairmont.rdhpcs.noaa.gov/1217]
******************************************************************
*   Welcome to the NESCC High Performance Storage System         *
*                                                                *
*   Current HPSS version: 9.3.10                                 * 
*                                                                * 
*       Please Submit Helpdesk Request to                        *
*        rdhpcs.hpss.help@noaa.gov                               *
*                                                                *
******************************************************************
Username: Bo.Huang  UID: 10872  Acct: 10872(10872) Copies: 1 COS: 0 Firewall: off [hsi.9.3.0.p0 Thu Feb 1 17:57:19 UTC 2024] 
/BMC/fdr/Permanent/2024/08/20/data/grids/nesdis/GBBEPx/0p1deg/202408200000.zip: (md5) OK
get  '/scratch1/BMC/gsd-fv3-dev/MAPP_2018/bhuang/JEDI-2020/JEDI-FV3/expCodes/PACEData/GBBEPx/Prep_GBBEPx_2024070100_2024093000/2024082000/202408200000.zip' : '/BMC/fdr/Permanent/2024/08/20/data/grids/nesdis/GBBEPx/0p1deg/202408200000.zip' (2024/08/26 03:45:50 4664656 bytes, 1191751.6 KBS )
+ ERR=0
+ ECNT=0
+ unzip 202408200000.zip
Archive:  202408200000.zip
  inflating: GBBEPx-all01GRID_v5r0_blend_s202408200000000_e202408202359590_c202408210146520.nc  
+ ERR=0
+ ECNT=0
+ '[' 0 -ne 0 ']'
++ /scratch2/NCEPDEV/nwprod/NCEPLIBS/utils/prod_util.v1.1.0/exec/ndate 24 2024082000
+ IDATE=2024082100
+ '[' 2024082100 -le 2024093000 ']'
+ ECNT=0
+ IY=2024
+ IM=08
+ ID=21
+ HPSSDIR=/BMC/fdr/Permanent/2024/08/21/data/grids/nesdis/GBBEPx/0p1deg
+ HERADIR=/scratch1/BMC/gsd-fv3-dev/MAPP_2018/bhuang/JEDI-2020/JEDI-FV3/expCodes/PACEData/GBBEPx/Prep_GBBEPx_2024070100_2024093000/2024082100
+ HPSSFILE=/BMC/fdr/Permanent/2024/08/21/data/grids/nesdis/GBBEPx/0p1deg/202408210000.zip
+ [[ -d /scratch1/BMC/gsd-fv3-dev/MAPP_2018/bhuang/JEDI-2020/JEDI-FV3/expCodes/PACEData/GBBEPx/Prep_GBBEPx_2024070100_2024093000/2024082100 ]]
+ mkdir -p /scratch1/BMC/gsd-fv3-dev/MAPP_2018/bhuang/JEDI-2020/JEDI-FV3/expCodes/PACEData/GBBEPx/Prep_GBBEPx_2024070100_2024093000/2024082100
+ cd /scratch1/BMC/gsd-fv3-dev/MAPP_2018/bhuang/JEDI-2020/JEDI-FV3/expCodes/PACEData/GBBEPx/Prep_GBBEPx_2024070100_2024093000/2024082100
+ hsi 'get /BMC/fdr/Permanent/2024/08/21/data/grids/nesdis/GBBEPx/0p1deg/202408210000.zip'
[connecting to hpsscore1.fairmont.rdhpcs.noaa.gov/1217]
******************************************************************
*   Welcome to the NESCC High Performance Storage System         *
*                                                                *
*   Current HPSS version: 9.3.10                                 * 
*                                                                * 
*       Please Submit Helpdesk Request to                        *
*        rdhpcs.hpss.help@noaa.gov                               *
*                                                                *
******************************************************************
Username: Bo.Huang  UID: 10872  Acct: 10872(10872) Copies: 1 COS: 0 Firewall: off [hsi.9.3.0.p0 Thu Feb 1 17:57:19 UTC 2024] 
/BMC/fdr/Permanent/2024/08/21/data/grids/nesdis/GBBEPx/0p1deg/202408210000.zip: (md5) OK
get  '/scratch1/BMC/gsd-fv3-dev/MAPP_2018/bhuang/JEDI-2020/JEDI-FV3/expCodes/PACEData/GBBEPx/Prep_GBBEPx_2024070100_2024093000/2024082100/202408210000.zip' : '/BMC/fdr/Permanent/2024/08/21/data/grids/nesdis/GBBEPx/0p1deg/202408210000.zip' (2024/08/27 07:48:33 4576788 bytes, 1182702.2 KBS )
+ ERR=0
+ ECNT=0
+ unzip 202408210000.zip
Archive:  202408210000.zip
  inflating: GBBEPx-all01GRID_v5r0_blend_s202408210000000_e202408212359590_c202408220136310.nc  
+ ERR=0
+ ECNT=0
+ '[' 0 -ne 0 ']'
++ /scratch2/NCEPDEV/nwprod/NCEPLIBS/utils/prod_util.v1.1.0/exec/ndate 24 2024082100
+ IDATE=2024082200
+ '[' 2024082200 -le 2024093000 ']'
+ ECNT=0
+ IY=2024
+ IM=08
+ ID=22
+ HPSSDIR=/BMC/fdr/Permanent/2024/08/22/data/grids/nesdis/GBBEPx/0p1deg
+ HERADIR=/scratch1/BMC/gsd-fv3-dev/MAPP_2018/bhuang/JEDI-2020/JEDI-FV3/expCodes/PACEData/GBBEPx/Prep_GBBEPx_2024070100_2024093000/2024082200
+ HPSSFILE=/BMC/fdr/Permanent/2024/08/22/data/grids/nesdis/GBBEPx/0p1deg/202408220000.zip
+ [[ -d /scratch1/BMC/gsd-fv3-dev/MAPP_2018/bhuang/JEDI-2020/JEDI-FV3/expCodes/PACEData/GBBEPx/Prep_GBBEPx_2024070100_2024093000/2024082200 ]]
+ mkdir -p /scratch1/BMC/gsd-fv3-dev/MAPP_2018/bhuang/JEDI-2020/JEDI-FV3/expCodes/PACEData/GBBEPx/Prep_GBBEPx_2024070100_2024093000/2024082200
+ cd /scratch1/BMC/gsd-fv3-dev/MAPP_2018/bhuang/JEDI-2020/JEDI-FV3/expCodes/PACEData/GBBEPx/Prep_GBBEPx_2024070100_2024093000/2024082200
+ hsi 'get /BMC/fdr/Permanent/2024/08/22/data/grids/nesdis/GBBEPx/0p1deg/202408220000.zip'
[connecting to hpsscore1.fairmont.rdhpcs.noaa.gov/1217]
******************************************************************
*   Welcome to the NESCC High Performance Storage System         *
*                                                                *
*   Current HPSS version: 9.3.10                                 * 
*                                                                * 
*       Please Submit Helpdesk Request to                        *
*        rdhpcs.hpss.help@noaa.gov                               *
*                                                                *
******************************************************************
Username: Bo.Huang  UID: 10872  Acct: 10872(10872) Copies: 1 COS: 0 Firewall: off [hsi.9.3.0.p0 Thu Feb 1 17:57:19 UTC 2024] 
/BMC/fdr/Permanent/2024/08/22/data/grids/nesdis/GBBEPx/0p1deg/202408220000.zip: (md5) OK
get  '/scratch1/BMC/gsd-fv3-dev/MAPP_2018/bhuang/JEDI-2020/JEDI-FV3/expCodes/PACEData/GBBEPx/Prep_GBBEPx_2024070100_2024093000/2024082200/202408220000.zip' : '/BMC/fdr/Permanent/2024/08/22/data/grids/nesdis/GBBEPx/0p1deg/202408220000.zip' (2024/08/28 04:49:47 4503689 bytes, 175063.2 KBS )
+ ERR=0
+ ECNT=0
+ unzip 202408220000.zip
Archive:  202408220000.zip
  inflating: GBBEPx-all01GRID_v5r0_blend_s202408220000000_e202408222359590_c202408230113480.nc  
+ ERR=0
+ ECNT=0
+ '[' 0 -ne 0 ']'
++ /scratch2/NCEPDEV/nwprod/NCEPLIBS/utils/prod_util.v1.1.0/exec/ndate 24 2024082200
+ IDATE=2024082300
+ '[' 2024082300 -le 2024093000 ']'
+ ECNT=0
+ IY=2024
+ IM=08
+ ID=23
+ HPSSDIR=/BMC/fdr/Permanent/2024/08/23/data/grids/nesdis/GBBEPx/0p1deg
+ HERADIR=/scratch1/BMC/gsd-fv3-dev/MAPP_2018/bhuang/JEDI-2020/JEDI-FV3/expCodes/PACEData/GBBEPx/Prep_GBBEPx_2024070100_2024093000/2024082300
+ HPSSFILE=/BMC/fdr/Permanent/2024/08/23/data/grids/nesdis/GBBEPx/0p1deg/202408230000.zip
+ [[ -d /scratch1/BMC/gsd-fv3-dev/MAPP_2018/bhuang/JEDI-2020/JEDI-FV3/expCodes/PACEData/GBBEPx/Prep_GBBEPx_2024070100_2024093000/2024082300 ]]
+ mkdir -p /scratch1/BMC/gsd-fv3-dev/MAPP_2018/bhuang/JEDI-2020/JEDI-FV3/expCodes/PACEData/GBBEPx/Prep_GBBEPx_2024070100_2024093000/2024082300
+ cd /scratch1/BMC/gsd-fv3-dev/MAPP_2018/bhuang/JEDI-2020/JEDI-FV3/expCodes/PACEData/GBBEPx/Prep_GBBEPx_2024070100_2024093000/2024082300
+ hsi 'get /BMC/fdr/Permanent/2024/08/23/data/grids/nesdis/GBBEPx/0p1deg/202408230000.zip'
[connecting to hpsscore1.fairmont.rdhpcs.noaa.gov/1217]
******************************************************************
*   Welcome to the NESCC High Performance Storage System         *
*                                                                *
*   Current HPSS version: 9.3.10                                 * 
*                                                                * 
*       Please Submit Helpdesk Request to                        *
*        rdhpcs.hpss.help@noaa.gov                               *
*                                                                *
******************************************************************
Username: Bo.Huang  UID: 10872  Acct: 10872(10872) Copies: 1 COS: 0 Firewall: off [hsi.9.3.0.p0 Thu Feb 1 17:57:19 UTC 2024] 
/BMC/fdr/Permanent/2024/08/23/data/grids/nesdis/GBBEPx/0p1deg/202408230000.zip: (md5) OK
get  '/scratch1/BMC/gsd-fv3-dev/MAPP_2018/bhuang/JEDI-2020/JEDI-FV3/expCodes/PACEData/GBBEPx/Prep_GBBEPx_2024070100_2024093000/2024082300/202408230000.zip' : '/BMC/fdr/Permanent/2024/08/23/data/grids/nesdis/GBBEPx/0p1deg/202408230000.zip' (2024/08/29 03:49:06 4318761 bytes, 1091150.9 KBS )
+ ERR=0
+ ECNT=0
+ unzip 202408230000.zip
Archive:  202408230000.zip
  inflating: GBBEPx-all01GRID_v5r0_blend_s202408230000000_e202408232359590_c202408240132120.nc  
+ ERR=0
+ ECNT=0
+ '[' 0 -ne 0 ']'
++ /scratch2/NCEPDEV/nwprod/NCEPLIBS/utils/prod_util.v1.1.0/exec/ndate 24 2024082300
+ IDATE=2024082400
+ '[' 2024082400 -le 2024093000 ']'
+ ECNT=0
+ IY=2024
+ IM=08
+ ID=24
+ HPSSDIR=/BMC/fdr/Permanent/2024/08/24/data/grids/nesdis/GBBEPx/0p1deg
+ HERADIR=/scratch1/BMC/gsd-fv3-dev/MAPP_2018/bhuang/JEDI-2020/JEDI-FV3/expCodes/PACEData/GBBEPx/Prep_GBBEPx_2024070100_2024093000/2024082400
+ HPSSFILE=/BMC/fdr/Permanent/2024/08/24/data/grids/nesdis/GBBEPx/0p1deg/202408240000.zip
+ [[ -d /scratch1/BMC/gsd-fv3-dev/MAPP_2018/bhuang/JEDI-2020/JEDI-FV3/expCodes/PACEData/GBBEPx/Prep_GBBEPx_2024070100_2024093000/2024082400 ]]
+ mkdir -p /scratch1/BMC/gsd-fv3-dev/MAPP_2018/bhuang/JEDI-2020/JEDI-FV3/expCodes/PACEData/GBBEPx/Prep_GBBEPx_2024070100_2024093000/2024082400
+ cd /scratch1/BMC/gsd-fv3-dev/MAPP_2018/bhuang/JEDI-2020/JEDI-FV3/expCodes/PACEData/GBBEPx/Prep_GBBEPx_2024070100_2024093000/2024082400
+ hsi 'get /BMC/fdr/Permanent/2024/08/24/data/grids/nesdis/GBBEPx/0p1deg/202408240000.zip'
[connecting to hpsscore1.fairmont.rdhpcs.noaa.gov/1217]
******************************************************************
*   Welcome to the NESCC High Performance Storage System         *
*                                                                *
*   Current HPSS version: 9.3.10                                 * 
*                                                                * 
*       Please Submit Helpdesk Request to                        *
*        rdhpcs.hpss.help@noaa.gov                               *
*                                                                *
******************************************************************
Username: Bo.Huang  UID: 10872  Acct: 10872(10872) Copies: 1 COS: 0 Firewall: off [hsi.9.3.0.p0 Thu Feb 1 17:57:19 UTC 2024] 
/BMC/fdr/Permanent/2024/08/24/data/grids/nesdis/GBBEPx/0p1deg/202408240000.zip: (md5) OK
get  '/scratch1/BMC/gsd-fv3-dev/MAPP_2018/bhuang/JEDI-2020/JEDI-FV3/expCodes/PACEData/GBBEPx/Prep_GBBEPx_2024070100_2024093000/2024082400/202408240000.zip' : '/BMC/fdr/Permanent/2024/08/24/data/grids/nesdis/GBBEPx/0p1deg/202408240000.zip' (2024/08/30 03:01:52 4403081 bytes, 175722.0 KBS )
+ ERR=0
+ ECNT=0
+ unzip 202408240000.zip
Archive:  202408240000.zip
  inflating: GBBEPx-all01GRID_v5r0_blend_s202408240000000_e202408242359590_c202408250345140.nc  
+ ERR=0
+ ECNT=0
+ '[' 0 -ne 0 ']'
++ /scratch2/NCEPDEV/nwprod/NCEPLIBS/utils/prod_util.v1.1.0/exec/ndate 24 2024082400
+ IDATE=2024082500
+ '[' 2024082500 -le 2024093000 ']'
+ ECNT=0
+ IY=2024
+ IM=08
+ ID=25
+ HPSSDIR=/BMC/fdr/Permanent/2024/08/25/data/grids/nesdis/GBBEPx/0p1deg
+ HERADIR=/scratch1/BMC/gsd-fv3-dev/MAPP_2018/bhuang/JEDI-2020/JEDI-FV3/expCodes/PACEData/GBBEPx/Prep_GBBEPx_2024070100_2024093000/2024082500
+ HPSSFILE=/BMC/fdr/Permanent/2024/08/25/data/grids/nesdis/GBBEPx/0p1deg/202408250000.zip
+ [[ -d /scratch1/BMC/gsd-fv3-dev/MAPP_2018/bhuang/JEDI-2020/JEDI-FV3/expCodes/PACEData/GBBEPx/Prep_GBBEPx_2024070100_2024093000/2024082500 ]]
+ mkdir -p /scratch1/BMC/gsd-fv3-dev/MAPP_2018/bhuang/JEDI-2020/JEDI-FV3/expCodes/PACEData/GBBEPx/Prep_GBBEPx_2024070100_2024093000/2024082500
+ cd /scratch1/BMC/gsd-fv3-dev/MAPP_2018/bhuang/JEDI-2020/JEDI-FV3/expCodes/PACEData/GBBEPx/Prep_GBBEPx_2024070100_2024093000/2024082500
+ hsi 'get /BMC/fdr/Permanent/2024/08/25/data/grids/nesdis/GBBEPx/0p1deg/202408250000.zip'
[connecting to hpsscore1.fairmont.rdhpcs.noaa.gov/1217]
******************************************************************
*   Welcome to the NESCC High Performance Storage System         *
*                                                                *
*   Current HPSS version: 9.3.10                                 * 
*                                                                * 
*       Please Submit Helpdesk Request to                        *
*        rdhpcs.hpss.help@noaa.gov                               *
*                                                                *
******************************************************************
Username: Bo.Huang  UID: 10872  Acct: 10872(10872) Copies: 1 COS: 0 Firewall: off [hsi.9.3.0.p0 Thu Feb 1 17:57:19 UTC 2024] 
/BMC/fdr/Permanent/2024/08/25/data/grids/nesdis/GBBEPx/0p1deg/202408250000.zip: (md5) OK
get  '/scratch1/BMC/gsd-fv3-dev/MAPP_2018/bhuang/JEDI-2020/JEDI-FV3/expCodes/PACEData/GBBEPx/Prep_GBBEPx_2024070100_2024093000/2024082500/202408250000.zip' : '/BMC/fdr/Permanent/2024/08/25/data/grids/nesdis/GBBEPx/0p1deg/202408250000.zip' (2024/08/31 06:41:40 3964365 bytes, 735090.7 KBS )
+ ERR=0
+ ECNT=0
+ unzip 202408250000.zip
Archive:  202408250000.zip
  inflating: GBBEPx-all01GRID_v5r0_blend_s202408250000000_e202408252359590_c202408260345540.nc  
+ ERR=0
+ ECNT=0
+ '[' 0 -ne 0 ']'
++ /scratch2/NCEPDEV/nwprod/NCEPLIBS/utils/prod_util.v1.1.0/exec/ndate 24 2024082500
+ IDATE=2024082600
+ '[' 2024082600 -le 2024093000 ']'
+ ECNT=0
+ IY=2024
+ IM=08
+ ID=26
+ HPSSDIR=/BMC/fdr/Permanent/2024/08/26/data/grids/nesdis/GBBEPx/0p1deg
+ HERADIR=/scratch1/BMC/gsd-fv3-dev/MAPP_2018/bhuang/JEDI-2020/JEDI-FV3/expCodes/PACEData/GBBEPx/Prep_GBBEPx_2024070100_2024093000/2024082600
+ HPSSFILE=/BMC/fdr/Permanent/2024/08/26/data/grids/nesdis/GBBEPx/0p1deg/202408260000.zip
+ [[ -d /scratch1/BMC/gsd-fv3-dev/MAPP_2018/bhuang/JEDI-2020/JEDI-FV3/expCodes/PACEData/GBBEPx/Prep_GBBEPx_2024070100_2024093000/2024082600 ]]
+ mkdir -p /scratch1/BMC/gsd-fv3-dev/MAPP_2018/bhuang/JEDI-2020/JEDI-FV3/expCodes/PACEData/GBBEPx/Prep_GBBEPx_2024070100_2024093000/2024082600
+ cd /scratch1/BMC/gsd-fv3-dev/MAPP_2018/bhuang/JEDI-2020/JEDI-FV3/expCodes/PACEData/GBBEPx/Prep_GBBEPx_2024070100_2024093000/2024082600
+ hsi 'get /BMC/fdr/Permanent/2024/08/26/data/grids/nesdis/GBBEPx/0p1deg/202408260000.zip'
[connecting to hpsscore1.fairmont.rdhpcs.noaa.gov/1217]
******************************************************************
*   Welcome to the NESCC High Performance Storage System         *
*                                                                *
*   Current HPSS version: 9.3.10                                 * 
*                                                                * 
*       Please Submit Helpdesk Request to                        *
*        rdhpcs.hpss.help@noaa.gov                               *
*                                                                *
******************************************************************
Username: Bo.Huang  UID: 10872  Acct: 10872(10872) Copies: 1 COS: 0 Firewall: off [hsi.9.3.0.p0 Thu Feb 1 17:57:19 UTC 2024] 
/BMC/fdr/Permanent/2024/08/26/data/grids/nesdis/GBBEPx/0p1deg/202408260000.zip: (md5) OK
get  '/scratch1/BMC/gsd-fv3-dev/MAPP_2018/bhuang/JEDI-2020/JEDI-FV3/expCodes/PACEData/GBBEPx/Prep_GBBEPx_2024070100_2024093000/2024082600/202408260000.zip' : '/BMC/fdr/Permanent/2024/08/26/data/grids/nesdis/GBBEPx/0p1deg/202408260000.zip' (2024/09/01 02:55:37 4535818 bytes, 1013402.2 KBS )
+ ERR=0
+ ECNT=0
+ unzip 202408260000.zip
Archive:  202408260000.zip
  inflating: GBBEPx-all01GRID_v5r0_blend_s202408260000000_e202408262359590_c202408270349320.nc  
+ ERR=0
+ ECNT=0
+ '[' 0 -ne 0 ']'
++ /scratch2/NCEPDEV/nwprod/NCEPLIBS/utils/prod_util.v1.1.0/exec/ndate 24 2024082600
+ IDATE=2024082700
+ '[' 2024082700 -le 2024093000 ']'
+ ECNT=0
+ IY=2024
+ IM=08
+ ID=27
+ HPSSDIR=/BMC/fdr/Permanent/2024/08/27/data/grids/nesdis/GBBEPx/0p1deg
+ HERADIR=/scratch1/BMC/gsd-fv3-dev/MAPP_2018/bhuang/JEDI-2020/JEDI-FV3/expCodes/PACEData/GBBEPx/Prep_GBBEPx_2024070100_2024093000/2024082700
+ HPSSFILE=/BMC/fdr/Permanent/2024/08/27/data/grids/nesdis/GBBEPx/0p1deg/202408270000.zip
+ [[ -d /scratch1/BMC/gsd-fv3-dev/MAPP_2018/bhuang/JEDI-2020/JEDI-FV3/expCodes/PACEData/GBBEPx/Prep_GBBEPx_2024070100_2024093000/2024082700 ]]
+ mkdir -p /scratch1/BMC/gsd-fv3-dev/MAPP_2018/bhuang/JEDI-2020/JEDI-FV3/expCodes/PACEData/GBBEPx/Prep_GBBEPx_2024070100_2024093000/2024082700
+ cd /scratch1/BMC/gsd-fv3-dev/MAPP_2018/bhuang/JEDI-2020/JEDI-FV3/expCodes/PACEData/GBBEPx/Prep_GBBEPx_2024070100_2024093000/2024082700
+ hsi 'get /BMC/fdr/Permanent/2024/08/27/data/grids/nesdis/GBBEPx/0p1deg/202408270000.zip'
[connecting to hpsscore1.fairmont.rdhpcs.noaa.gov/1217]
******************************************************************
*   Welcome to the NESCC High Performance Storage System         *
*                                                                *
*   Current HPSS version: 9.3.10                                 * 
*                                                                * 
*       Please Submit Helpdesk Request to                        *
*        rdhpcs.hpss.help@noaa.gov                               *
*                                                                *
******************************************************************
Username: Bo.Huang  UID: 10872  Acct: 10872(10872) Copies: 1 COS: 0 Firewall: off [hsi.9.3.0.p0 Thu Feb 1 17:57:19 UTC 2024] 
/BMC/fdr/Permanent/2024/08/27/data/grids/nesdis/GBBEPx/0p1deg/202408270000.zip: (md5) OK
get  '/scratch1/BMC/gsd-fv3-dev/MAPP_2018/bhuang/JEDI-2020/JEDI-FV3/expCodes/PACEData/GBBEPx/Prep_GBBEPx_2024070100_2024093000/2024082700/202408270000.zip' : '/BMC/fdr/Permanent/2024/08/27/data/grids/nesdis/GBBEPx/0p1deg/202408270000.zip' (2024/09/02 00:41:52 4718735 bytes, 186195.2 KBS )
+ ERR=0
+ ECNT=0
+ unzip 202408270000.zip
Archive:  202408270000.zip
  inflating: GBBEPx-all01GRID_v5r0_blend_s202408270000000_e202408272359590_c202408280124150.nc  
+ ERR=0
+ ECNT=0
+ '[' 0 -ne 0 ']'
++ /scratch2/NCEPDEV/nwprod/NCEPLIBS/utils/prod_util.v1.1.0/exec/ndate 24 2024082700
+ IDATE=2024082800
+ '[' 2024082800 -le 2024093000 ']'
+ ECNT=0
+ IY=2024
+ IM=08
+ ID=28
+ HPSSDIR=/BMC/fdr/Permanent/2024/08/28/data/grids/nesdis/GBBEPx/0p1deg
+ HERADIR=/scratch1/BMC/gsd-fv3-dev/MAPP_2018/bhuang/JEDI-2020/JEDI-FV3/expCodes/PACEData/GBBEPx/Prep_GBBEPx_2024070100_2024093000/2024082800
+ HPSSFILE=/BMC/fdr/Permanent/2024/08/28/data/grids/nesdis/GBBEPx/0p1deg/202408280000.zip
+ [[ -d /scratch1/BMC/gsd-fv3-dev/MAPP_2018/bhuang/JEDI-2020/JEDI-FV3/expCodes/PACEData/GBBEPx/Prep_GBBEPx_2024070100_2024093000/2024082800 ]]
+ mkdir -p /scratch1/BMC/gsd-fv3-dev/MAPP_2018/bhuang/JEDI-2020/JEDI-FV3/expCodes/PACEData/GBBEPx/Prep_GBBEPx_2024070100_2024093000/2024082800
+ cd /scratch1/BMC/gsd-fv3-dev/MAPP_2018/bhuang/JEDI-2020/JEDI-FV3/expCodes/PACEData/GBBEPx/Prep_GBBEPx_2024070100_2024093000/2024082800
+ hsi 'get /BMC/fdr/Permanent/2024/08/28/data/grids/nesdis/GBBEPx/0p1deg/202408280000.zip'
[connecting to hpsscore1.fairmont.rdhpcs.noaa.gov/1217]
******************************************************************
*   Welcome to the NESCC High Performance Storage System         *
*                                                                *
*   Current HPSS version: 9.3.10                                 * 
*                                                                * 
*       Please Submit Helpdesk Request to                        *
*        rdhpcs.hpss.help@noaa.gov                               *
*                                                                *
******************************************************************
Username: Bo.Huang  UID: 10872  Acct: 10872(10872) Copies: 1 COS: 0 Firewall: off [hsi.9.3.0.p0 Thu Feb 1 17:57:19 UTC 2024] 
/BMC/fdr/Permanent/2024/08/28/data/grids/nesdis/GBBEPx/0p1deg/202408280000.zip: (md5) OK
get  '/scratch1/BMC/gsd-fv3-dev/MAPP_2018/bhuang/JEDI-2020/JEDI-FV3/expCodes/PACEData/GBBEPx/Prep_GBBEPx_2024070100_2024093000/2024082800/202408280000.zip' : '/BMC/fdr/Permanent/2024/08/28/data/grids/nesdis/GBBEPx/0p1deg/202408280000.zip' (2024/09/03 04:03:45 4507641 bytes, 180659.9 KBS )
+ ERR=0
+ ECNT=0
+ unzip 202408280000.zip
Archive:  202408280000.zip
  inflating: GBBEPx-all01GRID_v5r0_blend_s202408280000000_e202408282359590_c202408290209310.nc  
+ ERR=0
+ ECNT=0
+ '[' 0 -ne 0 ']'
++ /scratch2/NCEPDEV/nwprod/NCEPLIBS/utils/prod_util.v1.1.0/exec/ndate 24 2024082800
+ IDATE=2024082900
+ '[' 2024082900 -le 2024093000 ']'
+ ECNT=0
+ IY=2024
+ IM=08
+ ID=29
+ HPSSDIR=/BMC/fdr/Permanent/2024/08/29/data/grids/nesdis/GBBEPx/0p1deg
+ HERADIR=/scratch1/BMC/gsd-fv3-dev/MAPP_2018/bhuang/JEDI-2020/JEDI-FV3/expCodes/PACEData/GBBEPx/Prep_GBBEPx_2024070100_2024093000/2024082900
+ HPSSFILE=/BMC/fdr/Permanent/2024/08/29/data/grids/nesdis/GBBEPx/0p1deg/202408290000.zip
+ [[ -d /scratch1/BMC/gsd-fv3-dev/MAPP_2018/bhuang/JEDI-2020/JEDI-FV3/expCodes/PACEData/GBBEPx/Prep_GBBEPx_2024070100_2024093000/2024082900 ]]
+ mkdir -p /scratch1/BMC/gsd-fv3-dev/MAPP_2018/bhuang/JEDI-2020/JEDI-FV3/expCodes/PACEData/GBBEPx/Prep_GBBEPx_2024070100_2024093000/2024082900
+ cd /scratch1/BMC/gsd-fv3-dev/MAPP_2018/bhuang/JEDI-2020/JEDI-FV3/expCodes/PACEData/GBBEPx/Prep_GBBEPx_2024070100_2024093000/2024082900
+ hsi 'get /BMC/fdr/Permanent/2024/08/29/data/grids/nesdis/GBBEPx/0p1deg/202408290000.zip'
[connecting to hpsscore1.fairmont.rdhpcs.noaa.gov/1217]
******************************************************************
*   Welcome to the NESCC High Performance Storage System         *
*                                                                *
*   Current HPSS version: 9.3.10                                 * 
*                                                                * 
*       Please Submit Helpdesk Request to                        *
*        rdhpcs.hpss.help@noaa.gov                               *
*                                                                *
******************************************************************
Username: Bo.Huang  UID: 10872  Acct: 10872(10872) Copies: 1 COS: 0 Firewall: off [hsi.9.3.0.p0 Thu Feb 1 17:57:19 UTC 2024] 
/BMC/fdr/Permanent/2024/08/29/data/grids/nesdis/GBBEPx/0p1deg/202408290000.zip: (md5) OK
get  '/scratch1/BMC/gsd-fv3-dev/MAPP_2018/bhuang/JEDI-2020/JEDI-FV3/expCodes/PACEData/GBBEPx/Prep_GBBEPx_2024070100_2024093000/2024082900/202408290000.zip' : '/BMC/fdr/Permanent/2024/08/29/data/grids/nesdis/GBBEPx/0p1deg/202408290000.zip' (2024/09/04 04:49:20 4393429 bytes, 185612.0 KBS )
+ ERR=0
+ ECNT=0
+ unzip 202408290000.zip
Archive:  202408290000.zip
  inflating: GBBEPx-all01GRID_v5r0_blend_s202408290000000_e202408292359590_c202408300127060.nc  
+ ERR=0
+ ECNT=0
+ '[' 0 -ne 0 ']'
++ /scratch2/NCEPDEV/nwprod/NCEPLIBS/utils/prod_util.v1.1.0/exec/ndate 24 2024082900
+ IDATE=2024083000
+ '[' 2024083000 -le 2024093000 ']'
+ ECNT=0
+ IY=2024
+ IM=08
+ ID=30
+ HPSSDIR=/BMC/fdr/Permanent/2024/08/30/data/grids/nesdis/GBBEPx/0p1deg
+ HERADIR=/scratch1/BMC/gsd-fv3-dev/MAPP_2018/bhuang/JEDI-2020/JEDI-FV3/expCodes/PACEData/GBBEPx/Prep_GBBEPx_2024070100_2024093000/2024083000
+ HPSSFILE=/BMC/fdr/Permanent/2024/08/30/data/grids/nesdis/GBBEPx/0p1deg/202408300000.zip
+ [[ -d /scratch1/BMC/gsd-fv3-dev/MAPP_2018/bhuang/JEDI-2020/JEDI-FV3/expCodes/PACEData/GBBEPx/Prep_GBBEPx_2024070100_2024093000/2024083000 ]]
+ mkdir -p /scratch1/BMC/gsd-fv3-dev/MAPP_2018/bhuang/JEDI-2020/JEDI-FV3/expCodes/PACEData/GBBEPx/Prep_GBBEPx_2024070100_2024093000/2024083000
+ cd /scratch1/BMC/gsd-fv3-dev/MAPP_2018/bhuang/JEDI-2020/JEDI-FV3/expCodes/PACEData/GBBEPx/Prep_GBBEPx_2024070100_2024093000/2024083000
+ hsi 'get /BMC/fdr/Permanent/2024/08/30/data/grids/nesdis/GBBEPx/0p1deg/202408300000.zip'
[connecting to hpsscore1.fairmont.rdhpcs.noaa.gov/1217]
******************************************************************
*   Welcome to the NESCC High Performance Storage System         *
*                                                                *
*   Current HPSS version: 9.3.10                                 * 
*                                                                * 
*       Please Submit Helpdesk Request to                        *
*        rdhpcs.hpss.help@noaa.gov                               *
*                                                                *
******************************************************************
Username: Bo.Huang  UID: 10872  Acct: 10872(10872) Copies: 1 COS: 0 Firewall: off [hsi.9.3.0.p0 Thu Feb 1 17:57:19 UTC 2024] 
/BMC/fdr/Permanent/2024/08/30/data/grids/nesdis/GBBEPx/0p1deg/202408300000.zip: (md5) OK
get  '/scratch1/BMC/gsd-fv3-dev/MAPP_2018/bhuang/JEDI-2020/JEDI-FV3/expCodes/PACEData/GBBEPx/Prep_GBBEPx_2024070100_2024093000/2024083000/202408300000.zip' : '/BMC/fdr/Permanent/2024/08/30/data/grids/nesdis/GBBEPx/0p1deg/202408300000.zip' (2024/09/05 02:47:51 4146528 bytes, 164702.9 KBS )
+ ERR=0
+ ECNT=0
+ unzip 202408300000.zip
Archive:  202408300000.zip
  inflating: GBBEPx-all01GRID_v5r0_blend_s202408300000000_e202408302359590_c202408310349340.nc  
+ ERR=0
+ ECNT=0
+ '[' 0 -ne 0 ']'
++ /scratch2/NCEPDEV/nwprod/NCEPLIBS/utils/prod_util.v1.1.0/exec/ndate 24 2024083000
+ IDATE=2024083100
+ '[' 2024083100 -le 2024093000 ']'
+ ECNT=0
+ IY=2024
+ IM=08
+ ID=31
+ HPSSDIR=/BMC/fdr/Permanent/2024/08/31/data/grids/nesdis/GBBEPx/0p1deg
+ HERADIR=/scratch1/BMC/gsd-fv3-dev/MAPP_2018/bhuang/JEDI-2020/JEDI-FV3/expCodes/PACEData/GBBEPx/Prep_GBBEPx_2024070100_2024093000/2024083100
+ HPSSFILE=/BMC/fdr/Permanent/2024/08/31/data/grids/nesdis/GBBEPx/0p1deg/202408310000.zip
+ [[ -d /scratch1/BMC/gsd-fv3-dev/MAPP_2018/bhuang/JEDI-2020/JEDI-FV3/expCodes/PACEData/GBBEPx/Prep_GBBEPx_2024070100_2024093000/2024083100 ]]
+ mkdir -p /scratch1/BMC/gsd-fv3-dev/MAPP_2018/bhuang/JEDI-2020/JEDI-FV3/expCodes/PACEData/GBBEPx/Prep_GBBEPx_2024070100_2024093000/2024083100
+ cd /scratch1/BMC/gsd-fv3-dev/MAPP_2018/bhuang/JEDI-2020/JEDI-FV3/expCodes/PACEData/GBBEPx/Prep_GBBEPx_2024070100_2024093000/2024083100
+ hsi 'get /BMC/fdr/Permanent/2024/08/31/data/grids/nesdis/GBBEPx/0p1deg/202408310000.zip'
[connecting to hpsscore1.fairmont.rdhpcs.noaa.gov/1217]
******************************************************************
*   Welcome to the NESCC High Performance Storage System         *
*                                                                *
*   Current HPSS version: 9.3.10                                 * 
*                                                                * 
*       Please Submit Helpdesk Request to                        *
*        rdhpcs.hpss.help@noaa.gov                               *
*                                                                *
******************************************************************
Username: Bo.Huang  UID: 10872  Acct: 10872(10872) Copies: 1 COS: 0 Firewall: off [hsi.9.3.0.p0 Thu Feb 1 17:57:19 UTC 2024] 
/BMC/fdr/Permanent/2024/08/31/data/grids/nesdis/GBBEPx/0p1deg/202408310000.zip: (md5) OK
get  '/scratch1/BMC/gsd-fv3-dev/MAPP_2018/bhuang/JEDI-2020/JEDI-FV3/expCodes/PACEData/GBBEPx/Prep_GBBEPx_2024070100_2024093000/2024083100/202408310000.zip' : '/BMC/fdr/Permanent/2024/08/31/data/grids/nesdis/GBBEPx/0p1deg/202408310000.zip' (2024/09/06 01:49:32 3919118 bytes, 156134.3 KBS )
+ ERR=0
+ ECNT=0
+ unzip 202408310000.zip
Archive:  202408310000.zip
  inflating: GBBEPx-all01GRID_v5r0_blend_s202408310000000_e202408312359590_c202409010139090.nc  
+ ERR=0
+ ECNT=0
+ '[' 0 -ne 0 ']'
++ /scratch2/NCEPDEV/nwprod/NCEPLIBS/utils/prod_util.v1.1.0/exec/ndate 24 2024083100
+ IDATE=2024090100
+ '[' 2024090100 -le 2024093000 ']'
+ ECNT=0
+ IY=2024
+ IM=09
+ ID=01
+ HPSSDIR=/BMC/fdr/Permanent/2024/09/01/data/grids/nesdis/GBBEPx/0p1deg
+ HERADIR=/scratch1/BMC/gsd-fv3-dev/MAPP_2018/bhuang/JEDI-2020/JEDI-FV3/expCodes/PACEData/GBBEPx/Prep_GBBEPx_2024070100_2024093000/2024090100
+ HPSSFILE=/BMC/fdr/Permanent/2024/09/01/data/grids/nesdis/GBBEPx/0p1deg/202409010000.zip
+ [[ -d /scratch1/BMC/gsd-fv3-dev/MAPP_2018/bhuang/JEDI-2020/JEDI-FV3/expCodes/PACEData/GBBEPx/Prep_GBBEPx_2024070100_2024093000/2024090100 ]]
+ mkdir -p /scratch1/BMC/gsd-fv3-dev/MAPP_2018/bhuang/JEDI-2020/JEDI-FV3/expCodes/PACEData/GBBEPx/Prep_GBBEPx_2024070100_2024093000/2024090100
+ cd /scratch1/BMC/gsd-fv3-dev/MAPP_2018/bhuang/JEDI-2020/JEDI-FV3/expCodes/PACEData/GBBEPx/Prep_GBBEPx_2024070100_2024093000/2024090100
+ hsi 'get /BMC/fdr/Permanent/2024/09/01/data/grids/nesdis/GBBEPx/0p1deg/202409010000.zip'
[connecting to hpsscore1.fairmont.rdhpcs.noaa.gov/1217]
******************************************************************
*   Welcome to the NESCC High Performance Storage System         *
*                                                                *
*   Current HPSS version: 9.3.10                                 * 
*                                                                * 
*       Please Submit Helpdesk Request to                        *
*        rdhpcs.hpss.help@noaa.gov                               *
*                                                                *
******************************************************************
Username: Bo.Huang  UID: 10872  Acct: 10872(10872) Copies: 1 COS: 0 Firewall: off [hsi.9.3.0.p0 Thu Feb 1 17:57:19 UTC 2024] 
/BMC/fdr/Permanent/2024/09/01/data/grids/nesdis/GBBEPx/0p1deg/202409010000.zip: (md5) OK
get  '/scratch1/BMC/gsd-fv3-dev/MAPP_2018/bhuang/JEDI-2020/JEDI-FV3/expCodes/PACEData/GBBEPx/Prep_GBBEPx_2024070100_2024093000/2024090100/202409010000.zip' : '/BMC/fdr/Permanent/2024/09/01/data/grids/nesdis/GBBEPx/0p1deg/202409010000.zip' (2024/09/07 04:52:27 3848321 bytes, 35242419.6 KBS )
+ ERR=0
+ ECNT=0
+ unzip 202409010000.zip
Archive:  202409010000.zip
  inflating: GBBEPx-all01GRID_v5r0_blend_s202409010000000_e202409012359590_c202409020121530.nc  
+ ERR=0
+ ECNT=0
+ '[' 0 -ne 0 ']'
++ /scratch2/NCEPDEV/nwprod/NCEPLIBS/utils/prod_util.v1.1.0/exec/ndate 24 2024090100
+ IDATE=2024090200
+ '[' 2024090200 -le 2024093000 ']'
+ ECNT=0
+ IY=2024
+ IM=09
+ ID=02
+ HPSSDIR=/BMC/fdr/Permanent/2024/09/02/data/grids/nesdis/GBBEPx/0p1deg
+ HERADIR=/scratch1/BMC/gsd-fv3-dev/MAPP_2018/bhuang/JEDI-2020/JEDI-FV3/expCodes/PACEData/GBBEPx/Prep_GBBEPx_2024070100_2024093000/2024090200
+ HPSSFILE=/BMC/fdr/Permanent/2024/09/02/data/grids/nesdis/GBBEPx/0p1deg/202409020000.zip
+ [[ -d /scratch1/BMC/gsd-fv3-dev/MAPP_2018/bhuang/JEDI-2020/JEDI-FV3/expCodes/PACEData/GBBEPx/Prep_GBBEPx_2024070100_2024093000/2024090200 ]]
+ mkdir -p /scratch1/BMC/gsd-fv3-dev/MAPP_2018/bhuang/JEDI-2020/JEDI-FV3/expCodes/PACEData/GBBEPx/Prep_GBBEPx_2024070100_2024093000/2024090200
+ cd /scratch1/BMC/gsd-fv3-dev/MAPP_2018/bhuang/JEDI-2020/JEDI-FV3/expCodes/PACEData/GBBEPx/Prep_GBBEPx_2024070100_2024093000/2024090200
+ hsi 'get /BMC/fdr/Permanent/2024/09/02/data/grids/nesdis/GBBEPx/0p1deg/202409020000.zip'
[connecting to hpsscore1.fairmont.rdhpcs.noaa.gov/1217]
******************************************************************
*   Welcome to the NESCC High Performance Storage System         *
*                                                                *
*   Current HPSS version: 9.3.10                                 * 
*                                                                * 
*       Please Submit Helpdesk Request to                        *
*        rdhpcs.hpss.help@noaa.gov                               *
*                                                                *
******************************************************************
Username: Bo.Huang  UID: 10872  Acct: 10872(10872) Copies: 1 COS: 0 Firewall: off [hsi.9.3.0.p0 Thu Feb 1 17:57:19 UTC 2024] 
/BMC/fdr/Permanent/2024/09/02/data/grids/nesdis/GBBEPx/0p1deg/202409020000.zip: (md5) OK
get  '/scratch1/BMC/gsd-fv3-dev/MAPP_2018/bhuang/JEDI-2020/JEDI-FV3/expCodes/PACEData/GBBEPx/Prep_GBBEPx_2024070100_2024093000/2024090200/202409020000.zip' : '/BMC/fdr/Permanent/2024/09/02/data/grids/nesdis/GBBEPx/0p1deg/202409020000.zip' (2024/09/08 04:00:55 4369750 bytes, 183848.7 KBS )
+ ERR=0
+ ECNT=0
+ unzip 202409020000.zip
Archive:  202409020000.zip
  inflating: GBBEPx-all01GRID_v5r0_blend_s202409020000000_e202409022359590_c202409030107580.nc  
+ ERR=0
+ ECNT=0
+ '[' 0 -ne 0 ']'
++ /scratch2/NCEPDEV/nwprod/NCEPLIBS/utils/prod_util.v1.1.0/exec/ndate 24 2024090200
+ IDATE=2024090300
+ '[' 2024090300 -le 2024093000 ']'
+ ECNT=0
+ IY=2024
+ IM=09
+ ID=03
+ HPSSDIR=/BMC/fdr/Permanent/2024/09/03/data/grids/nesdis/GBBEPx/0p1deg
+ HERADIR=/scratch1/BMC/gsd-fv3-dev/MAPP_2018/bhuang/JEDI-2020/JEDI-FV3/expCodes/PACEData/GBBEPx/Prep_GBBEPx_2024070100_2024093000/2024090300
+ HPSSFILE=/BMC/fdr/Permanent/2024/09/03/data/grids/nesdis/GBBEPx/0p1deg/202409030000.zip
+ [[ -d /scratch1/BMC/gsd-fv3-dev/MAPP_2018/bhuang/JEDI-2020/JEDI-FV3/expCodes/PACEData/GBBEPx/Prep_GBBEPx_2024070100_2024093000/2024090300 ]]
+ mkdir -p /scratch1/BMC/gsd-fv3-dev/MAPP_2018/bhuang/JEDI-2020/JEDI-FV3/expCodes/PACEData/GBBEPx/Prep_GBBEPx_2024070100_2024093000/2024090300
+ cd /scratch1/BMC/gsd-fv3-dev/MAPP_2018/bhuang/JEDI-2020/JEDI-FV3/expCodes/PACEData/GBBEPx/Prep_GBBEPx_2024070100_2024093000/2024090300
+ hsi 'get /BMC/fdr/Permanent/2024/09/03/data/grids/nesdis/GBBEPx/0p1deg/202409030000.zip'
[connecting to hpsscore1.fairmont.rdhpcs.noaa.gov/1217]
******************************************************************
*   Welcome to the NESCC High Performance Storage System         *
*                                                                *
*   Current HPSS version: 9.3.10                                 * 
*                                                                * 
*       Please Submit Helpdesk Request to                        *
*        rdhpcs.hpss.help@noaa.gov                               *
*                                                                *
******************************************************************
Username: Bo.Huang  UID: 10872  Acct: 10872(10872) Copies: 1 COS: 0 Firewall: off [hsi.9.3.0.p0 Thu Feb 1 17:57:19 UTC 2024] 
/BMC/fdr/Permanent/2024/09/03/data/grids/nesdis/GBBEPx/0p1deg/202409030000.zip: (md5) OK
get  '/scratch1/BMC/gsd-fv3-dev/MAPP_2018/bhuang/JEDI-2020/JEDI-FV3/expCodes/PACEData/GBBEPx/Prep_GBBEPx_2024070100_2024093000/2024090300/202409030000.zip' : '/BMC/fdr/Permanent/2024/09/03/data/grids/nesdis/GBBEPx/0p1deg/202409030000.zip' (2024/09/09 01:54:17 4741120 bytes, 190827.0 KBS )
+ ERR=0
+ ECNT=0
+ unzip 202409030000.zip
Archive:  202409030000.zip
  inflating: GBBEPx-all01GRID_v5r0_blend_s202409030000000_e202409032359590_c202409040132550.nc  
+ ERR=0
+ ECNT=0
+ '[' 0 -ne 0 ']'
++ /scratch2/NCEPDEV/nwprod/NCEPLIBS/utils/prod_util.v1.1.0/exec/ndate 24 2024090300
+ IDATE=2024090400
+ '[' 2024090400 -le 2024093000 ']'
+ ECNT=0
+ IY=2024
+ IM=09
+ ID=04
+ HPSSDIR=/BMC/fdr/Permanent/2024/09/04/data/grids/nesdis/GBBEPx/0p1deg
+ HERADIR=/scratch1/BMC/gsd-fv3-dev/MAPP_2018/bhuang/JEDI-2020/JEDI-FV3/expCodes/PACEData/GBBEPx/Prep_GBBEPx_2024070100_2024093000/2024090400
+ HPSSFILE=/BMC/fdr/Permanent/2024/09/04/data/grids/nesdis/GBBEPx/0p1deg/202409040000.zip
+ [[ -d /scratch1/BMC/gsd-fv3-dev/MAPP_2018/bhuang/JEDI-2020/JEDI-FV3/expCodes/PACEData/GBBEPx/Prep_GBBEPx_2024070100_2024093000/2024090400 ]]
+ mkdir -p /scratch1/BMC/gsd-fv3-dev/MAPP_2018/bhuang/JEDI-2020/JEDI-FV3/expCodes/PACEData/GBBEPx/Prep_GBBEPx_2024070100_2024093000/2024090400
+ cd /scratch1/BMC/gsd-fv3-dev/MAPP_2018/bhuang/JEDI-2020/JEDI-FV3/expCodes/PACEData/GBBEPx/Prep_GBBEPx_2024070100_2024093000/2024090400
+ hsi 'get /BMC/fdr/Permanent/2024/09/04/data/grids/nesdis/GBBEPx/0p1deg/202409040000.zip'
[connecting to hpsscore1.fairmont.rdhpcs.noaa.gov/1217]
******************************************************************
*   Welcome to the NESCC High Performance Storage System         *
*                                                                *
*   Current HPSS version: 9.3.10                                 * 
*                                                                * 
*       Please Submit Helpdesk Request to                        *
*        rdhpcs.hpss.help@noaa.gov                               *
*                                                                *
******************************************************************
Username: Bo.Huang  UID: 10872  Acct: 10872(10872) Copies: 1 COS: 0 Firewall: off [hsi.9.3.0.p0 Thu Feb 1 17:57:19 UTC 2024] 
/BMC/fdr/Permanent/2024/09/04/data/grids/nesdis/GBBEPx/0p1deg/202409040000.zip: (md5) OK
get  '/scratch1/BMC/gsd-fv3-dev/MAPP_2018/bhuang/JEDI-2020/JEDI-FV3/expCodes/PACEData/GBBEPx/Prep_GBBEPx_2024070100_2024093000/2024090400/202409040000.zip' : '/BMC/fdr/Permanent/2024/09/04/data/grids/nesdis/GBBEPx/0p1deg/202409040000.zip' (2024/09/10 03:56:29 4539937 bytes, 457704.4 KBS )
+ ERR=0
+ ECNT=0
+ unzip 202409040000.zip
Archive:  202409040000.zip
  inflating: GBBEPx-all01GRID_v5r0_blend_s202409040000000_e202409042359590_c202409050121190.nc  
+ ERR=0
+ ECNT=0
+ '[' 0 -ne 0 ']'
++ /scratch2/NCEPDEV/nwprod/NCEPLIBS/utils/prod_util.v1.1.0/exec/ndate 24 2024090400
+ IDATE=2024090500
+ '[' 2024090500 -le 2024093000 ']'
+ ECNT=0
+ IY=2024
+ IM=09
+ ID=05
+ HPSSDIR=/BMC/fdr/Permanent/2024/09/05/data/grids/nesdis/GBBEPx/0p1deg
+ HERADIR=/scratch1/BMC/gsd-fv3-dev/MAPP_2018/bhuang/JEDI-2020/JEDI-FV3/expCodes/PACEData/GBBEPx/Prep_GBBEPx_2024070100_2024093000/2024090500
+ HPSSFILE=/BMC/fdr/Permanent/2024/09/05/data/grids/nesdis/GBBEPx/0p1deg/202409050000.zip
+ [[ -d /scratch1/BMC/gsd-fv3-dev/MAPP_2018/bhuang/JEDI-2020/JEDI-FV3/expCodes/PACEData/GBBEPx/Prep_GBBEPx_2024070100_2024093000/2024090500 ]]
+ mkdir -p /scratch1/BMC/gsd-fv3-dev/MAPP_2018/bhuang/JEDI-2020/JEDI-FV3/expCodes/PACEData/GBBEPx/Prep_GBBEPx_2024070100_2024093000/2024090500
+ cd /scratch1/BMC/gsd-fv3-dev/MAPP_2018/bhuang/JEDI-2020/JEDI-FV3/expCodes/PACEData/GBBEPx/Prep_GBBEPx_2024070100_2024093000/2024090500
+ hsi 'get /BMC/fdr/Permanent/2024/09/05/data/grids/nesdis/GBBEPx/0p1deg/202409050000.zip'
[connecting to hpsscore1.fairmont.rdhpcs.noaa.gov/1217]
******************************************************************
*   Welcome to the NESCC High Performance Storage System         *
*                                                                *
*   Current HPSS version: 9.3.10                                 * 
*                                                                * 
*       Please Submit Helpdesk Request to                        *
*        rdhpcs.hpss.help@noaa.gov                               *
*                                                                *
******************************************************************
Username: Bo.Huang  UID: 10872  Acct: 10872(10872) Copies: 1 COS: 0 Firewall: off [hsi.9.3.0.p0 Thu Feb 1 17:57:19 UTC 2024] 
/BMC/fdr/Permanent/2024/09/05/data/grids/nesdis/GBBEPx/0p1deg/202409050000.zip: (md5) OK
get  '/scratch1/BMC/gsd-fv3-dev/MAPP_2018/bhuang/JEDI-2020/JEDI-FV3/expCodes/PACEData/GBBEPx/Prep_GBBEPx_2024070100_2024093000/2024090500/202409050000.zip' : '/BMC/fdr/Permanent/2024/09/05/data/grids/nesdis/GBBEPx/0p1deg/202409050000.zip' (2024/09/11 03:04:07 4309341 bytes, 1099634.1 KBS )
+ ERR=0
+ ECNT=0
+ unzip 202409050000.zip
Archive:  202409050000.zip
  inflating: GBBEPx-all01GRID_v5r0_blend_s202409050000000_e202409052359590_c202409060149440.nc  
+ ERR=0
+ ECNT=0
+ '[' 0 -ne 0 ']'
++ /scratch2/NCEPDEV/nwprod/NCEPLIBS/utils/prod_util.v1.1.0/exec/ndate 24 2024090500
+ IDATE=2024090600
+ '[' 2024090600 -le 2024093000 ']'
+ ECNT=0
+ IY=2024
+ IM=09
+ ID=06
+ HPSSDIR=/BMC/fdr/Permanent/2024/09/06/data/grids/nesdis/GBBEPx/0p1deg
+ HERADIR=/scratch1/BMC/gsd-fv3-dev/MAPP_2018/bhuang/JEDI-2020/JEDI-FV3/expCodes/PACEData/GBBEPx/Prep_GBBEPx_2024070100_2024093000/2024090600
+ HPSSFILE=/BMC/fdr/Permanent/2024/09/06/data/grids/nesdis/GBBEPx/0p1deg/202409060000.zip
+ [[ -d /scratch1/BMC/gsd-fv3-dev/MAPP_2018/bhuang/JEDI-2020/JEDI-FV3/expCodes/PACEData/GBBEPx/Prep_GBBEPx_2024070100_2024093000/2024090600 ]]
+ mkdir -p /scratch1/BMC/gsd-fv3-dev/MAPP_2018/bhuang/JEDI-2020/JEDI-FV3/expCodes/PACEData/GBBEPx/Prep_GBBEPx_2024070100_2024093000/2024090600
+ cd /scratch1/BMC/gsd-fv3-dev/MAPP_2018/bhuang/JEDI-2020/JEDI-FV3/expCodes/PACEData/GBBEPx/Prep_GBBEPx_2024070100_2024093000/2024090600
+ hsi 'get /BMC/fdr/Permanent/2024/09/06/data/grids/nesdis/GBBEPx/0p1deg/202409060000.zip'
[connecting to hpsscore1.fairmont.rdhpcs.noaa.gov/1217]
******************************************************************
*   Welcome to the NESCC High Performance Storage System         *
*                                                                *
*   Current HPSS version: 9.3.10                                 * 
*                                                                * 
*       Please Submit Helpdesk Request to                        *
*        rdhpcs.hpss.help@noaa.gov                               *
*                                                                *
******************************************************************
Username: Bo.Huang  UID: 10872  Acct: 10872(10872) Copies: 1 COS: 0 Firewall: off [hsi.9.3.0.p0 Thu Feb 1 17:57:19 UTC 2024] 
/BMC/fdr/Permanent/2024/09/06/data/grids/nesdis/GBBEPx/0p1deg/202409060000.zip: (md5) OK
get  '/scratch1/BMC/gsd-fv3-dev/MAPP_2018/bhuang/JEDI-2020/JEDI-FV3/expCodes/PACEData/GBBEPx/Prep_GBBEPx_2024070100_2024093000/2024090600/202409060000.zip' : '/BMC/fdr/Permanent/2024/09/06/data/grids/nesdis/GBBEPx/0p1deg/202409060000.zip' (2024/09/12 04:57:30 4361786 bytes, 153638.5 KBS )
+ ERR=0
+ ECNT=0
+ unzip 202409060000.zip
Archive:  202409060000.zip
  inflating: GBBEPx-all01GRID_v5r0_blend_s202409060000000_e202409062359590_c202409070124590.nc  
+ ERR=0
+ ECNT=0
+ '[' 0 -ne 0 ']'
++ /scratch2/NCEPDEV/nwprod/NCEPLIBS/utils/prod_util.v1.1.0/exec/ndate 24 2024090600
+ IDATE=2024090700
+ '[' 2024090700 -le 2024093000 ']'
+ ECNT=0
+ IY=2024
+ IM=09
+ ID=07
+ HPSSDIR=/BMC/fdr/Permanent/2024/09/07/data/grids/nesdis/GBBEPx/0p1deg
+ HERADIR=/scratch1/BMC/gsd-fv3-dev/MAPP_2018/bhuang/JEDI-2020/JEDI-FV3/expCodes/PACEData/GBBEPx/Prep_GBBEPx_2024070100_2024093000/2024090700
+ HPSSFILE=/BMC/fdr/Permanent/2024/09/07/data/grids/nesdis/GBBEPx/0p1deg/202409070000.zip
+ [[ -d /scratch1/BMC/gsd-fv3-dev/MAPP_2018/bhuang/JEDI-2020/JEDI-FV3/expCodes/PACEData/GBBEPx/Prep_GBBEPx_2024070100_2024093000/2024090700 ]]
+ mkdir -p /scratch1/BMC/gsd-fv3-dev/MAPP_2018/bhuang/JEDI-2020/JEDI-FV3/expCodes/PACEData/GBBEPx/Prep_GBBEPx_2024070100_2024093000/2024090700
+ cd /scratch1/BMC/gsd-fv3-dev/MAPP_2018/bhuang/JEDI-2020/JEDI-FV3/expCodes/PACEData/GBBEPx/Prep_GBBEPx_2024070100_2024093000/2024090700
+ hsi 'get /BMC/fdr/Permanent/2024/09/07/data/grids/nesdis/GBBEPx/0p1deg/202409070000.zip'
[connecting to hpsscore1.fairmont.rdhpcs.noaa.gov/1217]
******************************************************************
*   Welcome to the NESCC High Performance Storage System         *
*                                                                *
*   Current HPSS version: 9.3.10                                 * 
*                                                                * 
*       Please Submit Helpdesk Request to                        *
*        rdhpcs.hpss.help@noaa.gov                               *
*                                                                *
******************************************************************
Username: Bo.Huang  UID: 10872  Acct: 10872(10872) Copies: 1 COS: 0 Firewall: off [hsi.9.3.0.p0 Thu Feb 1 17:57:19 UTC 2024] 
/BMC/fdr/Permanent/2024/09/07/data/grids/nesdis/GBBEPx/0p1deg/202409070000.zip: (md5) OK
get  '/scratch1/BMC/gsd-fv3-dev/MAPP_2018/bhuang/JEDI-2020/JEDI-FV3/expCodes/PACEData/GBBEPx/Prep_GBBEPx_2024070100_2024093000/2024090700/202409070000.zip' : '/BMC/fdr/Permanent/2024/09/07/data/grids/nesdis/GBBEPx/0p1deg/202409070000.zip' (2024/09/13 03:58:28 4542275 bytes, 180169.7 KBS )
+ ERR=0
+ ECNT=0
+ unzip 202409070000.zip
Archive:  202409070000.zip
  inflating: GBBEPx-all01GRID_v5r0_blend_s202409070000000_e202409072359590_c202409080110160.nc  
+ ERR=0
+ ECNT=0
+ '[' 0 -ne 0 ']'
++ /scratch2/NCEPDEV/nwprod/NCEPLIBS/utils/prod_util.v1.1.0/exec/ndate 24 2024090700
+ IDATE=2024090800
+ '[' 2024090800 -le 2024093000 ']'
+ ECNT=0
+ IY=2024
+ IM=09
+ ID=08
+ HPSSDIR=/BMC/fdr/Permanent/2024/09/08/data/grids/nesdis/GBBEPx/0p1deg
+ HERADIR=/scratch1/BMC/gsd-fv3-dev/MAPP_2018/bhuang/JEDI-2020/JEDI-FV3/expCodes/PACEData/GBBEPx/Prep_GBBEPx_2024070100_2024093000/2024090800
+ HPSSFILE=/BMC/fdr/Permanent/2024/09/08/data/grids/nesdis/GBBEPx/0p1deg/202409080000.zip
+ [[ -d /scratch1/BMC/gsd-fv3-dev/MAPP_2018/bhuang/JEDI-2020/JEDI-FV3/expCodes/PACEData/GBBEPx/Prep_GBBEPx_2024070100_2024093000/2024090800 ]]
+ mkdir -p /scratch1/BMC/gsd-fv3-dev/MAPP_2018/bhuang/JEDI-2020/JEDI-FV3/expCodes/PACEData/GBBEPx/Prep_GBBEPx_2024070100_2024093000/2024090800
+ cd /scratch1/BMC/gsd-fv3-dev/MAPP_2018/bhuang/JEDI-2020/JEDI-FV3/expCodes/PACEData/GBBEPx/Prep_GBBEPx_2024070100_2024093000/2024090800
+ hsi 'get /BMC/fdr/Permanent/2024/09/08/data/grids/nesdis/GBBEPx/0p1deg/202409080000.zip'
[connecting to hpsscore1.fairmont.rdhpcs.noaa.gov/1217]
******************************************************************
*   Welcome to the NESCC High Performance Storage System         *
*                                                                *
*   Current HPSS version: 9.3.10                                 * 
*                                                                * 
*       Please Submit Helpdesk Request to                        *
*        rdhpcs.hpss.help@noaa.gov                               *
*                                                                *
******************************************************************
Username: Bo.Huang  UID: 10872  Acct: 10872(10872) Copies: 1 COS: 0 Firewall: off [hsi.9.3.0.p0 Thu Feb 1 17:57:19 UTC 2024] 
/BMC/fdr/Permanent/2024/09/08/data/grids/nesdis/GBBEPx/0p1deg/202409080000.zip: (md5) OK
get  '/scratch1/BMC/gsd-fv3-dev/MAPP_2018/bhuang/JEDI-2020/JEDI-FV3/expCodes/PACEData/GBBEPx/Prep_GBBEPx_2024070100_2024093000/2024090800/202409080000.zip' : '/BMC/fdr/Permanent/2024/09/08/data/grids/nesdis/GBBEPx/0p1deg/202409080000.zip' (2024/09/14 03:00:04 4219381 bytes, 384909.4 KBS )
+ ERR=0
+ ECNT=0
+ unzip 202409080000.zip
Archive:  202409080000.zip
  inflating: GBBEPx-all01GRID_v5r0_blend_s202409080000000_e202409082359590_c202409090131350.nc  
+ ERR=0
+ ECNT=0
+ '[' 0 -ne 0 ']'
++ /scratch2/NCEPDEV/nwprod/NCEPLIBS/utils/prod_util.v1.1.0/exec/ndate 24 2024090800
+ IDATE=2024090900
+ '[' 2024090900 -le 2024093000 ']'
+ ECNT=0
+ IY=2024
+ IM=09
+ ID=09
+ HPSSDIR=/BMC/fdr/Permanent/2024/09/09/data/grids/nesdis/GBBEPx/0p1deg
+ HERADIR=/scratch1/BMC/gsd-fv3-dev/MAPP_2018/bhuang/JEDI-2020/JEDI-FV3/expCodes/PACEData/GBBEPx/Prep_GBBEPx_2024070100_2024093000/2024090900
+ HPSSFILE=/BMC/fdr/Permanent/2024/09/09/data/grids/nesdis/GBBEPx/0p1deg/202409090000.zip
+ [[ -d /scratch1/BMC/gsd-fv3-dev/MAPP_2018/bhuang/JEDI-2020/JEDI-FV3/expCodes/PACEData/GBBEPx/Prep_GBBEPx_2024070100_2024093000/2024090900 ]]
+ mkdir -p /scratch1/BMC/gsd-fv3-dev/MAPP_2018/bhuang/JEDI-2020/JEDI-FV3/expCodes/PACEData/GBBEPx/Prep_GBBEPx_2024070100_2024093000/2024090900
+ cd /scratch1/BMC/gsd-fv3-dev/MAPP_2018/bhuang/JEDI-2020/JEDI-FV3/expCodes/PACEData/GBBEPx/Prep_GBBEPx_2024070100_2024093000/2024090900
+ hsi 'get /BMC/fdr/Permanent/2024/09/09/data/grids/nesdis/GBBEPx/0p1deg/202409090000.zip'
[connecting to hpsscore1.fairmont.rdhpcs.noaa.gov/1217]
******************************************************************
*   Welcome to the NESCC High Performance Storage System         *
*                                                                *
*   Current HPSS version: 9.3.10                                 * 
*                                                                * 
*       Please Submit Helpdesk Request to                        *
*        rdhpcs.hpss.help@noaa.gov                               *
*                                                                *
******************************************************************
Username: Bo.Huang  UID: 10872  Acct: 10872(10872) Copies: 1 COS: 0 Firewall: off [hsi.9.3.0.p0 Thu Feb 1 17:57:19 UTC 2024] 
/BMC/fdr/Permanent/2024/09/09/data/grids/nesdis/GBBEPx/0p1deg/202409090000.zip: (md5) OK
get  '/scratch1/BMC/gsd-fv3-dev/MAPP_2018/bhuang/JEDI-2020/JEDI-FV3/expCodes/PACEData/GBBEPx/Prep_GBBEPx_2024070100_2024093000/2024090900/202409090000.zip' : '/BMC/fdr/Permanent/2024/09/09/data/grids/nesdis/GBBEPx/0p1deg/202409090000.zip' (2024/09/15 02:23:32 4515736 bytes, 176011.0 KBS )
+ ERR=0
+ ECNT=0
+ unzip 202409090000.zip
Archive:  202409090000.zip
  inflating: GBBEPx-all01GRID_v5r0_blend_s202409090000000_e202409092359590_c202409100124200.nc  
+ ERR=0
+ ECNT=0
+ '[' 0 -ne 0 ']'
++ /scratch2/NCEPDEV/nwprod/NCEPLIBS/utils/prod_util.v1.1.0/exec/ndate 24 2024090900
+ IDATE=2024091000
+ '[' 2024091000 -le 2024093000 ']'
+ ECNT=0
+ IY=2024
+ IM=09
+ ID=10
+ HPSSDIR=/BMC/fdr/Permanent/2024/09/10/data/grids/nesdis/GBBEPx/0p1deg
+ HERADIR=/scratch1/BMC/gsd-fv3-dev/MAPP_2018/bhuang/JEDI-2020/JEDI-FV3/expCodes/PACEData/GBBEPx/Prep_GBBEPx_2024070100_2024093000/2024091000
+ HPSSFILE=/BMC/fdr/Permanent/2024/09/10/data/grids/nesdis/GBBEPx/0p1deg/202409100000.zip
+ [[ -d /scratch1/BMC/gsd-fv3-dev/MAPP_2018/bhuang/JEDI-2020/JEDI-FV3/expCodes/PACEData/GBBEPx/Prep_GBBEPx_2024070100_2024093000/2024091000 ]]
+ mkdir -p /scratch1/BMC/gsd-fv3-dev/MAPP_2018/bhuang/JEDI-2020/JEDI-FV3/expCodes/PACEData/GBBEPx/Prep_GBBEPx_2024070100_2024093000/2024091000
+ cd /scratch1/BMC/gsd-fv3-dev/MAPP_2018/bhuang/JEDI-2020/JEDI-FV3/expCodes/PACEData/GBBEPx/Prep_GBBEPx_2024070100_2024093000/2024091000
+ hsi 'get /BMC/fdr/Permanent/2024/09/10/data/grids/nesdis/GBBEPx/0p1deg/202409100000.zip'
[connecting to hpsscore1.fairmont.rdhpcs.noaa.gov/1217]
******************************************************************
*   Welcome to the NESCC High Performance Storage System         *
*                                                                *
*   Current HPSS version: 9.3.10                                 * 
*                                                                * 
*       Please Submit Helpdesk Request to                        *
*        rdhpcs.hpss.help@noaa.gov                               *
*                                                                *
******************************************************************
Username: Bo.Huang  UID: 10872  Acct: 10872(10872) Copies: 1 COS: 0 Firewall: off [hsi.9.3.0.p0 Thu Feb 1 17:57:19 UTC 2024] 
/BMC/fdr/Permanent/2024/09/10/data/grids/nesdis/GBBEPx/0p1deg/202409100000.zip: (md5) OK
get  '/scratch1/BMC/gsd-fv3-dev/MAPP_2018/bhuang/JEDI-2020/JEDI-FV3/expCodes/PACEData/GBBEPx/Prep_GBBEPx_2024070100_2024093000/2024091000/202409100000.zip' : '/BMC/fdr/Permanent/2024/09/10/data/grids/nesdis/GBBEPx/0p1deg/202409100000.zip' (2024/09/16 02:51:28 4662910 bytes, 174309.2 KBS )
+ ERR=0
+ ECNT=0
+ unzip 202409100000.zip
Archive:  202409100000.zip
  inflating: GBBEPx-all01GRID_v5r0_blend_s202409100000000_e202409102359590_c202409110117200.nc  
+ ERR=0
+ ECNT=0
+ '[' 0 -ne 0 ']'
++ /scratch2/NCEPDEV/nwprod/NCEPLIBS/utils/prod_util.v1.1.0/exec/ndate 24 2024091000
+ IDATE=2024091100
+ '[' 2024091100 -le 2024093000 ']'
+ ECNT=0
+ IY=2024
+ IM=09
+ ID=11
+ HPSSDIR=/BMC/fdr/Permanent/2024/09/11/data/grids/nesdis/GBBEPx/0p1deg
+ HERADIR=/scratch1/BMC/gsd-fv3-dev/MAPP_2018/bhuang/JEDI-2020/JEDI-FV3/expCodes/PACEData/GBBEPx/Prep_GBBEPx_2024070100_2024093000/2024091100
+ HPSSFILE=/BMC/fdr/Permanent/2024/09/11/data/grids/nesdis/GBBEPx/0p1deg/202409110000.zip
+ [[ -d /scratch1/BMC/gsd-fv3-dev/MAPP_2018/bhuang/JEDI-2020/JEDI-FV3/expCodes/PACEData/GBBEPx/Prep_GBBEPx_2024070100_2024093000/2024091100 ]]
+ mkdir -p /scratch1/BMC/gsd-fv3-dev/MAPP_2018/bhuang/JEDI-2020/JEDI-FV3/expCodes/PACEData/GBBEPx/Prep_GBBEPx_2024070100_2024093000/2024091100
+ cd /scratch1/BMC/gsd-fv3-dev/MAPP_2018/bhuang/JEDI-2020/JEDI-FV3/expCodes/PACEData/GBBEPx/Prep_GBBEPx_2024070100_2024093000/2024091100
+ hsi 'get /BMC/fdr/Permanent/2024/09/11/data/grids/nesdis/GBBEPx/0p1deg/202409110000.zip'
[connecting to hpsscore1.fairmont.rdhpcs.noaa.gov/1217]
******************************************************************
*   Welcome to the NESCC High Performance Storage System         *
*                                                                *
*   Current HPSS version: 9.3.10                                 * 
*                                                                * 
*       Please Submit Helpdesk Request to                        *
*        rdhpcs.hpss.help@noaa.gov                               *
*                                                                *
******************************************************************
Username: Bo.Huang  UID: 10872  Acct: 10872(10872) Copies: 1 COS: 0 Firewall: off [hsi.9.3.0.p0 Thu Feb 1 17:57:19 UTC 2024] 
/BMC/fdr/Permanent/2024/09/11/data/grids/nesdis/GBBEPx/0p1deg/202409110000.zip: (md5) OK
get  '/scratch1/BMC/gsd-fv3-dev/MAPP_2018/bhuang/JEDI-2020/JEDI-FV3/expCodes/PACEData/GBBEPx/Prep_GBBEPx_2024070100_2024093000/2024091100/202409110000.zip' : '/BMC/fdr/Permanent/2024/09/11/data/grids/nesdis/GBBEPx/0p1deg/202409110000.zip' (2024/09/17 02:59:53 4522651 bytes, 177171.3 KBS )
+ ERR=0
+ ECNT=0
+ unzip 202409110000.zip
Archive:  202409110000.zip
  inflating: GBBEPx-all01GRID_v5r0_blend_s202409110000000_e202409112359590_c202409120136020.nc  
+ ERR=0
+ ECNT=0
+ '[' 0 -ne 0 ']'
++ /scratch2/NCEPDEV/nwprod/NCEPLIBS/utils/prod_util.v1.1.0/exec/ndate 24 2024091100
+ IDATE=2024091200
+ '[' 2024091200 -le 2024093000 ']'
+ ECNT=0
+ IY=2024
+ IM=09
+ ID=12
+ HPSSDIR=/BMC/fdr/Permanent/2024/09/12/data/grids/nesdis/GBBEPx/0p1deg
+ HERADIR=/scratch1/BMC/gsd-fv3-dev/MAPP_2018/bhuang/JEDI-2020/JEDI-FV3/expCodes/PACEData/GBBEPx/Prep_GBBEPx_2024070100_2024093000/2024091200
+ HPSSFILE=/BMC/fdr/Permanent/2024/09/12/data/grids/nesdis/GBBEPx/0p1deg/202409120000.zip
+ [[ -d /scratch1/BMC/gsd-fv3-dev/MAPP_2018/bhuang/JEDI-2020/JEDI-FV3/expCodes/PACEData/GBBEPx/Prep_GBBEPx_2024070100_2024093000/2024091200 ]]
+ mkdir -p /scratch1/BMC/gsd-fv3-dev/MAPP_2018/bhuang/JEDI-2020/JEDI-FV3/expCodes/PACEData/GBBEPx/Prep_GBBEPx_2024070100_2024093000/2024091200
+ cd /scratch1/BMC/gsd-fv3-dev/MAPP_2018/bhuang/JEDI-2020/JEDI-FV3/expCodes/PACEData/GBBEPx/Prep_GBBEPx_2024070100_2024093000/2024091200
+ hsi 'get /BMC/fdr/Permanent/2024/09/12/data/grids/nesdis/GBBEPx/0p1deg/202409120000.zip'
[connecting to hpsscore1.fairmont.rdhpcs.noaa.gov/1217]
******************************************************************
*   Welcome to the NESCC High Performance Storage System         *
*                                                                *
*   Current HPSS version: 9.3.10                                 * 
*                                                                * 
*       Please Submit Helpdesk Request to                        *
*        rdhpcs.hpss.help@noaa.gov                               *
*                                                                *
******************************************************************
Username: Bo.Huang  UID: 10872  Acct: 10872(10872) Copies: 1 COS: 0 Firewall: off [hsi.9.3.0.p0 Thu Feb 1 17:57:19 UTC 2024] 
/BMC/fdr/Permanent/2024/09/12/data/grids/nesdis/GBBEPx/0p1deg/202409120000.zip: (md5) OK
get  '/scratch1/BMC/gsd-fv3-dev/MAPP_2018/bhuang/JEDI-2020/JEDI-FV3/expCodes/PACEData/GBBEPx/Prep_GBBEPx_2024070100_2024093000/2024091200/202409120000.zip' : '/BMC/fdr/Permanent/2024/09/12/data/grids/nesdis/GBBEPx/0p1deg/202409120000.zip' (2024/09/18 03:48:28 4551158 bytes, 189907.6 KBS )
+ ERR=0
+ ECNT=0
+ unzip 202409120000.zip
Archive:  202409120000.zip
  inflating: GBBEPx-all01GRID_v5r0_blend_s202409120000000_e202409122359590_c202409130350310.nc  
+ ERR=0
+ ECNT=0
+ '[' 0 -ne 0 ']'
++ /scratch2/NCEPDEV/nwprod/NCEPLIBS/utils/prod_util.v1.1.0/exec/ndate 24 2024091200
+ IDATE=2024091300
+ '[' 2024091300 -le 2024093000 ']'
+ ECNT=0
+ IY=2024
+ IM=09
+ ID=13
+ HPSSDIR=/BMC/fdr/Permanent/2024/09/13/data/grids/nesdis/GBBEPx/0p1deg
+ HERADIR=/scratch1/BMC/gsd-fv3-dev/MAPP_2018/bhuang/JEDI-2020/JEDI-FV3/expCodes/PACEData/GBBEPx/Prep_GBBEPx_2024070100_2024093000/2024091300
+ HPSSFILE=/BMC/fdr/Permanent/2024/09/13/data/grids/nesdis/GBBEPx/0p1deg/202409130000.zip
+ [[ -d /scratch1/BMC/gsd-fv3-dev/MAPP_2018/bhuang/JEDI-2020/JEDI-FV3/expCodes/PACEData/GBBEPx/Prep_GBBEPx_2024070100_2024093000/2024091300 ]]
+ mkdir -p /scratch1/BMC/gsd-fv3-dev/MAPP_2018/bhuang/JEDI-2020/JEDI-FV3/expCodes/PACEData/GBBEPx/Prep_GBBEPx_2024070100_2024093000/2024091300
+ cd /scratch1/BMC/gsd-fv3-dev/MAPP_2018/bhuang/JEDI-2020/JEDI-FV3/expCodes/PACEData/GBBEPx/Prep_GBBEPx_2024070100_2024093000/2024091300
+ hsi 'get /BMC/fdr/Permanent/2024/09/13/data/grids/nesdis/GBBEPx/0p1deg/202409130000.zip'
[connecting to hpsscore1.fairmont.rdhpcs.noaa.gov/1217]
******************************************************************
*   Welcome to the NESCC High Performance Storage System         *
*                                                                *
*   Current HPSS version: 9.3.10                                 * 
*                                                                * 
*       Please Submit Helpdesk Request to                        *
*        rdhpcs.hpss.help@noaa.gov                               *
*                                                                *
******************************************************************
Username: Bo.Huang  UID: 10872  Acct: 10872(10872) Copies: 1 COS: 0 Firewall: off [hsi.9.3.0.p0 Thu Feb 1 17:57:19 UTC 2024] 
/BMC/fdr/Permanent/2024/09/13/data/grids/nesdis/GBBEPx/0p1deg/202409130000.zip: (md5) OK
get  '/scratch1/BMC/gsd-fv3-dev/MAPP_2018/bhuang/JEDI-2020/JEDI-FV3/expCodes/PACEData/GBBEPx/Prep_GBBEPx_2024070100_2024093000/2024091300/202409130000.zip' : '/BMC/fdr/Permanent/2024/09/13/data/grids/nesdis/GBBEPx/0p1deg/202409130000.zip' (2024/09/19 04:52:00 4644050 bytes, 192788.3 KBS )
+ ERR=0
+ ECNT=0
+ unzip 202409130000.zip
Archive:  202409130000.zip
  inflating: GBBEPx-all01GRID_v5r0_blend_s202409130000000_e202409132359590_c202409140145490.nc  
+ ERR=0
+ ECNT=0
+ '[' 0 -ne 0 ']'
++ /scratch2/NCEPDEV/nwprod/NCEPLIBS/utils/prod_util.v1.1.0/exec/ndate 24 2024091300
+ IDATE=2024091400
+ '[' 2024091400 -le 2024093000 ']'
+ ECNT=0
+ IY=2024
+ IM=09
+ ID=14
+ HPSSDIR=/BMC/fdr/Permanent/2024/09/14/data/grids/nesdis/GBBEPx/0p1deg
+ HERADIR=/scratch1/BMC/gsd-fv3-dev/MAPP_2018/bhuang/JEDI-2020/JEDI-FV3/expCodes/PACEData/GBBEPx/Prep_GBBEPx_2024070100_2024093000/2024091400
+ HPSSFILE=/BMC/fdr/Permanent/2024/09/14/data/grids/nesdis/GBBEPx/0p1deg/202409140000.zip
+ [[ -d /scratch1/BMC/gsd-fv3-dev/MAPP_2018/bhuang/JEDI-2020/JEDI-FV3/expCodes/PACEData/GBBEPx/Prep_GBBEPx_2024070100_2024093000/2024091400 ]]
+ mkdir -p /scratch1/BMC/gsd-fv3-dev/MAPP_2018/bhuang/JEDI-2020/JEDI-FV3/expCodes/PACEData/GBBEPx/Prep_GBBEPx_2024070100_2024093000/2024091400
+ cd /scratch1/BMC/gsd-fv3-dev/MAPP_2018/bhuang/JEDI-2020/JEDI-FV3/expCodes/PACEData/GBBEPx/Prep_GBBEPx_2024070100_2024093000/2024091400
+ hsi 'get /BMC/fdr/Permanent/2024/09/14/data/grids/nesdis/GBBEPx/0p1deg/202409140000.zip'
[connecting to hpsscore1.fairmont.rdhpcs.noaa.gov/1217]
******************************************************************
*   Welcome to the NESCC High Performance Storage System         *
*                                                                *
*   Current HPSS version: 9.3.10                                 * 
*                                                                * 
*       Please Submit Helpdesk Request to                        *
*        rdhpcs.hpss.help@noaa.gov                               *
*                                                                *
******************************************************************
Username: Bo.Huang  UID: 10872  Acct: 10872(10872) Copies: 1 COS: 0 Firewall: off [hsi.9.3.0.p0 Thu Feb 1 17:57:19 UTC 2024] 
/BMC/fdr/Permanent/2024/09/14/data/grids/nesdis/GBBEPx/0p1deg/202409140000.zip: (md5) OK
get  '/scratch1/BMC/gsd-fv3-dev/MAPP_2018/bhuang/JEDI-2020/JEDI-FV3/expCodes/PACEData/GBBEPx/Prep_GBBEPx_2024070100_2024093000/2024091400/202409140000.zip' : '/BMC/fdr/Permanent/2024/09/14/data/grids/nesdis/GBBEPx/0p1deg/202409140000.zip' (2024/09/20 03:02:31 4712838 bytes, 190494.8 KBS )
+ ERR=0
+ ECNT=0
+ unzip 202409140000.zip
Archive:  202409140000.zip
  inflating: GBBEPx-all01GRID_v5r0_blend_s202409140000000_e202409142359590_c202409150122540.nc  
+ ERR=0
+ ECNT=0
+ '[' 0 -ne 0 ']'
++ /scratch2/NCEPDEV/nwprod/NCEPLIBS/utils/prod_util.v1.1.0/exec/ndate 24 2024091400
+ IDATE=2024091500
+ '[' 2024091500 -le 2024093000 ']'
+ ECNT=0
+ IY=2024
+ IM=09
+ ID=15
+ HPSSDIR=/BMC/fdr/Permanent/2024/09/15/data/grids/nesdis/GBBEPx/0p1deg
+ HERADIR=/scratch1/BMC/gsd-fv3-dev/MAPP_2018/bhuang/JEDI-2020/JEDI-FV3/expCodes/PACEData/GBBEPx/Prep_GBBEPx_2024070100_2024093000/2024091500
+ HPSSFILE=/BMC/fdr/Permanent/2024/09/15/data/grids/nesdis/GBBEPx/0p1deg/202409150000.zip
+ [[ -d /scratch1/BMC/gsd-fv3-dev/MAPP_2018/bhuang/JEDI-2020/JEDI-FV3/expCodes/PACEData/GBBEPx/Prep_GBBEPx_2024070100_2024093000/2024091500 ]]
+ mkdir -p /scratch1/BMC/gsd-fv3-dev/MAPP_2018/bhuang/JEDI-2020/JEDI-FV3/expCodes/PACEData/GBBEPx/Prep_GBBEPx_2024070100_2024093000/2024091500
+ cd /scratch1/BMC/gsd-fv3-dev/MAPP_2018/bhuang/JEDI-2020/JEDI-FV3/expCodes/PACEData/GBBEPx/Prep_GBBEPx_2024070100_2024093000/2024091500
+ hsi 'get /BMC/fdr/Permanent/2024/09/15/data/grids/nesdis/GBBEPx/0p1deg/202409150000.zip'
[connecting to hpsscore1.fairmont.rdhpcs.noaa.gov/1217]
******************************************************************
*   Welcome to the NESCC High Performance Storage System         *
*                                                                *
*   Current HPSS version: 9.3.10                                 * 
*                                                                * 
*       Please Submit Helpdesk Request to                        *
*        rdhpcs.hpss.help@noaa.gov                               *
*                                                                *
******************************************************************
Username: Bo.Huang  UID: 10872  Acct: 10872(10872) Copies: 1 COS: 0 Firewall: off [hsi.9.3.0.p0 Thu Feb 1 17:57:19 UTC 2024] 
/BMC/fdr/Permanent/2024/09/15/data/grids/nesdis/GBBEPx/0p1deg/202409150000.zip: (md5) OK
get  '/scratch1/BMC/gsd-fv3-dev/MAPP_2018/bhuang/JEDI-2020/JEDI-FV3/expCodes/PACEData/GBBEPx/Prep_GBBEPx_2024070100_2024093000/2024091500/202409150000.zip' : '/BMC/fdr/Permanent/2024/09/15/data/grids/nesdis/GBBEPx/0p1deg/202409150000.zip' (2024/09/21 01:51:47 4393101 bytes, 886248.9 KBS )
+ ERR=0
+ ECNT=0
+ unzip 202409150000.zip
Archive:  202409150000.zip
  inflating: GBBEPx-all01GRID_v5r0_blend_s202409150000000_e202409152359590_c202409160321230.nc  
+ ERR=0
+ ECNT=0
+ '[' 0 -ne 0 ']'
++ /scratch2/NCEPDEV/nwprod/NCEPLIBS/utils/prod_util.v1.1.0/exec/ndate 24 2024091500
+ IDATE=2024091600
+ '[' 2024091600 -le 2024093000 ']'
+ ECNT=0
+ IY=2024
+ IM=09
+ ID=16
+ HPSSDIR=/BMC/fdr/Permanent/2024/09/16/data/grids/nesdis/GBBEPx/0p1deg
+ HERADIR=/scratch1/BMC/gsd-fv3-dev/MAPP_2018/bhuang/JEDI-2020/JEDI-FV3/expCodes/PACEData/GBBEPx/Prep_GBBEPx_2024070100_2024093000/2024091600
+ HPSSFILE=/BMC/fdr/Permanent/2024/09/16/data/grids/nesdis/GBBEPx/0p1deg/202409160000.zip
+ [[ -d /scratch1/BMC/gsd-fv3-dev/MAPP_2018/bhuang/JEDI-2020/JEDI-FV3/expCodes/PACEData/GBBEPx/Prep_GBBEPx_2024070100_2024093000/2024091600 ]]
+ mkdir -p /scratch1/BMC/gsd-fv3-dev/MAPP_2018/bhuang/JEDI-2020/JEDI-FV3/expCodes/PACEData/GBBEPx/Prep_GBBEPx_2024070100_2024093000/2024091600
+ cd /scratch1/BMC/gsd-fv3-dev/MAPP_2018/bhuang/JEDI-2020/JEDI-FV3/expCodes/PACEData/GBBEPx/Prep_GBBEPx_2024070100_2024093000/2024091600
+ hsi 'get /BMC/fdr/Permanent/2024/09/16/data/grids/nesdis/GBBEPx/0p1deg/202409160000.zip'
[connecting to hpsscore1.fairmont.rdhpcs.noaa.gov/1217]
******************************************************************
*   Welcome to the NESCC High Performance Storage System         *
*                                                                *
*   Current HPSS version: 9.3.10                                 * 
*                                                                * 
*       Please Submit Helpdesk Request to                        *
*        rdhpcs.hpss.help@noaa.gov                               *
*                                                                *
******************************************************************
Username: Bo.Huang  UID: 10872  Acct: 10872(10872) Copies: 1 COS: 0 Firewall: off [hsi.9.3.0.p0 Thu Feb 1 17:57:19 UTC 2024] 
/BMC/fdr/Permanent/2024/09/16/data/grids/nesdis/GBBEPx/0p1deg/202409160000.zip: (md5) OK
get  '/scratch1/BMC/gsd-fv3-dev/MAPP_2018/bhuang/JEDI-2020/JEDI-FV3/expCodes/PACEData/GBBEPx/Prep_GBBEPx_2024070100_2024093000/2024091600/202409160000.zip' : '/BMC/fdr/Permanent/2024/09/16/data/grids/nesdis/GBBEPx/0p1deg/202409160000.zip' (2024/09/22 03:51:00 4470756 bytes, 186008.6 KBS )
+ ERR=0
+ ECNT=0
+ unzip 202409160000.zip
Archive:  202409160000.zip
  inflating: GBBEPx-all01GRID_v5r0_blend_s202409160000000_e202409162359590_c202409170141570.nc  
+ ERR=0
+ ECNT=0
+ '[' 0 -ne 0 ']'
++ /scratch2/NCEPDEV/nwprod/NCEPLIBS/utils/prod_util.v1.1.0/exec/ndate 24 2024091600
+ IDATE=2024091700
+ '[' 2024091700 -le 2024093000 ']'
+ ECNT=0
+ IY=2024
+ IM=09
+ ID=17
+ HPSSDIR=/BMC/fdr/Permanent/2024/09/17/data/grids/nesdis/GBBEPx/0p1deg
+ HERADIR=/scratch1/BMC/gsd-fv3-dev/MAPP_2018/bhuang/JEDI-2020/JEDI-FV3/expCodes/PACEData/GBBEPx/Prep_GBBEPx_2024070100_2024093000/2024091700
+ HPSSFILE=/BMC/fdr/Permanent/2024/09/17/data/grids/nesdis/GBBEPx/0p1deg/202409170000.zip
+ [[ -d /scratch1/BMC/gsd-fv3-dev/MAPP_2018/bhuang/JEDI-2020/JEDI-FV3/expCodes/PACEData/GBBEPx/Prep_GBBEPx_2024070100_2024093000/2024091700 ]]
+ mkdir -p /scratch1/BMC/gsd-fv3-dev/MAPP_2018/bhuang/JEDI-2020/JEDI-FV3/expCodes/PACEData/GBBEPx/Prep_GBBEPx_2024070100_2024093000/2024091700
+ cd /scratch1/BMC/gsd-fv3-dev/MAPP_2018/bhuang/JEDI-2020/JEDI-FV3/expCodes/PACEData/GBBEPx/Prep_GBBEPx_2024070100_2024093000/2024091700
+ hsi 'get /BMC/fdr/Permanent/2024/09/17/data/grids/nesdis/GBBEPx/0p1deg/202409170000.zip'
[connecting to hpsscore1.fairmont.rdhpcs.noaa.gov/1217]
******************************************************************
*   Welcome to the NESCC High Performance Storage System         *
*                                                                *
*   Current HPSS version: 9.3.10                                 * 
*                                                                * 
*       Please Submit Helpdesk Request to                        *
*        rdhpcs.hpss.help@noaa.gov                               *
*                                                                *
******************************************************************
Username: Bo.Huang  UID: 10872  Acct: 10872(10872) Copies: 1 COS: 0 Firewall: off [hsi.9.3.0.p0 Thu Feb 1 17:57:19 UTC 2024] 
/BMC/fdr/Permanent/2024/09/17/data/grids/nesdis/GBBEPx/0p1deg/202409170000.zip: (md5) OK
get  '/scratch1/BMC/gsd-fv3-dev/MAPP_2018/bhuang/JEDI-2020/JEDI-FV3/expCodes/PACEData/GBBEPx/Prep_GBBEPx_2024070100_2024093000/2024091700/202409170000.zip' : '/BMC/fdr/Permanent/2024/09/17/data/grids/nesdis/GBBEPx/0p1deg/202409170000.zip' (2024/09/23 02:47:23 4497649 bytes, 1032483.6 KBS )
+ ERR=0
+ ECNT=0
+ unzip 202409170000.zip
Archive:  202409170000.zip
  inflating: GBBEPx-all01GRID_v5r0_blend_s202409170000000_e202409172359590_c202409180129450.nc  
+ ERR=0
+ ECNT=0
+ '[' 0 -ne 0 ']'
++ /scratch2/NCEPDEV/nwprod/NCEPLIBS/utils/prod_util.v1.1.0/exec/ndate 24 2024091700
+ IDATE=2024091800
+ '[' 2024091800 -le 2024093000 ']'
+ ECNT=0
+ IY=2024
+ IM=09
+ ID=18
+ HPSSDIR=/BMC/fdr/Permanent/2024/09/18/data/grids/nesdis/GBBEPx/0p1deg
+ HERADIR=/scratch1/BMC/gsd-fv3-dev/MAPP_2018/bhuang/JEDI-2020/JEDI-FV3/expCodes/PACEData/GBBEPx/Prep_GBBEPx_2024070100_2024093000/2024091800
+ HPSSFILE=/BMC/fdr/Permanent/2024/09/18/data/grids/nesdis/GBBEPx/0p1deg/202409180000.zip
+ [[ -d /scratch1/BMC/gsd-fv3-dev/MAPP_2018/bhuang/JEDI-2020/JEDI-FV3/expCodes/PACEData/GBBEPx/Prep_GBBEPx_2024070100_2024093000/2024091800 ]]
+ mkdir -p /scratch1/BMC/gsd-fv3-dev/MAPP_2018/bhuang/JEDI-2020/JEDI-FV3/expCodes/PACEData/GBBEPx/Prep_GBBEPx_2024070100_2024093000/2024091800
+ cd /scratch1/BMC/gsd-fv3-dev/MAPP_2018/bhuang/JEDI-2020/JEDI-FV3/expCodes/PACEData/GBBEPx/Prep_GBBEPx_2024070100_2024093000/2024091800
+ hsi 'get /BMC/fdr/Permanent/2024/09/18/data/grids/nesdis/GBBEPx/0p1deg/202409180000.zip'
[connecting to hpsscore1.fairmont.rdhpcs.noaa.gov/1217]
******************************************************************
*   Welcome to the NESCC High Performance Storage System         *
*                                                                *
*   Current HPSS version: 9.3.10                                 * 
*                                                                * 
*       Please Submit Helpdesk Request to                        *
*        rdhpcs.hpss.help@noaa.gov                               *
*                                                                *
******************************************************************
Username: Bo.Huang  UID: 10872  Acct: 10872(10872) Copies: 1 COS: 0 Firewall: off [hsi.9.3.0.p0 Thu Feb 1 17:57:19 UTC 2024] 
/BMC/fdr/Permanent/2024/09/18/data/grids/nesdis/GBBEPx/0p1deg/202409180000.zip: (md5) OK
get  '/scratch1/BMC/gsd-fv3-dev/MAPP_2018/bhuang/JEDI-2020/JEDI-FV3/expCodes/PACEData/GBBEPx/Prep_GBBEPx_2024070100_2024093000/2024091800/202409180000.zip' : '/BMC/fdr/Permanent/2024/09/18/data/grids/nesdis/GBBEPx/0p1deg/202409180000.zip' (2024/09/24 05:42:11 4404289 bytes, 181838.0 KBS )
+ ERR=0
+ ECNT=0
+ unzip 202409180000.zip
Archive:  202409180000.zip
  inflating: GBBEPx-all01GRID_v5r0_blend_s202409180000000_e202409182359590_c202409190113200.nc  
+ ERR=0
+ ECNT=0
+ '[' 0 -ne 0 ']'
++ /scratch2/NCEPDEV/nwprod/NCEPLIBS/utils/prod_util.v1.1.0/exec/ndate 24 2024091800
+ IDATE=2024091900
+ '[' 2024091900 -le 2024093000 ']'
+ ECNT=0
+ IY=2024
+ IM=09
+ ID=19
+ HPSSDIR=/BMC/fdr/Permanent/2024/09/19/data/grids/nesdis/GBBEPx/0p1deg
+ HERADIR=/scratch1/BMC/gsd-fv3-dev/MAPP_2018/bhuang/JEDI-2020/JEDI-FV3/expCodes/PACEData/GBBEPx/Prep_GBBEPx_2024070100_2024093000/2024091900
+ HPSSFILE=/BMC/fdr/Permanent/2024/09/19/data/grids/nesdis/GBBEPx/0p1deg/202409190000.zip
+ [[ -d /scratch1/BMC/gsd-fv3-dev/MAPP_2018/bhuang/JEDI-2020/JEDI-FV3/expCodes/PACEData/GBBEPx/Prep_GBBEPx_2024070100_2024093000/2024091900 ]]
+ mkdir -p /scratch1/BMC/gsd-fv3-dev/MAPP_2018/bhuang/JEDI-2020/JEDI-FV3/expCodes/PACEData/GBBEPx/Prep_GBBEPx_2024070100_2024093000/2024091900
+ cd /scratch1/BMC/gsd-fv3-dev/MAPP_2018/bhuang/JEDI-2020/JEDI-FV3/expCodes/PACEData/GBBEPx/Prep_GBBEPx_2024070100_2024093000/2024091900
+ hsi 'get /BMC/fdr/Permanent/2024/09/19/data/grids/nesdis/GBBEPx/0p1deg/202409190000.zip'
[connecting to hpsscore1.fairmont.rdhpcs.noaa.gov/1217]
******************************************************************
*   Welcome to the NESCC High Performance Storage System         *
*                                                                *
*   Current HPSS version: 9.3.10                                 * 
*                                                                * 
*       Please Submit Helpdesk Request to                        *
*        rdhpcs.hpss.help@noaa.gov                               *
*                                                                *
******************************************************************
Username: Bo.Huang  UID: 10872  Acct: 10872(10872) Copies: 1 COS: 0 Firewall: off [hsi.9.3.0.p0 Thu Feb 1 17:57:19 UTC 2024] 
/BMC/fdr/Permanent/2024/09/19/data/grids/nesdis/GBBEPx/0p1deg/202409190000.zip: (md5) OK
get  '/scratch1/BMC/gsd-fv3-dev/MAPP_2018/bhuang/JEDI-2020/JEDI-FV3/expCodes/PACEData/GBBEPx/Prep_GBBEPx_2024070100_2024093000/2024091900/202409190000.zip' : '/BMC/fdr/Permanent/2024/09/19/data/grids/nesdis/GBBEPx/0p1deg/202409190000.zip' (2024/09/25 04:57:11 4221296 bytes, 540012.8 KBS )
+ ERR=0
+ ECNT=0
+ unzip 202409190000.zip
Archive:  202409190000.zip
  inflating: GBBEPx-all01GRID_v5r0_blend_s202409190000000_e202409192359590_c202409200132370.nc  
+ ERR=0
+ ECNT=0
+ '[' 0 -ne 0 ']'
++ /scratch2/NCEPDEV/nwprod/NCEPLIBS/utils/prod_util.v1.1.0/exec/ndate 24 2024091900
+ IDATE=2024092000
+ '[' 2024092000 -le 2024093000 ']'
+ ECNT=0
+ IY=2024
+ IM=09
+ ID=20
+ HPSSDIR=/BMC/fdr/Permanent/2024/09/20/data/grids/nesdis/GBBEPx/0p1deg
+ HERADIR=/scratch1/BMC/gsd-fv3-dev/MAPP_2018/bhuang/JEDI-2020/JEDI-FV3/expCodes/PACEData/GBBEPx/Prep_GBBEPx_2024070100_2024093000/2024092000
+ HPSSFILE=/BMC/fdr/Permanent/2024/09/20/data/grids/nesdis/GBBEPx/0p1deg/202409200000.zip
+ [[ -d /scratch1/BMC/gsd-fv3-dev/MAPP_2018/bhuang/JEDI-2020/JEDI-FV3/expCodes/PACEData/GBBEPx/Prep_GBBEPx_2024070100_2024093000/2024092000 ]]
+ mkdir -p /scratch1/BMC/gsd-fv3-dev/MAPP_2018/bhuang/JEDI-2020/JEDI-FV3/expCodes/PACEData/GBBEPx/Prep_GBBEPx_2024070100_2024093000/2024092000
+ cd /scratch1/BMC/gsd-fv3-dev/MAPP_2018/bhuang/JEDI-2020/JEDI-FV3/expCodes/PACEData/GBBEPx/Prep_GBBEPx_2024070100_2024093000/2024092000
+ hsi 'get /BMC/fdr/Permanent/2024/09/20/data/grids/nesdis/GBBEPx/0p1deg/202409200000.zip'
[connecting to hpsscore1.fairmont.rdhpcs.noaa.gov/1217]
******************************************************************
*   Welcome to the NESCC High Performance Storage System         *
*                                                                *
*   Current HPSS version: 9.3.10                                 * 
*                                                                * 
*       Please Submit Helpdesk Request to                        *
*        rdhpcs.hpss.help@noaa.gov                               *
*                                                                *
******************************************************************
Username: Bo.Huang  UID: 10872  Acct: 10872(10872) Copies: 1 COS: 0 Firewall: off [hsi.9.3.0.p0 Thu Feb 1 17:57:19 UTC 2024] 
/BMC/fdr/Permanent/2024/09/20/data/grids/nesdis/GBBEPx/0p1deg/202409200000.zip: (md5) OK
get  '/scratch1/BMC/gsd-fv3-dev/MAPP_2018/bhuang/JEDI-2020/JEDI-FV3/expCodes/PACEData/GBBEPx/Prep_GBBEPx_2024070100_2024093000/2024092000/202409200000.zip' : '/BMC/fdr/Permanent/2024/09/20/data/grids/nesdis/GBBEPx/0p1deg/202409200000.zip' (2024/09/26 01:52:01 4197940 bytes, 175462.0 KBS )
+ ERR=0
+ ECNT=0
+ unzip 202409200000.zip
Archive:  202409200000.zip
  inflating: GBBEPx-all01GRID_v5r0_blend_s202409200000000_e202409202359590_c202409210112210.nc  
+ ERR=0
+ ECNT=0
+ '[' 0 -ne 0 ']'
++ /scratch2/NCEPDEV/nwprod/NCEPLIBS/utils/prod_util.v1.1.0/exec/ndate 24 2024092000
+ IDATE=2024092100
+ '[' 2024092100 -le 2024093000 ']'
+ ECNT=0
+ IY=2024
+ IM=09
+ ID=21
+ HPSSDIR=/BMC/fdr/Permanent/2024/09/21/data/grids/nesdis/GBBEPx/0p1deg
+ HERADIR=/scratch1/BMC/gsd-fv3-dev/MAPP_2018/bhuang/JEDI-2020/JEDI-FV3/expCodes/PACEData/GBBEPx/Prep_GBBEPx_2024070100_2024093000/2024092100
+ HPSSFILE=/BMC/fdr/Permanent/2024/09/21/data/grids/nesdis/GBBEPx/0p1deg/202409210000.zip
+ [[ -d /scratch1/BMC/gsd-fv3-dev/MAPP_2018/bhuang/JEDI-2020/JEDI-FV3/expCodes/PACEData/GBBEPx/Prep_GBBEPx_2024070100_2024093000/2024092100 ]]
+ mkdir -p /scratch1/BMC/gsd-fv3-dev/MAPP_2018/bhuang/JEDI-2020/JEDI-FV3/expCodes/PACEData/GBBEPx/Prep_GBBEPx_2024070100_2024093000/2024092100
+ cd /scratch1/BMC/gsd-fv3-dev/MAPP_2018/bhuang/JEDI-2020/JEDI-FV3/expCodes/PACEData/GBBEPx/Prep_GBBEPx_2024070100_2024093000/2024092100
+ hsi 'get /BMC/fdr/Permanent/2024/09/21/data/grids/nesdis/GBBEPx/0p1deg/202409210000.zip'
[connecting to hpsscore1.fairmont.rdhpcs.noaa.gov/1217]
******************************************************************
*   Welcome to the NESCC High Performance Storage System         *
*                                                                *
*   Current HPSS version: 9.3.10                                 * 
*                                                                * 
*       Please Submit Helpdesk Request to                        *
*        rdhpcs.hpss.help@noaa.gov                               *
*                                                                *
******************************************************************
Username: Bo.Huang  UID: 10872  Acct: 10872(10872) Copies: 1 COS: 0 Firewall: off [hsi.9.3.0.p0 Thu Feb 1 17:57:19 UTC 2024] 
/BMC/fdr/Permanent/2024/09/21/data/grids/nesdis/GBBEPx/0p1deg/202409210000.zip: (md5) OK
get  '/scratch1/BMC/gsd-fv3-dev/MAPP_2018/bhuang/JEDI-2020/JEDI-FV3/expCodes/PACEData/GBBEPx/Prep_GBBEPx_2024070100_2024093000/2024092100/202409210000.zip' : '/BMC/fdr/Permanent/2024/09/21/data/grids/nesdis/GBBEPx/0p1deg/202409210000.zip' (2024/09/27 02:46:38 3978418 bytes, 1175616.1 KBS )
+ ERR=0
+ ECNT=0
+ unzip 202409210000.zip
Archive:  202409210000.zip
  inflating: GBBEPx-all01GRID_v5r0_blend_s202409210000000_e202409212359590_c202409220138060.nc  
+ ERR=0
+ ECNT=0
+ '[' 0 -ne 0 ']'
++ /scratch2/NCEPDEV/nwprod/NCEPLIBS/utils/prod_util.v1.1.0/exec/ndate 24 2024092100
+ IDATE=2024092200
+ '[' 2024092200 -le 2024093000 ']'
+ ECNT=0
+ IY=2024
+ IM=09
+ ID=22
+ HPSSDIR=/BMC/fdr/Permanent/2024/09/22/data/grids/nesdis/GBBEPx/0p1deg
+ HERADIR=/scratch1/BMC/gsd-fv3-dev/MAPP_2018/bhuang/JEDI-2020/JEDI-FV3/expCodes/PACEData/GBBEPx/Prep_GBBEPx_2024070100_2024093000/2024092200
+ HPSSFILE=/BMC/fdr/Permanent/2024/09/22/data/grids/nesdis/GBBEPx/0p1deg/202409220000.zip
+ [[ -d /scratch1/BMC/gsd-fv3-dev/MAPP_2018/bhuang/JEDI-2020/JEDI-FV3/expCodes/PACEData/GBBEPx/Prep_GBBEPx_2024070100_2024093000/2024092200 ]]
+ mkdir -p /scratch1/BMC/gsd-fv3-dev/MAPP_2018/bhuang/JEDI-2020/JEDI-FV3/expCodes/PACEData/GBBEPx/Prep_GBBEPx_2024070100_2024093000/2024092200
+ cd /scratch1/BMC/gsd-fv3-dev/MAPP_2018/bhuang/JEDI-2020/JEDI-FV3/expCodes/PACEData/GBBEPx/Prep_GBBEPx_2024070100_2024093000/2024092200
+ hsi 'get /BMC/fdr/Permanent/2024/09/22/data/grids/nesdis/GBBEPx/0p1deg/202409220000.zip'
[connecting to hpsscore1.fairmont.rdhpcs.noaa.gov/1217]
******************************************************************
*   Welcome to the NESCC High Performance Storage System         *
*                                                                *
*   Current HPSS version: 9.3.10                                 * 
*                                                                * 
*       Please Submit Helpdesk Request to                        *
*        rdhpcs.hpss.help@noaa.gov                               *
*                                                                *
******************************************************************
Username: Bo.Huang  UID: 10872  Acct: 10872(10872) Copies: 1 COS: 0 Firewall: off [hsi.9.3.0.p0 Thu Feb 1 17:57:19 UTC 2024] 
/BMC/fdr/Permanent/2024/09/22/data/grids/nesdis/GBBEPx/0p1deg/202409220000.zip: (md5) OK
get  '/scratch1/BMC/gsd-fv3-dev/MAPP_2018/bhuang/JEDI-2020/JEDI-FV3/expCodes/PACEData/GBBEPx/Prep_GBBEPx_2024070100_2024093000/2024092200/202409220000.zip' : '/BMC/fdr/Permanent/2024/09/22/data/grids/nesdis/GBBEPx/0p1deg/202409220000.zip' (2024/09/28 04:58:17 3536003 bytes, 144877.1 KBS )
+ ERR=0
+ ECNT=0
+ unzip 202409220000.zip
Archive:  202409220000.zip
  inflating: GBBEPx-all01GRID_v5r0_blend_s202409220000000_e202409222359590_c202409230343310.nc  
+ ERR=0
+ ECNT=0
+ '[' 0 -ne 0 ']'
++ /scratch2/NCEPDEV/nwprod/NCEPLIBS/utils/prod_util.v1.1.0/exec/ndate 24 2024092200
+ IDATE=2024092300
+ '[' 2024092300 -le 2024093000 ']'
+ ECNT=0
+ IY=2024
+ IM=09
+ ID=23
+ HPSSDIR=/BMC/fdr/Permanent/2024/09/23/data/grids/nesdis/GBBEPx/0p1deg
+ HERADIR=/scratch1/BMC/gsd-fv3-dev/MAPP_2018/bhuang/JEDI-2020/JEDI-FV3/expCodes/PACEData/GBBEPx/Prep_GBBEPx_2024070100_2024093000/2024092300
+ HPSSFILE=/BMC/fdr/Permanent/2024/09/23/data/grids/nesdis/GBBEPx/0p1deg/202409230000.zip
+ [[ -d /scratch1/BMC/gsd-fv3-dev/MAPP_2018/bhuang/JEDI-2020/JEDI-FV3/expCodes/PACEData/GBBEPx/Prep_GBBEPx_2024070100_2024093000/2024092300 ]]
+ mkdir -p /scratch1/BMC/gsd-fv3-dev/MAPP_2018/bhuang/JEDI-2020/JEDI-FV3/expCodes/PACEData/GBBEPx/Prep_GBBEPx_2024070100_2024093000/2024092300
+ cd /scratch1/BMC/gsd-fv3-dev/MAPP_2018/bhuang/JEDI-2020/JEDI-FV3/expCodes/PACEData/GBBEPx/Prep_GBBEPx_2024070100_2024093000/2024092300
+ hsi 'get /BMC/fdr/Permanent/2024/09/23/data/grids/nesdis/GBBEPx/0p1deg/202409230000.zip'
[connecting to hpsscore1.fairmont.rdhpcs.noaa.gov/1217]
******************************************************************
*   Welcome to the NESCC High Performance Storage System         *
*                                                                *
*   Current HPSS version: 9.3.10                                 * 
*                                                                * 
*       Please Submit Helpdesk Request to                        *
*        rdhpcs.hpss.help@noaa.gov                               *
*                                                                *
******************************************************************
Username: Bo.Huang  UID: 10872  Acct: 10872(10872) Copies: 1 COS: 0 Firewall: off [hsi.9.3.0.p0 Thu Feb 1 17:57:19 UTC 2024] 
/BMC/fdr/Permanent/2024/09/23/data/grids/nesdis/GBBEPx/0p1deg/202409230000.zip: (md5) OK
get  '/scratch1/BMC/gsd-fv3-dev/MAPP_2018/bhuang/JEDI-2020/JEDI-FV3/expCodes/PACEData/GBBEPx/Prep_GBBEPx_2024070100_2024093000/2024092300/202409230000.zip' : '/BMC/fdr/Permanent/2024/09/23/data/grids/nesdis/GBBEPx/0p1deg/202409230000.zip' (2024/09/29 01:49:26 3870338 bytes, 893219.7 KBS )
+ ERR=0
+ ECNT=0
+ unzip 202409230000.zip
Archive:  202409230000.zip
  inflating: GBBEPx-all01GRID_v5r0_blend_s202409230000000_e202409232359590_c202409240127460.nc  
+ ERR=0
+ ECNT=0
+ '[' 0 -ne 0 ']'
++ /scratch2/NCEPDEV/nwprod/NCEPLIBS/utils/prod_util.v1.1.0/exec/ndate 24 2024092300
+ IDATE=2024092400
+ '[' 2024092400 -le 2024093000 ']'
+ ECNT=0
+ IY=2024
+ IM=09
+ ID=24
+ HPSSDIR=/BMC/fdr/Permanent/2024/09/24/data/grids/nesdis/GBBEPx/0p1deg
+ HERADIR=/scratch1/BMC/gsd-fv3-dev/MAPP_2018/bhuang/JEDI-2020/JEDI-FV3/expCodes/PACEData/GBBEPx/Prep_GBBEPx_2024070100_2024093000/2024092400
+ HPSSFILE=/BMC/fdr/Permanent/2024/09/24/data/grids/nesdis/GBBEPx/0p1deg/202409240000.zip
+ [[ -d /scratch1/BMC/gsd-fv3-dev/MAPP_2018/bhuang/JEDI-2020/JEDI-FV3/expCodes/PACEData/GBBEPx/Prep_GBBEPx_2024070100_2024093000/2024092400 ]]
+ mkdir -p /scratch1/BMC/gsd-fv3-dev/MAPP_2018/bhuang/JEDI-2020/JEDI-FV3/expCodes/PACEData/GBBEPx/Prep_GBBEPx_2024070100_2024093000/2024092400
+ cd /scratch1/BMC/gsd-fv3-dev/MAPP_2018/bhuang/JEDI-2020/JEDI-FV3/expCodes/PACEData/GBBEPx/Prep_GBBEPx_2024070100_2024093000/2024092400
+ hsi 'get /BMC/fdr/Permanent/2024/09/24/data/grids/nesdis/GBBEPx/0p1deg/202409240000.zip'
[connecting to hpsscore1.fairmont.rdhpcs.noaa.gov/1217]
******************************************************************
*   Welcome to the NESCC High Performance Storage System         *
*                                                                *
*   Current HPSS version: 9.3.10                                 * 
*                                                                * 
*       Please Submit Helpdesk Request to                        *
*        rdhpcs.hpss.help@noaa.gov                               *
*                                                                *
******************************************************************
Username: Bo.Huang  UID: 10872  Acct: 10872(10872) Copies: 1 COS: 0 Firewall: off [hsi.9.3.0.p0 Thu Feb 1 17:57:19 UTC 2024] 
/BMC/fdr/Permanent/2024/09/24/data/grids/nesdis/GBBEPx/0p1deg/202409240000.zip: (md5) OK
get  '/scratch1/BMC/gsd-fv3-dev/MAPP_2018/bhuang/JEDI-2020/JEDI-FV3/expCodes/PACEData/GBBEPx/Prep_GBBEPx_2024070100_2024093000/2024092400/202409240000.zip' : '/BMC/fdr/Permanent/2024/09/24/data/grids/nesdis/GBBEPx/0p1deg/202409240000.zip' (2024/09/30 02:47:14 4057140 bytes, 132929.8 KBS )
+ ERR=0
+ ECNT=0
+ unzip 202409240000.zip
Archive:  202409240000.zip
  inflating: GBBEPx-all01GRID_v5r0_blend_s202409240000000_e202409242359590_c202409250146180.nc  
+ ERR=0
+ ECNT=0
+ '[' 0 -ne 0 ']'
++ /scratch2/NCEPDEV/nwprod/NCEPLIBS/utils/prod_util.v1.1.0/exec/ndate 24 2024092400
+ IDATE=2024092500
+ '[' 2024092500 -le 2024093000 ']'
+ ECNT=0
+ IY=2024
+ IM=09
+ ID=25
+ HPSSDIR=/BMC/fdr/Permanent/2024/09/25/data/grids/nesdis/GBBEPx/0p1deg
+ HERADIR=/scratch1/BMC/gsd-fv3-dev/MAPP_2018/bhuang/JEDI-2020/JEDI-FV3/expCodes/PACEData/GBBEPx/Prep_GBBEPx_2024070100_2024093000/2024092500
+ HPSSFILE=/BMC/fdr/Permanent/2024/09/25/data/grids/nesdis/GBBEPx/0p1deg/202409250000.zip
+ [[ -d /scratch1/BMC/gsd-fv3-dev/MAPP_2018/bhuang/JEDI-2020/JEDI-FV3/expCodes/PACEData/GBBEPx/Prep_GBBEPx_2024070100_2024093000/2024092500 ]]
+ mkdir -p /scratch1/BMC/gsd-fv3-dev/MAPP_2018/bhuang/JEDI-2020/JEDI-FV3/expCodes/PACEData/GBBEPx/Prep_GBBEPx_2024070100_2024093000/2024092500
+ cd /scratch1/BMC/gsd-fv3-dev/MAPP_2018/bhuang/JEDI-2020/JEDI-FV3/expCodes/PACEData/GBBEPx/Prep_GBBEPx_2024070100_2024093000/2024092500
+ hsi 'get /BMC/fdr/Permanent/2024/09/25/data/grids/nesdis/GBBEPx/0p1deg/202409250000.zip'
[connecting to hpsscore1.fairmont.rdhpcs.noaa.gov/1217]
******************************************************************
*   Welcome to the NESCC High Performance Storage System         *
*                                                                *
*   Current HPSS version: 9.3.10                                 * 
*                                                                * 
*       Please Submit Helpdesk Request to                        *
*        rdhpcs.hpss.help@noaa.gov                               *
*                                                                *
******************************************************************
Username: Bo.Huang  UID: 10872  Acct: 10872(10872) Copies: 1 COS: 0 Firewall: off [hsi.9.3.0.p0 Thu Feb 1 17:57:19 UTC 2024] 
/BMC/fdr/Permanent/2024/09/25/data/grids/nesdis/GBBEPx/0p1deg/202409250000.zip: (md5) OK
get  '/scratch1/BMC/gsd-fv3-dev/MAPP_2018/bhuang/JEDI-2020/JEDI-FV3/expCodes/PACEData/GBBEPx/Prep_GBBEPx_2024070100_2024093000/2024092500/202409250000.zip' : '/BMC/fdr/Permanent/2024/09/25/data/grids/nesdis/GBBEPx/0p1deg/202409250000.zip' (2024/10/01 05:42:22 4113857 bytes, 173521.1 KBS )
+ ERR=0
+ ECNT=0
+ unzip 202409250000.zip
Archive:  202409250000.zip
  inflating: GBBEPx-all01GRID_v5r0_blend_s202409250000000_e202409252359590_c202409260131280.nc  
+ ERR=0
+ ECNT=0
+ '[' 0 -ne 0 ']'
++ /scratch2/NCEPDEV/nwprod/NCEPLIBS/utils/prod_util.v1.1.0/exec/ndate 24 2024092500
+ IDATE=2024092600
+ '[' 2024092600 -le 2024093000 ']'
+ ECNT=0
+ IY=2024
+ IM=09
+ ID=26
+ HPSSDIR=/BMC/fdr/Permanent/2024/09/26/data/grids/nesdis/GBBEPx/0p1deg
+ HERADIR=/scratch1/BMC/gsd-fv3-dev/MAPP_2018/bhuang/JEDI-2020/JEDI-FV3/expCodes/PACEData/GBBEPx/Prep_GBBEPx_2024070100_2024093000/2024092600
+ HPSSFILE=/BMC/fdr/Permanent/2024/09/26/data/grids/nesdis/GBBEPx/0p1deg/202409260000.zip
+ [[ -d /scratch1/BMC/gsd-fv3-dev/MAPP_2018/bhuang/JEDI-2020/JEDI-FV3/expCodes/PACEData/GBBEPx/Prep_GBBEPx_2024070100_2024093000/2024092600 ]]
+ mkdir -p /scratch1/BMC/gsd-fv3-dev/MAPP_2018/bhuang/JEDI-2020/JEDI-FV3/expCodes/PACEData/GBBEPx/Prep_GBBEPx_2024070100_2024093000/2024092600
+ cd /scratch1/BMC/gsd-fv3-dev/MAPP_2018/bhuang/JEDI-2020/JEDI-FV3/expCodes/PACEData/GBBEPx/Prep_GBBEPx_2024070100_2024093000/2024092600
+ hsi 'get /BMC/fdr/Permanent/2024/09/26/data/grids/nesdis/GBBEPx/0p1deg/202409260000.zip'
[connecting to hpsscore1.fairmont.rdhpcs.noaa.gov/1217]
******************************************************************
*   Welcome to the NESCC High Performance Storage System         *
*                                                                *
*   Current HPSS version: 9.3.10                                 * 
*                                                                * 
*       Please Submit Helpdesk Request to                        *
*        rdhpcs.hpss.help@noaa.gov                               *
*                                                                *
******************************************************************
Username: Bo.Huang  UID: 10872  Acct: 10872(10872) Copies: 1 COS: 0 Firewall: off [hsi.9.3.0.p0 Thu Feb 1 17:57:19 UTC 2024] 
/BMC/fdr/Permanent/2024/09/26/data/grids/nesdis/GBBEPx/0p1deg/202409260000.zip: (md5) OK
get  '/scratch1/BMC/gsd-fv3-dev/MAPP_2018/bhuang/JEDI-2020/JEDI-FV3/expCodes/PACEData/GBBEPx/Prep_GBBEPx_2024070100_2024093000/2024092600/202409260000.zip' : '/BMC/fdr/Permanent/2024/09/26/data/grids/nesdis/GBBEPx/0p1deg/202409260000.zip' (2024/10/02 01:50:58 4247301 bytes, 173506.9 KBS )
+ ERR=0
+ ECNT=0
+ unzip 202409260000.zip
Archive:  202409260000.zip
  inflating: GBBEPx-all01GRID_v5r0_blend_s202409260000000_e202409262359590_c202409270127010.nc  
+ ERR=0
+ ECNT=0
+ '[' 0 -ne 0 ']'
++ /scratch2/NCEPDEV/nwprod/NCEPLIBS/utils/prod_util.v1.1.0/exec/ndate 24 2024092600
+ IDATE=2024092700
+ '[' 2024092700 -le 2024093000 ']'
+ ECNT=0
+ IY=2024
+ IM=09
+ ID=27
+ HPSSDIR=/BMC/fdr/Permanent/2024/09/27/data/grids/nesdis/GBBEPx/0p1deg
+ HERADIR=/scratch1/BMC/gsd-fv3-dev/MAPP_2018/bhuang/JEDI-2020/JEDI-FV3/expCodes/PACEData/GBBEPx/Prep_GBBEPx_2024070100_2024093000/2024092700
+ HPSSFILE=/BMC/fdr/Permanent/2024/09/27/data/grids/nesdis/GBBEPx/0p1deg/202409270000.zip
+ [[ -d /scratch1/BMC/gsd-fv3-dev/MAPP_2018/bhuang/JEDI-2020/JEDI-FV3/expCodes/PACEData/GBBEPx/Prep_GBBEPx_2024070100_2024093000/2024092700 ]]
+ mkdir -p /scratch1/BMC/gsd-fv3-dev/MAPP_2018/bhuang/JEDI-2020/JEDI-FV3/expCodes/PACEData/GBBEPx/Prep_GBBEPx_2024070100_2024093000/2024092700
+ cd /scratch1/BMC/gsd-fv3-dev/MAPP_2018/bhuang/JEDI-2020/JEDI-FV3/expCodes/PACEData/GBBEPx/Prep_GBBEPx_2024070100_2024093000/2024092700
+ hsi 'get /BMC/fdr/Permanent/2024/09/27/data/grids/nesdis/GBBEPx/0p1deg/202409270000.zip'
[connecting to hpsscore1.fairmont.rdhpcs.noaa.gov/1217]
******************************************************************
*   Welcome to the NESCC High Performance Storage System         *
*                                                                *
*   Current HPSS version: 9.3.10                                 * 
*                                                                * 
*       Please Submit Helpdesk Request to                        *
*        rdhpcs.hpss.help@noaa.gov                               *
*                                                                *
******************************************************************
Username: Bo.Huang  UID: 10872  Acct: 10872(10872) Copies: 1 COS: 0 Firewall: off [hsi.9.3.0.p0 Thu Feb 1 17:57:19 UTC 2024] 
/BMC/fdr/Permanent/2024/09/27/data/grids/nesdis/GBBEPx/0p1deg/202409270000.zip: (md5) OK
get  '/scratch1/BMC/gsd-fv3-dev/MAPP_2018/bhuang/JEDI-2020/JEDI-FV3/expCodes/PACEData/GBBEPx/Prep_GBBEPx_2024070100_2024093000/2024092700/202409270000.zip' : '/BMC/fdr/Permanent/2024/09/27/data/grids/nesdis/GBBEPx/0p1deg/202409270000.zip' (2024/10/03 07:47:04 4051758 bytes, 169992.3 KBS )
+ ERR=0
+ ECNT=0
+ unzip 202409270000.zip
Archive:  202409270000.zip
  inflating: GBBEPx-all01GRID_v5r0_blend_s202409270000000_e202409272359590_c202409280137280.nc  
+ ERR=0
+ ECNT=0
+ '[' 0 -ne 0 ']'
++ /scratch2/NCEPDEV/nwprod/NCEPLIBS/utils/prod_util.v1.1.0/exec/ndate 24 2024092700
+ IDATE=2024092800
+ '[' 2024092800 -le 2024093000 ']'
+ ECNT=0
+ IY=2024
+ IM=09
+ ID=28
+ HPSSDIR=/BMC/fdr/Permanent/2024/09/28/data/grids/nesdis/GBBEPx/0p1deg
+ HERADIR=/scratch1/BMC/gsd-fv3-dev/MAPP_2018/bhuang/JEDI-2020/JEDI-FV3/expCodes/PACEData/GBBEPx/Prep_GBBEPx_2024070100_2024093000/2024092800
+ HPSSFILE=/BMC/fdr/Permanent/2024/09/28/data/grids/nesdis/GBBEPx/0p1deg/202409280000.zip
+ [[ -d /scratch1/BMC/gsd-fv3-dev/MAPP_2018/bhuang/JEDI-2020/JEDI-FV3/expCodes/PACEData/GBBEPx/Prep_GBBEPx_2024070100_2024093000/2024092800 ]]
+ mkdir -p /scratch1/BMC/gsd-fv3-dev/MAPP_2018/bhuang/JEDI-2020/JEDI-FV3/expCodes/PACEData/GBBEPx/Prep_GBBEPx_2024070100_2024093000/2024092800
+ cd /scratch1/BMC/gsd-fv3-dev/MAPP_2018/bhuang/JEDI-2020/JEDI-FV3/expCodes/PACEData/GBBEPx/Prep_GBBEPx_2024070100_2024093000/2024092800
+ hsi 'get /BMC/fdr/Permanent/2024/09/28/data/grids/nesdis/GBBEPx/0p1deg/202409280000.zip'
[connecting to hpsscore1.fairmont.rdhpcs.noaa.gov/1217]
******************************************************************
*   Welcome to the NESCC High Performance Storage System         *
*                                                                *
*   Current HPSS version: 9.3.10                                 * 
*                                                                * 
*       Please Submit Helpdesk Request to                        *
*        rdhpcs.hpss.help@noaa.gov                               *
*                                                                *
******************************************************************
Username: Bo.Huang  UID: 10872  Acct: 10872(10872) Copies: 1 COS: 0 Firewall: off [hsi.9.3.0.p0 Thu Feb 1 17:57:19 UTC 2024] 
/BMC/fdr/Permanent/2024/09/28/data/grids/nesdis/GBBEPx/0p1deg/202409280000.zip: (md5) OK
get  '/scratch1/BMC/gsd-fv3-dev/MAPP_2018/bhuang/JEDI-2020/JEDI-FV3/expCodes/PACEData/GBBEPx/Prep_GBBEPx_2024070100_2024093000/2024092800/202409280000.zip' : '/BMC/fdr/Permanent/2024/09/28/data/grids/nesdis/GBBEPx/0p1deg/202409280000.zip' (2024/10/04 02:49:48 3939967 bytes, 166820.6 KBS )
+ ERR=0
+ ECNT=0
+ unzip 202409280000.zip
Archive:  202409280000.zip
  inflating: GBBEPx-all01GRID_v5r0_blend_s202409280000000_e202409282359590_c202409290116470.nc  
+ ERR=0
+ ECNT=0
+ '[' 0 -ne 0 ']'
++ /scratch2/NCEPDEV/nwprod/NCEPLIBS/utils/prod_util.v1.1.0/exec/ndate 24 2024092800
+ IDATE=2024092900
+ '[' 2024092900 -le 2024093000 ']'
+ ECNT=0
+ IY=2024
+ IM=09
+ ID=29
+ HPSSDIR=/BMC/fdr/Permanent/2024/09/29/data/grids/nesdis/GBBEPx/0p1deg
+ HERADIR=/scratch1/BMC/gsd-fv3-dev/MAPP_2018/bhuang/JEDI-2020/JEDI-FV3/expCodes/PACEData/GBBEPx/Prep_GBBEPx_2024070100_2024093000/2024092900
+ HPSSFILE=/BMC/fdr/Permanent/2024/09/29/data/grids/nesdis/GBBEPx/0p1deg/202409290000.zip
+ [[ -d /scratch1/BMC/gsd-fv3-dev/MAPP_2018/bhuang/JEDI-2020/JEDI-FV3/expCodes/PACEData/GBBEPx/Prep_GBBEPx_2024070100_2024093000/2024092900 ]]
+ mkdir -p /scratch1/BMC/gsd-fv3-dev/MAPP_2018/bhuang/JEDI-2020/JEDI-FV3/expCodes/PACEData/GBBEPx/Prep_GBBEPx_2024070100_2024093000/2024092900
+ cd /scratch1/BMC/gsd-fv3-dev/MAPP_2018/bhuang/JEDI-2020/JEDI-FV3/expCodes/PACEData/GBBEPx/Prep_GBBEPx_2024070100_2024093000/2024092900
+ hsi 'get /BMC/fdr/Permanent/2024/09/29/data/grids/nesdis/GBBEPx/0p1deg/202409290000.zip'
[connecting to hpsscore1.fairmont.rdhpcs.noaa.gov/1217]
******************************************************************
*   Welcome to the NESCC High Performance Storage System         *
*                                                                *
*   Current HPSS version: 9.3.10                                 * 
*                                                                * 
*       Please Submit Helpdesk Request to                        *
*        rdhpcs.hpss.help@noaa.gov                               *
*                                                                *
******************************************************************
Username: Bo.Huang  UID: 10872  Acct: 10872(10872) Copies: 1 COS: 0 Firewall: off [hsi.9.3.0.p0 Thu Feb 1 17:57:19 UTC 2024] 
/BMC/fdr/Permanent/2024/09/29/data/grids/nesdis/GBBEPx/0p1deg/202409290000.zip: (md5) OK
get  '/scratch1/BMC/gsd-fv3-dev/MAPP_2018/bhuang/JEDI-2020/JEDI-FV3/expCodes/PACEData/GBBEPx/Prep_GBBEPx_2024070100_2024093000/2024092900/202409290000.zip' : '/BMC/fdr/Permanent/2024/09/29/data/grids/nesdis/GBBEPx/0p1deg/202409290000.zip' (2024/10/05 03:45:18 3611906 bytes, 155197.3 KBS )
+ ERR=0
+ ECNT=0
+ unzip 202409290000.zip
Archive:  202409290000.zip
  inflating: GBBEPx-all01GRID_v5r0_blend_s202409290000000_e202409292359590_c202409300142440.nc  
+ ERR=0
+ ECNT=0
+ '[' 0 -ne 0 ']'
++ /scratch2/NCEPDEV/nwprod/NCEPLIBS/utils/prod_util.v1.1.0/exec/ndate 24 2024092900
+ IDATE=2024093000
+ '[' 2024093000 -le 2024093000 ']'
+ ECNT=0
+ IY=2024
+ IM=09
+ ID=30
+ HPSSDIR=/BMC/fdr/Permanent/2024/09/30/data/grids/nesdis/GBBEPx/0p1deg
+ HERADIR=/scratch1/BMC/gsd-fv3-dev/MAPP_2018/bhuang/JEDI-2020/JEDI-FV3/expCodes/PACEData/GBBEPx/Prep_GBBEPx_2024070100_2024093000/2024093000
+ HPSSFILE=/BMC/fdr/Permanent/2024/09/30/data/grids/nesdis/GBBEPx/0p1deg/202409300000.zip
+ [[ -d /scratch1/BMC/gsd-fv3-dev/MAPP_2018/bhuang/JEDI-2020/JEDI-FV3/expCodes/PACEData/GBBEPx/Prep_GBBEPx_2024070100_2024093000/2024093000 ]]
+ mkdir -p /scratch1/BMC/gsd-fv3-dev/MAPP_2018/bhuang/JEDI-2020/JEDI-FV3/expCodes/PACEData/GBBEPx/Prep_GBBEPx_2024070100_2024093000/2024093000
+ cd /scratch1/BMC/gsd-fv3-dev/MAPP_2018/bhuang/JEDI-2020/JEDI-FV3/expCodes/PACEData/GBBEPx/Prep_GBBEPx_2024070100_2024093000/2024093000
+ hsi 'get /BMC/fdr/Permanent/2024/09/30/data/grids/nesdis/GBBEPx/0p1deg/202409300000.zip'
[connecting to hpsscore1.fairmont.rdhpcs.noaa.gov/1217]
******************************************************************
*   Welcome to the NESCC High Performance Storage System         *
*                                                                *
*   Current HPSS version: 9.3.10                                 * 
*                                                                * 
*       Please Submit Helpdesk Request to                        *
*        rdhpcs.hpss.help@noaa.gov                               *
*                                                                *
******************************************************************
Username: Bo.Huang  UID: 10872  Acct: 10872(10872) Copies: 1 COS: 0 Firewall: off [hsi.9.3.0.p0 Thu Feb 1 17:57:19 UTC 2024] 
/BMC/fdr/Permanent/2024/09/30/data/grids/nesdis/GBBEPx/0p1deg/202409300000.zip: (md5) OK
get  '/scratch1/BMC/gsd-fv3-dev/MAPP_2018/bhuang/JEDI-2020/JEDI-FV3/expCodes/PACEData/GBBEPx/Prep_GBBEPx_2024070100_2024093000/2024093000/202409300000.zip' : '/BMC/fdr/Permanent/2024/09/30/data/grids/nesdis/GBBEPx/0p1deg/202409300000.zip' (2024/10/06 01:47:42 3834693 bytes, 159036.8 KBS )
+ ERR=0
+ ECNT=0
+ unzip 202409300000.zip
Archive:  202409300000.zip
  inflating: GBBEPx-all01GRID_v5r0_blend_s202409300000000_e202409302359590_c202410010348510.nc  
+ ERR=0
+ ECNT=0
+ '[' 0 -ne 0 ']'
++ /scratch2/NCEPDEV/nwprod/NCEPLIBS/utils/prod_util.v1.1.0/exec/ndate 24 2024093000
+ IDATE=2024100100
+ '[' 2024100100 -le 2024093000 ']'
+ exit 0
_______________________________________________________________
Start Epilog on node hfe03 for job 3267997 :: Mon Dec  2 04:15:21 UTC 2024
Job 3267997 finished for user Bo.Huang in partition service with exit code 0:0
_______________________________________________________________
End Epilogue Mon Dec  2 04:15:21 UTC 2024
+ TOPDIR=/scratch1/BMC/gsd-fv3-dev/MAPP_2018/bhuang/JEDI-2020/JEDI-FV3/expCodes/PACEData/GBBEPx
+ SDATE=2024030100
+ EDATE=2024043000
+ EXP=Prep_GBBEPx_2024030100_2024043000
+ EXPDIR=/scratch1/BMC/gsd-fv3-dev/MAPP_2018/bhuang/JEDI-2020/JEDI-FV3/expCodes/PACEData/GBBEPx/Prep_GBBEPx_2024030100_2024043000
+ CYCINC=24
+ NDATE=/scratch2/NCEPDEV/nwprod/NCEPLIBS/utils/prod_util.v1.1.0/exec/ndate
++ /scratch2/NCEPDEV/nwprod/NCEPLIBS/utils/prod_util.v1.1.0/exec/ndate -24 2024030100
+ SDATE=2024022900
+ IDATE=2024022900
+ '[' 2024022900 -le 2024043000 ']'
+ ECNT=0
+ IY=2024
+ IM=02
+ ID=29
+ HPSSDIR=/BMC/fdr/Permanent/2024/02/29/data/grids/nesdis/GBBEPx/0p1deg
+ HERADIR=/scratch1/BMC/gsd-fv3-dev/MAPP_2018/bhuang/JEDI-2020/JEDI-FV3/expCodes/PACEData/GBBEPx/Prep_GBBEPx_2024030100_2024043000/2024022900
+ HPSSFILE=/BMC/fdr/Permanent/2024/02/29/data/grids/nesdis/GBBEPx/0p1deg/202402290000.zip
+ [[ -d /scratch1/BMC/gsd-fv3-dev/MAPP_2018/bhuang/JEDI-2020/JEDI-FV3/expCodes/PACEData/GBBEPx/Prep_GBBEPx_2024030100_2024043000/2024022900 ]]
+ mkdir -p /scratch1/BMC/gsd-fv3-dev/MAPP_2018/bhuang/JEDI-2020/JEDI-FV3/expCodes/PACEData/GBBEPx/Prep_GBBEPx_2024030100_2024043000/2024022900
+ cd /scratch1/BMC/gsd-fv3-dev/MAPP_2018/bhuang/JEDI-2020/JEDI-FV3/expCodes/PACEData/GBBEPx/Prep_GBBEPx_2024030100_2024043000/2024022900
+ hsi 'get /BMC/fdr/Permanent/2024/02/29/data/grids/nesdis/GBBEPx/0p1deg/202402290000.zip'
[connecting to hpsscore1.fairmont.rdhpcs.noaa.gov/1217]
******************************************************************
*   Welcome to the NESCC High Performance Storage System         *
*                                                                *
*   Current HPSS version: 9.3.10                                 * 
*                                                                * 
*       Please Submit Helpdesk Request to                        *
*        rdhpcs.hpss.help@noaa.gov                               *
*                                                                *
******************************************************************
Username: Bo.Huang  UID: 10872  Acct: 10872(10872) Copies: 1 COS: 0 Firewall: off [hsi.9.3.0.p0 Thu Feb 1 17:57:19 UTC 2024] 
/BMC/fdr/Permanent/2024/02/29/data/grids/nesdis/GBBEPx/0p1deg/202402290000.zip: (md5) OK
get  '/scratch1/BMC/gsd-fv3-dev/MAPP_2018/bhuang/JEDI-2020/JEDI-FV3/expCodes/PACEData/GBBEPx/Prep_GBBEPx_2024030100_2024043000/2024022900/202402290000.zip' : '/BMC/fdr/Permanent/2024/02/29/data/grids/nesdis/GBBEPx/0p1deg/202402290000.zip' (2024/03/06 05:41:17 2002936 bytes, 90336.4 KBS )
+ ERR=0
+ ECNT=0
+ unzip 202402290000.zip
Archive:  202402290000.zip
  inflating: GBBEPx-all01GRID_v4r0_blend_s202402290000000_e202402292359590_c202403010233100.nc  
+ ERR=0
+ ECNT=0
+ '[' 0 -ne 0 ']'
++ /scratch2/NCEPDEV/nwprod/NCEPLIBS/utils/prod_util.v1.1.0/exec/ndate 24 2024022900
+ IDATE=2024030100
+ '[' 2024030100 -le 2024043000 ']'
+ ECNT=0
+ IY=2024
+ IM=03
+ ID=01
+ HPSSDIR=/BMC/fdr/Permanent/2024/03/01/data/grids/nesdis/GBBEPx/0p1deg
+ HERADIR=/scratch1/BMC/gsd-fv3-dev/MAPP_2018/bhuang/JEDI-2020/JEDI-FV3/expCodes/PACEData/GBBEPx/Prep_GBBEPx_2024030100_2024043000/2024030100
+ HPSSFILE=/BMC/fdr/Permanent/2024/03/01/data/grids/nesdis/GBBEPx/0p1deg/202403010000.zip
+ [[ -d /scratch1/BMC/gsd-fv3-dev/MAPP_2018/bhuang/JEDI-2020/JEDI-FV3/expCodes/PACEData/GBBEPx/Prep_GBBEPx_2024030100_2024043000/2024030100 ]]
+ mkdir -p /scratch1/BMC/gsd-fv3-dev/MAPP_2018/bhuang/JEDI-2020/JEDI-FV3/expCodes/PACEData/GBBEPx/Prep_GBBEPx_2024030100_2024043000/2024030100
+ cd /scratch1/BMC/gsd-fv3-dev/MAPP_2018/bhuang/JEDI-2020/JEDI-FV3/expCodes/PACEData/GBBEPx/Prep_GBBEPx_2024030100_2024043000/2024030100
+ hsi 'get /BMC/fdr/Permanent/2024/03/01/data/grids/nesdis/GBBEPx/0p1deg/202403010000.zip'
[connecting to hpsscore1.fairmont.rdhpcs.noaa.gov/1217]
******************************************************************
*   Welcome to the NESCC High Performance Storage System         *
*                                                                *
*   Current HPSS version: 9.3.10                                 * 
*                                                                * 
*       Please Submit Helpdesk Request to                        *
*        rdhpcs.hpss.help@noaa.gov                               *
*                                                                *
******************************************************************
Username: Bo.Huang  UID: 10872  Acct: 10872(10872) Copies: 1 COS: 0 Firewall: off [hsi.9.3.0.p0 Thu Feb 1 17:57:19 UTC 2024] 
/BMC/fdr/Permanent/2024/03/01/data/grids/nesdis/GBBEPx/0p1deg/202403010000.zip: (md5) OK
get  '/scratch1/BMC/gsd-fv3-dev/MAPP_2018/bhuang/JEDI-2020/JEDI-FV3/expCodes/PACEData/GBBEPx/Prep_GBBEPx_2024030100_2024043000/2024030100/202403010000.zip' : '/BMC/fdr/Permanent/2024/03/01/data/grids/nesdis/GBBEPx/0p1deg/202403010000.zip' (2024/03/07 01:41:37 1968045 bytes, 810543.9 KBS )
+ ERR=0
+ ECNT=0
+ unzip 202403010000.zip
Archive:  202403010000.zip
  inflating: GBBEPx-all01GRID_v4r0_blend_s202403010000000_e202403012359590_c202403020220420.nc  
+ ERR=0
+ ECNT=0
+ '[' 0 -ne 0 ']'
++ /scratch2/NCEPDEV/nwprod/NCEPLIBS/utils/prod_util.v1.1.0/exec/ndate 24 2024030100
+ IDATE=2024030200
+ '[' 2024030200 -le 2024043000 ']'
+ ECNT=0
+ IY=2024
+ IM=03
+ ID=02
+ HPSSDIR=/BMC/fdr/Permanent/2024/03/02/data/grids/nesdis/GBBEPx/0p1deg
+ HERADIR=/scratch1/BMC/gsd-fv3-dev/MAPP_2018/bhuang/JEDI-2020/JEDI-FV3/expCodes/PACEData/GBBEPx/Prep_GBBEPx_2024030100_2024043000/2024030200
+ HPSSFILE=/BMC/fdr/Permanent/2024/03/02/data/grids/nesdis/GBBEPx/0p1deg/202403020000.zip
+ [[ -d /scratch1/BMC/gsd-fv3-dev/MAPP_2018/bhuang/JEDI-2020/JEDI-FV3/expCodes/PACEData/GBBEPx/Prep_GBBEPx_2024030100_2024043000/2024030200 ]]
+ mkdir -p /scratch1/BMC/gsd-fv3-dev/MAPP_2018/bhuang/JEDI-2020/JEDI-FV3/expCodes/PACEData/GBBEPx/Prep_GBBEPx_2024030100_2024043000/2024030200
+ cd /scratch1/BMC/gsd-fv3-dev/MAPP_2018/bhuang/JEDI-2020/JEDI-FV3/expCodes/PACEData/GBBEPx/Prep_GBBEPx_2024030100_2024043000/2024030200
+ hsi 'get /BMC/fdr/Permanent/2024/03/02/data/grids/nesdis/GBBEPx/0p1deg/202403020000.zip'
[connecting to hpsscore1.fairmont.rdhpcs.noaa.gov/1217]
******************************************************************
*   Welcome to the NESCC High Performance Storage System         *
*                                                                *
*   Current HPSS version: 9.3.10                                 * 
*                                                                * 
*       Please Submit Helpdesk Request to                        *
*        rdhpcs.hpss.help@noaa.gov                               *
*                                                                *
******************************************************************
Username: Bo.Huang  UID: 10872  Acct: 10872(10872) Copies: 1 COS: 0 Firewall: off [hsi.9.3.0.p0 Thu Feb 1 17:57:19 UTC 2024] 
/BMC/fdr/Permanent/2024/03/02/data/grids/nesdis/GBBEPx/0p1deg/202403020000.zip: (md5) OK
get  '/scratch1/BMC/gsd-fv3-dev/MAPP_2018/bhuang/JEDI-2020/JEDI-FV3/expCodes/PACEData/GBBEPx/Prep_GBBEPx_2024030100_2024043000/2024030200/202403020000.zip' : '/BMC/fdr/Permanent/2024/03/02/data/grids/nesdis/GBBEPx/0p1deg/202403020000.zip' (2024/03/08 02:41:58 1800893 bytes, 78473.8 KBS )
+ ERR=0
+ ECNT=0
+ unzip 202403020000.zip
Archive:  202403020000.zip
  inflating: GBBEPx-all01GRID_v4r0_blend_s202403020000000_e202403022359590_c202403030201240.nc  
+ ERR=0
+ ECNT=0
+ '[' 0 -ne 0 ']'
++ /scratch2/NCEPDEV/nwprod/NCEPLIBS/utils/prod_util.v1.1.0/exec/ndate 24 2024030200
+ IDATE=2024030300
+ '[' 2024030300 -le 2024043000 ']'
+ ECNT=0
+ IY=2024
+ IM=03
+ ID=03
+ HPSSDIR=/BMC/fdr/Permanent/2024/03/03/data/grids/nesdis/GBBEPx/0p1deg
+ HERADIR=/scratch1/BMC/gsd-fv3-dev/MAPP_2018/bhuang/JEDI-2020/JEDI-FV3/expCodes/PACEData/GBBEPx/Prep_GBBEPx_2024030100_2024043000/2024030300
+ HPSSFILE=/BMC/fdr/Permanent/2024/03/03/data/grids/nesdis/GBBEPx/0p1deg/202403030000.zip
+ [[ -d /scratch1/BMC/gsd-fv3-dev/MAPP_2018/bhuang/JEDI-2020/JEDI-FV3/expCodes/PACEData/GBBEPx/Prep_GBBEPx_2024030100_2024043000/2024030300 ]]
+ mkdir -p /scratch1/BMC/gsd-fv3-dev/MAPP_2018/bhuang/JEDI-2020/JEDI-FV3/expCodes/PACEData/GBBEPx/Prep_GBBEPx_2024030100_2024043000/2024030300
+ cd /scratch1/BMC/gsd-fv3-dev/MAPP_2018/bhuang/JEDI-2020/JEDI-FV3/expCodes/PACEData/GBBEPx/Prep_GBBEPx_2024030100_2024043000/2024030300
+ hsi 'get /BMC/fdr/Permanent/2024/03/03/data/grids/nesdis/GBBEPx/0p1deg/202403030000.zip'
[connecting to hpsscore1.fairmont.rdhpcs.noaa.gov/1217]
******************************************************************
*   Welcome to the NESCC High Performance Storage System         *
*                                                                *
*   Current HPSS version: 9.3.10                                 * 
*                                                                * 
*       Please Submit Helpdesk Request to                        *
*        rdhpcs.hpss.help@noaa.gov                               *
*                                                                *
******************************************************************
Username: Bo.Huang  UID: 10872  Acct: 10872(10872) Copies: 1 COS: 0 Firewall: off [hsi.9.3.0.p0 Thu Feb 1 17:57:19 UTC 2024] 
/BMC/fdr/Permanent/2024/03/03/data/grids/nesdis/GBBEPx/0p1deg/202403030000.zip: (md5) OK
get  '/scratch1/BMC/gsd-fv3-dev/MAPP_2018/bhuang/JEDI-2020/JEDI-FV3/expCodes/PACEData/GBBEPx/Prep_GBBEPx_2024030100_2024043000/2024030300/202403030000.zip' : '/BMC/fdr/Permanent/2024/03/03/data/grids/nesdis/GBBEPx/0p1deg/202403030000.zip' (2024/03/09 03:45:39 1495763 bytes, 67783.3 KBS )
+ ERR=0
+ ECNT=0
+ unzip 202403030000.zip
Archive:  202403030000.zip
  inflating: GBBEPx-all01GRID_v4r0_blend_s202403030000000_e202403032359590_c202403040321090.nc  
+ ERR=0
+ ECNT=0
+ '[' 0 -ne 0 ']'
++ /scratch2/NCEPDEV/nwprod/NCEPLIBS/utils/prod_util.v1.1.0/exec/ndate 24 2024030300
+ IDATE=2024030400
+ '[' 2024030400 -le 2024043000 ']'
+ ECNT=0
+ IY=2024
+ IM=03
+ ID=04
+ HPSSDIR=/BMC/fdr/Permanent/2024/03/04/data/grids/nesdis/GBBEPx/0p1deg
+ HERADIR=/scratch1/BMC/gsd-fv3-dev/MAPP_2018/bhuang/JEDI-2020/JEDI-FV3/expCodes/PACEData/GBBEPx/Prep_GBBEPx_2024030100_2024043000/2024030400
+ HPSSFILE=/BMC/fdr/Permanent/2024/03/04/data/grids/nesdis/GBBEPx/0p1deg/202403040000.zip
+ [[ -d /scratch1/BMC/gsd-fv3-dev/MAPP_2018/bhuang/JEDI-2020/JEDI-FV3/expCodes/PACEData/GBBEPx/Prep_GBBEPx_2024030100_2024043000/2024030400 ]]
+ mkdir -p /scratch1/BMC/gsd-fv3-dev/MAPP_2018/bhuang/JEDI-2020/JEDI-FV3/expCodes/PACEData/GBBEPx/Prep_GBBEPx_2024030100_2024043000/2024030400
+ cd /scratch1/BMC/gsd-fv3-dev/MAPP_2018/bhuang/JEDI-2020/JEDI-FV3/expCodes/PACEData/GBBEPx/Prep_GBBEPx_2024030100_2024043000/2024030400
+ hsi 'get /BMC/fdr/Permanent/2024/03/04/data/grids/nesdis/GBBEPx/0p1deg/202403040000.zip'
[connecting to hpsscore1.fairmont.rdhpcs.noaa.gov/1217]
******************************************************************
*   Welcome to the NESCC High Performance Storage System         *
*                                                                *
*   Current HPSS version: 9.3.10                                 * 
*                                                                * 
*       Please Submit Helpdesk Request to                        *
*        rdhpcs.hpss.help@noaa.gov                               *
*                                                                *
******************************************************************
Username: Bo.Huang  UID: 10872  Acct: 10872(10872) Copies: 1 COS: 0 Firewall: off [hsi.9.3.0.p0 Thu Feb 1 17:57:19 UTC 2024] 
/BMC/fdr/Permanent/2024/03/04/data/grids/nesdis/GBBEPx/0p1deg/202403040000.zip: (md5) OK
get  '/scratch1/BMC/gsd-fv3-dev/MAPP_2018/bhuang/JEDI-2020/JEDI-FV3/expCodes/PACEData/GBBEPx/Prep_GBBEPx_2024030100_2024043000/2024030400/202403040000.zip' : '/BMC/fdr/Permanent/2024/03/04/data/grids/nesdis/GBBEPx/0p1deg/202403040000.zip' (2024/03/10 00:41:35 1993791 bytes, 85131.6 KBS )
+ ERR=0
+ ECNT=0
+ unzip 202403040000.zip
Archive:  202403040000.zip
  inflating: GBBEPx-all01GRID_v4r0_blend_s202403040000000_e202403042359590_c202403050127480.nc  
+ ERR=0
+ ECNT=0
+ '[' 0 -ne 0 ']'
++ /scratch2/NCEPDEV/nwprod/NCEPLIBS/utils/prod_util.v1.1.0/exec/ndate 24 2024030400
+ IDATE=2024030500
+ '[' 2024030500 -le 2024043000 ']'
+ ECNT=0
+ IY=2024
+ IM=03
+ ID=05
+ HPSSDIR=/BMC/fdr/Permanent/2024/03/05/data/grids/nesdis/GBBEPx/0p1deg
+ HERADIR=/scratch1/BMC/gsd-fv3-dev/MAPP_2018/bhuang/JEDI-2020/JEDI-FV3/expCodes/PACEData/GBBEPx/Prep_GBBEPx_2024030100_2024043000/2024030500
+ HPSSFILE=/BMC/fdr/Permanent/2024/03/05/data/grids/nesdis/GBBEPx/0p1deg/202403050000.zip
+ [[ -d /scratch1/BMC/gsd-fv3-dev/MAPP_2018/bhuang/JEDI-2020/JEDI-FV3/expCodes/PACEData/GBBEPx/Prep_GBBEPx_2024030100_2024043000/2024030500 ]]
+ mkdir -p /scratch1/BMC/gsd-fv3-dev/MAPP_2018/bhuang/JEDI-2020/JEDI-FV3/expCodes/PACEData/GBBEPx/Prep_GBBEPx_2024030100_2024043000/2024030500
+ cd /scratch1/BMC/gsd-fv3-dev/MAPP_2018/bhuang/JEDI-2020/JEDI-FV3/expCodes/PACEData/GBBEPx/Prep_GBBEPx_2024030100_2024043000/2024030500
+ hsi 'get /BMC/fdr/Permanent/2024/03/05/data/grids/nesdis/GBBEPx/0p1deg/202403050000.zip'
[connecting to hpsscore1.fairmont.rdhpcs.noaa.gov/1217]
******************************************************************
*   Welcome to the NESCC High Performance Storage System         *
*                                                                *
*   Current HPSS version: 9.3.10                                 * 
*                                                                * 
*       Please Submit Helpdesk Request to                        *
*        rdhpcs.hpss.help@noaa.gov                               *
*                                                                *
******************************************************************
Username: Bo.Huang  UID: 10872  Acct: 10872(10872) Copies: 1 COS: 0 Firewall: off [hsi.9.3.0.p0 Thu Feb 1 17:57:19 UTC 2024] 
/BMC/fdr/Permanent/2024/03/05/data/grids/nesdis/GBBEPx/0p1deg/202403050000.zip: (md5) OK
get  '/scratch1/BMC/gsd-fv3-dev/MAPP_2018/bhuang/JEDI-2020/JEDI-FV3/expCodes/PACEData/GBBEPx/Prep_GBBEPx_2024030100_2024043000/2024030500/202403050000.zip' : '/BMC/fdr/Permanent/2024/03/05/data/grids/nesdis/GBBEPx/0p1deg/202403050000.zip' (2024/03/11 04:41:23 2139288 bytes, 88958.7 KBS )
+ ERR=0
+ ECNT=0
+ unzip 202403050000.zip
Archive:  202403050000.zip
  inflating: GBBEPx-all01GRID_v4r0_blend_s202403050000000_e202403052359590_c202403060126140.nc  
+ ERR=0
+ ECNT=0
+ '[' 0 -ne 0 ']'
++ /scratch2/NCEPDEV/nwprod/NCEPLIBS/utils/prod_util.v1.1.0/exec/ndate 24 2024030500
+ IDATE=2024030600
+ '[' 2024030600 -le 2024043000 ']'
+ ECNT=0
+ IY=2024
+ IM=03
+ ID=06
+ HPSSDIR=/BMC/fdr/Permanent/2024/03/06/data/grids/nesdis/GBBEPx/0p1deg
+ HERADIR=/scratch1/BMC/gsd-fv3-dev/MAPP_2018/bhuang/JEDI-2020/JEDI-FV3/expCodes/PACEData/GBBEPx/Prep_GBBEPx_2024030100_2024043000/2024030600
+ HPSSFILE=/BMC/fdr/Permanent/2024/03/06/data/grids/nesdis/GBBEPx/0p1deg/202403060000.zip
+ [[ -d /scratch1/BMC/gsd-fv3-dev/MAPP_2018/bhuang/JEDI-2020/JEDI-FV3/expCodes/PACEData/GBBEPx/Prep_GBBEPx_2024030100_2024043000/2024030600 ]]
+ mkdir -p /scratch1/BMC/gsd-fv3-dev/MAPP_2018/bhuang/JEDI-2020/JEDI-FV3/expCodes/PACEData/GBBEPx/Prep_GBBEPx_2024030100_2024043000/2024030600
+ cd /scratch1/BMC/gsd-fv3-dev/MAPP_2018/bhuang/JEDI-2020/JEDI-FV3/expCodes/PACEData/GBBEPx/Prep_GBBEPx_2024030100_2024043000/2024030600
+ hsi 'get /BMC/fdr/Permanent/2024/03/06/data/grids/nesdis/GBBEPx/0p1deg/202403060000.zip'
[connecting to hpsscore1.fairmont.rdhpcs.noaa.gov/1217]
******************************************************************
*   Welcome to the NESCC High Performance Storage System         *
*                                                                *
*   Current HPSS version: 9.3.10                                 * 
*                                                                * 
*       Please Submit Helpdesk Request to                        *
*        rdhpcs.hpss.help@noaa.gov                               *
*                                                                *
******************************************************************
Username: Bo.Huang  UID: 10872  Acct: 10872(10872) Copies: 1 COS: 0 Firewall: off [hsi.9.3.0.p0 Thu Feb 1 17:57:19 UTC 2024] 
/BMC/fdr/Permanent/2024/03/06/data/grids/nesdis/GBBEPx/0p1deg/202403060000.zip: (md5) OK
get  '/scratch1/BMC/gsd-fv3-dev/MAPP_2018/bhuang/JEDI-2020/JEDI-FV3/expCodes/PACEData/GBBEPx/Prep_GBBEPx_2024030100_2024043000/2024030600/202403060000.zip' : '/BMC/fdr/Permanent/2024/03/06/data/grids/nesdis/GBBEPx/0p1deg/202403060000.zip' (2024/03/12 02:43:08 2160474 bytes, 97989.6 KBS )
+ ERR=0
+ ECNT=0
+ unzip 202403060000.zip
Archive:  202403060000.zip
  inflating: GBBEPx-all01GRID_v4r0_blend_s202403060000000_e202403062359590_c202403070322580.nc  
+ ERR=0
+ ECNT=0
+ '[' 0 -ne 0 ']'
++ /scratch2/NCEPDEV/nwprod/NCEPLIBS/utils/prod_util.v1.1.0/exec/ndate 24 2024030600
+ IDATE=2024030700
+ '[' 2024030700 -le 2024043000 ']'
+ ECNT=0
+ IY=2024
+ IM=03
+ ID=07
+ HPSSDIR=/BMC/fdr/Permanent/2024/03/07/data/grids/nesdis/GBBEPx/0p1deg
+ HERADIR=/scratch1/BMC/gsd-fv3-dev/MAPP_2018/bhuang/JEDI-2020/JEDI-FV3/expCodes/PACEData/GBBEPx/Prep_GBBEPx_2024030100_2024043000/2024030700
+ HPSSFILE=/BMC/fdr/Permanent/2024/03/07/data/grids/nesdis/GBBEPx/0p1deg/202403070000.zip
+ [[ -d /scratch1/BMC/gsd-fv3-dev/MAPP_2018/bhuang/JEDI-2020/JEDI-FV3/expCodes/PACEData/GBBEPx/Prep_GBBEPx_2024030100_2024043000/2024030700 ]]
+ mkdir -p /scratch1/BMC/gsd-fv3-dev/MAPP_2018/bhuang/JEDI-2020/JEDI-FV3/expCodes/PACEData/GBBEPx/Prep_GBBEPx_2024030100_2024043000/2024030700
+ cd /scratch1/BMC/gsd-fv3-dev/MAPP_2018/bhuang/JEDI-2020/JEDI-FV3/expCodes/PACEData/GBBEPx/Prep_GBBEPx_2024030100_2024043000/2024030700
+ hsi 'get /BMC/fdr/Permanent/2024/03/07/data/grids/nesdis/GBBEPx/0p1deg/202403070000.zip'
[connecting to hpsscore1.fairmont.rdhpcs.noaa.gov/1217]
******************************************************************
*   Welcome to the NESCC High Performance Storage System         *
*                                                                *
*   Current HPSS version: 9.3.10                                 * 
*                                                                * 
*       Please Submit Helpdesk Request to                        *
*        rdhpcs.hpss.help@noaa.gov                               *
*                                                                *
******************************************************************
Username: Bo.Huang  UID: 10872  Acct: 10872(10872) Copies: 1 COS: 0 Firewall: off [hsi.9.3.0.p0 Thu Feb 1 17:57:19 UTC 2024] 
/BMC/fdr/Permanent/2024/03/07/data/grids/nesdis/GBBEPx/0p1deg/202403070000.zip: (md5) OK
get  '/scratch1/BMC/gsd-fv3-dev/MAPP_2018/bhuang/JEDI-2020/JEDI-FV3/expCodes/PACEData/GBBEPx/Prep_GBBEPx_2024030100_2024043000/2024030700/202403070000.zip' : '/BMC/fdr/Permanent/2024/03/07/data/grids/nesdis/GBBEPx/0p1deg/202403070000.zip' (2024/03/13 02:41:58 1817469 bytes, 59544.1 KBS )
+ ERR=0
+ ECNT=0
+ unzip 202403070000.zip
Archive:  202403070000.zip
  inflating: GBBEPx-all01GRID_v4r0_blend_s202403070000000_e202403072359590_c202403080323150.nc  
+ ERR=0
+ ECNT=0
+ '[' 0 -ne 0 ']'
++ /scratch2/NCEPDEV/nwprod/NCEPLIBS/utils/prod_util.v1.1.0/exec/ndate 24 2024030700
+ IDATE=2024030800
+ '[' 2024030800 -le 2024043000 ']'
+ ECNT=0
+ IY=2024
+ IM=03
+ ID=08
+ HPSSDIR=/BMC/fdr/Permanent/2024/03/08/data/grids/nesdis/GBBEPx/0p1deg
+ HERADIR=/scratch1/BMC/gsd-fv3-dev/MAPP_2018/bhuang/JEDI-2020/JEDI-FV3/expCodes/PACEData/GBBEPx/Prep_GBBEPx_2024030100_2024043000/2024030800
+ HPSSFILE=/BMC/fdr/Permanent/2024/03/08/data/grids/nesdis/GBBEPx/0p1deg/202403080000.zip
+ [[ -d /scratch1/BMC/gsd-fv3-dev/MAPP_2018/bhuang/JEDI-2020/JEDI-FV3/expCodes/PACEData/GBBEPx/Prep_GBBEPx_2024030100_2024043000/2024030800 ]]
+ mkdir -p /scratch1/BMC/gsd-fv3-dev/MAPP_2018/bhuang/JEDI-2020/JEDI-FV3/expCodes/PACEData/GBBEPx/Prep_GBBEPx_2024030100_2024043000/2024030800
+ cd /scratch1/BMC/gsd-fv3-dev/MAPP_2018/bhuang/JEDI-2020/JEDI-FV3/expCodes/PACEData/GBBEPx/Prep_GBBEPx_2024030100_2024043000/2024030800
+ hsi 'get /BMC/fdr/Permanent/2024/03/08/data/grids/nesdis/GBBEPx/0p1deg/202403080000.zip'
[connecting to hpsscore1.fairmont.rdhpcs.noaa.gov/1217]
******************************************************************
*   Welcome to the NESCC High Performance Storage System         *
*                                                                *
*   Current HPSS version: 9.3.10                                 * 
*                                                                * 
*       Please Submit Helpdesk Request to                        *
*        rdhpcs.hpss.help@noaa.gov                               *
*                                                                *
******************************************************************
Username: Bo.Huang  UID: 10872  Acct: 10872(10872) Copies: 1 COS: 0 Firewall: off [hsi.9.3.0.p0 Thu Feb 1 17:57:19 UTC 2024] 
/BMC/fdr/Permanent/2024/03/08/data/grids/nesdis/GBBEPx/0p1deg/202403080000.zip: (md5) OK
get  '/scratch1/BMC/gsd-fv3-dev/MAPP_2018/bhuang/JEDI-2020/JEDI-FV3/expCodes/PACEData/GBBEPx/Prep_GBBEPx_2024030100_2024043000/2024030800/202403080000.zip' : '/BMC/fdr/Permanent/2024/03/08/data/grids/nesdis/GBBEPx/0p1deg/202403080000.zip' (2024/03/14 05:41:29 1649234 bytes, 739195.2 KBS )
+ ERR=0
+ ECNT=0
+ unzip 202403080000.zip
Archive:  202403080000.zip
  inflating: GBBEPx-all01GRID_v4r0_blend_s202403080000000_e202403082359590_c202403090153470.nc  
+ ERR=0
+ ECNT=0
+ '[' 0 -ne 0 ']'
++ /scratch2/NCEPDEV/nwprod/NCEPLIBS/utils/prod_util.v1.1.0/exec/ndate 24 2024030800
+ IDATE=2024030900
+ '[' 2024030900 -le 2024043000 ']'
+ ECNT=0
+ IY=2024
+ IM=03
+ ID=09
+ HPSSDIR=/BMC/fdr/Permanent/2024/03/09/data/grids/nesdis/GBBEPx/0p1deg
+ HERADIR=/scratch1/BMC/gsd-fv3-dev/MAPP_2018/bhuang/JEDI-2020/JEDI-FV3/expCodes/PACEData/GBBEPx/Prep_GBBEPx_2024030100_2024043000/2024030900
+ HPSSFILE=/BMC/fdr/Permanent/2024/03/09/data/grids/nesdis/GBBEPx/0p1deg/202403090000.zip
+ [[ -d /scratch1/BMC/gsd-fv3-dev/MAPP_2018/bhuang/JEDI-2020/JEDI-FV3/expCodes/PACEData/GBBEPx/Prep_GBBEPx_2024030100_2024043000/2024030900 ]]
+ mkdir -p /scratch1/BMC/gsd-fv3-dev/MAPP_2018/bhuang/JEDI-2020/JEDI-FV3/expCodes/PACEData/GBBEPx/Prep_GBBEPx_2024030100_2024043000/2024030900
+ cd /scratch1/BMC/gsd-fv3-dev/MAPP_2018/bhuang/JEDI-2020/JEDI-FV3/expCodes/PACEData/GBBEPx/Prep_GBBEPx_2024030100_2024043000/2024030900
+ hsi 'get /BMC/fdr/Permanent/2024/03/09/data/grids/nesdis/GBBEPx/0p1deg/202403090000.zip'
[connecting to hpsscore1.fairmont.rdhpcs.noaa.gov/1217]
******************************************************************
*   Welcome to the NESCC High Performance Storage System         *
*                                                                *
*   Current HPSS version: 9.3.10                                 * 
*                                                                * 
*       Please Submit Helpdesk Request to                        *
*        rdhpcs.hpss.help@noaa.gov                               *
*                                                                *
******************************************************************
Username: Bo.Huang  UID: 10872  Acct: 10872(10872) Copies: 1 COS: 0 Firewall: off [hsi.9.3.0.p0 Thu Feb 1 17:57:19 UTC 2024] 
/BMC/fdr/Permanent/2024/03/09/data/grids/nesdis/GBBEPx/0p1deg/202403090000.zip: (md5) OK
get  '/scratch1/BMC/gsd-fv3-dev/MAPP_2018/bhuang/JEDI-2020/JEDI-FV3/expCodes/PACEData/GBBEPx/Prep_GBBEPx_2024030100_2024043000/2024030900/202403090000.zip' : '/BMC/fdr/Permanent/2024/03/09/data/grids/nesdis/GBBEPx/0p1deg/202403090000.zip' (2024/03/15 01:41:13 1955979 bytes, 90062.5 KBS )
+ ERR=0
+ ECNT=0
+ unzip 202403090000.zip
Archive:  202403090000.zip
  inflating: GBBEPx-all01GRID_v4r0_blend_s202403090000000_e202403092359590_c202403100224490.nc  
+ ERR=0
+ ECNT=0
+ '[' 0 -ne 0 ']'
++ /scratch2/NCEPDEV/nwprod/NCEPLIBS/utils/prod_util.v1.1.0/exec/ndate 24 2024030900
+ IDATE=2024031000
+ '[' 2024031000 -le 2024043000 ']'
+ ECNT=0
+ IY=2024
+ IM=03
+ ID=10
+ HPSSDIR=/BMC/fdr/Permanent/2024/03/10/data/grids/nesdis/GBBEPx/0p1deg
+ HERADIR=/scratch1/BMC/gsd-fv3-dev/MAPP_2018/bhuang/JEDI-2020/JEDI-FV3/expCodes/PACEData/GBBEPx/Prep_GBBEPx_2024030100_2024043000/2024031000
+ HPSSFILE=/BMC/fdr/Permanent/2024/03/10/data/grids/nesdis/GBBEPx/0p1deg/202403100000.zip
+ [[ -d /scratch1/BMC/gsd-fv3-dev/MAPP_2018/bhuang/JEDI-2020/JEDI-FV3/expCodes/PACEData/GBBEPx/Prep_GBBEPx_2024030100_2024043000/2024031000 ]]
+ mkdir -p /scratch1/BMC/gsd-fv3-dev/MAPP_2018/bhuang/JEDI-2020/JEDI-FV3/expCodes/PACEData/GBBEPx/Prep_GBBEPx_2024030100_2024043000/2024031000
+ cd /scratch1/BMC/gsd-fv3-dev/MAPP_2018/bhuang/JEDI-2020/JEDI-FV3/expCodes/PACEData/GBBEPx/Prep_GBBEPx_2024030100_2024043000/2024031000
+ hsi 'get /BMC/fdr/Permanent/2024/03/10/data/grids/nesdis/GBBEPx/0p1deg/202403100000.zip'
[connecting to hpsscore1.fairmont.rdhpcs.noaa.gov/1217]
******************************************************************
*   Welcome to the NESCC High Performance Storage System         *
*                                                                *
*   Current HPSS version: 9.3.10                                 * 
*                                                                * 
*       Please Submit Helpdesk Request to                        *
*        rdhpcs.hpss.help@noaa.gov                               *
*                                                                *
******************************************************************
Username: Bo.Huang  UID: 10872  Acct: 10872(10872) Copies: 1 COS: 0 Firewall: off [hsi.9.3.0.p0 Thu Feb 1 17:57:19 UTC 2024] 
/BMC/fdr/Permanent/2024/03/10/data/grids/nesdis/GBBEPx/0p1deg/202403100000.zip: (md5) OK
get  '/scratch1/BMC/gsd-fv3-dev/MAPP_2018/bhuang/JEDI-2020/JEDI-FV3/expCodes/PACEData/GBBEPx/Prep_GBBEPx_2024030100_2024043000/2024031000/202403100000.zip' : '/BMC/fdr/Permanent/2024/03/10/data/grids/nesdis/GBBEPx/0p1deg/202403100000.zip' (2024/03/16 04:42:43 1993739 bytes, 788082.9 KBS )
+ ERR=0
+ ECNT=0
+ unzip 202403100000.zip
Archive:  202403100000.zip
  inflating: GBBEPx-all01GRID_v4r0_blend_s202403100000000_e202403102359590_c202403110321500.nc  
+ ERR=0
+ ECNT=0
+ '[' 0 -ne 0 ']'
++ /scratch2/NCEPDEV/nwprod/NCEPLIBS/utils/prod_util.v1.1.0/exec/ndate 24 2024031000
+ IDATE=2024031100
+ '[' 2024031100 -le 2024043000 ']'
+ ECNT=0
+ IY=2024
+ IM=03
+ ID=11
+ HPSSDIR=/BMC/fdr/Permanent/2024/03/11/data/grids/nesdis/GBBEPx/0p1deg
+ HERADIR=/scratch1/BMC/gsd-fv3-dev/MAPP_2018/bhuang/JEDI-2020/JEDI-FV3/expCodes/PACEData/GBBEPx/Prep_GBBEPx_2024030100_2024043000/2024031100
+ HPSSFILE=/BMC/fdr/Permanent/2024/03/11/data/grids/nesdis/GBBEPx/0p1deg/202403110000.zip
+ [[ -d /scratch1/BMC/gsd-fv3-dev/MAPP_2018/bhuang/JEDI-2020/JEDI-FV3/expCodes/PACEData/GBBEPx/Prep_GBBEPx_2024030100_2024043000/2024031100 ]]
+ mkdir -p /scratch1/BMC/gsd-fv3-dev/MAPP_2018/bhuang/JEDI-2020/JEDI-FV3/expCodes/PACEData/GBBEPx/Prep_GBBEPx_2024030100_2024043000/2024031100
+ cd /scratch1/BMC/gsd-fv3-dev/MAPP_2018/bhuang/JEDI-2020/JEDI-FV3/expCodes/PACEData/GBBEPx/Prep_GBBEPx_2024030100_2024043000/2024031100
+ hsi 'get /BMC/fdr/Permanent/2024/03/11/data/grids/nesdis/GBBEPx/0p1deg/202403110000.zip'
[connecting to hpsscore1.fairmont.rdhpcs.noaa.gov/1217]
******************************************************************
*   Welcome to the NESCC High Performance Storage System         *
*                                                                *
*   Current HPSS version: 9.3.10                                 * 
*                                                                * 
*       Please Submit Helpdesk Request to                        *
*        rdhpcs.hpss.help@noaa.gov                               *
*                                                                *
******************************************************************
Username: Bo.Huang  UID: 10872  Acct: 10872(10872) Copies: 1 COS: 0 Firewall: off [hsi.9.3.0.p0 Thu Feb 1 17:57:19 UTC 2024] 
/BMC/fdr/Permanent/2024/03/11/data/grids/nesdis/GBBEPx/0p1deg/202403110000.zip: (md5) OK
get  '/scratch1/BMC/gsd-fv3-dev/MAPP_2018/bhuang/JEDI-2020/JEDI-FV3/expCodes/PACEData/GBBEPx/Prep_GBBEPx_2024030100_2024043000/2024031100/202403110000.zip' : '/BMC/fdr/Permanent/2024/03/11/data/grids/nesdis/GBBEPx/0p1deg/202403110000.zip' (2024/03/17 04:43:37 2058690 bytes, 89903.4 KBS )
+ ERR=0
+ ECNT=0
+ unzip 202403110000.zip
Archive:  202403110000.zip
  inflating: GBBEPx-all01GRID_v4r0_blend_s202403110000000_e202403112359590_c202403120230330.nc  
+ ERR=0
+ ECNT=0
+ '[' 0 -ne 0 ']'
++ /scratch2/NCEPDEV/nwprod/NCEPLIBS/utils/prod_util.v1.1.0/exec/ndate 24 2024031100
+ IDATE=2024031200
+ '[' 2024031200 -le 2024043000 ']'
+ ECNT=0
+ IY=2024
+ IM=03
+ ID=12
+ HPSSDIR=/BMC/fdr/Permanent/2024/03/12/data/grids/nesdis/GBBEPx/0p1deg
+ HERADIR=/scratch1/BMC/gsd-fv3-dev/MAPP_2018/bhuang/JEDI-2020/JEDI-FV3/expCodes/PACEData/GBBEPx/Prep_GBBEPx_2024030100_2024043000/2024031200
+ HPSSFILE=/BMC/fdr/Permanent/2024/03/12/data/grids/nesdis/GBBEPx/0p1deg/202403120000.zip
+ [[ -d /scratch1/BMC/gsd-fv3-dev/MAPP_2018/bhuang/JEDI-2020/JEDI-FV3/expCodes/PACEData/GBBEPx/Prep_GBBEPx_2024030100_2024043000/2024031200 ]]
+ mkdir -p /scratch1/BMC/gsd-fv3-dev/MAPP_2018/bhuang/JEDI-2020/JEDI-FV3/expCodes/PACEData/GBBEPx/Prep_GBBEPx_2024030100_2024043000/2024031200
+ cd /scratch1/BMC/gsd-fv3-dev/MAPP_2018/bhuang/JEDI-2020/JEDI-FV3/expCodes/PACEData/GBBEPx/Prep_GBBEPx_2024030100_2024043000/2024031200
+ hsi 'get /BMC/fdr/Permanent/2024/03/12/data/grids/nesdis/GBBEPx/0p1deg/202403120000.zip'
[connecting to hpsscore1.fairmont.rdhpcs.noaa.gov/1217]
******************************************************************
*   Welcome to the NESCC High Performance Storage System         *
*                                                                *
*   Current HPSS version: 9.3.10                                 * 
*                                                                * 
*       Please Submit Helpdesk Request to                        *
*        rdhpcs.hpss.help@noaa.gov                               *
*                                                                *
******************************************************************
Username: Bo.Huang  UID: 10872  Acct: 10872(10872) Copies: 1 COS: 0 Firewall: off [hsi.9.3.0.p0 Thu Feb 1 17:57:19 UTC 2024] 
/BMC/fdr/Permanent/2024/03/12/data/grids/nesdis/GBBEPx/0p1deg/202403120000.zip: (md5) OK
get  '/scratch1/BMC/gsd-fv3-dev/MAPP_2018/bhuang/JEDI-2020/JEDI-FV3/expCodes/PACEData/GBBEPx/Prep_GBBEPx_2024030100_2024043000/2024031200/202403120000.zip' : '/BMC/fdr/Permanent/2024/03/12/data/grids/nesdis/GBBEPx/0p1deg/202403120000.zip' (2024/03/18 02:41:28 2228982 bytes, 809930.5 KBS )
+ ERR=0
+ ECNT=0
+ unzip 202403120000.zip
Archive:  202403120000.zip
  inflating: GBBEPx-all01GRID_v4r0_blend_s202403120000000_e202403122359590_c202403130211250.nc  
+ ERR=0
+ ECNT=0
+ '[' 0 -ne 0 ']'
++ /scratch2/NCEPDEV/nwprod/NCEPLIBS/utils/prod_util.v1.1.0/exec/ndate 24 2024031200
+ IDATE=2024031300
+ '[' 2024031300 -le 2024043000 ']'
+ ECNT=0
+ IY=2024
+ IM=03
+ ID=13
+ HPSSDIR=/BMC/fdr/Permanent/2024/03/13/data/grids/nesdis/GBBEPx/0p1deg
+ HERADIR=/scratch1/BMC/gsd-fv3-dev/MAPP_2018/bhuang/JEDI-2020/JEDI-FV3/expCodes/PACEData/GBBEPx/Prep_GBBEPx_2024030100_2024043000/2024031300
+ HPSSFILE=/BMC/fdr/Permanent/2024/03/13/data/grids/nesdis/GBBEPx/0p1deg/202403130000.zip
+ [[ -d /scratch1/BMC/gsd-fv3-dev/MAPP_2018/bhuang/JEDI-2020/JEDI-FV3/expCodes/PACEData/GBBEPx/Prep_GBBEPx_2024030100_2024043000/2024031300 ]]
+ mkdir -p /scratch1/BMC/gsd-fv3-dev/MAPP_2018/bhuang/JEDI-2020/JEDI-FV3/expCodes/PACEData/GBBEPx/Prep_GBBEPx_2024030100_2024043000/2024031300
+ cd /scratch1/BMC/gsd-fv3-dev/MAPP_2018/bhuang/JEDI-2020/JEDI-FV3/expCodes/PACEData/GBBEPx/Prep_GBBEPx_2024030100_2024043000/2024031300
+ hsi 'get /BMC/fdr/Permanent/2024/03/13/data/grids/nesdis/GBBEPx/0p1deg/202403130000.zip'
[connecting to hpsscore1.fairmont.rdhpcs.noaa.gov/1217]
******************************************************************
*   Welcome to the NESCC High Performance Storage System         *
*                                                                *
*   Current HPSS version: 9.3.10                                 * 
*                                                                * 
*       Please Submit Helpdesk Request to                        *
*        rdhpcs.hpss.help@noaa.gov                               *
*                                                                *
******************************************************************
Username: Bo.Huang  UID: 10872  Acct: 10872(10872) Copies: 1 COS: 0 Firewall: off [hsi.9.3.0.p0 Thu Feb 1 17:57:19 UTC 2024] 
/BMC/fdr/Permanent/2024/03/13/data/grids/nesdis/GBBEPx/0p1deg/202403130000.zip: (md5) OK
get  '/scratch1/BMC/gsd-fv3-dev/MAPP_2018/bhuang/JEDI-2020/JEDI-FV3/expCodes/PACEData/GBBEPx/Prep_GBBEPx_2024030100_2024043000/2024031300/202403130000.zip' : '/BMC/fdr/Permanent/2024/03/13/data/grids/nesdis/GBBEPx/0p1deg/202403130000.zip' (2024/03/19 04:43:44 2355002 bytes, 93086.5 KBS )
+ ERR=0
+ ECNT=0
+ unzip 202403130000.zip
Archive:  202403130000.zip
  inflating: GBBEPx-all01GRID_v4r0_blend_s202403130000000_e202403132359590_c202403140158050.nc  
+ ERR=0
+ ECNT=0
+ '[' 0 -ne 0 ']'
++ /scratch2/NCEPDEV/nwprod/NCEPLIBS/utils/prod_util.v1.1.0/exec/ndate 24 2024031300
+ IDATE=2024031400
+ '[' 2024031400 -le 2024043000 ']'
+ ECNT=0
+ IY=2024
+ IM=03
+ ID=14
+ HPSSDIR=/BMC/fdr/Permanent/2024/03/14/data/grids/nesdis/GBBEPx/0p1deg
+ HERADIR=/scratch1/BMC/gsd-fv3-dev/MAPP_2018/bhuang/JEDI-2020/JEDI-FV3/expCodes/PACEData/GBBEPx/Prep_GBBEPx_2024030100_2024043000/2024031400
+ HPSSFILE=/BMC/fdr/Permanent/2024/03/14/data/grids/nesdis/GBBEPx/0p1deg/202403140000.zip
+ [[ -d /scratch1/BMC/gsd-fv3-dev/MAPP_2018/bhuang/JEDI-2020/JEDI-FV3/expCodes/PACEData/GBBEPx/Prep_GBBEPx_2024030100_2024043000/2024031400 ]]
+ mkdir -p /scratch1/BMC/gsd-fv3-dev/MAPP_2018/bhuang/JEDI-2020/JEDI-FV3/expCodes/PACEData/GBBEPx/Prep_GBBEPx_2024030100_2024043000/2024031400
+ cd /scratch1/BMC/gsd-fv3-dev/MAPP_2018/bhuang/JEDI-2020/JEDI-FV3/expCodes/PACEData/GBBEPx/Prep_GBBEPx_2024030100_2024043000/2024031400
+ hsi 'get /BMC/fdr/Permanent/2024/03/14/data/grids/nesdis/GBBEPx/0p1deg/202403140000.zip'
[connecting to hpsscore1.fairmont.rdhpcs.noaa.gov/1217]
******************************************************************
*   Welcome to the NESCC High Performance Storage System         *
*                                                                *
*   Current HPSS version: 9.3.10                                 * 
*                                                                * 
*       Please Submit Helpdesk Request to                        *
*        rdhpcs.hpss.help@noaa.gov                               *
*                                                                *
******************************************************************
Username: Bo.Huang  UID: 10872  Acct: 10872(10872) Copies: 1 COS: 0 Firewall: off [hsi.9.3.0.p0 Thu Feb 1 17:57:19 UTC 2024] 
/BMC/fdr/Permanent/2024/03/14/data/grids/nesdis/GBBEPx/0p1deg/202403140000.zip: (md5) OK
get  '/scratch1/BMC/gsd-fv3-dev/MAPP_2018/bhuang/JEDI-2020/JEDI-FV3/expCodes/PACEData/GBBEPx/Prep_GBBEPx_2024030100_2024043000/2024031400/202403140000.zip' : '/BMC/fdr/Permanent/2024/03/14/data/grids/nesdis/GBBEPx/0p1deg/202403140000.zip' (2024/03/20 02:41:54 2126497 bytes, 95960.8 KBS )
+ ERR=0
+ ECNT=0
+ unzip 202403140000.zip
Archive:  202403140000.zip
  inflating: GBBEPx-all01GRID_v4r0_blend_s202403140000000_e202403142359590_c202403150132400.nc  
+ ERR=0
+ ECNT=0
+ '[' 0 -ne 0 ']'
++ /scratch2/NCEPDEV/nwprod/NCEPLIBS/utils/prod_util.v1.1.0/exec/ndate 24 2024031400
+ IDATE=2024031500
+ '[' 2024031500 -le 2024043000 ']'
+ ECNT=0
+ IY=2024
+ IM=03
+ ID=15
+ HPSSDIR=/BMC/fdr/Permanent/2024/03/15/data/grids/nesdis/GBBEPx/0p1deg
+ HERADIR=/scratch1/BMC/gsd-fv3-dev/MAPP_2018/bhuang/JEDI-2020/JEDI-FV3/expCodes/PACEData/GBBEPx/Prep_GBBEPx_2024030100_2024043000/2024031500
+ HPSSFILE=/BMC/fdr/Permanent/2024/03/15/data/grids/nesdis/GBBEPx/0p1deg/202403150000.zip
+ [[ -d /scratch1/BMC/gsd-fv3-dev/MAPP_2018/bhuang/JEDI-2020/JEDI-FV3/expCodes/PACEData/GBBEPx/Prep_GBBEPx_2024030100_2024043000/2024031500 ]]
+ mkdir -p /scratch1/BMC/gsd-fv3-dev/MAPP_2018/bhuang/JEDI-2020/JEDI-FV3/expCodes/PACEData/GBBEPx/Prep_GBBEPx_2024030100_2024043000/2024031500
+ cd /scratch1/BMC/gsd-fv3-dev/MAPP_2018/bhuang/JEDI-2020/JEDI-FV3/expCodes/PACEData/GBBEPx/Prep_GBBEPx_2024030100_2024043000/2024031500
+ hsi 'get /BMC/fdr/Permanent/2024/03/15/data/grids/nesdis/GBBEPx/0p1deg/202403150000.zip'
[connecting to hpsscore1.fairmont.rdhpcs.noaa.gov/1217]
******************************************************************
*   Welcome to the NESCC High Performance Storage System         *
*                                                                *
*   Current HPSS version: 9.3.10                                 * 
*                                                                * 
*       Please Submit Helpdesk Request to                        *
*        rdhpcs.hpss.help@noaa.gov                               *
*                                                                *
******************************************************************
Username: Bo.Huang  UID: 10872  Acct: 10872(10872) Copies: 1 COS: 0 Firewall: off [hsi.9.3.0.p0 Thu Feb 1 17:57:19 UTC 2024] 
/BMC/fdr/Permanent/2024/03/15/data/grids/nesdis/GBBEPx/0p1deg/202403150000.zip: (md5) OK
get  '/scratch1/BMC/gsd-fv3-dev/MAPP_2018/bhuang/JEDI-2020/JEDI-FV3/expCodes/PACEData/GBBEPx/Prep_GBBEPx_2024030100_2024043000/2024031500/202403150000.zip' : '/BMC/fdr/Permanent/2024/03/15/data/grids/nesdis/GBBEPx/0p1deg/202403150000.zip' (2024/03/21 03:41:26 1939764 bytes, 87024.0 KBS )
+ ERR=0
+ ECNT=0
+ unzip 202403150000.zip
Archive:  202403150000.zip
  inflating: GBBEPx-all01GRID_v4r0_blend_s202403150000000_e202403152359590_c202403160119180.nc  
+ ERR=0
+ ECNT=0
+ '[' 0 -ne 0 ']'
++ /scratch2/NCEPDEV/nwprod/NCEPLIBS/utils/prod_util.v1.1.0/exec/ndate 24 2024031500
+ IDATE=2024031600
+ '[' 2024031600 -le 2024043000 ']'
+ ECNT=0
+ IY=2024
+ IM=03
+ ID=16
+ HPSSDIR=/BMC/fdr/Permanent/2024/03/16/data/grids/nesdis/GBBEPx/0p1deg
+ HERADIR=/scratch1/BMC/gsd-fv3-dev/MAPP_2018/bhuang/JEDI-2020/JEDI-FV3/expCodes/PACEData/GBBEPx/Prep_GBBEPx_2024030100_2024043000/2024031600
+ HPSSFILE=/BMC/fdr/Permanent/2024/03/16/data/grids/nesdis/GBBEPx/0p1deg/202403160000.zip
+ [[ -d /scratch1/BMC/gsd-fv3-dev/MAPP_2018/bhuang/JEDI-2020/JEDI-FV3/expCodes/PACEData/GBBEPx/Prep_GBBEPx_2024030100_2024043000/2024031600 ]]
+ mkdir -p /scratch1/BMC/gsd-fv3-dev/MAPP_2018/bhuang/JEDI-2020/JEDI-FV3/expCodes/PACEData/GBBEPx/Prep_GBBEPx_2024030100_2024043000/2024031600
+ cd /scratch1/BMC/gsd-fv3-dev/MAPP_2018/bhuang/JEDI-2020/JEDI-FV3/expCodes/PACEData/GBBEPx/Prep_GBBEPx_2024030100_2024043000/2024031600
+ hsi 'get /BMC/fdr/Permanent/2024/03/16/data/grids/nesdis/GBBEPx/0p1deg/202403160000.zip'
[connecting to hpsscore1.fairmont.rdhpcs.noaa.gov/1217]
******************************************************************
*   Welcome to the NESCC High Performance Storage System         *
*                                                                *
*   Current HPSS version: 9.3.10                                 * 
*                                                                * 
*       Please Submit Helpdesk Request to                        *
*        rdhpcs.hpss.help@noaa.gov                               *
*                                                                *
******************************************************************
Username: Bo.Huang  UID: 10872  Acct: 10872(10872) Copies: 1 COS: 0 Firewall: off [hsi.9.3.0.p0 Thu Feb 1 17:57:19 UTC 2024] 
/BMC/fdr/Permanent/2024/03/16/data/grids/nesdis/GBBEPx/0p1deg/202403160000.zip: (md5) OK
get  '/scratch1/BMC/gsd-fv3-dev/MAPP_2018/bhuang/JEDI-2020/JEDI-FV3/expCodes/PACEData/GBBEPx/Prep_GBBEPx_2024030100_2024043000/2024031600/202403160000.zip' : '/BMC/fdr/Permanent/2024/03/16/data/grids/nesdis/GBBEPx/0p1deg/202403160000.zip' (2024/03/22 03:43:45 2038167 bytes, 798644.6 KBS )
+ ERR=0
+ ECNT=0
+ unzip 202403160000.zip
Archive:  202403160000.zip
  inflating: GBBEPx-all01GRID_v4r0_blend_s202403160000000_e202403162359590_c202403170228470.nc  
+ ERR=0
+ ECNT=0
+ '[' 0 -ne 0 ']'
++ /scratch2/NCEPDEV/nwprod/NCEPLIBS/utils/prod_util.v1.1.0/exec/ndate 24 2024031600
+ IDATE=2024031700
+ '[' 2024031700 -le 2024043000 ']'
+ ECNT=0
+ IY=2024
+ IM=03
+ ID=17
+ HPSSDIR=/BMC/fdr/Permanent/2024/03/17/data/grids/nesdis/GBBEPx/0p1deg
+ HERADIR=/scratch1/BMC/gsd-fv3-dev/MAPP_2018/bhuang/JEDI-2020/JEDI-FV3/expCodes/PACEData/GBBEPx/Prep_GBBEPx_2024030100_2024043000/2024031700
+ HPSSFILE=/BMC/fdr/Permanent/2024/03/17/data/grids/nesdis/GBBEPx/0p1deg/202403170000.zip
+ [[ -d /scratch1/BMC/gsd-fv3-dev/MAPP_2018/bhuang/JEDI-2020/JEDI-FV3/expCodes/PACEData/GBBEPx/Prep_GBBEPx_2024030100_2024043000/2024031700 ]]
+ mkdir -p /scratch1/BMC/gsd-fv3-dev/MAPP_2018/bhuang/JEDI-2020/JEDI-FV3/expCodes/PACEData/GBBEPx/Prep_GBBEPx_2024030100_2024043000/2024031700
+ cd /scratch1/BMC/gsd-fv3-dev/MAPP_2018/bhuang/JEDI-2020/JEDI-FV3/expCodes/PACEData/GBBEPx/Prep_GBBEPx_2024030100_2024043000/2024031700
+ hsi 'get /BMC/fdr/Permanent/2024/03/17/data/grids/nesdis/GBBEPx/0p1deg/202403170000.zip'
[connecting to hpsscore1.fairmont.rdhpcs.noaa.gov/1217]
******************************************************************
*   Welcome to the NESCC High Performance Storage System         *
*                                                                *
*   Current HPSS version: 9.3.10                                 * 
*                                                                * 
*       Please Submit Helpdesk Request to                        *
*        rdhpcs.hpss.help@noaa.gov                               *
*                                                                *
******************************************************************
Username: Bo.Huang  UID: 10872  Acct: 10872(10872) Copies: 1 COS: 0 Firewall: off [hsi.9.3.0.p0 Thu Feb 1 17:57:19 UTC 2024] 
/BMC/fdr/Permanent/2024/03/17/data/grids/nesdis/GBBEPx/0p1deg/202403170000.zip: (md5) OK
get  '/scratch1/BMC/gsd-fv3-dev/MAPP_2018/bhuang/JEDI-2020/JEDI-FV3/expCodes/PACEData/GBBEPx/Prep_GBBEPx_2024030100_2024043000/2024031700/202403170000.zip' : '/BMC/fdr/Permanent/2024/03/17/data/grids/nesdis/GBBEPx/0p1deg/202403170000.zip' (2024/03/23 04:41:08 2128067 bytes, 977522.7 KBS )
+ ERR=0
+ ECNT=0
+ unzip 202403170000.zip
Archive:  202403170000.zip
  inflating: GBBEPx-all01GRID_v4r0_blend_s202403170000000_e202403172359590_c202403180211540.nc  
+ ERR=0
+ ECNT=0
+ '[' 0 -ne 0 ']'
++ /scratch2/NCEPDEV/nwprod/NCEPLIBS/utils/prod_util.v1.1.0/exec/ndate 24 2024031700
+ IDATE=2024031800
+ '[' 2024031800 -le 2024043000 ']'
+ ECNT=0
+ IY=2024
+ IM=03
+ ID=18
+ HPSSDIR=/BMC/fdr/Permanent/2024/03/18/data/grids/nesdis/GBBEPx/0p1deg
+ HERADIR=/scratch1/BMC/gsd-fv3-dev/MAPP_2018/bhuang/JEDI-2020/JEDI-FV3/expCodes/PACEData/GBBEPx/Prep_GBBEPx_2024030100_2024043000/2024031800
+ HPSSFILE=/BMC/fdr/Permanent/2024/03/18/data/grids/nesdis/GBBEPx/0p1deg/202403180000.zip
+ [[ -d /scratch1/BMC/gsd-fv3-dev/MAPP_2018/bhuang/JEDI-2020/JEDI-FV3/expCodes/PACEData/GBBEPx/Prep_GBBEPx_2024030100_2024043000/2024031800 ]]
+ mkdir -p /scratch1/BMC/gsd-fv3-dev/MAPP_2018/bhuang/JEDI-2020/JEDI-FV3/expCodes/PACEData/GBBEPx/Prep_GBBEPx_2024030100_2024043000/2024031800
+ cd /scratch1/BMC/gsd-fv3-dev/MAPP_2018/bhuang/JEDI-2020/JEDI-FV3/expCodes/PACEData/GBBEPx/Prep_GBBEPx_2024030100_2024043000/2024031800
+ hsi 'get /BMC/fdr/Permanent/2024/03/18/data/grids/nesdis/GBBEPx/0p1deg/202403180000.zip'
[connecting to hpsscore1.fairmont.rdhpcs.noaa.gov/1217]
******************************************************************
*   Welcome to the NESCC High Performance Storage System         *
*                                                                *
*   Current HPSS version: 9.3.10                                 * 
*                                                                * 
*       Please Submit Helpdesk Request to                        *
*        rdhpcs.hpss.help@noaa.gov                               *
*                                                                *
******************************************************************
Username: Bo.Huang  UID: 10872  Acct: 10872(10872) Copies: 1 COS: 0 Firewall: off [hsi.9.3.0.p0 Thu Feb 1 17:57:19 UTC 2024] 
/BMC/fdr/Permanent/2024/03/18/data/grids/nesdis/GBBEPx/0p1deg/202403180000.zip: (md5) OK
get  '/scratch1/BMC/gsd-fv3-dev/MAPP_2018/bhuang/JEDI-2020/JEDI-FV3/expCodes/PACEData/GBBEPx/Prep_GBBEPx_2024030100_2024043000/2024031800/202403180000.zip' : '/BMC/fdr/Permanent/2024/03/18/data/grids/nesdis/GBBEPx/0p1deg/202403180000.zip' (2024/03/24 03:44:44 2281885 bytes, 1018291.2 KBS )
+ ERR=0
+ ECNT=0
+ unzip 202403180000.zip
Archive:  202403180000.zip
  inflating: GBBEPx-all01GRID_v4r0_blend_s202403180000000_e202403182359590_c202403190324380.nc  
+ ERR=0
+ ECNT=0
+ '[' 0 -ne 0 ']'
++ /scratch2/NCEPDEV/nwprod/NCEPLIBS/utils/prod_util.v1.1.0/exec/ndate 24 2024031800
+ IDATE=2024031900
+ '[' 2024031900 -le 2024043000 ']'
+ ECNT=0
+ IY=2024
+ IM=03
+ ID=19
+ HPSSDIR=/BMC/fdr/Permanent/2024/03/19/data/grids/nesdis/GBBEPx/0p1deg
+ HERADIR=/scratch1/BMC/gsd-fv3-dev/MAPP_2018/bhuang/JEDI-2020/JEDI-FV3/expCodes/PACEData/GBBEPx/Prep_GBBEPx_2024030100_2024043000/2024031900
+ HPSSFILE=/BMC/fdr/Permanent/2024/03/19/data/grids/nesdis/GBBEPx/0p1deg/202403190000.zip
+ [[ -d /scratch1/BMC/gsd-fv3-dev/MAPP_2018/bhuang/JEDI-2020/JEDI-FV3/expCodes/PACEData/GBBEPx/Prep_GBBEPx_2024030100_2024043000/2024031900 ]]
+ mkdir -p /scratch1/BMC/gsd-fv3-dev/MAPP_2018/bhuang/JEDI-2020/JEDI-FV3/expCodes/PACEData/GBBEPx/Prep_GBBEPx_2024030100_2024043000/2024031900
+ cd /scratch1/BMC/gsd-fv3-dev/MAPP_2018/bhuang/JEDI-2020/JEDI-FV3/expCodes/PACEData/GBBEPx/Prep_GBBEPx_2024030100_2024043000/2024031900
+ hsi 'get /BMC/fdr/Permanent/2024/03/19/data/grids/nesdis/GBBEPx/0p1deg/202403190000.zip'
[connecting to hpsscore1.fairmont.rdhpcs.noaa.gov/1217]
******************************************************************
*   Welcome to the NESCC High Performance Storage System         *
*                                                                *
*   Current HPSS version: 9.3.10                                 * 
*                                                                * 
*       Please Submit Helpdesk Request to                        *
*        rdhpcs.hpss.help@noaa.gov                               *
*                                                                *
******************************************************************
Username: Bo.Huang  UID: 10872  Acct: 10872(10872) Copies: 1 COS: 0 Firewall: off [hsi.9.3.0.p0 Thu Feb 1 17:57:19 UTC 2024] 
/BMC/fdr/Permanent/2024/03/19/data/grids/nesdis/GBBEPx/0p1deg/202403190000.zip: (md5) OK
get  '/scratch1/BMC/gsd-fv3-dev/MAPP_2018/bhuang/JEDI-2020/JEDI-FV3/expCodes/PACEData/GBBEPx/Prep_GBBEPx_2024030100_2024043000/2024031900/202403190000.zip' : '/BMC/fdr/Permanent/2024/03/19/data/grids/nesdis/GBBEPx/0p1deg/202403190000.zip' (2024/03/25 01:41:08 1920222 bytes, 81618.1 KBS )
+ ERR=0
+ ECNT=0
+ unzip 202403190000.zip
Archive:  202403190000.zip
  inflating: GBBEPx-all01GRID_v4r0_blend_s202403190000000_e202403192359590_c202403200147530.nc  
+ ERR=0
+ ECNT=0
+ '[' 0 -ne 0 ']'
++ /scratch2/NCEPDEV/nwprod/NCEPLIBS/utils/prod_util.v1.1.0/exec/ndate 24 2024031900
+ IDATE=2024032000
+ '[' 2024032000 -le 2024043000 ']'
+ ECNT=0
+ IY=2024
+ IM=03
+ ID=20
+ HPSSDIR=/BMC/fdr/Permanent/2024/03/20/data/grids/nesdis/GBBEPx/0p1deg
+ HERADIR=/scratch1/BMC/gsd-fv3-dev/MAPP_2018/bhuang/JEDI-2020/JEDI-FV3/expCodes/PACEData/GBBEPx/Prep_GBBEPx_2024030100_2024043000/2024032000
+ HPSSFILE=/BMC/fdr/Permanent/2024/03/20/data/grids/nesdis/GBBEPx/0p1deg/202403200000.zip
+ [[ -d /scratch1/BMC/gsd-fv3-dev/MAPP_2018/bhuang/JEDI-2020/JEDI-FV3/expCodes/PACEData/GBBEPx/Prep_GBBEPx_2024030100_2024043000/2024032000 ]]
+ mkdir -p /scratch1/BMC/gsd-fv3-dev/MAPP_2018/bhuang/JEDI-2020/JEDI-FV3/expCodes/PACEData/GBBEPx/Prep_GBBEPx_2024030100_2024043000/2024032000
+ cd /scratch1/BMC/gsd-fv3-dev/MAPP_2018/bhuang/JEDI-2020/JEDI-FV3/expCodes/PACEData/GBBEPx/Prep_GBBEPx_2024030100_2024043000/2024032000
+ hsi 'get /BMC/fdr/Permanent/2024/03/20/data/grids/nesdis/GBBEPx/0p1deg/202403200000.zip'
[connecting to hpsscore1.fairmont.rdhpcs.noaa.gov/1217]
******************************************************************
*   Welcome to the NESCC High Performance Storage System         *
*                                                                *
*   Current HPSS version: 9.3.10                                 * 
*                                                                * 
*       Please Submit Helpdesk Request to                        *
*        rdhpcs.hpss.help@noaa.gov                               *
*                                                                *
******************************************************************
Username: Bo.Huang  UID: 10872  Acct: 10872(10872) Copies: 1 COS: 0 Firewall: off [hsi.9.3.0.p0 Thu Feb 1 17:57:19 UTC 2024] 
/BMC/fdr/Permanent/2024/03/20/data/grids/nesdis/GBBEPx/0p1deg/202403200000.zip: (md5) OK
get  '/scratch1/BMC/gsd-fv3-dev/MAPP_2018/bhuang/JEDI-2020/JEDI-FV3/expCodes/PACEData/GBBEPx/Prep_GBBEPx_2024030100_2024043000/2024032000/202403200000.zip' : '/BMC/fdr/Permanent/2024/03/20/data/grids/nesdis/GBBEPx/0p1deg/202403200000.zip' (2024/03/26 02:41:50 1878984 bytes, 593495.8 KBS )
+ ERR=0
+ ECNT=0
+ unzip 202403200000.zip
Archive:  202403200000.zip
  inflating: GBBEPx-all01GRID_v4r0_blend_s202403200000000_e202403202359590_c202403210324390.nc  
+ ERR=0
+ ECNT=0
+ '[' 0 -ne 0 ']'
++ /scratch2/NCEPDEV/nwprod/NCEPLIBS/utils/prod_util.v1.1.0/exec/ndate 24 2024032000
+ IDATE=2024032100
+ '[' 2024032100 -le 2024043000 ']'
+ ECNT=0
+ IY=2024
+ IM=03
+ ID=21
+ HPSSDIR=/BMC/fdr/Permanent/2024/03/21/data/grids/nesdis/GBBEPx/0p1deg
+ HERADIR=/scratch1/BMC/gsd-fv3-dev/MAPP_2018/bhuang/JEDI-2020/JEDI-FV3/expCodes/PACEData/GBBEPx/Prep_GBBEPx_2024030100_2024043000/2024032100
+ HPSSFILE=/BMC/fdr/Permanent/2024/03/21/data/grids/nesdis/GBBEPx/0p1deg/202403210000.zip
+ [[ -d /scratch1/BMC/gsd-fv3-dev/MAPP_2018/bhuang/JEDI-2020/JEDI-FV3/expCodes/PACEData/GBBEPx/Prep_GBBEPx_2024030100_2024043000/2024032100 ]]
+ mkdir -p /scratch1/BMC/gsd-fv3-dev/MAPP_2018/bhuang/JEDI-2020/JEDI-FV3/expCodes/PACEData/GBBEPx/Prep_GBBEPx_2024030100_2024043000/2024032100
+ cd /scratch1/BMC/gsd-fv3-dev/MAPP_2018/bhuang/JEDI-2020/JEDI-FV3/expCodes/PACEData/GBBEPx/Prep_GBBEPx_2024030100_2024043000/2024032100
+ hsi 'get /BMC/fdr/Permanent/2024/03/21/data/grids/nesdis/GBBEPx/0p1deg/202403210000.zip'
[connecting to hpsscore1.fairmont.rdhpcs.noaa.gov/1217]
******************************************************************
*   Welcome to the NESCC High Performance Storage System         *
*                                                                *
*   Current HPSS version: 9.3.10                                 * 
*                                                                * 
*       Please Submit Helpdesk Request to                        *
*        rdhpcs.hpss.help@noaa.gov                               *
*                                                                *
******************************************************************
Username: Bo.Huang  UID: 10872  Acct: 10872(10872) Copies: 1 COS: 0 Firewall: off [hsi.9.3.0.p0 Thu Feb 1 17:57:19 UTC 2024] 
/BMC/fdr/Permanent/2024/03/21/data/grids/nesdis/GBBEPx/0p1deg/202403210000.zip: (md5) OK
get  '/scratch1/BMC/gsd-fv3-dev/MAPP_2018/bhuang/JEDI-2020/JEDI-FV3/expCodes/PACEData/GBBEPx/Prep_GBBEPx_2024030100_2024043000/2024032100/202403210000.zip' : '/BMC/fdr/Permanent/2024/03/21/data/grids/nesdis/GBBEPx/0p1deg/202403210000.zip' (2024/03/27 02:42:28 1604965 bytes, 67611.9 KBS )
+ ERR=0
+ ECNT=0
+ unzip 202403210000.zip
Archive:  202403210000.zip
  inflating: GBBEPx-all01GRID_v4r0_blend_s202403210000000_e202403212359590_c202403220325080.nc  
+ ERR=0
+ ECNT=0
+ '[' 0 -ne 0 ']'
++ /scratch2/NCEPDEV/nwprod/NCEPLIBS/utils/prod_util.v1.1.0/exec/ndate 24 2024032100
+ IDATE=2024032200
+ '[' 2024032200 -le 2024043000 ']'
+ ECNT=0
+ IY=2024
+ IM=03
+ ID=22
+ HPSSDIR=/BMC/fdr/Permanent/2024/03/22/data/grids/nesdis/GBBEPx/0p1deg
+ HERADIR=/scratch1/BMC/gsd-fv3-dev/MAPP_2018/bhuang/JEDI-2020/JEDI-FV3/expCodes/PACEData/GBBEPx/Prep_GBBEPx_2024030100_2024043000/2024032200
+ HPSSFILE=/BMC/fdr/Permanent/2024/03/22/data/grids/nesdis/GBBEPx/0p1deg/202403220000.zip
+ [[ -d /scratch1/BMC/gsd-fv3-dev/MAPP_2018/bhuang/JEDI-2020/JEDI-FV3/expCodes/PACEData/GBBEPx/Prep_GBBEPx_2024030100_2024043000/2024032200 ]]
+ mkdir -p /scratch1/BMC/gsd-fv3-dev/MAPP_2018/bhuang/JEDI-2020/JEDI-FV3/expCodes/PACEData/GBBEPx/Prep_GBBEPx_2024030100_2024043000/2024032200
+ cd /scratch1/BMC/gsd-fv3-dev/MAPP_2018/bhuang/JEDI-2020/JEDI-FV3/expCodes/PACEData/GBBEPx/Prep_GBBEPx_2024030100_2024043000/2024032200
+ hsi 'get /BMC/fdr/Permanent/2024/03/22/data/grids/nesdis/GBBEPx/0p1deg/202403220000.zip'
[connecting to hpsscore1.fairmont.rdhpcs.noaa.gov/1217]
******************************************************************
*   Welcome to the NESCC High Performance Storage System         *
*                                                                *
*   Current HPSS version: 9.3.10                                 * 
*                                                                * 
*       Please Submit Helpdesk Request to                        *
*        rdhpcs.hpss.help@noaa.gov                               *
*                                                                *
******************************************************************
Username: Bo.Huang  UID: 10872  Acct: 10872(10872) Copies: 1 COS: 0 Firewall: off [hsi.9.3.0.p0 Thu Feb 1 17:57:19 UTC 2024] 
/BMC/fdr/Permanent/2024/03/22/data/grids/nesdis/GBBEPx/0p1deg/202403220000.zip: (md5) OK
get  '/scratch1/BMC/gsd-fv3-dev/MAPP_2018/bhuang/JEDI-2020/JEDI-FV3/expCodes/PACEData/GBBEPx/Prep_GBBEPx_2024030100_2024043000/2024032200/202403220000.zip' : '/BMC/fdr/Permanent/2024/03/22/data/grids/nesdis/GBBEPx/0p1deg/202403220000.zip' (2024/03/28 02:41:41 1593619 bytes, 72552.6 KBS )
+ ERR=0
+ ECNT=0
+ unzip 202403220000.zip
Archive:  202403220000.zip
  inflating: GBBEPx-all01GRID_v4r0_blend_s202403220000000_e202403222359590_c202403230324030.nc  
+ ERR=0
+ ECNT=0
+ '[' 0 -ne 0 ']'
++ /scratch2/NCEPDEV/nwprod/NCEPLIBS/utils/prod_util.v1.1.0/exec/ndate 24 2024032200
+ IDATE=2024032300
+ '[' 2024032300 -le 2024043000 ']'
+ ECNT=0
+ IY=2024
+ IM=03
+ ID=23
+ HPSSDIR=/BMC/fdr/Permanent/2024/03/23/data/grids/nesdis/GBBEPx/0p1deg
+ HERADIR=/scratch1/BMC/gsd-fv3-dev/MAPP_2018/bhuang/JEDI-2020/JEDI-FV3/expCodes/PACEData/GBBEPx/Prep_GBBEPx_2024030100_2024043000/2024032300
+ HPSSFILE=/BMC/fdr/Permanent/2024/03/23/data/grids/nesdis/GBBEPx/0p1deg/202403230000.zip
+ [[ -d /scratch1/BMC/gsd-fv3-dev/MAPP_2018/bhuang/JEDI-2020/JEDI-FV3/expCodes/PACEData/GBBEPx/Prep_GBBEPx_2024030100_2024043000/2024032300 ]]
+ mkdir -p /scratch1/BMC/gsd-fv3-dev/MAPP_2018/bhuang/JEDI-2020/JEDI-FV3/expCodes/PACEData/GBBEPx/Prep_GBBEPx_2024030100_2024043000/2024032300
+ cd /scratch1/BMC/gsd-fv3-dev/MAPP_2018/bhuang/JEDI-2020/JEDI-FV3/expCodes/PACEData/GBBEPx/Prep_GBBEPx_2024030100_2024043000/2024032300
+ hsi 'get /BMC/fdr/Permanent/2024/03/23/data/grids/nesdis/GBBEPx/0p1deg/202403230000.zip'
[connecting to hpsscore1.fairmont.rdhpcs.noaa.gov/1217]
******************************************************************
*   Welcome to the NESCC High Performance Storage System         *
*                                                                *
*   Current HPSS version: 9.3.10                                 * 
*                                                                * 
*       Please Submit Helpdesk Request to                        *
*        rdhpcs.hpss.help@noaa.gov                               *
*                                                                *
******************************************************************
Username: Bo.Huang  UID: 10872  Acct: 10872(10872) Copies: 1 COS: 0 Firewall: off [hsi.9.3.0.p0 Thu Feb 1 17:57:19 UTC 2024] 
/BMC/fdr/Permanent/2024/03/23/data/grids/nesdis/GBBEPx/0p1deg/202403230000.zip: (md5) OK
get  '/scratch1/BMC/gsd-fv3-dev/MAPP_2018/bhuang/JEDI-2020/JEDI-FV3/expCodes/PACEData/GBBEPx/Prep_GBBEPx_2024030100_2024043000/2024032300/202403230000.zip' : '/BMC/fdr/Permanent/2024/03/23/data/grids/nesdis/GBBEPx/0p1deg/202403230000.zip' (2024/03/29 06:41:08 1660212 bytes, 980075.1 KBS )
+ ERR=0
+ ECNT=0
+ unzip 202403230000.zip
Archive:  202403230000.zip
  inflating: GBBEPx-all01GRID_v4r0_blend_s202403230000000_e202403232359590_c202403240207310.nc  
+ ERR=0
+ ECNT=0
+ '[' 0 -ne 0 ']'
++ /scratch2/NCEPDEV/nwprod/NCEPLIBS/utils/prod_util.v1.1.0/exec/ndate 24 2024032300
+ IDATE=2024032400
+ '[' 2024032400 -le 2024043000 ']'
+ ECNT=0
+ IY=2024
+ IM=03
+ ID=24
+ HPSSDIR=/BMC/fdr/Permanent/2024/03/24/data/grids/nesdis/GBBEPx/0p1deg
+ HERADIR=/scratch1/BMC/gsd-fv3-dev/MAPP_2018/bhuang/JEDI-2020/JEDI-FV3/expCodes/PACEData/GBBEPx/Prep_GBBEPx_2024030100_2024043000/2024032400
+ HPSSFILE=/BMC/fdr/Permanent/2024/03/24/data/grids/nesdis/GBBEPx/0p1deg/202403240000.zip
+ [[ -d /scratch1/BMC/gsd-fv3-dev/MAPP_2018/bhuang/JEDI-2020/JEDI-FV3/expCodes/PACEData/GBBEPx/Prep_GBBEPx_2024030100_2024043000/2024032400 ]]
+ mkdir -p /scratch1/BMC/gsd-fv3-dev/MAPP_2018/bhuang/JEDI-2020/JEDI-FV3/expCodes/PACEData/GBBEPx/Prep_GBBEPx_2024030100_2024043000/2024032400
+ cd /scratch1/BMC/gsd-fv3-dev/MAPP_2018/bhuang/JEDI-2020/JEDI-FV3/expCodes/PACEData/GBBEPx/Prep_GBBEPx_2024030100_2024043000/2024032400
+ hsi 'get /BMC/fdr/Permanent/2024/03/24/data/grids/nesdis/GBBEPx/0p1deg/202403240000.zip'
[connecting to hpsscore1.fairmont.rdhpcs.noaa.gov/1217]
******************************************************************
*   Welcome to the NESCC High Performance Storage System         *
*                                                                *
*   Current HPSS version: 9.3.10                                 * 
*                                                                * 
*       Please Submit Helpdesk Request to                        *
*        rdhpcs.hpss.help@noaa.gov                               *
*                                                                *
******************************************************************
Username: Bo.Huang  UID: 10872  Acct: 10872(10872) Copies: 1 COS: 0 Firewall: off [hsi.9.3.0.p0 Thu Feb 1 17:57:19 UTC 2024] 
/BMC/fdr/Permanent/2024/03/24/data/grids/nesdis/GBBEPx/0p1deg/202403240000.zip: (md5) OK
get  '/scratch1/BMC/gsd-fv3-dev/MAPP_2018/bhuang/JEDI-2020/JEDI-FV3/expCodes/PACEData/GBBEPx/Prep_GBBEPx_2024030100_2024043000/2024032400/202403240000.zip' : '/BMC/fdr/Permanent/2024/03/24/data/grids/nesdis/GBBEPx/0p1deg/202403240000.zip' (2024/03/30 03:41:38 1747204 bytes, 76210.3 KBS )
+ ERR=0
+ ECNT=0
+ unzip 202403240000.zip
Archive:  202403240000.zip
  inflating: GBBEPx-all01GRID_v4r0_blend_s202403240000000_e202403242359590_c202403250319160.nc  
+ ERR=0
+ ECNT=0
+ '[' 0 -ne 0 ']'
++ /scratch2/NCEPDEV/nwprod/NCEPLIBS/utils/prod_util.v1.1.0/exec/ndate 24 2024032400
+ IDATE=2024032500
+ '[' 2024032500 -le 2024043000 ']'
+ ECNT=0
+ IY=2024
+ IM=03
+ ID=25
+ HPSSDIR=/BMC/fdr/Permanent/2024/03/25/data/grids/nesdis/GBBEPx/0p1deg
+ HERADIR=/scratch1/BMC/gsd-fv3-dev/MAPP_2018/bhuang/JEDI-2020/JEDI-FV3/expCodes/PACEData/GBBEPx/Prep_GBBEPx_2024030100_2024043000/2024032500
+ HPSSFILE=/BMC/fdr/Permanent/2024/03/25/data/grids/nesdis/GBBEPx/0p1deg/202403250000.zip
+ [[ -d /scratch1/BMC/gsd-fv3-dev/MAPP_2018/bhuang/JEDI-2020/JEDI-FV3/expCodes/PACEData/GBBEPx/Prep_GBBEPx_2024030100_2024043000/2024032500 ]]
+ mkdir -p /scratch1/BMC/gsd-fv3-dev/MAPP_2018/bhuang/JEDI-2020/JEDI-FV3/expCodes/PACEData/GBBEPx/Prep_GBBEPx_2024030100_2024043000/2024032500
+ cd /scratch1/BMC/gsd-fv3-dev/MAPP_2018/bhuang/JEDI-2020/JEDI-FV3/expCodes/PACEData/GBBEPx/Prep_GBBEPx_2024030100_2024043000/2024032500
+ hsi 'get /BMC/fdr/Permanent/2024/03/25/data/grids/nesdis/GBBEPx/0p1deg/202403250000.zip'
[connecting to hpsscore1.fairmont.rdhpcs.noaa.gov/1217]
******************************************************************
*   Welcome to the NESCC High Performance Storage System         *
*                                                                *
*   Current HPSS version: 9.3.10                                 * 
*                                                                * 
*       Please Submit Helpdesk Request to                        *
*        rdhpcs.hpss.help@noaa.gov                               *
*                                                                *
******************************************************************
Username: Bo.Huang  UID: 10872  Acct: 10872(10872) Copies: 1 COS: 0 Firewall: off [hsi.9.3.0.p0 Thu Feb 1 17:57:19 UTC 2024] 
/BMC/fdr/Permanent/2024/03/25/data/grids/nesdis/GBBEPx/0p1deg/202403250000.zip: (md5) OK
get  '/scratch1/BMC/gsd-fv3-dev/MAPP_2018/bhuang/JEDI-2020/JEDI-FV3/expCodes/PACEData/GBBEPx/Prep_GBBEPx_2024030100_2024043000/2024032500/202403250000.zip' : '/BMC/fdr/Permanent/2024/03/25/data/grids/nesdis/GBBEPx/0p1deg/202403250000.zip' (2024/03/31 03:41:14 2001191 bytes, 568518.2 KBS )
+ ERR=0
+ ECNT=0
+ unzip 202403250000.zip
Archive:  202403250000.zip
  inflating: GBBEPx-all01GRID_v4r0_blend_s202403250000000_e202403252359590_c202403260131530.nc  
+ ERR=0
+ ECNT=0
+ '[' 0 -ne 0 ']'
++ /scratch2/NCEPDEV/nwprod/NCEPLIBS/utils/prod_util.v1.1.0/exec/ndate 24 2024032500
+ IDATE=2024032600
+ '[' 2024032600 -le 2024043000 ']'
+ ECNT=0
+ IY=2024
+ IM=03
+ ID=26
+ HPSSDIR=/BMC/fdr/Permanent/2024/03/26/data/grids/nesdis/GBBEPx/0p1deg
+ HERADIR=/scratch1/BMC/gsd-fv3-dev/MAPP_2018/bhuang/JEDI-2020/JEDI-FV3/expCodes/PACEData/GBBEPx/Prep_GBBEPx_2024030100_2024043000/2024032600
+ HPSSFILE=/BMC/fdr/Permanent/2024/03/26/data/grids/nesdis/GBBEPx/0p1deg/202403260000.zip
+ [[ -d /scratch1/BMC/gsd-fv3-dev/MAPP_2018/bhuang/JEDI-2020/JEDI-FV3/expCodes/PACEData/GBBEPx/Prep_GBBEPx_2024030100_2024043000/2024032600 ]]
+ mkdir -p /scratch1/BMC/gsd-fv3-dev/MAPP_2018/bhuang/JEDI-2020/JEDI-FV3/expCodes/PACEData/GBBEPx/Prep_GBBEPx_2024030100_2024043000/2024032600
+ cd /scratch1/BMC/gsd-fv3-dev/MAPP_2018/bhuang/JEDI-2020/JEDI-FV3/expCodes/PACEData/GBBEPx/Prep_GBBEPx_2024030100_2024043000/2024032600
+ hsi 'get /BMC/fdr/Permanent/2024/03/26/data/grids/nesdis/GBBEPx/0p1deg/202403260000.zip'
[connecting to hpsscore1.fairmont.rdhpcs.noaa.gov/1217]
******************************************************************
*   Welcome to the NESCC High Performance Storage System         *
*                                                                *
*   Current HPSS version: 9.3.10                                 * 
*                                                                * 
*       Please Submit Helpdesk Request to                        *
*        rdhpcs.hpss.help@noaa.gov                               *
*                                                                *
******************************************************************
Username: Bo.Huang  UID: 10872  Acct: 10872(10872) Copies: 1 COS: 0 Firewall: off [hsi.9.3.0.p0 Thu Feb 1 17:57:19 UTC 2024] 
/BMC/fdr/Permanent/2024/03/26/data/grids/nesdis/GBBEPx/0p1deg/202403260000.zip: (md5) OK
get  '/scratch1/BMC/gsd-fv3-dev/MAPP_2018/bhuang/JEDI-2020/JEDI-FV3/expCodes/PACEData/GBBEPx/Prep_GBBEPx_2024030100_2024043000/2024032600/202403260000.zip' : '/BMC/fdr/Permanent/2024/03/26/data/grids/nesdis/GBBEPx/0p1deg/202403260000.zip' (2024/04/01 02:41:13 2026430 bytes, 91921.9 KBS )
+ ERR=0
+ ECNT=0
+ unzip 202403260000.zip
Archive:  202403260000.zip
  inflating: GBBEPx-all01GRID_v4r0_blend_s202403260000000_e202403262359590_c202403270205220.nc  
+ ERR=0
+ ECNT=0
+ '[' 0 -ne 0 ']'
++ /scratch2/NCEPDEV/nwprod/NCEPLIBS/utils/prod_util.v1.1.0/exec/ndate 24 2024032600
+ IDATE=2024032700
+ '[' 2024032700 -le 2024043000 ']'
+ ECNT=0
+ IY=2024
+ IM=03
+ ID=27
+ HPSSDIR=/BMC/fdr/Permanent/2024/03/27/data/grids/nesdis/GBBEPx/0p1deg
+ HERADIR=/scratch1/BMC/gsd-fv3-dev/MAPP_2018/bhuang/JEDI-2020/JEDI-FV3/expCodes/PACEData/GBBEPx/Prep_GBBEPx_2024030100_2024043000/2024032700
+ HPSSFILE=/BMC/fdr/Permanent/2024/03/27/data/grids/nesdis/GBBEPx/0p1deg/202403270000.zip
+ [[ -d /scratch1/BMC/gsd-fv3-dev/MAPP_2018/bhuang/JEDI-2020/JEDI-FV3/expCodes/PACEData/GBBEPx/Prep_GBBEPx_2024030100_2024043000/2024032700 ]]
+ mkdir -p /scratch1/BMC/gsd-fv3-dev/MAPP_2018/bhuang/JEDI-2020/JEDI-FV3/expCodes/PACEData/GBBEPx/Prep_GBBEPx_2024030100_2024043000/2024032700
+ cd /scratch1/BMC/gsd-fv3-dev/MAPP_2018/bhuang/JEDI-2020/JEDI-FV3/expCodes/PACEData/GBBEPx/Prep_GBBEPx_2024030100_2024043000/2024032700
+ hsi 'get /BMC/fdr/Permanent/2024/03/27/data/grids/nesdis/GBBEPx/0p1deg/202403270000.zip'
[connecting to hpsscore1.fairmont.rdhpcs.noaa.gov/1217]
******************************************************************
*   Welcome to the NESCC High Performance Storage System         *
*                                                                *
*   Current HPSS version: 9.3.10                                 * 
*                                                                * 
*       Please Submit Helpdesk Request to                        *
*        rdhpcs.hpss.help@noaa.gov                               *
*                                                                *
******************************************************************
Username: Bo.Huang  UID: 10872  Acct: 10872(10872) Copies: 1 COS: 0 Firewall: off [hsi.9.3.0.p0 Thu Feb 1 17:57:19 UTC 2024] 
/BMC/fdr/Permanent/2024/03/27/data/grids/nesdis/GBBEPx/0p1deg/202403270000.zip: (md5) OK
get  '/scratch1/BMC/gsd-fv3-dev/MAPP_2018/bhuang/JEDI-2020/JEDI-FV3/expCodes/PACEData/GBBEPx/Prep_GBBEPx_2024030100_2024043000/2024032700/202403270000.zip' : '/BMC/fdr/Permanent/2024/03/27/data/grids/nesdis/GBBEPx/0p1deg/202403270000.zip' (2024/04/02 03:43:19 2047803 bytes, 1031105.4 KBS )
+ ERR=0
+ ECNT=0
+ unzip 202403270000.zip
Archive:  202403270000.zip
  inflating: GBBEPx-all01GRID_v4r0_blend_s202403270000000_e202403272359590_c202403280225550.nc  
+ ERR=0
+ ECNT=0
+ '[' 0 -ne 0 ']'
++ /scratch2/NCEPDEV/nwprod/NCEPLIBS/utils/prod_util.v1.1.0/exec/ndate 24 2024032700
+ IDATE=2024032800
+ '[' 2024032800 -le 2024043000 ']'
+ ECNT=0
+ IY=2024
+ IM=03
+ ID=28
+ HPSSDIR=/BMC/fdr/Permanent/2024/03/28/data/grids/nesdis/GBBEPx/0p1deg
+ HERADIR=/scratch1/BMC/gsd-fv3-dev/MAPP_2018/bhuang/JEDI-2020/JEDI-FV3/expCodes/PACEData/GBBEPx/Prep_GBBEPx_2024030100_2024043000/2024032800
+ HPSSFILE=/BMC/fdr/Permanent/2024/03/28/data/grids/nesdis/GBBEPx/0p1deg/202403280000.zip
+ [[ -d /scratch1/BMC/gsd-fv3-dev/MAPP_2018/bhuang/JEDI-2020/JEDI-FV3/expCodes/PACEData/GBBEPx/Prep_GBBEPx_2024030100_2024043000/2024032800 ]]
+ mkdir -p /scratch1/BMC/gsd-fv3-dev/MAPP_2018/bhuang/JEDI-2020/JEDI-FV3/expCodes/PACEData/GBBEPx/Prep_GBBEPx_2024030100_2024043000/2024032800
+ cd /scratch1/BMC/gsd-fv3-dev/MAPP_2018/bhuang/JEDI-2020/JEDI-FV3/expCodes/PACEData/GBBEPx/Prep_GBBEPx_2024030100_2024043000/2024032800
+ hsi 'get /BMC/fdr/Permanent/2024/03/28/data/grids/nesdis/GBBEPx/0p1deg/202403280000.zip'
[connecting to hpsscore1.fairmont.rdhpcs.noaa.gov/1217]
******************************************************************
*   Welcome to the NESCC High Performance Storage System         *
*                                                                *
*   Current HPSS version: 9.3.10                                 * 
*                                                                * 
*       Please Submit Helpdesk Request to                        *
*        rdhpcs.hpss.help@noaa.gov                               *
*                                                                *
******************************************************************
Username: Bo.Huang  UID: 10872  Acct: 10872(10872) Copies: 1 COS: 0 Firewall: off [hsi.9.3.0.p0 Thu Feb 1 17:57:19 UTC 2024] 
/BMC/fdr/Permanent/2024/03/28/data/grids/nesdis/GBBEPx/0p1deg/202403280000.zip: (md5) OK
get  '/scratch1/BMC/gsd-fv3-dev/MAPP_2018/bhuang/JEDI-2020/JEDI-FV3/expCodes/PACEData/GBBEPx/Prep_GBBEPx_2024030100_2024043000/2024032800/202403280000.zip' : '/BMC/fdr/Permanent/2024/03/28/data/grids/nesdis/GBBEPx/0p1deg/202403280000.zip' (2024/04/03 03:41:29 1868767 bytes, 1063669.0 KBS )
+ ERR=0
+ ECNT=0
+ unzip 202403280000.zip
Archive:  202403280000.zip
  inflating: GBBEPx-all01GRID_v4r0_blend_s202403280000000_e202403282359590_c202403290323400.nc  
+ ERR=0
+ ECNT=0
+ '[' 0 -ne 0 ']'
++ /scratch2/NCEPDEV/nwprod/NCEPLIBS/utils/prod_util.v1.1.0/exec/ndate 24 2024032800
+ IDATE=2024032900
+ '[' 2024032900 -le 2024043000 ']'
+ ECNT=0
+ IY=2024
+ IM=03
+ ID=29
+ HPSSDIR=/BMC/fdr/Permanent/2024/03/29/data/grids/nesdis/GBBEPx/0p1deg
+ HERADIR=/scratch1/BMC/gsd-fv3-dev/MAPP_2018/bhuang/JEDI-2020/JEDI-FV3/expCodes/PACEData/GBBEPx/Prep_GBBEPx_2024030100_2024043000/2024032900
+ HPSSFILE=/BMC/fdr/Permanent/2024/03/29/data/grids/nesdis/GBBEPx/0p1deg/202403290000.zip
+ [[ -d /scratch1/BMC/gsd-fv3-dev/MAPP_2018/bhuang/JEDI-2020/JEDI-FV3/expCodes/PACEData/GBBEPx/Prep_GBBEPx_2024030100_2024043000/2024032900 ]]
+ mkdir -p /scratch1/BMC/gsd-fv3-dev/MAPP_2018/bhuang/JEDI-2020/JEDI-FV3/expCodes/PACEData/GBBEPx/Prep_GBBEPx_2024030100_2024043000/2024032900
+ cd /scratch1/BMC/gsd-fv3-dev/MAPP_2018/bhuang/JEDI-2020/JEDI-FV3/expCodes/PACEData/GBBEPx/Prep_GBBEPx_2024030100_2024043000/2024032900
+ hsi 'get /BMC/fdr/Permanent/2024/03/29/data/grids/nesdis/GBBEPx/0p1deg/202403290000.zip'
[connecting to hpsscore1.fairmont.rdhpcs.noaa.gov/1217]
******************************************************************
*   Welcome to the NESCC High Performance Storage System         *
*                                                                *
*   Current HPSS version: 9.3.10                                 * 
*                                                                * 
*       Please Submit Helpdesk Request to                        *
*        rdhpcs.hpss.help@noaa.gov                               *
*                                                                *
******************************************************************
Username: Bo.Huang  UID: 10872  Acct: 10872(10872) Copies: 1 COS: 0 Firewall: off [hsi.9.3.0.p0 Thu Feb 1 17:57:19 UTC 2024] 
/BMC/fdr/Permanent/2024/03/29/data/grids/nesdis/GBBEPx/0p1deg/202403290000.zip: (md5) OK
get  '/scratch1/BMC/gsd-fv3-dev/MAPP_2018/bhuang/JEDI-2020/JEDI-FV3/expCodes/PACEData/GBBEPx/Prep_GBBEPx_2024030100_2024043000/2024032900/202403290000.zip' : '/BMC/fdr/Permanent/2024/03/29/data/grids/nesdis/GBBEPx/0p1deg/202403290000.zip' (2024/04/04 01:43:29 1777087 bytes, 54184.7 KBS )
+ ERR=0
+ ECNT=0
+ unzip 202403290000.zip
Archive:  202403290000.zip
  inflating: GBBEPx-all01GRID_v4r0_blend_s202403290000000_e202403292359590_c202403300155350.nc  
+ ERR=0
+ ECNT=0
+ '[' 0 -ne 0 ']'
++ /scratch2/NCEPDEV/nwprod/NCEPLIBS/utils/prod_util.v1.1.0/exec/ndate 24 2024032900
+ IDATE=2024033000
+ '[' 2024033000 -le 2024043000 ']'
+ ECNT=0
+ IY=2024
+ IM=03
+ ID=30
+ HPSSDIR=/BMC/fdr/Permanent/2024/03/30/data/grids/nesdis/GBBEPx/0p1deg
+ HERADIR=/scratch1/BMC/gsd-fv3-dev/MAPP_2018/bhuang/JEDI-2020/JEDI-FV3/expCodes/PACEData/GBBEPx/Prep_GBBEPx_2024030100_2024043000/2024033000
+ HPSSFILE=/BMC/fdr/Permanent/2024/03/30/data/grids/nesdis/GBBEPx/0p1deg/202403300000.zip
+ [[ -d /scratch1/BMC/gsd-fv3-dev/MAPP_2018/bhuang/JEDI-2020/JEDI-FV3/expCodes/PACEData/GBBEPx/Prep_GBBEPx_2024030100_2024043000/2024033000 ]]
+ mkdir -p /scratch1/BMC/gsd-fv3-dev/MAPP_2018/bhuang/JEDI-2020/JEDI-FV3/expCodes/PACEData/GBBEPx/Prep_GBBEPx_2024030100_2024043000/2024033000
+ cd /scratch1/BMC/gsd-fv3-dev/MAPP_2018/bhuang/JEDI-2020/JEDI-FV3/expCodes/PACEData/GBBEPx/Prep_GBBEPx_2024030100_2024043000/2024033000
+ hsi 'get /BMC/fdr/Permanent/2024/03/30/data/grids/nesdis/GBBEPx/0p1deg/202403300000.zip'
[connecting to hpsscore1.fairmont.rdhpcs.noaa.gov/1217]
******************************************************************
*   Welcome to the NESCC High Performance Storage System         *
*                                                                *
*   Current HPSS version: 9.3.10                                 * 
*                                                                * 
*       Please Submit Helpdesk Request to                        *
*        rdhpcs.hpss.help@noaa.gov                               *
*                                                                *
******************************************************************
Username: Bo.Huang  UID: 10872  Acct: 10872(10872) Copies: 1 COS: 0 Firewall: off [hsi.9.3.0.p0 Thu Feb 1 17:57:19 UTC 2024] 
/BMC/fdr/Permanent/2024/03/30/data/grids/nesdis/GBBEPx/0p1deg/202403300000.zip: (md5) OK
get  '/scratch1/BMC/gsd-fv3-dev/MAPP_2018/bhuang/JEDI-2020/JEDI-FV3/expCodes/PACEData/GBBEPx/Prep_GBBEPx_2024030100_2024043000/2024033000/202403300000.zip' : '/BMC/fdr/Permanent/2024/03/30/data/grids/nesdis/GBBEPx/0p1deg/202403300000.zip' (2024/04/05 03:44:19 1921163 bytes, 1052637.7 KBS )
+ ERR=0
+ ECNT=0
+ unzip 202403300000.zip
Archive:  202403300000.zip
  inflating: GBBEPx-all01GRID_v4r0_blend_s202403300000000_e202403302359590_c202403310137360.nc  
+ ERR=0
+ ECNT=0
+ '[' 0 -ne 0 ']'
++ /scratch2/NCEPDEV/nwprod/NCEPLIBS/utils/prod_util.v1.1.0/exec/ndate 24 2024033000
+ IDATE=2024033100
+ '[' 2024033100 -le 2024043000 ']'
+ ECNT=0
+ IY=2024
+ IM=03
+ ID=31
+ HPSSDIR=/BMC/fdr/Permanent/2024/03/31/data/grids/nesdis/GBBEPx/0p1deg
+ HERADIR=/scratch1/BMC/gsd-fv3-dev/MAPP_2018/bhuang/JEDI-2020/JEDI-FV3/expCodes/PACEData/GBBEPx/Prep_GBBEPx_2024030100_2024043000/2024033100
+ HPSSFILE=/BMC/fdr/Permanent/2024/03/31/data/grids/nesdis/GBBEPx/0p1deg/202403310000.zip
+ [[ -d /scratch1/BMC/gsd-fv3-dev/MAPP_2018/bhuang/JEDI-2020/JEDI-FV3/expCodes/PACEData/GBBEPx/Prep_GBBEPx_2024030100_2024043000/2024033100 ]]
+ mkdir -p /scratch1/BMC/gsd-fv3-dev/MAPP_2018/bhuang/JEDI-2020/JEDI-FV3/expCodes/PACEData/GBBEPx/Prep_GBBEPx_2024030100_2024043000/2024033100
+ cd /scratch1/BMC/gsd-fv3-dev/MAPP_2018/bhuang/JEDI-2020/JEDI-FV3/expCodes/PACEData/GBBEPx/Prep_GBBEPx_2024030100_2024043000/2024033100
+ hsi 'get /BMC/fdr/Permanent/2024/03/31/data/grids/nesdis/GBBEPx/0p1deg/202403310000.zip'
[connecting to hpsscore1.fairmont.rdhpcs.noaa.gov/1217]
******************************************************************
*   Welcome to the NESCC High Performance Storage System         *
*                                                                *
*   Current HPSS version: 9.3.10                                 * 
*                                                                * 
*       Please Submit Helpdesk Request to                        *
*        rdhpcs.hpss.help@noaa.gov                               *
*                                                                *
******************************************************************
Username: Bo.Huang  UID: 10872  Acct: 10872(10872) Copies: 1 COS: 0 Firewall: off [hsi.9.3.0.p0 Thu Feb 1 17:57:19 UTC 2024] 
/BMC/fdr/Permanent/2024/03/31/data/grids/nesdis/GBBEPx/0p1deg/202403310000.zip: (md5) OK
get  '/scratch1/BMC/gsd-fv3-dev/MAPP_2018/bhuang/JEDI-2020/JEDI-FV3/expCodes/PACEData/GBBEPx/Prep_GBBEPx_2024030100_2024043000/2024033100/202403310000.zip' : '/BMC/fdr/Permanent/2024/03/31/data/grids/nesdis/GBBEPx/0p1deg/202403310000.zip' (2024/04/06 01:41:27 1566859 bytes, 64257.6 KBS )
+ ERR=0
+ ECNT=0
+ unzip 202403310000.zip
Archive:  202403310000.zip
  inflating: GBBEPx-all01GRID_v4r0_blend_s202403310000000_e202403312359590_c202404010116270.nc  
+ ERR=0
+ ECNT=0
+ '[' 0 -ne 0 ']'
++ /scratch2/NCEPDEV/nwprod/NCEPLIBS/utils/prod_util.v1.1.0/exec/ndate 24 2024033100
+ IDATE=2024040100
+ '[' 2024040100 -le 2024043000 ']'
+ ECNT=0
+ IY=2024
+ IM=04
+ ID=01
+ HPSSDIR=/BMC/fdr/Permanent/2024/04/01/data/grids/nesdis/GBBEPx/0p1deg
+ HERADIR=/scratch1/BMC/gsd-fv3-dev/MAPP_2018/bhuang/JEDI-2020/JEDI-FV3/expCodes/PACEData/GBBEPx/Prep_GBBEPx_2024030100_2024043000/2024040100
+ HPSSFILE=/BMC/fdr/Permanent/2024/04/01/data/grids/nesdis/GBBEPx/0p1deg/202404010000.zip
+ [[ -d /scratch1/BMC/gsd-fv3-dev/MAPP_2018/bhuang/JEDI-2020/JEDI-FV3/expCodes/PACEData/GBBEPx/Prep_GBBEPx_2024030100_2024043000/2024040100 ]]
+ mkdir -p /scratch1/BMC/gsd-fv3-dev/MAPP_2018/bhuang/JEDI-2020/JEDI-FV3/expCodes/PACEData/GBBEPx/Prep_GBBEPx_2024030100_2024043000/2024040100
+ cd /scratch1/BMC/gsd-fv3-dev/MAPP_2018/bhuang/JEDI-2020/JEDI-FV3/expCodes/PACEData/GBBEPx/Prep_GBBEPx_2024030100_2024043000/2024040100
+ hsi 'get /BMC/fdr/Permanent/2024/04/01/data/grids/nesdis/GBBEPx/0p1deg/202404010000.zip'
[connecting to hpsscore1.fairmont.rdhpcs.noaa.gov/1217]
******************************************************************
*   Welcome to the NESCC High Performance Storage System         *
*                                                                *
*   Current HPSS version: 9.3.10                                 * 
*                                                                * 
*       Please Submit Helpdesk Request to                        *
*        rdhpcs.hpss.help@noaa.gov                               *
*                                                                *
******************************************************************
Username: Bo.Huang  UID: 10872  Acct: 10872(10872) Copies: 1 COS: 0 Firewall: off [hsi.9.3.0.p0 Thu Feb 1 17:57:19 UTC 2024] 
/BMC/fdr/Permanent/2024/04/01/data/grids/nesdis/GBBEPx/0p1deg/202404010000.zip: (md5) OK
get  '/scratch1/BMC/gsd-fv3-dev/MAPP_2018/bhuang/JEDI-2020/JEDI-FV3/expCodes/PACEData/GBBEPx/Prep_GBBEPx_2024030100_2024043000/2024040100/202404010000.zip' : '/BMC/fdr/Permanent/2024/04/01/data/grids/nesdis/GBBEPx/0p1deg/202404010000.zip' (2024/04/07 04:43:34 1704306 bytes, 77538.8 KBS )
+ ERR=0
+ ECNT=0
+ unzip 202404010000.zip
Archive:  202404010000.zip
  inflating: GBBEPx-all01GRID_v4r0_blend_s202404010000000_e202404012359590_c202404020235390.nc  
+ ERR=0
+ ECNT=0
+ '[' 0 -ne 0 ']'
++ /scratch2/NCEPDEV/nwprod/NCEPLIBS/utils/prod_util.v1.1.0/exec/ndate 24 2024040100
+ IDATE=2024040200
+ '[' 2024040200 -le 2024043000 ']'
+ ECNT=0
+ IY=2024
+ IM=04
+ ID=02
+ HPSSDIR=/BMC/fdr/Permanent/2024/04/02/data/grids/nesdis/GBBEPx/0p1deg
+ HERADIR=/scratch1/BMC/gsd-fv3-dev/MAPP_2018/bhuang/JEDI-2020/JEDI-FV3/expCodes/PACEData/GBBEPx/Prep_GBBEPx_2024030100_2024043000/2024040200
+ HPSSFILE=/BMC/fdr/Permanent/2024/04/02/data/grids/nesdis/GBBEPx/0p1deg/202404020000.zip
+ [[ -d /scratch1/BMC/gsd-fv3-dev/MAPP_2018/bhuang/JEDI-2020/JEDI-FV3/expCodes/PACEData/GBBEPx/Prep_GBBEPx_2024030100_2024043000/2024040200 ]]
+ mkdir -p /scratch1/BMC/gsd-fv3-dev/MAPP_2018/bhuang/JEDI-2020/JEDI-FV3/expCodes/PACEData/GBBEPx/Prep_GBBEPx_2024030100_2024043000/2024040200
+ cd /scratch1/BMC/gsd-fv3-dev/MAPP_2018/bhuang/JEDI-2020/JEDI-FV3/expCodes/PACEData/GBBEPx/Prep_GBBEPx_2024030100_2024043000/2024040200
+ hsi 'get /BMC/fdr/Permanent/2024/04/02/data/grids/nesdis/GBBEPx/0p1deg/202404020000.zip'
[connecting to hpsscore1.fairmont.rdhpcs.noaa.gov/1217]
******************************************************************
*   Welcome to the NESCC High Performance Storage System         *
*                                                                *
*   Current HPSS version: 9.3.10                                 * 
*                                                                * 
*       Please Submit Helpdesk Request to                        *
*        rdhpcs.hpss.help@noaa.gov                               *
*                                                                *
******************************************************************
Username: Bo.Huang  UID: 10872  Acct: 10872(10872) Copies: 1 COS: 0 Firewall: off [hsi.9.3.0.p0 Thu Feb 1 17:57:19 UTC 2024] 
/BMC/fdr/Permanent/2024/04/02/data/grids/nesdis/GBBEPx/0p1deg/202404020000.zip: (md5) OK
get  '/scratch1/BMC/gsd-fv3-dev/MAPP_2018/bhuang/JEDI-2020/JEDI-FV3/expCodes/PACEData/GBBEPx/Prep_GBBEPx_2024030100_2024043000/2024040200/202404020000.zip' : '/BMC/fdr/Permanent/2024/04/02/data/grids/nesdis/GBBEPx/0p1deg/202404020000.zip' (2024/04/08 06:41:07 1873991 bytes, 1005383.5 KBS )
+ ERR=0
+ ECNT=0
+ unzip 202404020000.zip
Archive:  202404020000.zip
  inflating: GBBEPx-all01GRID_v4r0_blend_s202404020000000_e202404022359590_c202404030215450.nc  
+ ERR=0
+ ECNT=0
+ '[' 0 -ne 0 ']'
++ /scratch2/NCEPDEV/nwprod/NCEPLIBS/utils/prod_util.v1.1.0/exec/ndate 24 2024040200
+ IDATE=2024040300
+ '[' 2024040300 -le 2024043000 ']'
+ ECNT=0
+ IY=2024
+ IM=04
+ ID=03
+ HPSSDIR=/BMC/fdr/Permanent/2024/04/03/data/grids/nesdis/GBBEPx/0p1deg
+ HERADIR=/scratch1/BMC/gsd-fv3-dev/MAPP_2018/bhuang/JEDI-2020/JEDI-FV3/expCodes/PACEData/GBBEPx/Prep_GBBEPx_2024030100_2024043000/2024040300
+ HPSSFILE=/BMC/fdr/Permanent/2024/04/03/data/grids/nesdis/GBBEPx/0p1deg/202404030000.zip
+ [[ -d /scratch1/BMC/gsd-fv3-dev/MAPP_2018/bhuang/JEDI-2020/JEDI-FV3/expCodes/PACEData/GBBEPx/Prep_GBBEPx_2024030100_2024043000/2024040300 ]]
+ mkdir -p /scratch1/BMC/gsd-fv3-dev/MAPP_2018/bhuang/JEDI-2020/JEDI-FV3/expCodes/PACEData/GBBEPx/Prep_GBBEPx_2024030100_2024043000/2024040300
+ cd /scratch1/BMC/gsd-fv3-dev/MAPP_2018/bhuang/JEDI-2020/JEDI-FV3/expCodes/PACEData/GBBEPx/Prep_GBBEPx_2024030100_2024043000/2024040300
+ hsi 'get /BMC/fdr/Permanent/2024/04/03/data/grids/nesdis/GBBEPx/0p1deg/202404030000.zip'
[connecting to hpsscore1.fairmont.rdhpcs.noaa.gov/1217]
******************************************************************
*   Welcome to the NESCC High Performance Storage System         *
*                                                                *
*   Current HPSS version: 9.3.10                                 * 
*                                                                * 
*       Please Submit Helpdesk Request to                        *
*        rdhpcs.hpss.help@noaa.gov                               *
*                                                                *
******************************************************************
Username: Bo.Huang  UID: 10872  Acct: 10872(10872) Copies: 1 COS: 0 Firewall: off [hsi.9.3.0.p0 Thu Feb 1 17:57:19 UTC 2024] 
/BMC/fdr/Permanent/2024/04/03/data/grids/nesdis/GBBEPx/0p1deg/202404030000.zip: (md5) OK
get  '/scratch1/BMC/gsd-fv3-dev/MAPP_2018/bhuang/JEDI-2020/JEDI-FV3/expCodes/PACEData/GBBEPx/Prep_GBBEPx_2024030100_2024043000/2024040300/202404030000.zip' : '/BMC/fdr/Permanent/2024/04/03/data/grids/nesdis/GBBEPx/0p1deg/202404030000.zip' (2024/04/09 03:42:40 1815531 bytes, 713405.4 KBS )
+ ERR=0
+ ECNT=0
+ unzip 202404030000.zip
Archive:  202404030000.zip
  inflating: GBBEPx-all01GRID_v4r0_blend_s202404030000000_e202404032359590_c202404040203580.nc  
+ ERR=0
+ ECNT=0
+ '[' 0 -ne 0 ']'
++ /scratch2/NCEPDEV/nwprod/NCEPLIBS/utils/prod_util.v1.1.0/exec/ndate 24 2024040300
+ IDATE=2024040400
+ '[' 2024040400 -le 2024043000 ']'
+ ECNT=0
+ IY=2024
+ IM=04
+ ID=04
+ HPSSDIR=/BMC/fdr/Permanent/2024/04/04/data/grids/nesdis/GBBEPx/0p1deg
+ HERADIR=/scratch1/BMC/gsd-fv3-dev/MAPP_2018/bhuang/JEDI-2020/JEDI-FV3/expCodes/PACEData/GBBEPx/Prep_GBBEPx_2024030100_2024043000/2024040400
+ HPSSFILE=/BMC/fdr/Permanent/2024/04/04/data/grids/nesdis/GBBEPx/0p1deg/202404040000.zip
+ [[ -d /scratch1/BMC/gsd-fv3-dev/MAPP_2018/bhuang/JEDI-2020/JEDI-FV3/expCodes/PACEData/GBBEPx/Prep_GBBEPx_2024030100_2024043000/2024040400 ]]
+ mkdir -p /scratch1/BMC/gsd-fv3-dev/MAPP_2018/bhuang/JEDI-2020/JEDI-FV3/expCodes/PACEData/GBBEPx/Prep_GBBEPx_2024030100_2024043000/2024040400
+ cd /scratch1/BMC/gsd-fv3-dev/MAPP_2018/bhuang/JEDI-2020/JEDI-FV3/expCodes/PACEData/GBBEPx/Prep_GBBEPx_2024030100_2024043000/2024040400
+ hsi 'get /BMC/fdr/Permanent/2024/04/04/data/grids/nesdis/GBBEPx/0p1deg/202404040000.zip'
[connecting to hpsscore1.fairmont.rdhpcs.noaa.gov/1217]
******************************************************************
*   Welcome to the NESCC High Performance Storage System         *
*                                                                *
*   Current HPSS version: 9.3.10                                 * 
*                                                                * 
*       Please Submit Helpdesk Request to                        *
*        rdhpcs.hpss.help@noaa.gov                               *
*                                                                *
******************************************************************
Username: Bo.Huang  UID: 10872  Acct: 10872(10872) Copies: 1 COS: 0 Firewall: off [hsi.9.3.0.p0 Thu Feb 1 17:57:19 UTC 2024] 
/BMC/fdr/Permanent/2024/04/04/data/grids/nesdis/GBBEPx/0p1deg/202404040000.zip: (md5) OK
get  '/scratch1/BMC/gsd-fv3-dev/MAPP_2018/bhuang/JEDI-2020/JEDI-FV3/expCodes/PACEData/GBBEPx/Prep_GBBEPx_2024030100_2024043000/2024040400/202404040000.zip' : '/BMC/fdr/Permanent/2024/04/04/data/grids/nesdis/GBBEPx/0p1deg/202404040000.zip' (2024/04/10 01:41:42 1935919 bytes, 82880.0 KBS )
+ ERR=0
+ ECNT=0
+ unzip 202404040000.zip
Archive:  202404040000.zip
  inflating: GBBEPx-all01GRID_v4r0_blend_s202404040000000_e202404042359590_c202404050324580.nc  
+ ERR=0
+ ECNT=0
+ '[' 0 -ne 0 ']'
++ /scratch2/NCEPDEV/nwprod/NCEPLIBS/utils/prod_util.v1.1.0/exec/ndate 24 2024040400
+ IDATE=2024040500
+ '[' 2024040500 -le 2024043000 ']'
+ ECNT=0
+ IY=2024
+ IM=04
+ ID=05
+ HPSSDIR=/BMC/fdr/Permanent/2024/04/05/data/grids/nesdis/GBBEPx/0p1deg
+ HERADIR=/scratch1/BMC/gsd-fv3-dev/MAPP_2018/bhuang/JEDI-2020/JEDI-FV3/expCodes/PACEData/GBBEPx/Prep_GBBEPx_2024030100_2024043000/2024040500
+ HPSSFILE=/BMC/fdr/Permanent/2024/04/05/data/grids/nesdis/GBBEPx/0p1deg/202404050000.zip
+ [[ -d /scratch1/BMC/gsd-fv3-dev/MAPP_2018/bhuang/JEDI-2020/JEDI-FV3/expCodes/PACEData/GBBEPx/Prep_GBBEPx_2024030100_2024043000/2024040500 ]]
+ mkdir -p /scratch1/BMC/gsd-fv3-dev/MAPP_2018/bhuang/JEDI-2020/JEDI-FV3/expCodes/PACEData/GBBEPx/Prep_GBBEPx_2024030100_2024043000/2024040500
+ cd /scratch1/BMC/gsd-fv3-dev/MAPP_2018/bhuang/JEDI-2020/JEDI-FV3/expCodes/PACEData/GBBEPx/Prep_GBBEPx_2024030100_2024043000/2024040500
+ hsi 'get /BMC/fdr/Permanent/2024/04/05/data/grids/nesdis/GBBEPx/0p1deg/202404050000.zip'
[connecting to hpsscore1.fairmont.rdhpcs.noaa.gov/1217]
******************************************************************
*   Welcome to the NESCC High Performance Storage System         *
*                                                                *
*   Current HPSS version: 9.3.10                                 * 
*                                                                * 
*       Please Submit Helpdesk Request to                        *
*        rdhpcs.hpss.help@noaa.gov                               *
*                                                                *
******************************************************************
Username: Bo.Huang  UID: 10872  Acct: 10872(10872) Copies: 1 COS: 0 Firewall: off [hsi.9.3.0.p0 Thu Feb 1 17:57:19 UTC 2024] 
/BMC/fdr/Permanent/2024/04/05/data/grids/nesdis/GBBEPx/0p1deg/202404050000.zip: (md5) OK
get  '/scratch1/BMC/gsd-fv3-dev/MAPP_2018/bhuang/JEDI-2020/JEDI-FV3/expCodes/PACEData/GBBEPx/Prep_GBBEPx_2024030100_2024043000/2024040500/202404050000.zip' : '/BMC/fdr/Permanent/2024/04/05/data/grids/nesdis/GBBEPx/0p1deg/202404050000.zip' (2024/04/11 05:41:28 1801302 bytes, 49678.5 KBS )
+ ERR=0
+ ECNT=0
+ unzip 202404050000.zip
Archive:  202404050000.zip
  inflating: GBBEPx-all01GRID_v4r0_blend_s202404050000000_e202404052359590_c202404060115430.nc  
+ ERR=0
+ ECNT=0
+ '[' 0 -ne 0 ']'
++ /scratch2/NCEPDEV/nwprod/NCEPLIBS/utils/prod_util.v1.1.0/exec/ndate 24 2024040500
+ IDATE=2024040600
+ '[' 2024040600 -le 2024043000 ']'
+ ECNT=0
+ IY=2024
+ IM=04
+ ID=06
+ HPSSDIR=/BMC/fdr/Permanent/2024/04/06/data/grids/nesdis/GBBEPx/0p1deg
+ HERADIR=/scratch1/BMC/gsd-fv3-dev/MAPP_2018/bhuang/JEDI-2020/JEDI-FV3/expCodes/PACEData/GBBEPx/Prep_GBBEPx_2024030100_2024043000/2024040600
+ HPSSFILE=/BMC/fdr/Permanent/2024/04/06/data/grids/nesdis/GBBEPx/0p1deg/202404060000.zip
+ [[ -d /scratch1/BMC/gsd-fv3-dev/MAPP_2018/bhuang/JEDI-2020/JEDI-FV3/expCodes/PACEData/GBBEPx/Prep_GBBEPx_2024030100_2024043000/2024040600 ]]
+ mkdir -p /scratch1/BMC/gsd-fv3-dev/MAPP_2018/bhuang/JEDI-2020/JEDI-FV3/expCodes/PACEData/GBBEPx/Prep_GBBEPx_2024030100_2024043000/2024040600
+ cd /scratch1/BMC/gsd-fv3-dev/MAPP_2018/bhuang/JEDI-2020/JEDI-FV3/expCodes/PACEData/GBBEPx/Prep_GBBEPx_2024030100_2024043000/2024040600
+ hsi 'get /BMC/fdr/Permanent/2024/04/06/data/grids/nesdis/GBBEPx/0p1deg/202404060000.zip'
[connecting to hpsscore1.fairmont.rdhpcs.noaa.gov/1217]
******************************************************************
*   Welcome to the NESCC High Performance Storage System         *
*                                                                *
*   Current HPSS version: 9.3.10                                 * 
*                                                                * 
*       Please Submit Helpdesk Request to                        *
*        rdhpcs.hpss.help@noaa.gov                               *
*                                                                *
******************************************************************
Username: Bo.Huang  UID: 10872  Acct: 10872(10872) Copies: 1 COS: 0 Firewall: off [hsi.9.3.0.p0 Thu Feb 1 17:57:19 UTC 2024] 
/BMC/fdr/Permanent/2024/04/06/data/grids/nesdis/GBBEPx/0p1deg/202404060000.zip: (md5) OK
get  '/scratch1/BMC/gsd-fv3-dev/MAPP_2018/bhuang/JEDI-2020/JEDI-FV3/expCodes/PACEData/GBBEPx/Prep_GBBEPx_2024030100_2024043000/2024040600/202404060000.zip' : '/BMC/fdr/Permanent/2024/04/06/data/grids/nesdis/GBBEPx/0p1deg/202404060000.zip' (2024/04/12 05:41:28 1658228 bytes, 72461.9 KBS )
+ ERR=0
+ ECNT=0
+ unzip 202404060000.zip
Archive:  202404060000.zip
  inflating: GBBEPx-all01GRID_v4r0_blend_s202404060000000_e202404062359590_c202404070319420.nc  
+ ERR=0
+ ECNT=0
+ '[' 0 -ne 0 ']'
++ /scratch2/NCEPDEV/nwprod/NCEPLIBS/utils/prod_util.v1.1.0/exec/ndate 24 2024040600
+ IDATE=2024040700
+ '[' 2024040700 -le 2024043000 ']'
+ ECNT=0
+ IY=2024
+ IM=04
+ ID=07
+ HPSSDIR=/BMC/fdr/Permanent/2024/04/07/data/grids/nesdis/GBBEPx/0p1deg
+ HERADIR=/scratch1/BMC/gsd-fv3-dev/MAPP_2018/bhuang/JEDI-2020/JEDI-FV3/expCodes/PACEData/GBBEPx/Prep_GBBEPx_2024030100_2024043000/2024040700
+ HPSSFILE=/BMC/fdr/Permanent/2024/04/07/data/grids/nesdis/GBBEPx/0p1deg/202404070000.zip
+ [[ -d /scratch1/BMC/gsd-fv3-dev/MAPP_2018/bhuang/JEDI-2020/JEDI-FV3/expCodes/PACEData/GBBEPx/Prep_GBBEPx_2024030100_2024043000/2024040700 ]]
+ mkdir -p /scratch1/BMC/gsd-fv3-dev/MAPP_2018/bhuang/JEDI-2020/JEDI-FV3/expCodes/PACEData/GBBEPx/Prep_GBBEPx_2024030100_2024043000/2024040700
+ cd /scratch1/BMC/gsd-fv3-dev/MAPP_2018/bhuang/JEDI-2020/JEDI-FV3/expCodes/PACEData/GBBEPx/Prep_GBBEPx_2024030100_2024043000/2024040700
+ hsi 'get /BMC/fdr/Permanent/2024/04/07/data/grids/nesdis/GBBEPx/0p1deg/202404070000.zip'
[connecting to hpsscore1.fairmont.rdhpcs.noaa.gov/1217]
******************************************************************
*   Welcome to the NESCC High Performance Storage System         *
*                                                                *
*   Current HPSS version: 9.3.10                                 * 
*                                                                * 
*       Please Submit Helpdesk Request to                        *
*        rdhpcs.hpss.help@noaa.gov                               *
*                                                                *
******************************************************************
Username: Bo.Huang  UID: 10872  Acct: 10872(10872) Copies: 1 COS: 0 Firewall: off [hsi.9.3.0.p0 Thu Feb 1 17:57:19 UTC 2024] 
/BMC/fdr/Permanent/2024/04/07/data/grids/nesdis/GBBEPx/0p1deg/202404070000.zip: (md5) OK
get  '/scratch1/BMC/gsd-fv3-dev/MAPP_2018/bhuang/JEDI-2020/JEDI-FV3/expCodes/PACEData/GBBEPx/Prep_GBBEPx_2024030100_2024043000/2024040700/202404070000.zip' : '/BMC/fdr/Permanent/2024/04/07/data/grids/nesdis/GBBEPx/0p1deg/202404070000.zip' (2024/04/13 03:42:58 1456652 bytes, 67861.5 KBS )
+ ERR=0
+ ECNT=0
+ unzip 202404070000.zip
Archive:  202404070000.zip
  inflating: GBBEPx-all01GRID_v4r0_blend_s202404070000000_e202404072359590_c202404080219280.nc  
+ ERR=0
+ ECNT=0
+ '[' 0 -ne 0 ']'
++ /scratch2/NCEPDEV/nwprod/NCEPLIBS/utils/prod_util.v1.1.0/exec/ndate 24 2024040700
+ IDATE=2024040800
+ '[' 2024040800 -le 2024043000 ']'
+ ECNT=0
+ IY=2024
+ IM=04
+ ID=08
+ HPSSDIR=/BMC/fdr/Permanent/2024/04/08/data/grids/nesdis/GBBEPx/0p1deg
+ HERADIR=/scratch1/BMC/gsd-fv3-dev/MAPP_2018/bhuang/JEDI-2020/JEDI-FV3/expCodes/PACEData/GBBEPx/Prep_GBBEPx_2024030100_2024043000/2024040800
+ HPSSFILE=/BMC/fdr/Permanent/2024/04/08/data/grids/nesdis/GBBEPx/0p1deg/202404080000.zip
+ [[ -d /scratch1/BMC/gsd-fv3-dev/MAPP_2018/bhuang/JEDI-2020/JEDI-FV3/expCodes/PACEData/GBBEPx/Prep_GBBEPx_2024030100_2024043000/2024040800 ]]
+ mkdir -p /scratch1/BMC/gsd-fv3-dev/MAPP_2018/bhuang/JEDI-2020/JEDI-FV3/expCodes/PACEData/GBBEPx/Prep_GBBEPx_2024030100_2024043000/2024040800
+ cd /scratch1/BMC/gsd-fv3-dev/MAPP_2018/bhuang/JEDI-2020/JEDI-FV3/expCodes/PACEData/GBBEPx/Prep_GBBEPx_2024030100_2024043000/2024040800
+ hsi 'get /BMC/fdr/Permanent/2024/04/08/data/grids/nesdis/GBBEPx/0p1deg/202404080000.zip'
[connecting to hpsscore1.fairmont.rdhpcs.noaa.gov/1217]
******************************************************************
*   Welcome to the NESCC High Performance Storage System         *
*                                                                *
*   Current HPSS version: 9.3.10                                 * 
*                                                                * 
*       Please Submit Helpdesk Request to                        *
*        rdhpcs.hpss.help@noaa.gov                               *
*                                                                *
******************************************************************
Username: Bo.Huang  UID: 10872  Acct: 10872(10872) Copies: 1 COS: 0 Firewall: off [hsi.9.3.0.p0 Thu Feb 1 17:57:19 UTC 2024] 
/BMC/fdr/Permanent/2024/04/08/data/grids/nesdis/GBBEPx/0p1deg/202404080000.zip: (md5) OK
get  '/scratch1/BMC/gsd-fv3-dev/MAPP_2018/bhuang/JEDI-2020/JEDI-FV3/expCodes/PACEData/GBBEPx/Prep_GBBEPx_2024030100_2024043000/2024040800/202404080000.zip' : '/BMC/fdr/Permanent/2024/04/08/data/grids/nesdis/GBBEPx/0p1deg/202404080000.zip' (2024/04/14 01:42:36 1771131 bytes, 79860.1 KBS )
+ ERR=0
+ ECNT=0
+ unzip 202404080000.zip
Archive:  202404080000.zip
  inflating: GBBEPx-all01GRID_v4r0_blend_s202404080000000_e202404082359590_c202404090203410.nc  
+ ERR=0
+ ECNT=0
+ '[' 0 -ne 0 ']'
++ /scratch2/NCEPDEV/nwprod/NCEPLIBS/utils/prod_util.v1.1.0/exec/ndate 24 2024040800
+ IDATE=2024040900
+ '[' 2024040900 -le 2024043000 ']'
+ ECNT=0
+ IY=2024
+ IM=04
+ ID=09
+ HPSSDIR=/BMC/fdr/Permanent/2024/04/09/data/grids/nesdis/GBBEPx/0p1deg
+ HERADIR=/scratch1/BMC/gsd-fv3-dev/MAPP_2018/bhuang/JEDI-2020/JEDI-FV3/expCodes/PACEData/GBBEPx/Prep_GBBEPx_2024030100_2024043000/2024040900
+ HPSSFILE=/BMC/fdr/Permanent/2024/04/09/data/grids/nesdis/GBBEPx/0p1deg/202404090000.zip
+ [[ -d /scratch1/BMC/gsd-fv3-dev/MAPP_2018/bhuang/JEDI-2020/JEDI-FV3/expCodes/PACEData/GBBEPx/Prep_GBBEPx_2024030100_2024043000/2024040900 ]]
+ mkdir -p /scratch1/BMC/gsd-fv3-dev/MAPP_2018/bhuang/JEDI-2020/JEDI-FV3/expCodes/PACEData/GBBEPx/Prep_GBBEPx_2024030100_2024043000/2024040900
+ cd /scratch1/BMC/gsd-fv3-dev/MAPP_2018/bhuang/JEDI-2020/JEDI-FV3/expCodes/PACEData/GBBEPx/Prep_GBBEPx_2024030100_2024043000/2024040900
+ hsi 'get /BMC/fdr/Permanent/2024/04/09/data/grids/nesdis/GBBEPx/0p1deg/202404090000.zip'
[connecting to hpsscore1.fairmont.rdhpcs.noaa.gov/1217]
******************************************************************
*   Welcome to the NESCC High Performance Storage System         *
*                                                                *
*   Current HPSS version: 9.3.10                                 * 
*                                                                * 
*       Please Submit Helpdesk Request to                        *
*        rdhpcs.hpss.help@noaa.gov                               *
*                                                                *
******************************************************************
Username: Bo.Huang  UID: 10872  Acct: 10872(10872) Copies: 1 COS: 0 Firewall: off [hsi.9.3.0.p0 Thu Feb 1 17:57:19 UTC 2024] 
/BMC/fdr/Permanent/2024/04/09/data/grids/nesdis/GBBEPx/0p1deg/202404090000.zip: (md5) OK
get  '/scratch1/BMC/gsd-fv3-dev/MAPP_2018/bhuang/JEDI-2020/JEDI-FV3/expCodes/PACEData/GBBEPx/Prep_GBBEPx_2024030100_2024043000/2024040900/202404090000.zip' : '/BMC/fdr/Permanent/2024/04/09/data/grids/nesdis/GBBEPx/0p1deg/202404090000.zip' (2024/04/15 04:43:48 1980726 bytes, 88192.9 KBS )
+ ERR=0
+ ECNT=0
+ unzip 202404090000.zip
Archive:  202404090000.zip
  inflating: GBBEPx-all01GRID_v4r0_blend_s202404090000000_e202404092359590_c202404100144440.nc  
+ ERR=0
+ ECNT=0
+ '[' 0 -ne 0 ']'
++ /scratch2/NCEPDEV/nwprod/NCEPLIBS/utils/prod_util.v1.1.0/exec/ndate 24 2024040900
+ IDATE=2024041000
+ '[' 2024041000 -le 2024043000 ']'
+ ECNT=0
+ IY=2024
+ IM=04
+ ID=10
+ HPSSDIR=/BMC/fdr/Permanent/2024/04/10/data/grids/nesdis/GBBEPx/0p1deg
+ HERADIR=/scratch1/BMC/gsd-fv3-dev/MAPP_2018/bhuang/JEDI-2020/JEDI-FV3/expCodes/PACEData/GBBEPx/Prep_GBBEPx_2024030100_2024043000/2024041000
+ HPSSFILE=/BMC/fdr/Permanent/2024/04/10/data/grids/nesdis/GBBEPx/0p1deg/202404100000.zip
+ [[ -d /scratch1/BMC/gsd-fv3-dev/MAPP_2018/bhuang/JEDI-2020/JEDI-FV3/expCodes/PACEData/GBBEPx/Prep_GBBEPx_2024030100_2024043000/2024041000 ]]
+ mkdir -p /scratch1/BMC/gsd-fv3-dev/MAPP_2018/bhuang/JEDI-2020/JEDI-FV3/expCodes/PACEData/GBBEPx/Prep_GBBEPx_2024030100_2024043000/2024041000
+ cd /scratch1/BMC/gsd-fv3-dev/MAPP_2018/bhuang/JEDI-2020/JEDI-FV3/expCodes/PACEData/GBBEPx/Prep_GBBEPx_2024030100_2024043000/2024041000
+ hsi 'get /BMC/fdr/Permanent/2024/04/10/data/grids/nesdis/GBBEPx/0p1deg/202404100000.zip'
[connecting to hpsscore1.fairmont.rdhpcs.noaa.gov/1217]
******************************************************************
*   Welcome to the NESCC High Performance Storage System         *
*                                                                *
*   Current HPSS version: 9.3.10                                 * 
*                                                                * 
*       Please Submit Helpdesk Request to                        *
*        rdhpcs.hpss.help@noaa.gov                               *
*                                                                *
******************************************************************
Username: Bo.Huang  UID: 10872  Acct: 10872(10872) Copies: 1 COS: 0 Firewall: off [hsi.9.3.0.p0 Thu Feb 1 17:57:19 UTC 2024] 
/BMC/fdr/Permanent/2024/04/10/data/grids/nesdis/GBBEPx/0p1deg/202404100000.zip: (md5) OK
get  '/scratch1/BMC/gsd-fv3-dev/MAPP_2018/bhuang/JEDI-2020/JEDI-FV3/expCodes/PACEData/GBBEPx/Prep_GBBEPx_2024030100_2024043000/2024041000/202404100000.zip' : '/BMC/fdr/Permanent/2024/04/10/data/grids/nesdis/GBBEPx/0p1deg/202404100000.zip' (2024/04/16 03:42:04 1955538 bytes, 75008.6 KBS )
+ ERR=0
+ ECNT=0
+ unzip 202404100000.zip
Archive:  202404100000.zip
  inflating: GBBEPx-all01GRID_v4r0_blend_s202404100000000_e202404102359590_c202404110127540.nc  
+ ERR=0
+ ECNT=0
+ '[' 0 -ne 0 ']'
++ /scratch2/NCEPDEV/nwprod/NCEPLIBS/utils/prod_util.v1.1.0/exec/ndate 24 2024041000
+ IDATE=2024041100
+ '[' 2024041100 -le 2024043000 ']'
+ ECNT=0
+ IY=2024
+ IM=04
+ ID=11
+ HPSSDIR=/BMC/fdr/Permanent/2024/04/11/data/grids/nesdis/GBBEPx/0p1deg
+ HERADIR=/scratch1/BMC/gsd-fv3-dev/MAPP_2018/bhuang/JEDI-2020/JEDI-FV3/expCodes/PACEData/GBBEPx/Prep_GBBEPx_2024030100_2024043000/2024041100
+ HPSSFILE=/BMC/fdr/Permanent/2024/04/11/data/grids/nesdis/GBBEPx/0p1deg/202404110000.zip
+ [[ -d /scratch1/BMC/gsd-fv3-dev/MAPP_2018/bhuang/JEDI-2020/JEDI-FV3/expCodes/PACEData/GBBEPx/Prep_GBBEPx_2024030100_2024043000/2024041100 ]]
+ mkdir -p /scratch1/BMC/gsd-fv3-dev/MAPP_2018/bhuang/JEDI-2020/JEDI-FV3/expCodes/PACEData/GBBEPx/Prep_GBBEPx_2024030100_2024043000/2024041100
+ cd /scratch1/BMC/gsd-fv3-dev/MAPP_2018/bhuang/JEDI-2020/JEDI-FV3/expCodes/PACEData/GBBEPx/Prep_GBBEPx_2024030100_2024043000/2024041100
+ hsi 'get /BMC/fdr/Permanent/2024/04/11/data/grids/nesdis/GBBEPx/0p1deg/202404110000.zip'
[connecting to hpsscore1.fairmont.rdhpcs.noaa.gov/1217]
******************************************************************
*   Welcome to the NESCC High Performance Storage System         *
*                                                                *
*   Current HPSS version: 9.3.10                                 * 
*                                                                * 
*       Please Submit Helpdesk Request to                        *
*        rdhpcs.hpss.help@noaa.gov                               *
*                                                                *
******************************************************************
Username: Bo.Huang  UID: 10872  Acct: 10872(10872) Copies: 1 COS: 0 Firewall: off [hsi.9.3.0.p0 Thu Feb 1 17:57:19 UTC 2024] 
/BMC/fdr/Permanent/2024/04/11/data/grids/nesdis/GBBEPx/0p1deg/202404110000.zip: (md5) OK
get  '/scratch1/BMC/gsd-fv3-dev/MAPP_2018/bhuang/JEDI-2020/JEDI-FV3/expCodes/PACEData/GBBEPx/Prep_GBBEPx_2024030100_2024043000/2024041100/202404110000.zip' : '/BMC/fdr/Permanent/2024/04/11/data/grids/nesdis/GBBEPx/0p1deg/202404110000.zip' (2024/04/17 02:42:53 2025129 bytes, 87668.3 KBS )
+ ERR=0
+ ECNT=0
+ unzip 202404110000.zip
Archive:  202404110000.zip
  inflating: GBBEPx-all01GRID_v4r0_blend_s202404110000000_e202404112359590_c202404120324050.nc  
+ ERR=0
+ ECNT=0
+ '[' 0 -ne 0 ']'
++ /scratch2/NCEPDEV/nwprod/NCEPLIBS/utils/prod_util.v1.1.0/exec/ndate 24 2024041100
+ IDATE=2024041200
+ '[' 2024041200 -le 2024043000 ']'
+ ECNT=0
+ IY=2024
+ IM=04
+ ID=12
+ HPSSDIR=/BMC/fdr/Permanent/2024/04/12/data/grids/nesdis/GBBEPx/0p1deg
+ HERADIR=/scratch1/BMC/gsd-fv3-dev/MAPP_2018/bhuang/JEDI-2020/JEDI-FV3/expCodes/PACEData/GBBEPx/Prep_GBBEPx_2024030100_2024043000/2024041200
+ HPSSFILE=/BMC/fdr/Permanent/2024/04/12/data/grids/nesdis/GBBEPx/0p1deg/202404120000.zip
+ [[ -d /scratch1/BMC/gsd-fv3-dev/MAPP_2018/bhuang/JEDI-2020/JEDI-FV3/expCodes/PACEData/GBBEPx/Prep_GBBEPx_2024030100_2024043000/2024041200 ]]
+ mkdir -p /scratch1/BMC/gsd-fv3-dev/MAPP_2018/bhuang/JEDI-2020/JEDI-FV3/expCodes/PACEData/GBBEPx/Prep_GBBEPx_2024030100_2024043000/2024041200
+ cd /scratch1/BMC/gsd-fv3-dev/MAPP_2018/bhuang/JEDI-2020/JEDI-FV3/expCodes/PACEData/GBBEPx/Prep_GBBEPx_2024030100_2024043000/2024041200
+ hsi 'get /BMC/fdr/Permanent/2024/04/12/data/grids/nesdis/GBBEPx/0p1deg/202404120000.zip'
[connecting to hpsscore1.fairmont.rdhpcs.noaa.gov/1217]
******************************************************************
*   Welcome to the NESCC High Performance Storage System         *
*                                                                *
*   Current HPSS version: 9.3.10                                 * 
*                                                                * 
*       Please Submit Helpdesk Request to                        *
*        rdhpcs.hpss.help@noaa.gov                               *
*                                                                *
******************************************************************
Username: Bo.Huang  UID: 10872  Acct: 10872(10872) Copies: 1 COS: 0 Firewall: off [hsi.9.3.0.p0 Thu Feb 1 17:57:19 UTC 2024] 
/BMC/fdr/Permanent/2024/04/12/data/grids/nesdis/GBBEPx/0p1deg/202404120000.zip: (md5) OK
get  '/scratch1/BMC/gsd-fv3-dev/MAPP_2018/bhuang/JEDI-2020/JEDI-FV3/expCodes/PACEData/GBBEPx/Prep_GBBEPx_2024030100_2024043000/2024041200/202404120000.zip' : '/BMC/fdr/Permanent/2024/04/12/data/grids/nesdis/GBBEPx/0p1deg/202404120000.zip' (2024/04/18 03:42:21 1766689 bytes, 76926.6 KBS )
+ ERR=0
+ ECNT=0
+ unzip 202404120000.zip
Archive:  202404120000.zip
  inflating: GBBEPx-all01GRID_v4r0_blend_s202404120000000_e202404122359590_c202404130225340.nc  
+ ERR=0
+ ECNT=0
+ '[' 0 -ne 0 ']'
++ /scratch2/NCEPDEV/nwprod/NCEPLIBS/utils/prod_util.v1.1.0/exec/ndate 24 2024041200
+ IDATE=2024041300
+ '[' 2024041300 -le 2024043000 ']'
+ ECNT=0
+ IY=2024
+ IM=04
+ ID=13
+ HPSSDIR=/BMC/fdr/Permanent/2024/04/13/data/grids/nesdis/GBBEPx/0p1deg
+ HERADIR=/scratch1/BMC/gsd-fv3-dev/MAPP_2018/bhuang/JEDI-2020/JEDI-FV3/expCodes/PACEData/GBBEPx/Prep_GBBEPx_2024030100_2024043000/2024041300
+ HPSSFILE=/BMC/fdr/Permanent/2024/04/13/data/grids/nesdis/GBBEPx/0p1deg/202404130000.zip
+ [[ -d /scratch1/BMC/gsd-fv3-dev/MAPP_2018/bhuang/JEDI-2020/JEDI-FV3/expCodes/PACEData/GBBEPx/Prep_GBBEPx_2024030100_2024043000/2024041300 ]]
+ mkdir -p /scratch1/BMC/gsd-fv3-dev/MAPP_2018/bhuang/JEDI-2020/JEDI-FV3/expCodes/PACEData/GBBEPx/Prep_GBBEPx_2024030100_2024043000/2024041300
+ cd /scratch1/BMC/gsd-fv3-dev/MAPP_2018/bhuang/JEDI-2020/JEDI-FV3/expCodes/PACEData/GBBEPx/Prep_GBBEPx_2024030100_2024043000/2024041300
+ hsi 'get /BMC/fdr/Permanent/2024/04/13/data/grids/nesdis/GBBEPx/0p1deg/202404130000.zip'
[connecting to hpsscore1.fairmont.rdhpcs.noaa.gov/1217]
******************************************************************
*   Welcome to the NESCC High Performance Storage System         *
*                                                                *
*   Current HPSS version: 9.3.10                                 * 
*                                                                * 
*       Please Submit Helpdesk Request to                        *
*        rdhpcs.hpss.help@noaa.gov                               *
*                                                                *
******************************************************************
Username: Bo.Huang  UID: 10872  Acct: 10872(10872) Copies: 1 COS: 0 Firewall: off [hsi.9.3.0.p0 Thu Feb 1 17:57:19 UTC 2024] 
/BMC/fdr/Permanent/2024/04/13/data/grids/nesdis/GBBEPx/0p1deg/202404130000.zip: (md5) OK
get  '/scratch1/BMC/gsd-fv3-dev/MAPP_2018/bhuang/JEDI-2020/JEDI-FV3/expCodes/PACEData/GBBEPx/Prep_GBBEPx_2024030100_2024043000/2024041300/202404130000.zip' : '/BMC/fdr/Permanent/2024/04/13/data/grids/nesdis/GBBEPx/0p1deg/202404130000.zip' (2024/04/19 03:41:29 1696198 bytes, 78808.6 KBS )
+ ERR=0
+ ECNT=0
+ unzip 202404130000.zip
Archive:  202404130000.zip
  inflating: GBBEPx-all01GRID_v4r0_blend_s202404130000000_e202404132359590_c202404140205150.nc  
+ ERR=0
+ ECNT=0
+ '[' 0 -ne 0 ']'
++ /scratch2/NCEPDEV/nwprod/NCEPLIBS/utils/prod_util.v1.1.0/exec/ndate 24 2024041300
+ IDATE=2024041400
+ '[' 2024041400 -le 2024043000 ']'
+ ECNT=0
+ IY=2024
+ IM=04
+ ID=14
+ HPSSDIR=/BMC/fdr/Permanent/2024/04/14/data/grids/nesdis/GBBEPx/0p1deg
+ HERADIR=/scratch1/BMC/gsd-fv3-dev/MAPP_2018/bhuang/JEDI-2020/JEDI-FV3/expCodes/PACEData/GBBEPx/Prep_GBBEPx_2024030100_2024043000/2024041400
+ HPSSFILE=/BMC/fdr/Permanent/2024/04/14/data/grids/nesdis/GBBEPx/0p1deg/202404140000.zip
+ [[ -d /scratch1/BMC/gsd-fv3-dev/MAPP_2018/bhuang/JEDI-2020/JEDI-FV3/expCodes/PACEData/GBBEPx/Prep_GBBEPx_2024030100_2024043000/2024041400 ]]
+ mkdir -p /scratch1/BMC/gsd-fv3-dev/MAPP_2018/bhuang/JEDI-2020/JEDI-FV3/expCodes/PACEData/GBBEPx/Prep_GBBEPx_2024030100_2024043000/2024041400
+ cd /scratch1/BMC/gsd-fv3-dev/MAPP_2018/bhuang/JEDI-2020/JEDI-FV3/expCodes/PACEData/GBBEPx/Prep_GBBEPx_2024030100_2024043000/2024041400
+ hsi 'get /BMC/fdr/Permanent/2024/04/14/data/grids/nesdis/GBBEPx/0p1deg/202404140000.zip'
[connecting to hpsscore1.fairmont.rdhpcs.noaa.gov/1217]
******************************************************************
*   Welcome to the NESCC High Performance Storage System         *
*                                                                *
*   Current HPSS version: 9.3.10                                 * 
*                                                                * 
*       Please Submit Helpdesk Request to                        *
*        rdhpcs.hpss.help@noaa.gov                               *
*                                                                *
******************************************************************
Username: Bo.Huang  UID: 10872  Acct: 10872(10872) Copies: 1 COS: 0 Firewall: off [hsi.9.3.0.p0 Thu Feb 1 17:57:19 UTC 2024] 
/BMC/fdr/Permanent/2024/04/14/data/grids/nesdis/GBBEPx/0p1deg/202404140000.zip: (md5) OK
get  '/scratch1/BMC/gsd-fv3-dev/MAPP_2018/bhuang/JEDI-2020/JEDI-FV3/expCodes/PACEData/GBBEPx/Prep_GBBEPx_2024030100_2024043000/2024041400/202404140000.zip' : '/BMC/fdr/Permanent/2024/04/14/data/grids/nesdis/GBBEPx/0p1deg/202404140000.zip' (2024/04/20 02:42:40 1745375 bytes, 77021.2 KBS )
+ ERR=0
+ ECNT=0
+ unzip 202404140000.zip
Archive:  202404140000.zip
  inflating: GBBEPx-all01GRID_v4r0_blend_s202404140000000_e202404142359590_c202404150151220.nc  
+ ERR=0
+ ECNT=0
+ '[' 0 -ne 0 ']'
++ /scratch2/NCEPDEV/nwprod/NCEPLIBS/utils/prod_util.v1.1.0/exec/ndate 24 2024041400
+ IDATE=2024041500
+ '[' 2024041500 -le 2024043000 ']'
+ ECNT=0
+ IY=2024
+ IM=04
+ ID=15
+ HPSSDIR=/BMC/fdr/Permanent/2024/04/15/data/grids/nesdis/GBBEPx/0p1deg
+ HERADIR=/scratch1/BMC/gsd-fv3-dev/MAPP_2018/bhuang/JEDI-2020/JEDI-FV3/expCodes/PACEData/GBBEPx/Prep_GBBEPx_2024030100_2024043000/2024041500
+ HPSSFILE=/BMC/fdr/Permanent/2024/04/15/data/grids/nesdis/GBBEPx/0p1deg/202404150000.zip
+ [[ -d /scratch1/BMC/gsd-fv3-dev/MAPP_2018/bhuang/JEDI-2020/JEDI-FV3/expCodes/PACEData/GBBEPx/Prep_GBBEPx_2024030100_2024043000/2024041500 ]]
+ mkdir -p /scratch1/BMC/gsd-fv3-dev/MAPP_2018/bhuang/JEDI-2020/JEDI-FV3/expCodes/PACEData/GBBEPx/Prep_GBBEPx_2024030100_2024043000/2024041500
+ cd /scratch1/BMC/gsd-fv3-dev/MAPP_2018/bhuang/JEDI-2020/JEDI-FV3/expCodes/PACEData/GBBEPx/Prep_GBBEPx_2024030100_2024043000/2024041500
+ hsi 'get /BMC/fdr/Permanent/2024/04/15/data/grids/nesdis/GBBEPx/0p1deg/202404150000.zip'
[connecting to hpsscore1.fairmont.rdhpcs.noaa.gov/1217]
******************************************************************
*   Welcome to the NESCC High Performance Storage System         *
*                                                                *
*   Current HPSS version: 9.3.10                                 * 
*                                                                * 
*       Please Submit Helpdesk Request to                        *
*        rdhpcs.hpss.help@noaa.gov                               *
*                                                                *
******************************************************************
Username: Bo.Huang  UID: 10872  Acct: 10872(10872) Copies: 1 COS: 0 Firewall: off [hsi.9.3.0.p0 Thu Feb 1 17:57:19 UTC 2024] 
/BMC/fdr/Permanent/2024/04/15/data/grids/nesdis/GBBEPx/0p1deg/202404150000.zip: (md5) OK
get  '/scratch1/BMC/gsd-fv3-dev/MAPP_2018/bhuang/JEDI-2020/JEDI-FV3/expCodes/PACEData/GBBEPx/Prep_GBBEPx_2024030100_2024043000/2024041500/202404150000.zip' : '/BMC/fdr/Permanent/2024/04/15/data/grids/nesdis/GBBEPx/0p1deg/202404150000.zip' (2024/04/21 02:41:39 1898385 bytes, 71424.5 KBS )
+ ERR=0
+ ECNT=0
+ unzip 202404150000.zip
Archive:  202404150000.zip
  inflating: GBBEPx-all01GRID_v4r0_blend_s202404150000000_e202404152359590_c202404160138380.nc  
+ ERR=0
+ ECNT=0
+ '[' 0 -ne 0 ']'
++ /scratch2/NCEPDEV/nwprod/NCEPLIBS/utils/prod_util.v1.1.0/exec/ndate 24 2024041500
+ IDATE=2024041600
+ '[' 2024041600 -le 2024043000 ']'
+ ECNT=0
+ IY=2024
+ IM=04
+ ID=16
+ HPSSDIR=/BMC/fdr/Permanent/2024/04/16/data/grids/nesdis/GBBEPx/0p1deg
+ HERADIR=/scratch1/BMC/gsd-fv3-dev/MAPP_2018/bhuang/JEDI-2020/JEDI-FV3/expCodes/PACEData/GBBEPx/Prep_GBBEPx_2024030100_2024043000/2024041600
+ HPSSFILE=/BMC/fdr/Permanent/2024/04/16/data/grids/nesdis/GBBEPx/0p1deg/202404160000.zip
+ [[ -d /scratch1/BMC/gsd-fv3-dev/MAPP_2018/bhuang/JEDI-2020/JEDI-FV3/expCodes/PACEData/GBBEPx/Prep_GBBEPx_2024030100_2024043000/2024041600 ]]
+ mkdir -p /scratch1/BMC/gsd-fv3-dev/MAPP_2018/bhuang/JEDI-2020/JEDI-FV3/expCodes/PACEData/GBBEPx/Prep_GBBEPx_2024030100_2024043000/2024041600
+ cd /scratch1/BMC/gsd-fv3-dev/MAPP_2018/bhuang/JEDI-2020/JEDI-FV3/expCodes/PACEData/GBBEPx/Prep_GBBEPx_2024030100_2024043000/2024041600
+ hsi 'get /BMC/fdr/Permanent/2024/04/16/data/grids/nesdis/GBBEPx/0p1deg/202404160000.zip'
[connecting to hpsscore1.fairmont.rdhpcs.noaa.gov/1217]
******************************************************************
*   Welcome to the NESCC High Performance Storage System         *
*                                                                *
*   Current HPSS version: 9.3.10                                 * 
*                                                                * 
*       Please Submit Helpdesk Request to                        *
*        rdhpcs.hpss.help@noaa.gov                               *
*                                                                *
******************************************************************
Username: Bo.Huang  UID: 10872  Acct: 10872(10872) Copies: 1 COS: 0 Firewall: off [hsi.9.3.0.p0 Thu Feb 1 17:57:19 UTC 2024] 
/BMC/fdr/Permanent/2024/04/16/data/grids/nesdis/GBBEPx/0p1deg/202404160000.zip: (md5) OK
get  '/scratch1/BMC/gsd-fv3-dev/MAPP_2018/bhuang/JEDI-2020/JEDI-FV3/expCodes/PACEData/GBBEPx/Prep_GBBEPx_2024030100_2024043000/2024041600/202404160000.zip' : '/BMC/fdr/Permanent/2024/04/16/data/grids/nesdis/GBBEPx/0p1deg/202404160000.zip' (2024/04/22 02:41:59 1629892 bytes, 72682.1 KBS )
+ ERR=0
+ ECNT=0
+ unzip 202404160000.zip
Archive:  202404160000.zip
  inflating: GBBEPx-all01GRID_v4r0_blend_s202404160000000_e202404162359590_c202404170325110.nc  
+ ERR=0
+ ECNT=0
+ '[' 0 -ne 0 ']'
++ /scratch2/NCEPDEV/nwprod/NCEPLIBS/utils/prod_util.v1.1.0/exec/ndate 24 2024041600
+ IDATE=2024041700
+ '[' 2024041700 -le 2024043000 ']'
+ ECNT=0
+ IY=2024
+ IM=04
+ ID=17
+ HPSSDIR=/BMC/fdr/Permanent/2024/04/17/data/grids/nesdis/GBBEPx/0p1deg
+ HERADIR=/scratch1/BMC/gsd-fv3-dev/MAPP_2018/bhuang/JEDI-2020/JEDI-FV3/expCodes/PACEData/GBBEPx/Prep_GBBEPx_2024030100_2024043000/2024041700
+ HPSSFILE=/BMC/fdr/Permanent/2024/04/17/data/grids/nesdis/GBBEPx/0p1deg/202404170000.zip
+ [[ -d /scratch1/BMC/gsd-fv3-dev/MAPP_2018/bhuang/JEDI-2020/JEDI-FV3/expCodes/PACEData/GBBEPx/Prep_GBBEPx_2024030100_2024043000/2024041700 ]]
+ mkdir -p /scratch1/BMC/gsd-fv3-dev/MAPP_2018/bhuang/JEDI-2020/JEDI-FV3/expCodes/PACEData/GBBEPx/Prep_GBBEPx_2024030100_2024043000/2024041700
+ cd /scratch1/BMC/gsd-fv3-dev/MAPP_2018/bhuang/JEDI-2020/JEDI-FV3/expCodes/PACEData/GBBEPx/Prep_GBBEPx_2024030100_2024043000/2024041700
+ hsi 'get /BMC/fdr/Permanent/2024/04/17/data/grids/nesdis/GBBEPx/0p1deg/202404170000.zip'
[connecting to hpsscore1.fairmont.rdhpcs.noaa.gov/1217]
******************************************************************
*   Welcome to the NESCC High Performance Storage System         *
*                                                                *
*   Current HPSS version: 9.3.10                                 * 
*                                                                * 
*       Please Submit Helpdesk Request to                        *
*        rdhpcs.hpss.help@noaa.gov                               *
*                                                                *
******************************************************************
Username: Bo.Huang  UID: 10872  Acct: 10872(10872) Copies: 1 COS: 0 Firewall: off [hsi.9.3.0.p0 Thu Feb 1 17:57:19 UTC 2024] 
/BMC/fdr/Permanent/2024/04/17/data/grids/nesdis/GBBEPx/0p1deg/202404170000.zip: (md5) OK
get  '/scratch1/BMC/gsd-fv3-dev/MAPP_2018/bhuang/JEDI-2020/JEDI-FV3/expCodes/PACEData/GBBEPx/Prep_GBBEPx_2024030100_2024043000/2024041700/202404170000.zip' : '/BMC/fdr/Permanent/2024/04/17/data/grids/nesdis/GBBEPx/0p1deg/202404170000.zip' (2024/04/23 04:41:33 1694088 bytes, 77781.8 KBS )
+ ERR=0
+ ECNT=0
+ unzip 202404170000.zip
Archive:  202404170000.zip
  inflating: GBBEPx-all01GRID_v4r0_blend_s202404170000000_e202404172359590_c202404180323040.nc  
+ ERR=0
+ ECNT=0
+ '[' 0 -ne 0 ']'
++ /scratch2/NCEPDEV/nwprod/NCEPLIBS/utils/prod_util.v1.1.0/exec/ndate 24 2024041700
+ IDATE=2024041800
+ '[' 2024041800 -le 2024043000 ']'
+ ECNT=0
+ IY=2024
+ IM=04
+ ID=18
+ HPSSDIR=/BMC/fdr/Permanent/2024/04/18/data/grids/nesdis/GBBEPx/0p1deg
+ HERADIR=/scratch1/BMC/gsd-fv3-dev/MAPP_2018/bhuang/JEDI-2020/JEDI-FV3/expCodes/PACEData/GBBEPx/Prep_GBBEPx_2024030100_2024043000/2024041800
+ HPSSFILE=/BMC/fdr/Permanent/2024/04/18/data/grids/nesdis/GBBEPx/0p1deg/202404180000.zip
+ [[ -d /scratch1/BMC/gsd-fv3-dev/MAPP_2018/bhuang/JEDI-2020/JEDI-FV3/expCodes/PACEData/GBBEPx/Prep_GBBEPx_2024030100_2024043000/2024041800 ]]
+ mkdir -p /scratch1/BMC/gsd-fv3-dev/MAPP_2018/bhuang/JEDI-2020/JEDI-FV3/expCodes/PACEData/GBBEPx/Prep_GBBEPx_2024030100_2024043000/2024041800
+ cd /scratch1/BMC/gsd-fv3-dev/MAPP_2018/bhuang/JEDI-2020/JEDI-FV3/expCodes/PACEData/GBBEPx/Prep_GBBEPx_2024030100_2024043000/2024041800
+ hsi 'get /BMC/fdr/Permanent/2024/04/18/data/grids/nesdis/GBBEPx/0p1deg/202404180000.zip'
[connecting to hpsscore1.fairmont.rdhpcs.noaa.gov/1217]
******************************************************************
*   Welcome to the NESCC High Performance Storage System         *
*                                                                *
*   Current HPSS version: 9.3.10                                 * 
*                                                                * 
*       Please Submit Helpdesk Request to                        *
*        rdhpcs.hpss.help@noaa.gov                               *
*                                                                *
******************************************************************
Username: Bo.Huang  UID: 10872  Acct: 10872(10872) Copies: 1 COS: 0 Firewall: off [hsi.9.3.0.p0 Thu Feb 1 17:57:19 UTC 2024] 
/BMC/fdr/Permanent/2024/04/18/data/grids/nesdis/GBBEPx/0p1deg/202404180000.zip: (md5) OK
get  '/scratch1/BMC/gsd-fv3-dev/MAPP_2018/bhuang/JEDI-2020/JEDI-FV3/expCodes/PACEData/GBBEPx/Prep_GBBEPx_2024030100_2024043000/2024041800/202404180000.zip' : '/BMC/fdr/Permanent/2024/04/18/data/grids/nesdis/GBBEPx/0p1deg/202404180000.zip' (2024/04/24 03:44:17 1776264 bytes, 82265.3 KBS )
+ ERR=0
+ ECNT=0
+ unzip 202404180000.zip
Archive:  202404180000.zip
  inflating: GBBEPx-all01GRID_v4r0_blend_s202404180000000_e202404182359590_c202404190325000.nc  
+ ERR=0
+ ECNT=0
+ '[' 0 -ne 0 ']'
++ /scratch2/NCEPDEV/nwprod/NCEPLIBS/utils/prod_util.v1.1.0/exec/ndate 24 2024041800
+ IDATE=2024041900
+ '[' 2024041900 -le 2024043000 ']'
+ ECNT=0
+ IY=2024
+ IM=04
+ ID=19
+ HPSSDIR=/BMC/fdr/Permanent/2024/04/19/data/grids/nesdis/GBBEPx/0p1deg
+ HERADIR=/scratch1/BMC/gsd-fv3-dev/MAPP_2018/bhuang/JEDI-2020/JEDI-FV3/expCodes/PACEData/GBBEPx/Prep_GBBEPx_2024030100_2024043000/2024041900
+ HPSSFILE=/BMC/fdr/Permanent/2024/04/19/data/grids/nesdis/GBBEPx/0p1deg/202404190000.zip
+ [[ -d /scratch1/BMC/gsd-fv3-dev/MAPP_2018/bhuang/JEDI-2020/JEDI-FV3/expCodes/PACEData/GBBEPx/Prep_GBBEPx_2024030100_2024043000/2024041900 ]]
+ mkdir -p /scratch1/BMC/gsd-fv3-dev/MAPP_2018/bhuang/JEDI-2020/JEDI-FV3/expCodes/PACEData/GBBEPx/Prep_GBBEPx_2024030100_2024043000/2024041900
+ cd /scratch1/BMC/gsd-fv3-dev/MAPP_2018/bhuang/JEDI-2020/JEDI-FV3/expCodes/PACEData/GBBEPx/Prep_GBBEPx_2024030100_2024043000/2024041900
+ hsi 'get /BMC/fdr/Permanent/2024/04/19/data/grids/nesdis/GBBEPx/0p1deg/202404190000.zip'
[connecting to hpsscore1.fairmont.rdhpcs.noaa.gov/1217]
******************************************************************
*   Welcome to the NESCC High Performance Storage System         *
*                                                                *
*   Current HPSS version: 9.3.10                                 * 
*                                                                * 
*       Please Submit Helpdesk Request to                        *
*        rdhpcs.hpss.help@noaa.gov                               *
*                                                                *
******************************************************************
Username: Bo.Huang  UID: 10872  Acct: 10872(10872) Copies: 1 COS: 0 Firewall: off [hsi.9.3.0.p0 Thu Feb 1 17:57:19 UTC 2024] 
/BMC/fdr/Permanent/2024/04/19/data/grids/nesdis/GBBEPx/0p1deg/202404190000.zip: (md5) OK
get  '/scratch1/BMC/gsd-fv3-dev/MAPP_2018/bhuang/JEDI-2020/JEDI-FV3/expCodes/PACEData/GBBEPx/Prep_GBBEPx_2024030100_2024043000/2024041900/202404190000.zip' : '/BMC/fdr/Permanent/2024/04/19/data/grids/nesdis/GBBEPx/0p1deg/202404190000.zip' (2024/04/25 04:42:01 1663031 bytes, 52258.9 KBS )
+ ERR=0
+ ECNT=0
+ unzip 202404190000.zip
Archive:  202404190000.zip
  inflating: GBBEPx-all01GRID_v4r0_blend_s202404190000000_e202404192359590_c202404200322470.nc  
+ ERR=0
+ ECNT=0
+ '[' 0 -ne 0 ']'
++ /scratch2/NCEPDEV/nwprod/NCEPLIBS/utils/prod_util.v1.1.0/exec/ndate 24 2024041900
+ IDATE=2024042000
+ '[' 2024042000 -le 2024043000 ']'
+ ECNT=0
+ IY=2024
+ IM=04
+ ID=20
+ HPSSDIR=/BMC/fdr/Permanent/2024/04/20/data/grids/nesdis/GBBEPx/0p1deg
+ HERADIR=/scratch1/BMC/gsd-fv3-dev/MAPP_2018/bhuang/JEDI-2020/JEDI-FV3/expCodes/PACEData/GBBEPx/Prep_GBBEPx_2024030100_2024043000/2024042000
+ HPSSFILE=/BMC/fdr/Permanent/2024/04/20/data/grids/nesdis/GBBEPx/0p1deg/202404200000.zip
+ [[ -d /scratch1/BMC/gsd-fv3-dev/MAPP_2018/bhuang/JEDI-2020/JEDI-FV3/expCodes/PACEData/GBBEPx/Prep_GBBEPx_2024030100_2024043000/2024042000 ]]
+ mkdir -p /scratch1/BMC/gsd-fv3-dev/MAPP_2018/bhuang/JEDI-2020/JEDI-FV3/expCodes/PACEData/GBBEPx/Prep_GBBEPx_2024030100_2024043000/2024042000
+ cd /scratch1/BMC/gsd-fv3-dev/MAPP_2018/bhuang/JEDI-2020/JEDI-FV3/expCodes/PACEData/GBBEPx/Prep_GBBEPx_2024030100_2024043000/2024042000
+ hsi 'get /BMC/fdr/Permanent/2024/04/20/data/grids/nesdis/GBBEPx/0p1deg/202404200000.zip'
[connecting to hpsscore1.fairmont.rdhpcs.noaa.gov/1217]
******************************************************************
*   Welcome to the NESCC High Performance Storage System         *
*                                                                *
*   Current HPSS version: 9.3.10                                 * 
*                                                                * 
*       Please Submit Helpdesk Request to                        *
*        rdhpcs.hpss.help@noaa.gov                               *
*                                                                *
******************************************************************
Username: Bo.Huang  UID: 10872  Acct: 10872(10872) Copies: 1 COS: 0 Firewall: off [hsi.9.3.0.p0 Thu Feb 1 17:57:19 UTC 2024] 
/BMC/fdr/Permanent/2024/04/20/data/grids/nesdis/GBBEPx/0p1deg/202404200000.zip: (md5) OK
get  '/scratch1/BMC/gsd-fv3-dev/MAPP_2018/bhuang/JEDI-2020/JEDI-FV3/expCodes/PACEData/GBBEPx/Prep_GBBEPx_2024030100_2024043000/2024042000/202404200000.zip' : '/BMC/fdr/Permanent/2024/04/20/data/grids/nesdis/GBBEPx/0p1deg/202404200000.zip' (2024/04/26 03:44:21 1743455 bytes, 819244.9 KBS )
+ ERR=0
+ ECNT=0
+ unzip 202404200000.zip
Archive:  202404200000.zip
  inflating: GBBEPx-all01GRID_v4r0_blend_s202404200000000_e202404202359590_c202404210323200.nc  
+ ERR=0
+ ECNT=0
+ '[' 0 -ne 0 ']'
++ /scratch2/NCEPDEV/nwprod/NCEPLIBS/utils/prod_util.v1.1.0/exec/ndate 24 2024042000
+ IDATE=2024042100
+ '[' 2024042100 -le 2024043000 ']'
+ ECNT=0
+ IY=2024
+ IM=04
+ ID=21
+ HPSSDIR=/BMC/fdr/Permanent/2024/04/21/data/grids/nesdis/GBBEPx/0p1deg
+ HERADIR=/scratch1/BMC/gsd-fv3-dev/MAPP_2018/bhuang/JEDI-2020/JEDI-FV3/expCodes/PACEData/GBBEPx/Prep_GBBEPx_2024030100_2024043000/2024042100
+ HPSSFILE=/BMC/fdr/Permanent/2024/04/21/data/grids/nesdis/GBBEPx/0p1deg/202404210000.zip
+ [[ -d /scratch1/BMC/gsd-fv3-dev/MAPP_2018/bhuang/JEDI-2020/JEDI-FV3/expCodes/PACEData/GBBEPx/Prep_GBBEPx_2024030100_2024043000/2024042100 ]]
+ mkdir -p /scratch1/BMC/gsd-fv3-dev/MAPP_2018/bhuang/JEDI-2020/JEDI-FV3/expCodes/PACEData/GBBEPx/Prep_GBBEPx_2024030100_2024043000/2024042100
+ cd /scratch1/BMC/gsd-fv3-dev/MAPP_2018/bhuang/JEDI-2020/JEDI-FV3/expCodes/PACEData/GBBEPx/Prep_GBBEPx_2024030100_2024043000/2024042100
+ hsi 'get /BMC/fdr/Permanent/2024/04/21/data/grids/nesdis/GBBEPx/0p1deg/202404210000.zip'
[connecting to hpsscore1.fairmont.rdhpcs.noaa.gov/1217]
******************************************************************
*   Welcome to the NESCC High Performance Storage System         *
*                                                                *
*   Current HPSS version: 9.3.10                                 * 
*                                                                * 
*       Please Submit Helpdesk Request to                        *
*        rdhpcs.hpss.help@noaa.gov                               *
*                                                                *
******************************************************************
Username: Bo.Huang  UID: 10872  Acct: 10872(10872) Copies: 1 COS: 0 Firewall: off [hsi.9.3.0.p0 Thu Feb 1 17:57:19 UTC 2024] 
/BMC/fdr/Permanent/2024/04/21/data/grids/nesdis/GBBEPx/0p1deg/202404210000.zip: (md5) OK
get  '/scratch1/BMC/gsd-fv3-dev/MAPP_2018/bhuang/JEDI-2020/JEDI-FV3/expCodes/PACEData/GBBEPx/Prep_GBBEPx_2024030100_2024043000/2024042100/202404210000.zip' : '/BMC/fdr/Permanent/2024/04/21/data/grids/nesdis/GBBEPx/0p1deg/202404210000.zip' (2024/04/27 04:44:42 1647137 bytes, 75849.4 KBS )
+ ERR=0
+ ECNT=0
+ unzip 202404210000.zip
Archive:  202404210000.zip
  inflating: GBBEPx-all01GRID_v4r0_blend_s202404210000000_e202404212359590_c202404220115140.nc  
+ ERR=0
+ ECNT=0
+ '[' 0 -ne 0 ']'
++ /scratch2/NCEPDEV/nwprod/NCEPLIBS/utils/prod_util.v1.1.0/exec/ndate 24 2024042100
+ IDATE=2024042200
+ '[' 2024042200 -le 2024043000 ']'
+ ECNT=0
+ IY=2024
+ IM=04
+ ID=22
+ HPSSDIR=/BMC/fdr/Permanent/2024/04/22/data/grids/nesdis/GBBEPx/0p1deg
+ HERADIR=/scratch1/BMC/gsd-fv3-dev/MAPP_2018/bhuang/JEDI-2020/JEDI-FV3/expCodes/PACEData/GBBEPx/Prep_GBBEPx_2024030100_2024043000/2024042200
+ HPSSFILE=/BMC/fdr/Permanent/2024/04/22/data/grids/nesdis/GBBEPx/0p1deg/202404220000.zip
+ [[ -d /scratch1/BMC/gsd-fv3-dev/MAPP_2018/bhuang/JEDI-2020/JEDI-FV3/expCodes/PACEData/GBBEPx/Prep_GBBEPx_2024030100_2024043000/2024042200 ]]
+ mkdir -p /scratch1/BMC/gsd-fv3-dev/MAPP_2018/bhuang/JEDI-2020/JEDI-FV3/expCodes/PACEData/GBBEPx/Prep_GBBEPx_2024030100_2024043000/2024042200
+ cd /scratch1/BMC/gsd-fv3-dev/MAPP_2018/bhuang/JEDI-2020/JEDI-FV3/expCodes/PACEData/GBBEPx/Prep_GBBEPx_2024030100_2024043000/2024042200
+ hsi 'get /BMC/fdr/Permanent/2024/04/22/data/grids/nesdis/GBBEPx/0p1deg/202404220000.zip'
[connecting to hpsscore1.fairmont.rdhpcs.noaa.gov/1217]
******************************************************************
*   Welcome to the NESCC High Performance Storage System         *
*                                                                *
*   Current HPSS version: 9.3.10                                 * 
*                                                                * 
*       Please Submit Helpdesk Request to                        *
*        rdhpcs.hpss.help@noaa.gov                               *
*                                                                *
******************************************************************
Username: Bo.Huang  UID: 10872  Acct: 10872(10872) Copies: 1 COS: 0 Firewall: off [hsi.9.3.0.p0 Thu Feb 1 17:57:19 UTC 2024] 
/BMC/fdr/Permanent/2024/04/22/data/grids/nesdis/GBBEPx/0p1deg/202404220000.zip: (md5) OK
get  '/scratch1/BMC/gsd-fv3-dev/MAPP_2018/bhuang/JEDI-2020/JEDI-FV3/expCodes/PACEData/GBBEPx/Prep_GBBEPx_2024030100_2024043000/2024042200/202404220000.zip' : '/BMC/fdr/Permanent/2024/04/22/data/grids/nesdis/GBBEPx/0p1deg/202404220000.zip' (2024/04/28 01:41:50 1855702 bytes, 860327.0 KBS )
+ ERR=0
+ ECNT=0
+ unzip 202404220000.zip
Archive:  202404220000.zip
  inflating: GBBEPx-all01GRID_v4r0_blend_s202404220000000_e202404222359590_c202404230322060.nc  
+ ERR=0
+ ECNT=0
+ '[' 0 -ne 0 ']'
++ /scratch2/NCEPDEV/nwprod/NCEPLIBS/utils/prod_util.v1.1.0/exec/ndate 24 2024042200
+ IDATE=2024042300
+ '[' 2024042300 -le 2024043000 ']'
+ ECNT=0
+ IY=2024
+ IM=04
+ ID=23
+ HPSSDIR=/BMC/fdr/Permanent/2024/04/23/data/grids/nesdis/GBBEPx/0p1deg
+ HERADIR=/scratch1/BMC/gsd-fv3-dev/MAPP_2018/bhuang/JEDI-2020/JEDI-FV3/expCodes/PACEData/GBBEPx/Prep_GBBEPx_2024030100_2024043000/2024042300
+ HPSSFILE=/BMC/fdr/Permanent/2024/04/23/data/grids/nesdis/GBBEPx/0p1deg/202404230000.zip
+ [[ -d /scratch1/BMC/gsd-fv3-dev/MAPP_2018/bhuang/JEDI-2020/JEDI-FV3/expCodes/PACEData/GBBEPx/Prep_GBBEPx_2024030100_2024043000/2024042300 ]]
+ mkdir -p /scratch1/BMC/gsd-fv3-dev/MAPP_2018/bhuang/JEDI-2020/JEDI-FV3/expCodes/PACEData/GBBEPx/Prep_GBBEPx_2024030100_2024043000/2024042300
+ cd /scratch1/BMC/gsd-fv3-dev/MAPP_2018/bhuang/JEDI-2020/JEDI-FV3/expCodes/PACEData/GBBEPx/Prep_GBBEPx_2024030100_2024043000/2024042300
+ hsi 'get /BMC/fdr/Permanent/2024/04/23/data/grids/nesdis/GBBEPx/0p1deg/202404230000.zip'
[connecting to hpsscore1.fairmont.rdhpcs.noaa.gov/1217]
******************************************************************
*   Welcome to the NESCC High Performance Storage System         *
*                                                                *
*   Current HPSS version: 9.3.10                                 * 
*                                                                * 
*       Please Submit Helpdesk Request to                        *
*        rdhpcs.hpss.help@noaa.gov                               *
*                                                                *
******************************************************************
Username: Bo.Huang  UID: 10872  Acct: 10872(10872) Copies: 1 COS: 0 Firewall: off [hsi.9.3.0.p0 Thu Feb 1 17:57:19 UTC 2024] 
/BMC/fdr/Permanent/2024/04/23/data/grids/nesdis/GBBEPx/0p1deg/202404230000.zip: (md5) OK
get  '/scratch1/BMC/gsd-fv3-dev/MAPP_2018/bhuang/JEDI-2020/JEDI-FV3/expCodes/PACEData/GBBEPx/Prep_GBBEPx_2024030100_2024043000/2024042300/202404230000.zip' : '/BMC/fdr/Permanent/2024/04/23/data/grids/nesdis/GBBEPx/0p1deg/202404230000.zip' (2024/04/29 02:41:49 1871569 bytes, 56657.3 KBS )
+ ERR=0
+ ECNT=0
+ unzip 202404230000.zip
Archive:  202404230000.zip
  inflating: GBBEPx-all01GRID_v4r0_blend_s202404230000000_e202404232359590_c202404240219540.nc  
+ ERR=0
+ ECNT=0
+ '[' 0 -ne 0 ']'
++ /scratch2/NCEPDEV/nwprod/NCEPLIBS/utils/prod_util.v1.1.0/exec/ndate 24 2024042300
+ IDATE=2024042400
+ '[' 2024042400 -le 2024043000 ']'
+ ECNT=0
+ IY=2024
+ IM=04
+ ID=24
+ HPSSDIR=/BMC/fdr/Permanent/2024/04/24/data/grids/nesdis/GBBEPx/0p1deg
+ HERADIR=/scratch1/BMC/gsd-fv3-dev/MAPP_2018/bhuang/JEDI-2020/JEDI-FV3/expCodes/PACEData/GBBEPx/Prep_GBBEPx_2024030100_2024043000/2024042400
+ HPSSFILE=/BMC/fdr/Permanent/2024/04/24/data/grids/nesdis/GBBEPx/0p1deg/202404240000.zip
+ [[ -d /scratch1/BMC/gsd-fv3-dev/MAPP_2018/bhuang/JEDI-2020/JEDI-FV3/expCodes/PACEData/GBBEPx/Prep_GBBEPx_2024030100_2024043000/2024042400 ]]
+ mkdir -p /scratch1/BMC/gsd-fv3-dev/MAPP_2018/bhuang/JEDI-2020/JEDI-FV3/expCodes/PACEData/GBBEPx/Prep_GBBEPx_2024030100_2024043000/2024042400
+ cd /scratch1/BMC/gsd-fv3-dev/MAPP_2018/bhuang/JEDI-2020/JEDI-FV3/expCodes/PACEData/GBBEPx/Prep_GBBEPx_2024030100_2024043000/2024042400
+ hsi 'get /BMC/fdr/Permanent/2024/04/24/data/grids/nesdis/GBBEPx/0p1deg/202404240000.zip'
[connecting to hpsscore1.fairmont.rdhpcs.noaa.gov/1217]
******************************************************************
*   Welcome to the NESCC High Performance Storage System         *
*                                                                *
*   Current HPSS version: 9.3.10                                 * 
*                                                                * 
*       Please Submit Helpdesk Request to                        *
*        rdhpcs.hpss.help@noaa.gov                               *
*                                                                *
******************************************************************
Username: Bo.Huang  UID: 10872  Acct: 10872(10872) Copies: 1 COS: 0 Firewall: off [hsi.9.3.0.p0 Thu Feb 1 17:57:19 UTC 2024] 
/BMC/fdr/Permanent/2024/04/24/data/grids/nesdis/GBBEPx/0p1deg/202404240000.zip: (md5) OK
get  '/scratch1/BMC/gsd-fv3-dev/MAPP_2018/bhuang/JEDI-2020/JEDI-FV3/expCodes/PACEData/GBBEPx/Prep_GBBEPx_2024030100_2024043000/2024042400/202404240000.zip' : '/BMC/fdr/Permanent/2024/04/24/data/grids/nesdis/GBBEPx/0p1deg/202404240000.zip' (2024/04/30 02:41:33 1545724 bytes, 734311.5 KBS )
+ ERR=0
+ ECNT=0
+ unzip 202404240000.zip
Archive:  202404240000.zip
  inflating: GBBEPx-all01GRID_v4r0_blend_s202404240000000_e202404242359590_c202404250321280.nc  
+ ERR=0
+ ECNT=0
+ '[' 0 -ne 0 ']'
++ /scratch2/NCEPDEV/nwprod/NCEPLIBS/utils/prod_util.v1.1.0/exec/ndate 24 2024042400
+ IDATE=2024042500
+ '[' 2024042500 -le 2024043000 ']'
+ ECNT=0
+ IY=2024
+ IM=04
+ ID=25
+ HPSSDIR=/BMC/fdr/Permanent/2024/04/25/data/grids/nesdis/GBBEPx/0p1deg
+ HERADIR=/scratch1/BMC/gsd-fv3-dev/MAPP_2018/bhuang/JEDI-2020/JEDI-FV3/expCodes/PACEData/GBBEPx/Prep_GBBEPx_2024030100_2024043000/2024042500
+ HPSSFILE=/BMC/fdr/Permanent/2024/04/25/data/grids/nesdis/GBBEPx/0p1deg/202404250000.zip
+ [[ -d /scratch1/BMC/gsd-fv3-dev/MAPP_2018/bhuang/JEDI-2020/JEDI-FV3/expCodes/PACEData/GBBEPx/Prep_GBBEPx_2024030100_2024043000/2024042500 ]]
+ mkdir -p /scratch1/BMC/gsd-fv3-dev/MAPP_2018/bhuang/JEDI-2020/JEDI-FV3/expCodes/PACEData/GBBEPx/Prep_GBBEPx_2024030100_2024043000/2024042500
+ cd /scratch1/BMC/gsd-fv3-dev/MAPP_2018/bhuang/JEDI-2020/JEDI-FV3/expCodes/PACEData/GBBEPx/Prep_GBBEPx_2024030100_2024043000/2024042500
+ hsi 'get /BMC/fdr/Permanent/2024/04/25/data/grids/nesdis/GBBEPx/0p1deg/202404250000.zip'
[connecting to hpsscore1.fairmont.rdhpcs.noaa.gov/1217]
******************************************************************
*   Welcome to the NESCC High Performance Storage System         *
*                                                                *
*   Current HPSS version: 9.3.10                                 * 
*                                                                * 
*       Please Submit Helpdesk Request to                        *
*        rdhpcs.hpss.help@noaa.gov                               *
*                                                                *
******************************************************************
Username: Bo.Huang  UID: 10872  Acct: 10872(10872) Copies: 1 COS: 0 Firewall: off [hsi.9.3.0.p0 Thu Feb 1 17:57:19 UTC 2024] 
/BMC/fdr/Permanent/2024/04/25/data/grids/nesdis/GBBEPx/0p1deg/202404250000.zip: (md5) OK
get  '/scratch1/BMC/gsd-fv3-dev/MAPP_2018/bhuang/JEDI-2020/JEDI-FV3/expCodes/PACEData/GBBEPx/Prep_GBBEPx_2024030100_2024043000/2024042500/202404250000.zip' : '/BMC/fdr/Permanent/2024/04/25/data/grids/nesdis/GBBEPx/0p1deg/202404250000.zip' (2024/05/01 01:42:20 1782470 bytes, 80618.3 KBS )
+ ERR=0
+ ECNT=0
+ unzip 202404250000.zip
Archive:  202404250000.zip
  inflating: GBBEPx-all01GRID_v4r0_blend_s202404250000000_e202404252359590_c202404260324110.nc  
+ ERR=0
+ ECNT=0
+ '[' 0 -ne 0 ']'
++ /scratch2/NCEPDEV/nwprod/NCEPLIBS/utils/prod_util.v1.1.0/exec/ndate 24 2024042500
+ IDATE=2024042600
+ '[' 2024042600 -le 2024043000 ']'
+ ECNT=0
+ IY=2024
+ IM=04
+ ID=26
+ HPSSDIR=/BMC/fdr/Permanent/2024/04/26/data/grids/nesdis/GBBEPx/0p1deg
+ HERADIR=/scratch1/BMC/gsd-fv3-dev/MAPP_2018/bhuang/JEDI-2020/JEDI-FV3/expCodes/PACEData/GBBEPx/Prep_GBBEPx_2024030100_2024043000/2024042600
+ HPSSFILE=/BMC/fdr/Permanent/2024/04/26/data/grids/nesdis/GBBEPx/0p1deg/202404260000.zip
+ [[ -d /scratch1/BMC/gsd-fv3-dev/MAPP_2018/bhuang/JEDI-2020/JEDI-FV3/expCodes/PACEData/GBBEPx/Prep_GBBEPx_2024030100_2024043000/2024042600 ]]
+ mkdir -p /scratch1/BMC/gsd-fv3-dev/MAPP_2018/bhuang/JEDI-2020/JEDI-FV3/expCodes/PACEData/GBBEPx/Prep_GBBEPx_2024030100_2024043000/2024042600
+ cd /scratch1/BMC/gsd-fv3-dev/MAPP_2018/bhuang/JEDI-2020/JEDI-FV3/expCodes/PACEData/GBBEPx/Prep_GBBEPx_2024030100_2024043000/2024042600
+ hsi 'get /BMC/fdr/Permanent/2024/04/26/data/grids/nesdis/GBBEPx/0p1deg/202404260000.zip'
[connecting to hpsscore1.fairmont.rdhpcs.noaa.gov/1217]
******************************************************************
*   Welcome to the NESCC High Performance Storage System         *
*                                                                *
*   Current HPSS version: 9.3.10                                 * 
*                                                                * 
*       Please Submit Helpdesk Request to                        *
*        rdhpcs.hpss.help@noaa.gov                               *
*                                                                *
******************************************************************
Username: Bo.Huang  UID: 10872  Acct: 10872(10872) Copies: 1 COS: 0 Firewall: off [hsi.9.3.0.p0 Thu Feb 1 17:57:19 UTC 2024] 
/BMC/fdr/Permanent/2024/04/26/data/grids/nesdis/GBBEPx/0p1deg/202404260000.zip: (md5) OK
get  '/scratch1/BMC/gsd-fv3-dev/MAPP_2018/bhuang/JEDI-2020/JEDI-FV3/expCodes/PACEData/GBBEPx/Prep_GBBEPx_2024030100_2024043000/2024042600/202404260000.zip' : '/BMC/fdr/Permanent/2024/04/26/data/grids/nesdis/GBBEPx/0p1deg/202404260000.zip' (2024/05/02 04:41:28 1760922 bytes, 1271448.1 KBS )
+ ERR=0
+ ECNT=0
+ unzip 202404260000.zip
Archive:  202404260000.zip
  inflating: GBBEPx-all01GRID_v4r0_blend_s202404260000000_e202404262359590_c202404270127280.nc  
+ ERR=0
+ ECNT=0
+ '[' 0 -ne 0 ']'
++ /scratch2/NCEPDEV/nwprod/NCEPLIBS/utils/prod_util.v1.1.0/exec/ndate 24 2024042600
+ IDATE=2024042700
+ '[' 2024042700 -le 2024043000 ']'
+ ECNT=0
+ IY=2024
+ IM=04
+ ID=27
+ HPSSDIR=/BMC/fdr/Permanent/2024/04/27/data/grids/nesdis/GBBEPx/0p1deg
+ HERADIR=/scratch1/BMC/gsd-fv3-dev/MAPP_2018/bhuang/JEDI-2020/JEDI-FV3/expCodes/PACEData/GBBEPx/Prep_GBBEPx_2024030100_2024043000/2024042700
+ HPSSFILE=/BMC/fdr/Permanent/2024/04/27/data/grids/nesdis/GBBEPx/0p1deg/202404270000.zip
+ [[ -d /scratch1/BMC/gsd-fv3-dev/MAPP_2018/bhuang/JEDI-2020/JEDI-FV3/expCodes/PACEData/GBBEPx/Prep_GBBEPx_2024030100_2024043000/2024042700 ]]
+ mkdir -p /scratch1/BMC/gsd-fv3-dev/MAPP_2018/bhuang/JEDI-2020/JEDI-FV3/expCodes/PACEData/GBBEPx/Prep_GBBEPx_2024030100_2024043000/2024042700
+ cd /scratch1/BMC/gsd-fv3-dev/MAPP_2018/bhuang/JEDI-2020/JEDI-FV3/expCodes/PACEData/GBBEPx/Prep_GBBEPx_2024030100_2024043000/2024042700
+ hsi 'get /BMC/fdr/Permanent/2024/04/27/data/grids/nesdis/GBBEPx/0p1deg/202404270000.zip'
[connecting to hpsscore1.fairmont.rdhpcs.noaa.gov/1217]
******************************************************************
*   Welcome to the NESCC High Performance Storage System         *
*                                                                *
*   Current HPSS version: 9.3.10                                 * 
*                                                                * 
*       Please Submit Helpdesk Request to                        *
*        rdhpcs.hpss.help@noaa.gov                               *
*                                                                *
******************************************************************
Username: Bo.Huang  UID: 10872  Acct: 10872(10872) Copies: 1 COS: 0 Firewall: off [hsi.9.3.0.p0 Thu Feb 1 17:57:19 UTC 2024] 
/BMC/fdr/Permanent/2024/04/27/data/grids/nesdis/GBBEPx/0p1deg/202404270000.zip: (md5) OK
get  '/scratch1/BMC/gsd-fv3-dev/MAPP_2018/bhuang/JEDI-2020/JEDI-FV3/expCodes/PACEData/GBBEPx/Prep_GBBEPx_2024030100_2024043000/2024042700/202404270000.zip' : '/BMC/fdr/Permanent/2024/04/27/data/grids/nesdis/GBBEPx/0p1deg/202404270000.zip' (2024/05/03 02:41:43 1780879 bytes, 1011859.6 KBS )
+ ERR=0
+ ECNT=0
+ unzip 202404270000.zip
Archive:  202404270000.zip
  inflating: GBBEPx-all01GRID_v4r0_blend_s202404270000000_e202404272359590_c202404280321580.nc  
+ ERR=0
+ ECNT=0
+ '[' 0 -ne 0 ']'
++ /scratch2/NCEPDEV/nwprod/NCEPLIBS/utils/prod_util.v1.1.0/exec/ndate 24 2024042700
+ IDATE=2024042800
+ '[' 2024042800 -le 2024043000 ']'
+ ECNT=0
+ IY=2024
+ IM=04
+ ID=28
+ HPSSDIR=/BMC/fdr/Permanent/2024/04/28/data/grids/nesdis/GBBEPx/0p1deg
+ HERADIR=/scratch1/BMC/gsd-fv3-dev/MAPP_2018/bhuang/JEDI-2020/JEDI-FV3/expCodes/PACEData/GBBEPx/Prep_GBBEPx_2024030100_2024043000/2024042800
+ HPSSFILE=/BMC/fdr/Permanent/2024/04/28/data/grids/nesdis/GBBEPx/0p1deg/202404280000.zip
+ [[ -d /scratch1/BMC/gsd-fv3-dev/MAPP_2018/bhuang/JEDI-2020/JEDI-FV3/expCodes/PACEData/GBBEPx/Prep_GBBEPx_2024030100_2024043000/2024042800 ]]
+ mkdir -p /scratch1/BMC/gsd-fv3-dev/MAPP_2018/bhuang/JEDI-2020/JEDI-FV3/expCodes/PACEData/GBBEPx/Prep_GBBEPx_2024030100_2024043000/2024042800
+ cd /scratch1/BMC/gsd-fv3-dev/MAPP_2018/bhuang/JEDI-2020/JEDI-FV3/expCodes/PACEData/GBBEPx/Prep_GBBEPx_2024030100_2024043000/2024042800
+ hsi 'get /BMC/fdr/Permanent/2024/04/28/data/grids/nesdis/GBBEPx/0p1deg/202404280000.zip'
[connecting to hpsscore1.fairmont.rdhpcs.noaa.gov/1217]
******************************************************************
*   Welcome to the NESCC High Performance Storage System         *
*                                                                *
*   Current HPSS version: 9.3.10                                 * 
*                                                                * 
*       Please Submit Helpdesk Request to                        *
*        rdhpcs.hpss.help@noaa.gov                               *
*                                                                *
******************************************************************
Username: Bo.Huang  UID: 10872  Acct: 10872(10872) Copies: 1 COS: 0 Firewall: off [hsi.9.3.0.p0 Thu Feb 1 17:57:19 UTC 2024] 
/BMC/fdr/Permanent/2024/04/28/data/grids/nesdis/GBBEPx/0p1deg/202404280000.zip: (md5) OK
get  '/scratch1/BMC/gsd-fv3-dev/MAPP_2018/bhuang/JEDI-2020/JEDI-FV3/expCodes/PACEData/GBBEPx/Prep_GBBEPx_2024030100_2024043000/2024042800/202404280000.zip' : '/BMC/fdr/Permanent/2024/04/28/data/grids/nesdis/GBBEPx/0p1deg/202404280000.zip' (2024/05/04 03:43:15 1837850 bytes, 79364.4 KBS )
+ ERR=0
+ ECNT=0
+ unzip 202404280000.zip
Archive:  202404280000.zip
  inflating: GBBEPx-all01GRID_v4r0_blend_s202404280000000_e202404282359590_c202404290223530.nc  
+ ERR=0
+ ECNT=0
+ '[' 0 -ne 0 ']'
++ /scratch2/NCEPDEV/nwprod/NCEPLIBS/utils/prod_util.v1.1.0/exec/ndate 24 2024042800
+ IDATE=2024042900
+ '[' 2024042900 -le 2024043000 ']'
+ ECNT=0
+ IY=2024
+ IM=04
+ ID=29
+ HPSSDIR=/BMC/fdr/Permanent/2024/04/29/data/grids/nesdis/GBBEPx/0p1deg
+ HERADIR=/scratch1/BMC/gsd-fv3-dev/MAPP_2018/bhuang/JEDI-2020/JEDI-FV3/expCodes/PACEData/GBBEPx/Prep_GBBEPx_2024030100_2024043000/2024042900
+ HPSSFILE=/BMC/fdr/Permanent/2024/04/29/data/grids/nesdis/GBBEPx/0p1deg/202404290000.zip
+ [[ -d /scratch1/BMC/gsd-fv3-dev/MAPP_2018/bhuang/JEDI-2020/JEDI-FV3/expCodes/PACEData/GBBEPx/Prep_GBBEPx_2024030100_2024043000/2024042900 ]]
+ mkdir -p /scratch1/BMC/gsd-fv3-dev/MAPP_2018/bhuang/JEDI-2020/JEDI-FV3/expCodes/PACEData/GBBEPx/Prep_GBBEPx_2024030100_2024043000/2024042900
+ cd /scratch1/BMC/gsd-fv3-dev/MAPP_2018/bhuang/JEDI-2020/JEDI-FV3/expCodes/PACEData/GBBEPx/Prep_GBBEPx_2024030100_2024043000/2024042900
+ hsi 'get /BMC/fdr/Permanent/2024/04/29/data/grids/nesdis/GBBEPx/0p1deg/202404290000.zip'
[connecting to hpsscore1.fairmont.rdhpcs.noaa.gov/1217]
******************************************************************
*   Welcome to the NESCC High Performance Storage System         *
*                                                                *
*   Current HPSS version: 9.3.10                                 * 
*                                                                * 
*       Please Submit Helpdesk Request to                        *
*        rdhpcs.hpss.help@noaa.gov                               *
*                                                                *
******************************************************************
Username: Bo.Huang  UID: 10872  Acct: 10872(10872) Copies: 1 COS: 0 Firewall: off [hsi.9.3.0.p0 Thu Feb 1 17:57:19 UTC 2024] 
/BMC/fdr/Permanent/2024/04/29/data/grids/nesdis/GBBEPx/0p1deg/202404290000.zip: (md5) OK
get  '/scratch1/BMC/gsd-fv3-dev/MAPP_2018/bhuang/JEDI-2020/JEDI-FV3/expCodes/PACEData/GBBEPx/Prep_GBBEPx_2024030100_2024043000/2024042900/202404290000.zip' : '/BMC/fdr/Permanent/2024/04/29/data/grids/nesdis/GBBEPx/0p1deg/202404290000.zip' (2024/05/05 02:42:06 2027176 bytes, 0.0 KBS )
+ ERR=0
+ ECNT=0
+ unzip 202404290000.zip
Archive:  202404290000.zip
  inflating: GBBEPx-all01GRID_v4r0_blend_s202404290000000_e202404292359590_c202404300205030.nc  
+ ERR=0
+ ECNT=0
+ '[' 0 -ne 0 ']'
++ /scratch2/NCEPDEV/nwprod/NCEPLIBS/utils/prod_util.v1.1.0/exec/ndate 24 2024042900
+ IDATE=2024043000
+ '[' 2024043000 -le 2024043000 ']'
+ ECNT=0
+ IY=2024
+ IM=04
+ ID=30
+ HPSSDIR=/BMC/fdr/Permanent/2024/04/30/data/grids/nesdis/GBBEPx/0p1deg
+ HERADIR=/scratch1/BMC/gsd-fv3-dev/MAPP_2018/bhuang/JEDI-2020/JEDI-FV3/expCodes/PACEData/GBBEPx/Prep_GBBEPx_2024030100_2024043000/2024043000
+ HPSSFILE=/BMC/fdr/Permanent/2024/04/30/data/grids/nesdis/GBBEPx/0p1deg/202404300000.zip
+ [[ -d /scratch1/BMC/gsd-fv3-dev/MAPP_2018/bhuang/JEDI-2020/JEDI-FV3/expCodes/PACEData/GBBEPx/Prep_GBBEPx_2024030100_2024043000/2024043000 ]]
+ mkdir -p /scratch1/BMC/gsd-fv3-dev/MAPP_2018/bhuang/JEDI-2020/JEDI-FV3/expCodes/PACEData/GBBEPx/Prep_GBBEPx_2024030100_2024043000/2024043000
+ cd /scratch1/BMC/gsd-fv3-dev/MAPP_2018/bhuang/JEDI-2020/JEDI-FV3/expCodes/PACEData/GBBEPx/Prep_GBBEPx_2024030100_2024043000/2024043000
+ hsi 'get /BMC/fdr/Permanent/2024/04/30/data/grids/nesdis/GBBEPx/0p1deg/202404300000.zip'
[connecting to hpsscore1.fairmont.rdhpcs.noaa.gov/1217]
******************************************************************
*   Welcome to the NESCC High Performance Storage System         *
*                                                                *
*   Current HPSS version: 9.3.10                                 * 
*                                                                * 
*       Please Submit Helpdesk Request to                        *
*        rdhpcs.hpss.help@noaa.gov                               *
*                                                                *
******************************************************************
Username: Bo.Huang  UID: 10872  Acct: 10872(10872) Copies: 1 COS: 0 Firewall: off [hsi.9.3.0.p0 Thu Feb 1 17:57:19 UTC 2024] 
/BMC/fdr/Permanent/2024/04/30/data/grids/nesdis/GBBEPx/0p1deg/202404300000.zip: (md5) OK
get  '/scratch1/BMC/gsd-fv3-dev/MAPP_2018/bhuang/JEDI-2020/JEDI-FV3/expCodes/PACEData/GBBEPx/Prep_GBBEPx_2024030100_2024043000/2024043000/202404300000.zip' : '/BMC/fdr/Permanent/2024/04/30/data/grids/nesdis/GBBEPx/0p1deg/202404300000.zip' (2024/05/06 01:41:28 2014606 bytes, 88104.8 KBS )
+ ERR=0
+ ECNT=0
+ unzip 202404300000.zip
Archive:  202404300000.zip
  inflating: GBBEPx-all01GRID_v4r0_blend_s202404300000000_e202404302359590_c202405010324040.nc  
+ ERR=0
+ ECNT=0
+ '[' 0 -ne 0 ']'
++ /scratch2/NCEPDEV/nwprod/NCEPLIBS/utils/prod_util.v1.1.0/exec/ndate 24 2024043000
+ IDATE=2024050100
+ '[' 2024050100 -le 2024043000 ']'
+ exit 0
_______________________________________________________________
Start Epilog on node hfe02 for job 4098985 :: Fri Dec 20 21:20:22 UTC 2024
Job 4098985 finished for user Bo.Huang in partition service with exit code 0:0
_______________________________________________________________
End Epilogue Fri Dec 20 21:20:22 UTC 2024
